section,name,url,classification,status,final_url,content_type,playlist_latency_ms,playlist_bytes,manifest_level,segment_attempted,segment_ok,encrypted_hint,segment_statuses,segment_latency_ms,error,checked_at
央视 (345源),fjitv1,https://345.lishuhang.com/fjitv1.m3u8,http_error,502,https://345.lishuhang.com/fjitv1.m3u8,text/plain; charset=utf-8,1015.5,60,none,0,0,False,[],[],,2026-08-15T06:27:35+00:00
央视 (345源),fjitv1,https://345.lishuhang.com/fjitv57.m3u8,http_error,502,https://345.lishuhang.com/fjitv57.m3u8,text/plain; charset=utf-8,995.5,60,none,0,0,False,[],[],,2026-08-15T06:27:35+00:00
央视 (345源),fjitv1,https://345.lishuhang.com/fjitv131.m3u8,http_error,502,https://345.lishuhang.com/fjitv131.m3u8,text/plain; charset=utf-8,988.8,60,none,0,0,False,[],[],,2026-08-15T06:27:35+00:00
央视 (345源),fjitv1,https://345.lishuhang.com/fjitv147.m3u8,http_error,502,https://345.lishuhang.com/fjitv147.m3u8,text/plain; charset=utf-8,2992.7,60,none,0,0,False,[],[],,2026-08-15T06:27:35+00:00
央视 (345源),fjitv1,https://345.lishuhang.com/fjitv205.m3u8,http_error,502,https://345.lishuhang.com/fjitv205.m3u8,text/plain; charset=utf-8,1011.2,60,none,0,0,False,[],[],,2026-08-15T06:27:35+00:00
央视 (345源),fjitv1,https://345.lishuhang.com/fjitv241.m3u8,http_error,502,https://345.lishuhang.com/fjitv241.m3u8,text/plain; charset=utf-8,1003.0,60,none,0,0,False,[],[],,2026-08-15T06:27:35+00:00
央视 (345源),fjitv1,https://345.lishuhang.com/fjitv257.m3u8,http_error,502,https://345.lishuhang.com/fjitv257.m3u8,text/plain; charset=utf-8,1004.8,60,none,0,0,False,[],[],,2026-08-15T06:27:35+00:00
央视 (345源),fjitv1,https://345.lishuhang.com/fjitv274.m3u8,http_error,502,https://345.lishuhang.com/fjitv274.m3u8,text/plain; charset=utf-8,3133.3,60,none,0,0,False,[],[],,2026-08-15T06:27:35+00:00
央视 (345源),fjitv1,https://345.lishuhang.com/fjitv281.m3u8,http_error,502,https://345.lishuhang.com/fjitv281.m3u8,text/plain; charset=utf-8,2507.4,60,none,0,0,False,[],[],,2026-08-15T06:27:36+00:00
央视 (345源),fjitv1,https://345.lishuhang.com/fjitv300.m3u8,http_error,502,https://345.lishuhang.com/fjitv300.m3u8,text/plain; charset=utf-8,3050.7,60,none,0,0,False,[],[],,2026-08-15T06:27:36+00:00
央视 (345源),fjitv1,https://345.lishuhang.com/hlitv1.m3u8,http_error,502,https://345.lishuhang.com/hlitv1.m3u8,text/plain; charset=utf-8,2563.2,60,none,0,0,False,[],[],,2026-08-15T06:27:36+00:00
央视 (345源),fjitv1,https://345.lishuhang.com/hlitv19.m3u8,http_error,502,https://345.lishuhang.com/hlitv19.m3u8,text/plain; charset=utf-8,2522.7,60,none,0,0,False,[],[],,2026-08-15T06:27:36+00:00
央视 (345源),fjitv1,https://345.lishuhang.com/hlitv120.m3u8,http_error,502,https://345.lishuhang.com/hlitv120.m3u8,text/plain; charset=utf-8,3032.9,60,none,0,0,False,[],[],,2026-08-15T06:27:36+00:00
央视 (345源),fjitv1,https://345.lishuhang.com/hlitv124.m3u8,http_error,502,https://345.lishuhang.com/hlitv124.m3u8,text/plain; charset=utf-8,2637.2,60,none,0,0,False,[],[],,2026-08-15T06:27:36+00:00
央视 (345源),fjitv1,https://345.lishuhang.com/ipv61.m3u8,http_error,502,https://345.lishuhang.com/ipv61.m3u8,text/plain; charset=utf-8,2446.7,87,none,0,0,False,[],[],,2026-08-15T06:27:38+00:00
央视 (345源),fjitv1,https://345.lishuhang.com/itv7.m3u8,http_error,502,https://345.lishuhang.com/itv7.m3u8,text/plain; charset=utf-8,3771.5,60,none,0,0,False,[],[],,2026-08-15T06:27:38+00:00
央视 (345源),fjitv1,https://345.lishuhang.com/migu1.m3u8,http_error,502,https://345.lishuhang.com/migu1.m3u8,text/plain; charset=utf-8,2505.7,60,none,0,0,False,[],[],,2026-08-15T06:27:39+00:00
央视 (345源),fjitv1,https://345.lishuhang.com/ys1.m3u8,http_error,502,https://345.lishuhang.com/ys1.m3u8,text/plain; charset=utf-8,4040.9,60,none,0,0,False,[],[],,2026-08-15T06:27:39+00:00
央视 (345源),fjitv10,https://345.lishuhang.com/fjitv10.m3u8,http_error,502,https://345.lishuhang.com/fjitv10.m3u8,text/plain; charset=utf-8,2460.5,60,none,0,0,False,[],[],,2026-08-15T06:27:39+00:00
央视 (345源),fjitv10,https://345.lishuhang.com/fjitv62.m3u8,http_error,502,https://345.lishuhang.com/fjitv62.m3u8,text/plain; charset=utf-8,2373.4,60,none,0,0,False,[],[],,2026-08-15T06:27:39+00:00
央视 (345源),fjitv10,https://345.lishuhang.com/fjitv133.m3u8,http_error,502,https://345.lishuhang.com/fjitv133.m3u8,text/plain; charset=utf-8,2459.0,60,none,0,0,False,[],[],,2026-08-15T06:27:39+00:00
央视 (345源),fjitv10,https://345.lishuhang.com/fjitv214.m3u8,http_error,502,https://345.lishuhang.com/fjitv214.m3u8,text/plain; charset=utf-8,2410.7,60,none,0,0,False,[],[],,2026-08-15T06:27:39+00:00
央视 (345源),fjitv10,https://345.lishuhang.com/fjitv240.m3u8,http_error,502,https://345.lishuhang.com/fjitv240.m3u8,text/plain; charset=utf-8,2172.0,60,none,0,0,False,[],[],,2026-08-15T06:27:41+00:00
央视 (345源),fjitv10,https://345.lishuhang.com/fjitv273.m3u8,http_error,502,https://345.lishuhang.com/fjitv273.m3u8,text/plain; charset=utf-8,2495.6,60,none,0,0,False,[],[],,2026-08-15T06:27:41+00:00
央视 (345源),fjitv10,https://345.lishuhang.com/hlitv10.m3u8,http_error,502,https://345.lishuhang.com/hlitv10.m3u8,text/plain; charset=utf-8,2832.6,60,none,0,0,False,[],[],,2026-08-15T06:27:41+00:00
央视 (345源),fjitv10,https://345.lishuhang.com/hlitv144.m3u8,http_error,502,https://345.lishuhang.com/hlitv144.m3u8,text/plain; charset=utf-8,2996.2,60,none,0,0,False,[],[],,2026-08-15T06:27:41+00:00
央视 (345源),fjitv10,https://345.lishuhang.com/ipv611.m3u8,http_error,502,https://345.lishuhang.com/ipv611.m3u8,text/plain; charset=utf-8,2385.0,87,none,0,0,False,[],[],,2026-08-15T06:27:42+00:00
央视 (345源),fjitv10,https://345.lishuhang.com/itv17.m3u8,http_error,502,https://345.lishuhang.com/itv17.m3u8,text/plain; charset=utf-8,3231.9,60,none,0,0,False,[],[],,2026-08-15T06:27:42+00:00
央视 (345源),fjitv10,https://345.lishuhang.com/migu13.m3u8,http_error,502,https://345.lishuhang.com/migu13.m3u8,text/plain; charset=utf-8,2432.2,60,none,0,0,False,[],[],,2026-08-15T06:27:42+00:00
央视 (345源),fjitv10,https://345.lishuhang.com/ys11.m3u8,http_error,502,https://345.lishuhang.com/ys11.m3u8,text/plain; charset=utf-8,4162.5,60,none,0,0,False,[],[],,2026-08-15T06:27:43+00:00
央视 (345源),fjitv63,https://345.lishuhang.com/fjitv63.m3u8,http_error,502,https://345.lishuhang.com/fjitv63.m3u8,text/plain; charset=utf-8,2442.1,60,none,0,0,False,[],[],,2026-08-15T06:27:43+00:00
央视 (345源),fjitv63,https://345.lishuhang.com/fjitv134.m3u8,http_error,502,https://345.lishuhang.com/fjitv134.m3u8,text/plain; charset=utf-8,2437.4,60,none,0,0,False,[],[],,2026-08-15T06:27:44+00:00
央视 (345源),fjitv63,https://345.lishuhang.com/fjitv242.m3u8,http_error,502,https://345.lishuhang.com/fjitv242.m3u8,text/plain; charset=utf-8,2496.7,60,none,0,0,False,[],[],,2026-08-15T06:27:44+00:00
央视 (345源),fjitv63,https://345.lishuhang.com/hlitv11.m3u8,http_error,502,https://345.lishuhang.com/hlitv11.m3u8,text/plain; charset=utf-8,2879.6,60,none,0,0,False,[],[],,2026-08-15T06:27:44+00:00
央视 (345源),fjitv63,https://345.lishuhang.com/hlitv136.m3u8,http_error,502,https://345.lishuhang.com/hlitv136.m3u8,text/plain; charset=utf-8,3169.9,60,none,0,0,False,[],[],,2026-08-15T06:27:44+00:00
央视 (345源),fjitv63,https://345.lishuhang.com/hlitv138.m3u8,http_error,502,https://345.lishuhang.com/hlitv138.m3u8,text/plain; charset=utf-8,2370.0,60,none,0,0,False,[],[],,2026-08-15T06:27:45+00:00
央视 (345源),fjitv63,https://345.lishuhang.com/ipv612.m3u8,http_error,502,https://345.lishuhang.com/ipv612.m3u8,text/plain; charset=utf-8,2777.4,87,none,0,0,False,[],[],,2026-08-15T06:27:45+00:00
央视 (345源),fjitv63,https://345.lishuhang.com/itv18.m3u8,http_error,502,https://345.lishuhang.com/itv18.m3u8,text/plain; charset=utf-8,2965.3,60,none,0,0,False,[],[],,2026-08-15T06:27:45+00:00
央视 (345源),fjitv63,https://345.lishuhang.com/migu14.m3u8,http_error,502,https://345.lishuhang.com/migu14.m3u8,text/plain; charset=utf-8,2475.4,60,none,0,0,False,[],[],,2026-08-15T06:27:46+00:00
央视 (345源),fjitv63,https://345.lishuhang.com/ys12.m3u8,http_error,502,https://345.lishuhang.com/ys12.m3u8,text/plain; charset=utf-8,4137.6,60,none,0,0,False,[],[],,2026-08-15T06:27:47+00:00
央视 (345源),fjitv11,https://345.lishuhang.com/fjitv11.m3u8,http_error,502,https://345.lishuhang.com/fjitv11.m3u8,text/plain; charset=utf-8,3489.7,60,none,0,0,False,[],[],,2026-08-15T06:27:47+00:00
央视 (345源),fjitv11,https://345.lishuhang.com/fjitv64.m3u8,http_error,502,https://345.lishuhang.com/fjitv64.m3u8,text/plain; charset=utf-8,2887.2,60,none,0,0,False,[],[],,2026-08-15T06:27:47+00:00
央视 (345源),fjitv11,https://345.lishuhang.com/fjitv135.m3u8,http_error,502,https://345.lishuhang.com/fjitv135.m3u8,text/plain; charset=utf-8,3023.7,60,none,0,0,False,[],[],,2026-08-15T06:27:47+00:00
央视 (345源),fjitv11,https://345.lishuhang.com/fjitv215.m3u8,http_error,502,https://345.lishuhang.com/fjitv215.m3u8,text/plain; charset=utf-8,2889.9,60,none,0,0,False,[],[],,2026-08-15T06:27:47+00:00
央视 (345源),fjitv11,https://345.lishuhang.com/fjitv247.m3u8,http_error,502,https://345.lishuhang.com/fjitv247.m3u8,text/plain; charset=utf-8,2400.4,60,none,0,0,False,[],[],,2026-08-15T06:27:48+00:00
央视 (345源),fjitv11,https://345.lishuhang.com/fjitv259.m3u8,http_error,502,https://345.lishuhang.com/fjitv259.m3u8,text/plain; charset=utf-8,2633.6,60,none,0,0,False,[],[],,2026-08-15T06:27:48+00:00
央视 (345源),fjitv11,https://345.lishuhang.com/hlitv12.m3u8,http_error,502,https://345.lishuhang.com/hlitv12.m3u8,text/plain; charset=utf-8,2687.6,60,none,0,0,False,[],[],,2026-08-15T06:27:49+00:00
央视 (345源),fjitv11,https://345.lishuhang.com/hlitv145.m3u8,http_error,502,https://345.lishuhang.com/hlitv145.m3u8,text/plain; charset=utf-8,2397.6,60,none,0,0,False,[],[],,2026-08-15T06:27:50+00:00
央视 (345源),fjitv11,https://345.lishuhang.com/ipv613.m3u8,http_error,502,https://345.lishuhang.com/ipv613.m3u8,text/plain; charset=utf-8,2247.6,87,none,0,0,False,[],[],,2026-08-15T06:27:50+00:00
央视 (345源),fjitv11,https://345.lishuhang.com/itv19.m3u8,http_error,502,https://345.lishuhang.com/itv19.m3u8,text/plain; charset=utf-8,3934.3,60,none,0,0,False,[],[],,2026-08-15T06:27:50+00:00
央视 (345源),fjitv11,https://345.lishuhang.com/migu15.m3u8,http_error,502,https://345.lishuhang.com/migu15.m3u8,text/plain; charset=utf-8,2201.7,60,none,0,0,False,[],[],,2026-08-15T06:27:50+00:00
央视 (345源),fjitv11,https://345.lishuhang.com/ys13.m3u8,http_error,502,https://345.lishuhang.com/ys13.m3u8,text/plain; charset=utf-8,3655.0,60,none,0,0,False,[],[],,2026-08-15T06:27:50+00:00
央视 (345源),fjitv65,https://345.lishuhang.com/fjitv65.m3u8,http_error,502,https://345.lishuhang.com/fjitv65.m3u8,text/plain; charset=utf-8,2184.1,60,none,0,0,False,[],[],,2026-08-15T06:27:51+00:00
央视 (345源),fjitv65,https://345.lishuhang.com/fjitv136.m3u8,http_error,502,https://345.lishuhang.com/fjitv136.m3u8,text/plain; charset=utf-8,2417.5,60,none,0,0,False,[],[],,2026-08-15T06:27:51+00:00
央视 (345源),fjitv65,https://345.lishuhang.com/fjitv244.m3u8,http_error,502,https://345.lishuhang.com/fjitv244.m3u8,text/plain; charset=utf-8,3291.1,60,none,0,0,False,[],[],,2026-08-15T06:27:51+00:00
央视 (345源),fjitv65,https://345.lishuhang.com/hlitv13.m3u8,http_error,502,https://345.lishuhang.com/hlitv13.m3u8,text/plain; charset=utf-8,2439.4,60,none,0,0,False,[],[],,2026-08-15T06:27:52+00:00
央视 (345源),fjitv65,https://345.lishuhang.com/ipv614.m3u8,http_error,502,https://345.lishuhang.com/ipv614.m3u8,text/plain; charset=utf-8,2261.0,87,none,0,0,False,[],[],,2026-08-15T06:27:52+00:00
央视 (345源),fjitv65,https://345.lishuhang.com/itv20.m3u8,http_error,502,https://345.lishuhang.com/itv20.m3u8,text/plain; charset=utf-8,3685.2,60,none,0,0,False,[],[],,2026-08-15T06:27:52+00:00
央视 (345源),fjitv65,https://345.lishuhang.com/migu16.m3u8,http_error,502,https://345.lishuhang.com/migu16.m3u8,text/plain; charset=utf-8,2208.6,60,none,0,0,False,[],[],,2026-08-15T06:27:53+00:00
央视 (345源),fjitv65,https://345.lishuhang.com/ys14.m3u8,http_error,502,https://345.lishuhang.com/ys14.m3u8,text/plain; charset=utf-8,3334.4,60,none,0,0,False,[],[],,2026-08-15T06:27:53+00:00
央视 (345源),fjitv12,https://345.lishuhang.com/fjitv12.m3u8,http_error,502,https://345.lishuhang.com/fjitv12.m3u8,text/plain; charset=utf-8,2881.4,60,none,0,0,False,[],[],,2026-08-15T06:27:54+00:00
央视 (345源),fjitv12,https://345.lishuhang.com/fjitv66.m3u8,http_error,502,https://345.lishuhang.com/fjitv66.m3u8,text/plain; charset=utf-8,2422.0,60,none,0,0,False,[],[],,2026-08-15T06:27:54+00:00
央视 (345源),fjitv12,https://345.lishuhang.com/fjitv138.m3u8,http_error,502,https://345.lishuhang.com/fjitv138.m3u8,text/plain; charset=utf-8,2944.4,60,none,0,0,False,[],[],,2026-08-15T06:27:54+00:00
央视 (345源),fjitv12,https://345.lishuhang.com/fjitv216.m3u8,http_error,502,https://345.lishuhang.com/fjitv216.m3u8,text/plain; charset=utf-8,2896.5,60,none,0,0,False,[],[],,2026-08-15T06:27:55+00:00
央视 (345源),fjitv12,https://345.lishuhang.com/fjitv243.m3u8,http_error,502,https://345.lishuhang.com/fjitv243.m3u8,text/plain; charset=utf-8,2936.4,60,none,0,0,False,[],[],,2026-08-15T06:27:55+00:00
央视 (345源),fjitv12,https://345.lishuhang.com/hlitv14.m3u8,http_error,502,https://345.lishuhang.com/hlitv14.m3u8,text/plain; charset=utf-8,2411.8,60,none,0,0,False,[],[],,2026-08-15T06:27:55+00:00
央视 (345源),fjitv12,https://345.lishuhang.com/hlitv146.m3u8,http_error,502,https://345.lishuhang.com/hlitv146.m3u8,text/plain; charset=utf-8,2602.9,60,none,0,0,False,[],[],,2026-08-15T06:27:56+00:00
央视 (345源),fjitv12,https://345.lishuhang.com/ipv615.m3u8,http_error,502,https://345.lishuhang.com/ipv615.m3u8,text/plain; charset=utf-8,2338.1,87,none,0,0,False,[],[],,2026-08-15T06:27:56+00:00
央视 (345源),fjitv12,https://345.lishuhang.com/itv21.m3u8,http_error,502,https://345.lishuhang.com/itv21.m3u8,text/plain; charset=utf-8,3333.2,60,none,0,0,False,[],[],,2026-08-15T06:27:57+00:00
央视 (345源),fjitv12,https://345.lishuhang.com/migu17.m3u8,http_error,502,https://345.lishuhang.com/migu17.m3u8,text/plain; charset=utf-8,2484.8,60,none,0,0,False,[],[],,2026-08-15T06:27:57+00:00
央视 (345源),fjitv12,https://345.lishuhang.com/ys15.m3u8,http_error,502,https://345.lishuhang.com/ys15.m3u8,text/plain; charset=utf-8,3434.4,60,none,0,0,False,[],[],,2026-08-15T06:27:57+00:00
央视 (345源),fjitv67,https://345.lishuhang.com/fjitv67.m3u8,http_error,502,https://345.lishuhang.com/fjitv67.m3u8,text/plain; charset=utf-8,2930.4,60,none,0,0,False,[],[],,2026-08-15T06:27:57+00:00
央视 (345源),fjitv67,https://345.lishuhang.com/fjitv137.m3u8,http_error,502,https://345.lishuhang.com/fjitv137.m3u8,text/plain; charset=utf-8,2223.8,60,none,0,0,False,[],[],,2026-08-15T06:27:57+00:00
央视 (345源),fjitv67,https://345.lishuhang.com/fjitv248.m3u8,http_error,502,https://345.lishuhang.com/fjitv248.m3u8,text/plain; charset=utf-8,2908.4,60,none,0,0,False,[],[],,2026-08-15T06:27:58+00:00
央视 (345源),fjitv67,https://345.lishuhang.com/hlitv15.m3u8,http_error,502,https://345.lishuhang.com/hlitv15.m3u8,text/plain; charset=utf-8,2942.2,60,none,0,0,False,[],[],,2026-08-15T06:27:59+00:00
央视 (345源),fjitv67,https://345.lishuhang.com/hlitv135.m3u8,http_error,502,https://345.lishuhang.com/hlitv135.m3u8,text/plain; charset=utf-8,2685.8,60,none,0,0,False,[],[],,2026-08-15T06:27:59+00:00
央视 (345源),fjitv67,https://345.lishuhang.com/hlitv137.m3u8,http_error,502,https://345.lishuhang.com/hlitv137.m3u8,text/plain; charset=utf-8,2501.3,60,none,0,0,False,[],[],,2026-08-15T06:27:59+00:00
央视 (345源),fjitv67,https://345.lishuhang.com/hlitv140.m3u8,http_error,502,https://345.lishuhang.com/hlitv140.m3u8,text/plain; charset=utf-8,2603.5,60,none,0,0,False,[],[],,2026-08-15T06:28:00+00:00
央视 (345源),fjitv67,https://345.lishuhang.com/ipv616.m3u8,http_error,502,https://345.lishuhang.com/ipv616.m3u8,text/plain; charset=utf-8,2962.4,87,none,0,0,False,[],[],,2026-08-15T06:28:00+00:00
央视 (345源),fjitv67,https://345.lishuhang.com/itv22.m3u8,http_error,502,https://345.lishuhang.com/itv22.m3u8,text/plain; charset=utf-8,3649.1,60,none,0,0,False,[],[],,2026-08-15T06:28:00+00:00
央视 (345源),fjitv67,https://345.lishuhang.com/migu18.m3u8,http_error,502,https://345.lishuhang.com/migu18.m3u8,text/plain; charset=utf-8,2371.2,60,none,0,0,False,[],[],,2026-08-15T06:28:00+00:00
央视 (345源),fjitv67,https://345.lishuhang.com/ys16.m3u8,http_error,502,https://345.lishuhang.com/ys16.m3u8,text/plain; charset=utf-8,3123.1,60,none,0,0,False,[],[],,2026-08-15T06:28:01+00:00
央视 (345源),itv23,https://345.lishuhang.com/itv23.m3u8,http_error,502,https://345.lishuhang.com/itv23.m3u8,text/plain; charset=utf-8,3785.5,60,none,0,0,False,[],[],,2026-08-15T06:28:01+00:00
央视 (345源),itv23,https://345.lishuhang.com/ty7.m3u8,http_error,502,https://345.lishuhang.com/ty7.m3u8,text/plain; charset=utf-8,3489.7,60,none,0,0,False,[],[],,2026-08-15T06:28:02+00:00
央视 (345源),itv23,https://345.lishuhang.com/ys17.m3u8,http_error,502,https://345.lishuhang.com/ys17.m3u8,text/plain; charset=utf-8,4572.9,60,none,0,0,False,[],[],,2026-08-15T06:28:02+00:00
央视 (345源),ipv617,https://345.lishuhang.com/ipv617.m3u8,http_error,502,https://345.lishuhang.com/ipv617.m3u8,text/plain; charset=utf-8,2426.9,87,none,0,0,False,[],[],,2026-08-15T06:28:02+00:00
央视 (345源),ipv617,https://345.lishuhang.com/itv24.m3u8,http_error,502,https://345.lishuhang.com/itv24.m3u8,text/plain; charset=utf-8,3955.0,60,none,0,0,False,[],[],,2026-08-15T06:28:03+00:00
央视 (345源),ipv617,https://345.lishuhang.com/migu20.m3u8,http_error,502,https://345.lishuhang.com/migu20.m3u8,text/plain; charset=utf-8,2732.7,60,none,0,0,False,[],[],,2026-08-15T06:28:03+00:00
央视 (345源),ipv617,https://345.lishuhang.com/ys18.m3u8,http_error,502,https://345.lishuhang.com/ys18.m3u8,text/plain; charset=utf-8,3272.6,60,none,0,0,False,[],[],,2026-08-15T06:28:04+00:00
央视 (345源),fjitv2,https://345.lishuhang.com/fjitv2.m3u8,http_error,502,https://345.lishuhang.com/fjitv2.m3u8,text/plain; charset=utf-8,2375.6,60,none,0,0,False,[],[],,2026-08-15T06:28:04+00:00
央视 (345源),fjitv2,https://345.lishuhang.com/fjitv58.m3u8,http_error,502,https://345.lishuhang.com/fjitv58.m3u8,text/plain; charset=utf-8,3429.6,60,none,0,0,False,[],[],,2026-08-15T06:28:05+00:00
央视 (345源),fjitv2,https://345.lishuhang.com/fjitv124.m3u8,http_error,502,https://345.lishuhang.com/fjitv124.m3u8,text/plain; charset=utf-8,2379.6,60,none,0,0,False,[],[],,2026-08-15T06:28:05+00:00
央视 (345源),fjitv2,https://345.lishuhang.com/fjitv206.m3u8,http_error,502,https://345.lishuhang.com/fjitv206.m3u8,text/plain; charset=utf-8,2951.9,60,none,0,0,False,[],[],,2026-08-15T06:28:05+00:00
央视 (345源),fjitv2,https://345.lishuhang.com/fjitv249.m3u8,http_error,502,https://345.lishuhang.com/fjitv249.m3u8,text/plain; charset=utf-8,2378.5,60,none,0,0,False,[],[],,2026-08-15T06:28:06+00:00
央视 (345源),fjitv2,https://345.lishuhang.com/hlitv2.m3u8,http_error,502,https://345.lishuhang.com/hlitv2.m3u8,text/plain; charset=utf-8,3028.0,60,none,0,0,False,[],[],,2026-08-15T06:28:06+00:00
央视 (345源),fjitv2,https://345.lishuhang.com/ipv62.m3u8,http_error,502,https://345.lishuhang.com/ipv62.m3u8,text/plain; charset=utf-8,2421.7,87,none,0,0,False,[],[],,2026-08-15T06:28:06+00:00
央视 (345源),fjitv2,https://345.lishuhang.com/itv8.m3u8,http_error,502,https://345.lishuhang.com/itv8.m3u8,text/plain; charset=utf-8,3278.9,60,none,0,0,False,[],[],,2026-08-15T06:28:07+00:00
央视 (345源),fjitv2,https://345.lishuhang.com/migu2.m3u8,http_error,502,https://345.lishuhang.com/migu2.m3u8,text/plain; charset=utf-8,2950.1,60,none,0,0,False,[],[],,2026-08-15T06:28:07+00:00
央视 (345源),fjitv2,https://345.lishuhang.com/ys2.m3u8,http_error,502,https://345.lishuhang.com/ys2.m3u8,text/plain; charset=utf-8,3522.4,60,none,0,0,False,[],[],,2026-08-15T06:28:08+00:00
央视 (345源),fjitv3,https://345.lishuhang.com/fjitv3.m3u8,http_error,502,https://345.lishuhang.com/fjitv3.m3u8,text/plain; charset=utf-8,2896.4,60,none,0,0,False,[],[],,2026-08-15T06:28:08+00:00
央视 (345源),fjitv3,https://345.lishuhang.com/fjitv28.m3u8,http_error,502,https://345.lishuhang.com/fjitv28.m3u8,text/plain; charset=utf-8,2865.8,60,none,0,0,False,[],[],,2026-08-15T06:28:08+00:00
央视 (345源),fjitv3,https://345.lishuhang.com/fjitv191.m3u8,http_error,502,https://345.lishuhang.com/fjitv191.m3u8,text/plain; charset=utf-8,2481.3,60,none,0,0,False,[],[],,2026-08-15T06:28:08+00:00
央视 (345源),fjitv3,https://345.lishuhang.com/hlitv3.m3u8,http_error,502,https://345.lishuhang.com/hlitv3.m3u8,text/plain; charset=utf-8,2172.8,60,none,0,0,False,[],[],,2026-08-15T06:28:09+00:00
央视 (345源),fjitv3,https://345.lishuhang.com/hlitv20.m3u8,http_error,502,https://345.lishuhang.com/hlitv20.m3u8,text/plain; charset=utf-8,2390.4,60,none,0,0,False,[],[],,2026-08-15T06:28:09+00:00
央视 (345源),fjitv3,https://345.lishuhang.com/ipv63.m3u8,http_error,502,https://345.lishuhang.com/ipv63.m3u8,text/plain; charset=utf-8,2495.6,87,none,0,0,False,[],[],,2026-08-15T06:28:10+00:00
央视 (345源),fjitv3,https://345.lishuhang.com/itv9.m3u8,http_error,502,https://345.lishuhang.com/itv9.m3u8,text/plain; charset=utf-8,3293.0,60,none,0,0,False,[],[],,2026-08-15T06:28:10+00:00
央视 (345源),fjitv3,https://345.lishuhang.com/migu3.m3u8,http_error,502,https://345.lishuhang.com/migu3.m3u8,text/plain; charset=utf-8,2229.9,60,none,0,0,False,[],[],,2026-08-15T06:28:11+00:00
央视 (345源),fjitv3,https://345.lishuhang.com/ys3.m3u8,http_error,502,https://345.lishuhang.com/ys3.m3u8,text/plain; charset=utf-8,3285.4,60,none,0,0,False,[],[],,2026-08-15T06:28:11+00:00
央视 (345源),fjitv59,https://345.lishuhang.com/fjitv59.m3u8,http_error,502,https://345.lishuhang.com/fjitv59.m3u8,text/plain; charset=utf-8,2477.2,60,none,0,0,False,[],[],,2026-08-15T06:28:11+00:00
央视 (345源),fjitv59,https://345.lishuhang.com/fjitv126.m3u8,http_error,502,https://345.lishuhang.com/fjitv126.m3u8,text/plain; charset=utf-8,3214.1,60,none,0,0,False,[],[],,2026-08-15T06:28:11+00:00
央视 (345源),fjitv59,https://345.lishuhang.com/fjitv246.m3u8,http_error,502,https://345.lishuhang.com/fjitv246.m3u8,text/plain; charset=utf-8,2424.8,60,none,0,0,False,[],[],,2026-08-15T06:28:11+00:00
央视 (345源),fjitv59,https://345.lishuhang.com/hlitv4.m3u8,http_error,502,https://345.lishuhang.com/hlitv4.m3u8,text/plain; charset=utf-8,2714.1,60,none,0,0,False,[],[],,2026-08-15T06:28:12+00:00
央视 (345源),fjitv59,https://345.lishuhang.com/hlitv139.m3u8,http_error,502,https://345.lishuhang.com/hlitv139.m3u8,text/plain; charset=utf-8,3406.5,60,none,0,0,False,[],[],,2026-08-15T06:28:13+00:00
央视 (345源),fjitv59,https://345.lishuhang.com/ipv64.m3u8,http_error,502,https://345.lishuhang.com/ipv64.m3u8,text/plain; charset=utf-8,2397.9,87,none,0,0,False,[],[],,2026-08-15T06:28:13+00:00
央视 (345源),fjitv59,https://345.lishuhang.com/itv10.m3u8,http_error,502,https://345.lishuhang.com/itv10.m3u8,text/plain; charset=utf-8,3934.3,60,none,0,0,False,[],[],,2026-08-15T06:28:14+00:00
央视 (345源),fjitv59,https://345.lishuhang.com/itv27.m3u8,http_error,502,https://345.lishuhang.com/itv27.m3u8,text/plain; charset=utf-8,3327.1,60,none,0,0,False,[],[],,2026-08-15T06:28:14+00:00
央视 (345源),fjitv59,https://345.lishuhang.com/itv28.m3u8,http_error,502,https://345.lishuhang.com/itv28.m3u8,text/plain; charset=utf-8,3337.7,60,none,0,0,False,[],[],,2026-08-15T06:28:14+00:00
央视 (345源),fjitv59,https://345.lishuhang.com/migu4.m3u8,http_error,502,https://345.lishuhang.com/migu4.m3u8,text/plain; charset=utf-8,2441.5,60,none,0,0,False,[],[],,2026-08-15T06:28:14+00:00
央视 (345源),fjitv59,https://345.lishuhang.com/migu5.m3u8,http_error,502,https://345.lishuhang.com/migu5.m3u8,text/plain; charset=utf-8,2962.0,60,none,0,0,False,[],[],,2026-08-15T06:28:14+00:00
央视 (345源),fjitv59,https://345.lishuhang.com/migu6.m3u8,http_error,502,https://345.lishuhang.com/migu6.m3u8,text/plain; charset=utf-8,2471.5,60,none,0,0,False,[],[],,2026-08-15T06:28:15+00:00
央视 (345源),fjitv59,https://345.lishuhang.com/ys4.m3u8,http_error,502,https://345.lishuhang.com/ys4.m3u8,text/plain; charset=utf-8,4254.4,60,none,0,0,False,[],[],,2026-08-15T06:28:15+00:00
央视 (345源),fjitv59,https://345.lishuhang.com/ys21.m3u8,http_error,502,https://345.lishuhang.com/ys21.m3u8,text/plain; charset=utf-8,3288.5,60,none,0,0,False,[],[],,2026-08-15T06:28:16+00:00
央视 (345源),fjitv59,https://345.lishuhang.com/ys22.m3u8,http_error,502,https://345.lishuhang.com/ys22.m3u8,text/plain; charset=utf-8,3069.0,60,none,0,0,False,[],[],,2026-08-15T06:28:17+00:00
央视 (345源),itv25,https://345.lishuhang.com/itv25.m3u8,http_error,502,https://345.lishuhang.com/itv25.m3u8,text/plain; charset=utf-8,4619.9,60,none,0,0,False,[],[],,2026-08-15T06:28:17+00:00
央视 (345源),itv25,https://345.lishuhang.com/ys19.m3u8,http_error,502,https://345.lishuhang.com/ys19.m3u8,text/plain; charset=utf-8,4344.4,60,none,0,0,False,[],[],,2026-08-15T06:28:17+00:00
央视 (345源),fjitv4,https://345.lishuhang.com/fjitv4.m3u8,http_error,502,https://345.lishuhang.com/fjitv4.m3u8,text/plain; charset=utf-8,2388.9,60,none,0,0,False,[],[],,2026-08-15T06:28:17+00:00
央视 (345源),fjitv4,https://345.lishuhang.com/fjitv29.m3u8,http_error,502,https://345.lishuhang.com/fjitv29.m3u8,text/plain; charset=utf-8,2377.3,60,none,0,0,False,[],[],,2026-08-15T06:28:17+00:00
央视 (345源),fjitv4,https://345.lishuhang.com/fjitv250.m3u8,http_error,502,https://345.lishuhang.com/fjitv250.m3u8,text/plain; charset=utf-8,2931.8,60,none,0,0,False,[],[],,2026-08-15T06:28:17+00:00
央视 (345源),fjitv4,https://345.lishuhang.com/fjitv282.m3u8,http_error,502,https://345.lishuhang.com/fjitv282.m3u8,text/plain; charset=utf-8,2375.1,60,none,0,0,False,[],[],,2026-08-15T06:28:19+00:00
央视 (345源),fjitv4,https://345.lishuhang.com/fjitv283.m3u8,http_error,502,https://345.lishuhang.com/fjitv283.m3u8,text/plain; charset=utf-8,2932.3,60,none,0,0,False,[],[],,2026-08-15T06:28:19+00:00
央视 (345源),fjitv4,https://345.lishuhang.com/hlitv5.m3u8,http_error,502,https://345.lishuhang.com/hlitv5.m3u8,text/plain; charset=utf-8,2157.8,60,none,0,0,False,[],[],,2026-08-15T06:28:20+00:00
央视 (345源),fjitv4,https://345.lishuhang.com/hlitv104.m3u8,http_error,502,https://345.lishuhang.com/hlitv104.m3u8,text/plain; charset=utf-8,2958.1,60,none,0,0,False,[],[],,2026-08-15T06:28:20+00:00
央视 (345源),fjitv4,https://345.lishuhang.com/hlitv125.m3u8,http_error,502,https://345.lishuhang.com/hlitv125.m3u8,text/plain; charset=utf-8,2355.0,60,none,0,0,False,[],[],,2026-08-15T06:28:20+00:00
央视 (345源),fjitv4,https://345.lishuhang.com/itv11.m3u8,http_error,502,https://345.lishuhang.com/itv11.m3u8,text/plain; charset=utf-8,3236.7,60,none,0,0,False,[],[],,2026-08-15T06:28:20+00:00
央视 (345源),fjitv4,https://345.lishuhang.com/migu7.m3u8,http_error,502,https://345.lishuhang.com/migu7.m3u8,text/plain; charset=utf-8,2477.8,60,none,0,0,False,[],[],,2026-08-15T06:28:21+00:00
央视 (345源),fjitv4,https://345.lishuhang.com/ty1.m3u8,http_error,502,https://345.lishuhang.com/ty1.m3u8,text/plain; charset=utf-8,3855.8,60,none,0,0,False,[],[],,2026-08-15T06:28:21+00:00
央视 (345源),fjitv4,https://345.lishuhang.com/ys5.m3u8,http_error,502,https://345.lishuhang.com/ys5.m3u8,text/plain; charset=utf-8,3357.0,60,none,0,0,False,[],[],,2026-08-15T06:28:22+00:00
央视 (345源),fjitv5,https://345.lishuhang.com/fjitv5.m3u8,http_error,502,https://345.lishuhang.com/fjitv5.m3u8,text/plain; charset=utf-8,2447.0,60,none,0,0,False,[],[],,2026-08-15T06:28:22+00:00
央视 (345源),fjitv5,https://345.lishuhang.com/fjitv30.m3u8,http_error,502,https://345.lishuhang.com/fjitv30.m3u8,text/plain; charset=utf-8,3042.1,60,none,0,0,False,[],[],,2026-08-15T06:28:22+00:00
央视 (345源),fjitv5,https://345.lishuhang.com/fjitv140.m3u8,http_error,502,https://345.lishuhang.com/fjitv140.m3u8,text/plain; charset=utf-8,2962.3,60,none,0,0,False,[],[],,2026-08-15T06:28:22+00:00
央视 (345源),fjitv5,https://345.lishuhang.com/fjitv222.m3u8,http_error,502,https://345.lishuhang.com/fjitv222.m3u8,text/plain; charset=utf-8,2437.4,60,none,0,0,False,[],[],,2026-08-15T06:28:23+00:00
央视 (345源),fjitv5,https://345.lishuhang.com/hlitv17.m3u8,http_error,502,https://345.lishuhang.com/hlitv17.m3u8,text/plain; charset=utf-8,2916.1,60,none,0,0,False,[],[],,2026-08-15T06:28:24+00:00
央视 (345源),fjitv5,https://345.lishuhang.com/hlitv103.m3u8,http_error,502,https://345.lishuhang.com/hlitv103.m3u8,text/plain; charset=utf-8,3071.9,60,none,0,0,False,[],[],,2026-08-15T06:28:24+00:00
央视 (345源),fjitv5,https://345.lishuhang.com/ipv66.m3u8,http_error,502,https://345.lishuhang.com/ipv66.m3u8,text/plain; charset=utf-8,2451.2,87,none,0,0,False,[],[],,2026-08-15T06:28:24+00:00
央视 (345源),fjitv5,https://345.lishuhang.com/itv12.m3u8,http_error,502,https://345.lishuhang.com/itv12.m3u8,text/plain; charset=utf-8,3710.7,60,none,0,0,False,[],[],,2026-08-15T06:28:25+00:00
央视 (345源),fjitv5,https://345.lishuhang.com/migu8.m3u8,http_error,502,https://345.lishuhang.com/migu8.m3u8,text/plain; charset=utf-8,2558.3,60,none,0,0,False,[],[],,2026-08-15T06:28:25+00:00
央视 (345源),fjitv5,https://345.lishuhang.com/ty2.m3u8,http_error,502,https://345.lishuhang.com/ty2.m3u8,text/plain; charset=utf-8,3203.2,60,none,0,0,False,[],[],,2026-08-15T06:28:25+00:00
央视 (345源),fjitv5,https://345.lishuhang.com/ys6.m3u8,http_error,502,https://345.lishuhang.com/ys6.m3u8,text/plain; charset=utf-8,3231.6,60,none,0,0,False,[],[],,2026-08-15T06:28:25+00:00
央视 (345源),fjitv6,https://345.lishuhang.com/fjitv6.m3u8,http_error,502,https://345.lishuhang.com/fjitv6.m3u8,text/plain; charset=utf-8,2656.1,60,none,0,0,False,[],[],,2026-08-15T06:28:25+00:00
央视 (345源),fjitv6,https://345.lishuhang.com/fjitv31.m3u8,http_error,502,https://345.lishuhang.com/fjitv31.m3u8,text/plain; charset=utf-8,2468.5,60,none,0,0,False,[],[],,2026-08-15T06:28:27+00:00
央视 (345源),fjitv6,https://345.lishuhang.com/hlitv6.m3u8,http_error,502,https://345.lishuhang.com/hlitv6.m3u8,text/plain; charset=utf-8,2477.4,60,none,0,0,False,[],[],,2026-08-15T06:28:27+00:00
央视 (345源),fjitv6,https://345.lishuhang.com/hlitv21.m3u8,http_error,502,https://345.lishuhang.com/hlitv21.m3u8,text/plain; charset=utf-8,3298.7,60,none,0,0,False,[],[],,2026-08-15T06:28:27+00:00
央视 (345源),fjitv6,https://345.lishuhang.com/ipv67.m3u8,http_error,502,https://345.lishuhang.com/ipv67.m3u8,text/plain; charset=utf-8,2355.6,87,none,0,0,False,[],[],,2026-08-15T06:28:28+00:00
央视 (345源),fjitv6,https://345.lishuhang.com/itv13.m3u8,http_error,502,https://345.lishuhang.com/itv13.m3u8,text/plain; charset=utf-8,3234.3,60,none,0,0,False,[],[],,2026-08-15T06:28:28+00:00
央视 (345源),fjitv6,https://345.lishuhang.com/migu9.m3u8,http_error,502,https://345.lishuhang.com/migu9.m3u8,text/plain; charset=utf-8,2394.3,60,none,0,0,False,[],[],,2026-08-15T06:28:28+00:00
央视 (345源),fjitv6,https://345.lishuhang.com/ys7.m3u8,http_error,502,https://345.lishuhang.com/ys7.m3u8,text/plain; charset=utf-8,4685.7,60,none,0,0,False,[],[],,2026-08-15T06:28:29+00:00
央视 (345源),fjitv7,https://345.lishuhang.com/fjitv7.m3u8,http_error,502,https://345.lishuhang.com/fjitv7.m3u8,text/plain; charset=utf-8,2478.2,60,none,0,0,False,[],[],,2026-08-15T06:28:29+00:00
央视 (345源),fjitv7,https://345.lishuhang.com/fjitv60.m3u8,http_error,502,https://345.lishuhang.com/fjitv60.m3u8,text/plain; charset=utf-8,2423.0,60,none,0,0,False,[],[],,2026-08-15T06:28:29+00:00
央视 (345源),fjitv7,https://345.lishuhang.com/fjitv129.m3u8,http_error,502,https://345.lishuhang.com/fjitv129.m3u8,text/plain; charset=utf-8,2906.3,60,none,0,0,False,[],[],,2026-08-15T06:28:29+00:00
央视 (345源),fjitv7,https://345.lishuhang.com/fjitv210.m3u8,http_error,502,https://345.lishuhang.com/fjitv210.m3u8,text/plain; charset=utf-8,2428.6,60,none,0,0,False,[],[],,2026-08-15T06:28:30+00:00
央视 (345源),fjitv7,https://345.lishuhang.com/fjitv251.m3u8,http_error,502,https://345.lishuhang.com/fjitv251.m3u8,text/plain; charset=utf-8,2869.2,60,none,0,0,False,[],[],,2026-08-15T06:28:30+00:00
央视 (345源),fjitv7,https://345.lishuhang.com/hlitv7.m3u8,http_error,502,https://345.lishuhang.com/hlitv7.m3u8,text/plain; charset=utf-8,2423.4,60,none,0,0,False,[],[],,2026-08-15T06:28:31+00:00
央视 (345源),fjitv7,https://345.lishuhang.com/hlitv147.m3u8,http_error,502,https://345.lishuhang.com/hlitv147.m3u8,text/plain; charset=utf-8,2782.1,60,none,0,0,False,[],[],,2026-08-15T06:28:31+00:00
央视 (345源),fjitv7,https://345.lishuhang.com/ipv68.m3u8,http_error,502,https://345.lishuhang.com/ipv68.m3u8,text/plain; charset=utf-8,3088.8,87,none,0,0,False,[],[],,2026-08-15T06:28:31+00:00
央视 (345源),fjitv7,https://345.lishuhang.com/itv14.m3u8,http_error,502,https://345.lishuhang.com/itv14.m3u8,text/plain; charset=utf-8,3777.9,60,none,0,0,False,[],[],,2026-08-15T06:28:31+00:00
央视 (345源),fjitv7,https://345.lishuhang.com/migu10.m3u8,http_error,502,https://345.lishuhang.com/migu10.m3u8,text/plain; charset=utf-8,3179.8,60,none,0,0,False,[],[],,2026-08-15T06:28:32+00:00
央视 (345源),fjitv7,https://345.lishuhang.com/ys8.m3u8,http_error,502,https://345.lishuhang.com/ys8.m3u8,text/plain; charset=utf-8,3196.9,60,none,0,0,False,[],[],,2026-08-15T06:28:32+00:00
央视 (345源),fjitv8,https://345.lishuhang.com/fjitv8.m3u8,http_error,502,https://345.lishuhang.com/fjitv8.m3u8,text/plain; charset=utf-8,2382.4,60,none,0,0,False,[],[],,2026-08-15T06:28:33+00:00
央视 (345源),fjitv8,https://345.lishuhang.com/fjitv32.m3u8,http_error,502,https://345.lishuhang.com/fjitv32.m3u8,text/plain; charset=utf-8,2430.7,60,none,0,0,False,[],[],,2026-08-15T06:28:33+00:00
央视 (345源),fjitv8,https://345.lishuhang.com/hlitv8.m3u8,http_error,502,https://345.lishuhang.com/hlitv8.m3u8,text/plain; charset=utf-8,2426.1,60,none,0,0,False,[],[],,2026-08-15T06:28:33+00:00
央视 (345源),fjitv8,https://345.lishuhang.com/hlitv22.m3u8,http_error,502,https://345.lishuhang.com/hlitv22.m3u8,text/plain; charset=utf-8,2139.5,60,none,0,0,False,[],[],,2026-08-15T06:28:34+00:00
央视 (345源),fjitv8,https://345.lishuhang.com/ipv69.m3u8,http_error,502,https://345.lishuhang.com/ipv69.m3u8,text/plain; charset=utf-8,2144.0,87,none,0,0,False,[],[],,2026-08-15T06:28:34+00:00
央视 (345源),fjitv8,https://345.lishuhang.com/itv15.m3u8,http_error,502,https://345.lishuhang.com/itv15.m3u8,text/plain; charset=utf-8,3275.0,60,none,0,0,False,[],[],,2026-08-15T06:28:35+00:00
央视 (345源),fjitv8,https://345.lishuhang.com/migu11.m3u8,http_error,502,https://345.lishuhang.com/migu11.m3u8,text/plain; charset=utf-8,2143.5,60,none,0,0,False,[],[],,2026-08-15T06:28:35+00:00
央视 (345源),fjitv8,https://345.lishuhang.com/ys9.m3u8,http_error,502,https://345.lishuhang.com/ys9.m3u8,text/plain; charset=utf-8,3587.8,60,none,0,0,False,[],[],,2026-08-15T06:28:35+00:00
央视 (345源),itv26,https://345.lishuhang.com/itv26.m3u8,http_error,502,https://345.lishuhang.com/itv26.m3u8,text/plain; charset=utf-8,5772.6,60,none,0,0,False,[],[],,2026-08-15T06:28:36+00:00
央视 (345源),itv26,https://345.lishuhang.com/ys20.m3u8,http_error,502,https://345.lishuhang.com/ys20.m3u8,text/plain; charset=utf-8,5504.7,60,none,0,0,False,[],[],,2026-08-15T06:28:36+00:00
央视 (345源),fjitv9,https://345.lishuhang.com/fjitv9.m3u8,http_error,502,https://345.lishuhang.com/fjitv9.m3u8,text/plain; charset=utf-8,2326.6,60,none,0,0,False,[],[],,2026-08-15T06:28:36+00:00
央视 (345源),fjitv9,https://345.lishuhang.com/fjitv61.m3u8,http_error,502,https://345.lishuhang.com/fjitv61.m3u8,text/plain; charset=utf-8,2412.3,60,none,0,0,False,[],[],,2026-08-15T06:28:36+00:00
央视 (345源),fjitv9,https://345.lishuhang.com/fjitv139.m3u8,http_error,502,https://345.lishuhang.com/fjitv139.m3u8,text/plain; charset=utf-8,2456.8,60,none,0,0,False,[],[],,2026-08-15T06:28:36+00:00
央视 (345源),fjitv9,https://345.lishuhang.com/fjitv212.m3u8,http_error,502,https://345.lishuhang.com/fjitv212.m3u8,text/plain; charset=utf-8,2466.9,60,none,0,0,False,[],[],,2026-08-15T06:28:37+00:00
央视 (345源),fjitv9,https://345.lishuhang.com/fjitv254.m3u8,http_error,502,https://345.lishuhang.com/fjitv254.m3u8,text/plain; charset=utf-8,2439.2,60,none,0,0,False,[],[],,2026-08-15T06:28:38+00:00
央视 (345源),fjitv9,https://345.lishuhang.com/hlitv9.m3u8,http_error,502,https://345.lishuhang.com/hlitv9.m3u8,text/plain; charset=utf-8,2122.5,60,none,0,0,False,[],[],,2026-08-15T06:28:38+00:00
央视 (345源),fjitv9,https://345.lishuhang.com/hlitv149.m3u8,http_error,502,https://345.lishuhang.com/hlitv149.m3u8,text/plain; charset=utf-8,2518.6,60,none,0,0,False,[],[],,2026-08-15T06:28:39+00:00
央视 (345源),fjitv9,https://345.lishuhang.com/ipv610.m3u8,http_error,502,https://345.lishuhang.com/ipv610.m3u8,text/plain; charset=utf-8,2519.9,87,none,0,0,False,[],[],,2026-08-15T06:28:39+00:00
央视 (345源),fjitv9,https://345.lishuhang.com/itv16.m3u8,http_error,502,https://345.lishuhang.com/itv16.m3u8,text/plain; charset=utf-8,3465.9,60,none,0,0,False,[],[],,2026-08-15T06:28:39+00:00
央视 (345源),fjitv9,https://345.lishuhang.com/migu12.m3u8,http_error,502,https://345.lishuhang.com/migu12.m3u8,text/plain; charset=utf-8,2908.6,60,none,0,0,False,[],[],,2026-08-15T06:28:40+00:00
央视 (345源),fjitv9,https://345.lishuhang.com/ys10.m3u8,http_error,502,https://345.lishuhang.com/ys10.m3u8,text/plain; charset=utf-8,4008.1,60,none,0,0,False,[],[],,2026-08-15T06:28:40+00:00
央视 (345源),ys39,https://345.lishuhang.com/ys39.m3u8,http_error,502,https://345.lishuhang.com/ys39.m3u8,text/plain; charset=utf-8,2983.8,60,none,0,0,False,[],[],,2026-08-15T06:28:41+00:00
央视 (345源),migu24,https://345.lishuhang.com/migu24.m3u8,http_error,502,https://345.lishuhang.com/migu24.m3u8,text/plain; charset=utf-8,3004.5,60,none,0,0,False,[],[],,2026-08-15T06:28:41+00:00
央视 (345源),hlitv123,https://345.lishuhang.com/hlitv123.m3u8,http_error,502,https://345.lishuhang.com/hlitv123.m3u8,text/plain; charset=utf-8,2629.7,60,none,0,0,False,[],[],,2026-08-15T06:28:41+00:00
央视 (345源),ys33,https://345.lishuhang.com/ys33.m3u8,http_error,502,https://345.lishuhang.com/ys33.m3u8,text/plain; charset=utf-8,2201.6,60,none,0,0,False,[],[],,2026-08-15T06:28:41+00:00
央视 (345源),migu23,https://345.lishuhang.com/migu23.m3u8,http_error,502,https://345.lishuhang.com/migu23.m3u8,text/plain; charset=utf-8,2403.5,60,none,0,0,False,[],[],,2026-08-15T06:28:41+00:00
央视 (345源),ys41,https://345.lishuhang.com/ys41.m3u8,http_error,502,https://345.lishuhang.com/ys41.m3u8,text/plain; charset=utf-8,4159.0,60,none,0,0,False,[],[],,2026-08-15T06:28:42+00:00
央视 (345源),ys43,https://345.lishuhang.com/ys43.m3u8,http_error,502,https://345.lishuhang.com/ys43.m3u8,text/plain; charset=utf-8,3039.7,60,none,0,0,False,[],[],,2026-08-15T06:28:43+00:00
央视 (345源),ys34,https://345.lishuhang.com/ys34.m3u8,http_error,502,https://345.lishuhang.com/ys34.m3u8,text/plain; charset=utf-8,3090.6,60,none,0,0,False,[],[],,2026-08-15T06:28:44+00:00
央视 (345源),ys40,https://345.lishuhang.com/ys40.m3u8,http_error,502,https://345.lishuhang.com/ys40.m3u8,text/plain; charset=utf-8,2903.7,60,none,0,0,False,[],[],,2026-08-15T06:28:44+00:00
央视 (345源),ys35,https://345.lishuhang.com/ys35.m3u8,http_error,502,https://345.lishuhang.com/ys35.m3u8,text/plain; charset=utf-8,2903.0,60,none,0,0,False,[],[],,2026-08-15T06:28:44+00:00
央视 (345源),ys36,https://345.lishuhang.com/ys36.m3u8,http_error,502,https://345.lishuhang.com/ys36.m3u8,text/plain; charset=utf-8,2777.4,60,none,0,0,False,[],[],,2026-08-15T06:28:44+00:00
央视 (345源),ty21,https://345.lishuhang.com/ty21.m3u8,http_error,502,https://345.lishuhang.com/ty21.m3u8,text/plain; charset=utf-8,3047.2,60,none,0,0,False,[],[],,2026-08-15T06:28:44+00:00
央视 (345源),ty21,https://345.lishuhang.com/ys38.m3u8,http_error,502,https://345.lishuhang.com/ys38.m3u8,text/plain; charset=utf-8,3224.6,60,none,0,0,False,[],[],,2026-08-15T06:28:44+00:00
央视 (345源),ys37,https://345.lishuhang.com/ys37.m3u8,http_error,502,https://345.lishuhang.com/ys37.m3u8,text/plain; charset=utf-8,3029.5,60,none,0,0,False,[],[],,2026-08-15T06:28:46+00:00
央视 (345源),ys42,https://345.lishuhang.com/ys42.m3u8,http_error,502,https://345.lishuhang.com/ys42.m3u8,text/plain; charset=utf-8,3650.0,60,none,0,0,False,[],[],,2026-08-15T06:28:46+00:00
央视 (345源),ipv621,https://345.lishuhang.com/ipv621.m3u8,http_error,502,https://345.lishuhang.com/ipv621.m3u8,text/plain; charset=utf-8,2912.3,87,none,0,0,False,[],[],,2026-08-15T06:28:47+00:00
央视 (345源),ipv621,https://345.lishuhang.com/ipv6101.m3u8,http_error,502,https://345.lishuhang.com/ipv6101.m3u8,text/plain; charset=utf-8,3019.8,87,none,0,0,False,[],[],,2026-08-15T06:28:47+00:00
央视 (345源),ipv621,https://345.lishuhang.com/itv35.m3u8,http_error,502,https://345.lishuhang.com/itv35.m3u8,text/plain; charset=utf-8,4287.9,60,none,0,0,False,[],[],,2026-08-15T06:28:47+00:00
央视 (345源),ipv621,https://345.lishuhang.com/ys29.m3u8,http_error,502,https://345.lishuhang.com/ys29.m3u8,text/plain; charset=utf-8,4220.5,60,none,0,0,False,[],[],,2026-08-15T06:28:47+00:00
央视 (345源),ys30,https://345.lishuhang.com/ys30.m3u8,http_error,502,https://345.lishuhang.com/ys30.m3u8,text/plain; charset=utf-8,2930.0,60,none,0,0,False,[],[],,2026-08-15T06:28:47+00:00
央视 (345源),ipv6102,https://345.lishuhang.com/ipv6102.m3u8,http_error,502,https://345.lishuhang.com/ipv6102.m3u8,text/plain; charset=utf-8,2984.6,87,none,0,0,False,[],[],,2026-08-15T06:28:48+00:00
央视 (345源),ipv6102,https://345.lishuhang.com/ys31.m3u8,http_error,502,https://345.lishuhang.com/ys31.m3u8,text/plain; charset=utf-8,2674.8,60,none,0,0,False,[],[],,2026-08-15T06:28:49+00:00
央视 (345源),ipv6103,https://345.lishuhang.com/ipv6103.m3u8,http_error,502,https://345.lishuhang.com/ipv6103.m3u8,text/plain; charset=utf-8,2615.8,87,none,0,0,False,[],[],,2026-08-15T06:28:49+00:00
央视 (345源),ipv6103,https://345.lishuhang.com/ys32.m3u8,http_error,502,https://345.lishuhang.com/ys32.m3u8,text/plain; charset=utf-8,2480.9,60,none,0,0,False,[],[],,2026-08-15T06:28:50+00:00
央视 (345源),fjitv176,https://345.lishuhang.com/fjitv176.m3u8,http_error,502,https://345.lishuhang.com/fjitv176.m3u8,text/plain; charset=utf-8,2577.2,60,none,0,0,False,[],[],,2026-08-15T06:28:50+00:00
央视 (345源),fjitv176,https://345.lishuhang.com/hlitv66.m3u8,http_error,502,https://345.lishuhang.com/hlitv66.m3u8,text/plain; charset=utf-8,2138.1,60,none,0,0,False,[],[],,2026-08-15T06:28:50+00:00
央视 (345源),fjitv176,https://345.lishuhang.com/fjitv102.m3u8,http_error,502,https://345.lishuhang.com/fjitv102.m3u8,text/plain; charset=utf-8,2398.7,60,none,0,0,False,[],[],,2026-08-15T06:28:51+00:00
央视 (345源),migu33,https://345.lishuhang.com/migu33.m3u8,http_error,502,https://345.lishuhang.com/migu33.m3u8,text/plain; charset=utf-8,2473.0,60,none,0,0,False,[],[],,2026-08-15T06:28:51+00:00
央视 (345源),migu34,https://345.lishuhang.com/migu34.m3u8,http_error,502,https://345.lishuhang.com/migu34.m3u8,text/plain; charset=utf-8,2919.9,60,none,0,0,False,[],[],,2026-08-15T06:28:51+00:00
央视 (345源),migu35,https://345.lishuhang.com/migu35.m3u8,http_error,502,https://345.lishuhang.com/migu35.m3u8,text/plain; charset=utf-8,2404.4,60,none,0,0,False,[],[],,2026-08-15T06:28:52+00:00
央视 (345源),fjitv69,https://345.lishuhang.com/fjitv69.m3u8,http_error,502,https://345.lishuhang.com/fjitv69.m3u8,text/plain; charset=utf-8,2975.7,60,none,0,0,False,[],[],,2026-08-15T06:28:52+00:00
央视 (345源),fjitv69,https://345.lishuhang.com/fjitv141.m3u8,http_error,502,https://345.lishuhang.com/fjitv141.m3u8,text/plain; charset=utf-8,2179.5,60,none,0,0,False,[],[],,2026-08-15T06:28:52+00:00
央视 (345源),fjitv69,https://345.lishuhang.com/hlitv18.m3u8,http_error,502,https://345.lishuhang.com/hlitv18.m3u8,text/plain; charset=utf-8,2993.0,60,none,0,0,False,[],[],,2026-08-15T06:28:52+00:00
央视 (345源),fjitv69,https://345.lishuhang.com/ipv618.m3u8,http_error,502,https://345.lishuhang.com/ipv618.m3u8,text/plain; charset=utf-8,2460.5,87,none,0,0,False,[],[],,2026-08-15T06:28:53+00:00
央视 (345源),fjitv69,https://345.lishuhang.com/itv29.m3u8,http_error,502,https://345.lishuhang.com/itv29.m3u8,text/plain; charset=utf-8,3213.4,60,none,0,0,False,[],[],,2026-08-15T06:28:53+00:00
央视 (345源),fjitv69,https://345.lishuhang.com/migu25.m3u8,http_error,502,https://345.lishuhang.com/migu25.m3u8,text/plain; charset=utf-8,2990.7,60,none,0,0,False,[],[],,2026-08-15T06:28:53+00:00
央视 (345源),fjitv69,https://345.lishuhang.com/ys23.m3u8,http_error,502,https://345.lishuhang.com/ys23.m3u8,text/plain; charset=utf-8,3294.1,60,none,0,0,False,[],[],,2026-08-15T06:28:54+00:00
央视 (345源),itv34,https://345.lishuhang.com/itv34.m3u8,http_error,502,https://345.lishuhang.com/itv34.m3u8,text/plain; charset=utf-8,3434.8,60,none,0,0,False,[],[],,2026-08-15T06:28:54+00:00
央视 (345源),itv34,https://345.lishuhang.com/migu30.m3u8,http_error,502,https://345.lishuhang.com/migu30.m3u8,text/plain; charset=utf-8,2738.4,60,none,0,0,False,[],[],,2026-08-15T06:28:54+00:00
央视 (345源),itv34,https://345.lishuhang.com/ys28.m3u8,http_error,502,https://345.lishuhang.com/ys28.m3u8,text/plain; charset=utf-8,3455.4,60,none,0,0,False,[],[],,2026-08-15T06:28:55+00:00
央视 (345源),itv32,https://345.lishuhang.com/itv32.m3u8,http_error,502,https://345.lishuhang.com/itv32.m3u8,text/plain; charset=utf-8,3210.2,60,none,0,0,False,[],[],,2026-08-15T06:28:55+00:00
央视 (345源),itv32,https://345.lishuhang.com/migu28.m3u8,http_error,502,https://345.lishuhang.com/migu28.m3u8,text/plain; charset=utf-8,2734.2,60,none,0,0,False,[],[],,2026-08-15T06:28:55+00:00
央视 (345源),itv32,https://345.lishuhang.com/ys26.m3u8,http_error,502,https://345.lishuhang.com/ys26.m3u8,text/plain; charset=utf-8,3807.8,60,none,0,0,False,[],[],,2026-08-15T06:28:56+00:00
央视 (345源),hlitv16,https://345.lishuhang.com/hlitv16.m3u8,http_error,502,https://345.lishuhang.com/hlitv16.m3u8,text/plain; charset=utf-8,2510.8,60,none,0,0,False,[],[],,2026-08-15T06:28:56+00:00
央视 (345源),hlitv16,https://345.lishuhang.com/itv30.m3u8,http_error,502,https://345.lishuhang.com/itv30.m3u8,text/plain; charset=utf-8,2833.6,60,none,0,0,False,[],[],,2026-08-15T06:28:57+00:00
央视 (345源),hlitv16,https://345.lishuhang.com/migu26.m3u8,http_error,502,https://345.lishuhang.com/migu26.m3u8,text/plain; charset=utf-8,2197.2,60,none,0,0,False,[],[],,2026-08-15T06:28:57+00:00
央视 (345源),hlitv16,https://345.lishuhang.com/ys24.m3u8,http_error,502,https://345.lishuhang.com/ys24.m3u8,text/plain; charset=utf-8,2439.1,60,none,0,0,False,[],[],,2026-08-15T06:28:57+00:00
央视 (345源),hlitv16,https://345.lishuhang.com/fjitv132.m3u8,http_error,502,https://345.lishuhang.com/fjitv132.m3u8,text/plain; charset=utf-8,2388.5,60,none,0,0,False,[],[],,2026-08-15T06:28:58+00:00
央视 (345源),hlitv16,https://345.lishuhang.com/fjitv245.m3u8,http_error,502,https://345.lishuhang.com/fjitv245.m3u8,text/plain; charset=utf-8,2158.2,60,none,0,0,False,[],[],,2026-08-15T06:28:58+00:00
央视 (345源),hlitv16,https://345.lishuhang.com/ipv619.m3u8,http_error,502,https://345.lishuhang.com/ipv619.m3u8,text/plain; charset=utf-8,2582.3,87,none,0,0,False,[],[],,2026-08-15T06:28:59+00:00
央视 (345源),hlitv16,https://345.lishuhang.com/fjitv68.m3u8,http_error,502,https://345.lishuhang.com/fjitv68.m3u8,text/plain; charset=utf-8,2521.5,60,none,0,0,False,[],[],,2026-08-15T06:28:59+00:00
央视 (345源),itv33,https://345.lishuhang.com/itv33.m3u8,http_error,502,https://345.lishuhang.com/itv33.m3u8,text/plain; charset=utf-8,3127.8,60,none,0,0,False,[],[],,2026-08-15T06:28:59+00:00
央视 (345源),itv33,https://345.lishuhang.com/migu29.m3u8,http_error,502,https://345.lishuhang.com/migu29.m3u8,text/plain; charset=utf-8,2441.3,60,none,0,0,False,[],[],,2026-08-15T06:29:00+00:00
央视 (345源),itv33,https://345.lishuhang.com/ys27.m3u8,http_error,502,https://345.lishuhang.com/ys27.m3u8,text/plain; charset=utf-8,3191.3,60,none,0,0,False,[],[],,2026-08-15T06:29:00+00:00
央视 (345源),itv31,https://345.lishuhang.com/itv31.m3u8,http_error,502,https://345.lishuhang.com/itv31.m3u8,text/plain; charset=utf-8,3150.5,60,none,0,0,False,[],[],,2026-08-15T06:29:00+00:00
央视 (345源),itv31,https://345.lishuhang.com/migu27.m3u8,http_error,502,https://345.lishuhang.com/migu27.m3u8,text/plain; charset=utf-8,2492.3,60,none,0,0,False,[],[],,2026-08-15T06:29:00+00:00
央视 (345源),itv31,https://345.lishuhang.com/ys25.m3u8,http_error,502,https://345.lishuhang.com/ys25.m3u8,text/plain; charset=utf-8,3255.5,60,none,0,0,False,[],[],,2026-08-15T06:29:00+00:00
央视 (345源),migu78,https://345.lishuhang.com/migu78.m3u8,http_error,502,https://345.lishuhang.com/migu78.m3u8,text/plain; charset=utf-8,2372.8,60,none,0,0,False,[],[],,2026-08-15T06:29:01+00:00
央视 (345源),migu77,https://345.lishuhang.com/migu77.m3u8,http_error,502,https://345.lishuhang.com/migu77.m3u8,text/plain; charset=utf-8,3260.8,60,none,0,0,False,[],[],,2026-08-15T06:29:01+00:00
央视 (345源),ipv622,https://345.lishuhang.com/ipv622.m3u8,http_error,502,https://345.lishuhang.com/ipv622.m3u8,text/plain; charset=utf-8,2381.5,87,none,0,0,False,[],[],,2026-08-15T06:29:02+00:00
央视 (345源),fjitv260,https://345.lishuhang.com/fjitv260.m3u8,http_error,502,https://345.lishuhang.com/fjitv260.m3u8,text/plain; charset=utf-8,2396.4,60,none,0,0,False,[],[],,2026-08-15T06:29:02+00:00
央视 (345源),fjitv260,https://345.lishuhang.com/fjitv261.m3u8,http_error,502,https://345.lishuhang.com/fjitv261.m3u8,text/plain; charset=utf-8,2378.0,60,none,0,0,False,[],[],,2026-08-15T06:29:03+00:00
央视 (345源),fjitv260,https://345.lishuhang.com/fjitv262.m3u8,http_error,502,https://345.lishuhang.com/fjitv262.m3u8,text/plain; charset=utf-8,2979.1,60,none,0,0,False,[],[],,2026-08-15T06:29:03+00:00
央视 (345源),fjitv260,https://345.lishuhang.com/fjitv263.m3u8,http_error,502,https://345.lishuhang.com/fjitv263.m3u8,text/plain; charset=utf-8,3102.8,60,none,0,0,False,[],[],,2026-08-15T06:29:03+00:00
央视 (345源),fjitv260,https://345.lishuhang.com/fjitv264.m3u8,http_error,502,https://345.lishuhang.com/fjitv264.m3u8,text/plain; charset=utf-8,2488.1,60,none,0,0,False,[],[],,2026-08-15T06:29:03+00:00
央视 (345源),fjitv260,https://345.lishuhang.com/fjitv265.m3u8,http_error,502,https://345.lishuhang.com/fjitv265.m3u8,text/plain; charset=utf-8,2465.9,60,none,0,0,False,[],[],,2026-08-15T06:29:04+00:00
央视 (345源),fjitv260,https://345.lishuhang.com/fjitv267.m3u8,http_error,502,https://345.lishuhang.com/fjitv267.m3u8,text/plain; charset=utf-8,2498.2,60,none,0,0,False,[],[],,2026-08-15T06:29:05+00:00
央视 (345源),fjitv260,https://345.lishuhang.com/fjitv269.m3u8,http_error,502,https://345.lishuhang.com/fjitv269.m3u8,text/plain; charset=utf-8,2802.5,60,none,0,0,False,[],[],,2026-08-15T06:29:05+00:00
央视 (345源),fjitv260,https://345.lishuhang.com/fjitv271.m3u8,http_error,502,https://345.lishuhang.com/fjitv271.m3u8,text/plain; charset=utf-8,2428.4,60,none,0,0,False,[],[],,2026-08-15T06:29:05+00:00
央视 (345源),fjitv260,https://345.lishuhang.com/fjitv272.m3u8,http_error,502,https://345.lishuhang.com/fjitv272.m3u8,text/plain; charset=utf-8,2727.1,60,none,0,0,False,[],[],,2026-08-15T06:29:05+00:00
卫视 (345源),ipv698,https://345.lishuhang.com/ipv698.m3u8,http_error,502,https://345.lishuhang.com/ipv698.m3u8,text/plain; charset=utf-8,2426.2,87,none,0,0,False,[],[],,2026-08-15T06:29:06+00:00
卫视 (345源),ipv698,https://345.lishuhang.com/ws41.m3u8,http_error,502,https://345.lishuhang.com/ws41.m3u8,text/plain; charset=utf-8,2940.9,60,none,0,0,False,[],[],,2026-08-15T06:29:06+00:00
卫视 (345源),fjitv73,https://345.lishuhang.com/fjitv73.m3u8,http_error,502,https://345.lishuhang.com/fjitv73.m3u8,text/plain; charset=utf-8,2406.9,60,none,0,0,False,[],[],,2026-08-15T06:29:06+00:00
卫视 (345源),fjitv73,https://345.lishuhang.com/fjitv151.m3u8,http_error,502,https://345.lishuhang.com/fjitv151.m3u8,text/plain; charset=utf-8,2156.8,60,none,0,0,False,[],[],,2026-08-15T06:29:06+00:00
卫视 (345源),fjitv73,https://345.lishuhang.com/hlitv34.m3u8,http_error,502,https://345.lishuhang.com/hlitv34.m3u8,text/plain; charset=utf-8,2983.7,60,none,0,0,False,[],[],,2026-08-15T06:29:07+00:00
卫视 (345源),fjitv73,https://345.lishuhang.com/ipv645.m3u8,http_error,502,https://345.lishuhang.com/ipv645.m3u8,text/plain; charset=utf-8,3339.0,87,none,0,0,False,[],[],,2026-08-15T06:29:07+00:00
卫视 (345源),fjitv73,https://345.lishuhang.com/itv45.m3u8,http_error,502,https://345.lishuhang.com/itv45.m3u8,text/plain; charset=utf-8,3306.0,60,none,0,0,False,[],[],,2026-08-15T06:29:07+00:00
卫视 (345源),fjitv73,https://345.lishuhang.com/migu70.m3u8,http_error,502,https://345.lishuhang.com/migu70.m3u8,text/plain; charset=utf-8,2950.3,60,none,0,0,False,[],[],,2026-08-15T06:29:08+00:00
卫视 (345源),fjitv73,https://345.lishuhang.com/ws9.m3u8,http_error,502,https://345.lishuhang.com/ws9.m3u8,text/plain; charset=utf-8,3791.5,60,none,0,0,False,[],[],,2026-08-15T06:29:08+00:00
卫视 (345源),fjitv17,https://345.lishuhang.com/fjitv17.m3u8,http_error,502,https://345.lishuhang.com/fjitv17.m3u8,text/plain; charset=utf-8,2704.6,60,none,0,0,False,[],[],,2026-08-15T06:29:09+00:00
卫视 (345源),fjitv17,https://345.lishuhang.com/fjitv39.m3u8,http_error,502,https://345.lishuhang.com/fjitv39.m3u8,text/plain; charset=utf-8,2414.2,60,none,0,0,False,[],[],,2026-08-15T06:29:09+00:00
卫视 (345源),fjitv17,https://345.lishuhang.com/fjitv146.m3u8,http_error,502,https://345.lishuhang.com/fjitv146.m3u8,text/plain; charset=utf-8,2810.8,60,none,0,0,False,[],[],,2026-08-15T06:29:09+00:00
卫视 (345源),fjitv17,https://345.lishuhang.com/fjitv219.m3u8,http_error,502,https://345.lishuhang.com/fjitv219.m3u8,text/plain; charset=utf-8,2913.3,60,none,0,0,False,[],[],,2026-08-15T06:29:10+00:00
卫视 (345源),fjitv17,https://345.lishuhang.com/hlitv30.m3u8,http_error,502,https://345.lishuhang.com/hlitv30.m3u8,text/plain; charset=utf-8,3009.1,60,none,0,0,False,[],[],,2026-08-15T06:29:11+00:00
卫视 (345源),fjitv17,https://345.lishuhang.com/hlitv61.m3u8,http_error,502,https://345.lishuhang.com/hlitv61.m3u8,text/plain; charset=utf-8,3041.6,60,none,0,0,False,[],[],,2026-08-15T06:29:11+00:00
卫视 (345源),fjitv17,https://345.lishuhang.com/hlitv114.m3u8,http_error,502,https://345.lishuhang.com/hlitv114.m3u8,text/plain; charset=utf-8,2907.8,60,none,0,0,False,[],[],,2026-08-15T06:29:11+00:00
卫视 (345源),fjitv17,https://345.lishuhang.com/ipv635.m3u8,http_error,502,https://345.lishuhang.com/ipv635.m3u8,text/plain; charset=utf-8,2665.1,87,none,0,0,False,[],[],,2026-08-15T06:29:11+00:00
卫视 (345源),fjitv17,https://345.lishuhang.com/ipv668.m3u8,http_error,502,https://345.lishuhang.com/ipv668.m3u8,text/plain; charset=utf-8,2388.7,87,none,0,0,False,[],[],,2026-08-15T06:29:11+00:00
卫视 (345源),fjitv17,https://345.lishuhang.com/itv40.m3u8,http_error,502,https://345.lishuhang.com/itv40.m3u8,text/plain; charset=utf-8,3402.8,60,none,0,0,False,[],[],,2026-08-15T06:29:12+00:00
卫视 (345源),fjitv17,https://345.lishuhang.com/migu41.m3u8,http_error,502,https://345.lishuhang.com/migu41.m3u8,text/plain; charset=utf-8,2235.3,60,none,0,0,False,[],[],,2026-08-15T06:29:12+00:00
卫视 (345源),fjitv17,https://345.lishuhang.com/ws4.m3u8,http_error,502,https://345.lishuhang.com/ws4.m3u8,text/plain; charset=utf-8,4525.8,60,none,0,0,False,[],[],,2026-08-15T06:29:13+00:00
卫视 (345源),fjitv88,https://345.lishuhang.com/fjitv88.m3u8,http_error,502,https://345.lishuhang.com/fjitv88.m3u8,text/plain; charset=utf-8,2581.3,60,none,0,0,False,[],[],,2026-08-15T06:29:14+00:00
卫视 (345源),fjitv88,https://345.lishuhang.com/fjitv170.m3u8,http_error,502,https://345.lishuhang.com/fjitv170.m3u8,text/plain; charset=utf-8,2906.1,60,none,0,0,False,[],[],,2026-08-15T06:29:14+00:00
卫视 (345源),fjitv88,https://345.lishuhang.com/hlitv50.m3u8,http_error,502,https://345.lishuhang.com/hlitv50.m3u8,text/plain; charset=utf-8,3039.5,60,none,0,0,False,[],[],,2026-08-15T06:29:14+00:00
卫视 (345源),fjitv88,https://345.lishuhang.com/ipv689.m3u8,http_error,502,https://345.lishuhang.com/ipv689.m3u8,text/plain; charset=utf-8,2407.5,87,none,0,0,False,[],[],,2026-08-15T06:29:14+00:00
卫视 (345源),fjitv88,https://345.lishuhang.com/itv62.m3u8,http_error,502,https://345.lishuhang.com/itv62.m3u8,text/plain; charset=utf-8,3264.0,60,none,0,0,False,[],[],,2026-08-15T06:29:14+00:00
卫视 (345源),fjitv88,https://345.lishuhang.com/migu60.m3u8,http_error,502,https://345.lishuhang.com/migu60.m3u8,text/plain; charset=utf-8,2513.9,60,none,0,0,False,[],[],,2026-08-15T06:29:14+00:00
卫视 (345源),fjitv88,https://345.lishuhang.com/ws26.m3u8,http_error,502,https://345.lishuhang.com/ws26.m3u8,text/plain; charset=utf-8,3141.4,60,none,0,0,False,[],[],,2026-08-15T06:29:15+00:00
卫视 (345源),ipv696,https://345.lishuhang.com/ipv696.m3u8,http_error,502,https://345.lishuhang.com/ipv696.m3u8,text/plain; charset=utf-8,2440.6,87,none,0,0,False,[],[],,2026-08-15T06:29:16+00:00
卫视 (345源),ipv696,https://345.lishuhang.com/itv66.m3u8,http_error,502,https://345.lishuhang.com/itv66.m3u8,text/plain; charset=utf-8,3399.9,60,none,0,0,False,[],[],,2026-08-15T06:29:16+00:00
卫视 (345源),ipv696,https://345.lishuhang.com/migu71.m3u8,http_error,502,https://345.lishuhang.com/migu71.m3u8,text/plain; charset=utf-8,2403.6,60,none,0,0,False,[],[],,2026-08-15T06:29:17+00:00
卫视 (345源),ipv696,https://345.lishuhang.com/ws30.m3u8,http_error,502,https://345.lishuhang.com/ws30.m3u8,text/plain; charset=utf-8,3051.5,60,none,0,0,False,[],[],,2026-08-15T06:29:17+00:00
卫视 (345源),fjitv93,https://345.lishuhang.com/fjitv93.m3u8,http_error,502,https://345.lishuhang.com/fjitv93.m3u8,text/plain; charset=utf-8,2425.5,60,none,0,0,False,[],[],,2026-08-15T06:29:17+00:00
卫视 (345源),fjitv93,https://345.lishuhang.com/fjitv163.m3u8,http_error,502,https://345.lishuhang.com/fjitv163.m3u8,text/plain; charset=utf-8,2359.1,60,none,0,0,False,[],[],,2026-08-15T06:29:17+00:00
卫视 (345源),fjitv93,https://345.lishuhang.com/hlitv48.m3u8,http_error,502,https://345.lishuhang.com/hlitv48.m3u8,text/plain; charset=utf-8,2431.9,60,none,0,0,False,[],[],,2026-08-15T06:29:18+00:00
卫视 (345源),fjitv93,https://345.lishuhang.com/ipv680.m3u8,http_error,502,https://345.lishuhang.com/ipv680.m3u8,text/plain; charset=utf-8,2407.2,87,none,0,0,False,[],[],,2026-08-15T06:29:18+00:00
卫视 (345源),fjitv93,https://345.lishuhang.com/itv63.m3u8,http_error,502,https://345.lishuhang.com/itv63.m3u8,text/plain; charset=utf-8,3914.2,60,none,0,0,False,[],[],,2026-08-15T06:29:19+00:00
卫视 (345源),fjitv93,https://345.lishuhang.com/migu56.m3u8,http_error,502,https://345.lishuhang.com/migu56.m3u8,text/plain; charset=utf-8,3118.5,60,none,0,0,False,[],[],,2026-08-15T06:29:19+00:00
卫视 (345源),fjitv93,https://345.lishuhang.com/ws27.m3u8,http_error,502,https://345.lishuhang.com/ws27.m3u8,text/plain; charset=utf-8,3418.4,60,none,0,0,False,[],[],,2026-08-15T06:29:19+00:00
卫视 (345源),ws40,https://345.lishuhang.com/ws40.m3u8,http_error,502,https://345.lishuhang.com/ws40.m3u8,text/plain; charset=utf-8,2498.2,60,none,0,0,False,[],[],,2026-08-15T06:29:19+00:00
卫视 (345源),hlitv68,https://345.lishuhang.com/hlitv68.m3u8,http_error,502,https://345.lishuhang.com/hlitv68.m3u8,text/plain; charset=utf-8,2475.5,60,none,0,0,False,[],[],,2026-08-15T06:29:20+00:00
卫视 (345源),hlitv68,https://345.lishuhang.com/ipv663.m3u8,http_error,502,https://345.lishuhang.com/ipv663.m3u8,text/plain; charset=utf-8,2405.2,87,none,0,0,False,[],[],,2026-08-15T06:29:20+00:00
卫视 (345源),hlitv68,https://345.lishuhang.com/itv74.m3u8,http_error,502,https://345.lishuhang.com/itv74.m3u8,text/plain; charset=utf-8,3512.4,60,none,0,0,False,[],[],,2026-08-15T06:29:20+00:00
卫视 (345源),fjitv18,https://345.lishuhang.com/fjitv18.m3u8,http_error,502,https://345.lishuhang.com/fjitv18.m3u8,text/plain; charset=utf-8,2434.5,60,none,0,0,False,[],[],,2026-08-15T06:29:21+00:00
卫视 (345源),fjitv18,https://345.lishuhang.com/fjitv71.m3u8,http_error,502,https://345.lishuhang.com/fjitv71.m3u8,text/plain; charset=utf-8,2382.0,60,none,0,0,False,[],[],,2026-08-15T06:29:22+00:00
卫视 (345源),fjitv18,https://345.lishuhang.com/fjitv144.m3u8,http_error,502,https://345.lishuhang.com/fjitv144.m3u8,text/plain; charset=utf-8,3631.4,60,none,0,0,False,[],[],,2026-08-15T06:29:22+00:00
卫视 (345源),fjitv18,https://345.lishuhang.com/fjitv220.m3u8,http_error,502,https://345.lishuhang.com/fjitv220.m3u8,text/plain; charset=utf-8,2910.0,60,none,0,0,False,[],[],,2026-08-15T06:29:22+00:00
卫视 (345源),fjitv18,https://345.lishuhang.com/hlitv23.m3u8,http_error,502,https://345.lishuhang.com/hlitv23.m3u8,text/plain; charset=utf-8,2783.7,60,none,0,0,False,[],[],,2026-08-15T06:29:22+00:00
卫视 (345源),fjitv18,https://345.lishuhang.com/hlitv65.m3u8,http_error,502,https://345.lishuhang.com/hlitv65.m3u8,text/plain; charset=utf-8,2409.6,60,none,0,0,False,[],[],,2026-08-15T06:29:23+00:00
卫视 (345源),fjitv18,https://345.lishuhang.com/hlitv115.m3u8,http_error,502,https://345.lishuhang.com/hlitv115.m3u8,text/plain; charset=utf-8,2449.1,60,none,0,0,False,[],[],,2026-08-15T06:29:23+00:00
卫视 (345源),fjitv18,https://345.lishuhang.com/hlitv142.m3u8,http_error,502,https://345.lishuhang.com/hlitv142.m3u8,text/plain; charset=utf-8,2992.6,60,none,0,0,False,[],[],,2026-08-15T06:29:23+00:00
卫视 (345源),fjitv18,https://345.lishuhang.com/ipv626.m3u8,http_error,502,https://345.lishuhang.com/ipv626.m3u8,text/plain; charset=utf-8,2868.1,87,none,0,0,False,[],[],,2026-08-15T06:29:23+00:00
卫视 (345源),fjitv18,https://345.lishuhang.com/ipv655.m3u8,http_error,502,https://345.lishuhang.com/ipv655.m3u8,text/plain; charset=utf-8,2400.4,87,none,0,0,False,[],[],,2026-08-15T06:29:24+00:00
卫视 (345源),fjitv18,https://345.lishuhang.com/itv41.m3u8,http_error,502,https://345.lishuhang.com/itv41.m3u8,text/plain; charset=utf-8,3295.7,60,none,0,0,False,[],[],,2026-08-15T06:29:25+00:00
卫视 (345源),fjitv18,https://345.lishuhang.com/migu40.m3u8,http_error,502,https://345.lishuhang.com/migu40.m3u8,text/plain; charset=utf-8,2401.0,60,none,0,0,False,[],[],,2026-08-15T06:29:25+00:00
卫视 (345源),fjitv18,https://345.lishuhang.com/ws5.m3u8,http_error,502,https://345.lishuhang.com/ws5.m3u8,text/plain; charset=utf-8,3381.1,60,none,0,0,False,[],[],,2026-08-15T06:29:25+00:00
卫视 (345源),itv91,https://345.lishuhang.com/itv91.m3u8,http_error,502,https://345.lishuhang.com/itv91.m3u8,text/plain; charset=utf-8,2202.5,60,none,0,0,False,[],[],,2026-08-15T06:29:25+00:00
卫视 (345源),fjitv178,https://345.lishuhang.com/fjitv178.m3u8,http_error,502,https://345.lishuhang.com/fjitv178.m3u8,text/plain; charset=utf-8,2996.2,60,none,0,0,False,[],[],,2026-08-15T06:29:26+00:00
卫视 (345源),ipv686,https://345.lishuhang.com/ipv686.m3u8,http_error,502,https://345.lishuhang.com/ipv686.m3u8,text/plain; charset=utf-8,2713.5,87,none,0,0,False,[],[],,2026-08-15T06:29:26+00:00
卫视 (345源),ipv686,https://345.lishuhang.com/itv184.m3u8,http_error,502,https://345.lishuhang.com/itv184.m3u8,text/plain; charset=utf-8,2952.6,60,none,0,0,False,[],[],,2026-08-15T06:29:26+00:00
卫视 (345源),ipv686,https://345.lishuhang.com/ws38.m3u8,http_error,502,https://345.lishuhang.com/ws38.m3u8,text/plain; charset=utf-8,2436.5,60,none,0,0,False,[],[],,2026-08-15T06:29:27+00:00
卫视 (345源),fjitv86,https://345.lishuhang.com/fjitv86.m3u8,http_error,502,https://345.lishuhang.com/fjitv86.m3u8,text/plain; charset=utf-8,2523.5,60,none,0,0,False,[],[],,2026-08-15T06:29:27+00:00
卫视 (345源),fjitv86,https://345.lishuhang.com/fjitv168.m3u8,http_error,502,https://345.lishuhang.com/fjitv168.m3u8,text/plain; charset=utf-8,2171.7,60,none,0,0,False,[],[],,2026-08-15T06:29:27+00:00
卫视 (345源),fjitv86,https://345.lishuhang.com/hlitv51.m3u8,http_error,502,https://345.lishuhang.com/hlitv51.m3u8,text/plain; charset=utf-8,2542.9,60,none,0,0,False,[],[],,2026-08-15T06:29:28+00:00
卫视 (345源),fjitv86,https://345.lishuhang.com/ipv651.m3u8,http_error,502,https://345.lishuhang.com/ipv651.m3u8,text/plain; charset=utf-8,3073.3,87,none,0,0,False,[],[],,2026-08-15T06:29:28+00:00
卫视 (345源),fjitv86,https://345.lishuhang.com/ipv676.m3u8,http_error,502,https://345.lishuhang.com/ipv676.m3u8,text/plain; charset=utf-8,2417.7,87,none,0,0,False,[],[],,2026-08-15T06:29:29+00:00
卫视 (345源),fjitv86,https://345.lishuhang.com/itv57.m3u8,http_error,502,https://345.lishuhang.com/itv57.m3u8,text/plain; charset=utf-8,3340.9,60,none,0,0,False,[],[],,2026-08-15T06:29:29+00:00
卫视 (345源),fjitv86,https://345.lishuhang.com/migu65.m3u8,http_error,502,https://345.lishuhang.com/migu65.m3u8,text/plain; charset=utf-8,2415.2,60,none,0,0,False,[],[],,2026-08-15T06:29:29+00:00
卫视 (345源),fjitv86,https://345.lishuhang.com/ws21.m3u8,http_error,502,https://345.lishuhang.com/ws21.m3u8,text/plain; charset=utf-8,3813.0,60,none,0,0,False,[],[],,2026-08-15T06:29:29+00:00
卫视 (345源),itv95,https://345.lishuhang.com/itv95.m3u8,http_error,502,https://345.lishuhang.com/itv95.m3u8,text/plain; charset=utf-8,3250.4,60,none,0,0,False,[],[],,2026-08-15T06:29:30+00:00
卫视 (345源),fjitv74,https://345.lishuhang.com/fjitv74.m3u8,http_error,502,https://345.lishuhang.com/fjitv74.m3u8,text/plain; charset=utf-8,2629.2,60,none,0,0,False,[],[],,2026-08-15T06:29:30+00:00
卫视 (345源),fjitv74,https://345.lishuhang.com/fjitv153.m3u8,http_error,502,https://345.lishuhang.com/fjitv153.m3u8,text/plain; charset=utf-8,3265.5,60,none,0,0,False,[],[],,2026-08-15T06:29:31+00:00
卫视 (345源),fjitv74,https://345.lishuhang.com/hlitv35.m3u8,http_error,502,https://345.lishuhang.com/hlitv35.m3u8,text/plain; charset=utf-8,3002.0,60,none,0,0,False,[],[],,2026-08-15T06:29:31+00:00
卫视 (345源),fjitv74,https://345.lishuhang.com/ipv646.m3u8,http_error,502,https://345.lishuhang.com/ipv646.m3u8,text/plain; charset=utf-8,2990.8,87,none,0,0,False,[],[],,2026-08-15T06:29:31+00:00
卫视 (345源),fjitv74,https://345.lishuhang.com/ipv682.m3u8,http_error,502,https://345.lishuhang.com/ipv682.m3u8,text/plain; charset=utf-8,2863.4,87,none,0,0,False,[],[],,2026-08-15T06:29:32+00:00
卫视 (345源),fjitv74,https://345.lishuhang.com/itv53.m3u8,http_error,502,https://345.lishuhang.com/itv53.m3u8,text/plain; charset=utf-8,3395.5,60,none,0,0,False,[],[],,2026-08-15T06:29:32+00:00
卫视 (345源),fjitv74,https://345.lishuhang.com/migu51.m3u8,http_error,502,https://345.lishuhang.com/migu51.m3u8,text/plain; charset=utf-8,2432.3,60,none,0,0,False,[],[],,2026-08-15T06:29:33+00:00
卫视 (345源),fjitv74,https://345.lishuhang.com/ws17.m3u8,http_error,502,https://345.lishuhang.com/ws17.m3u8,text/plain; charset=utf-8,3940.1,60,none,0,0,False,[],[],,2026-08-15T06:29:33+00:00
卫视 (345源),itv72,https://345.lishuhang.com/itv72.m3u8,http_error,502,https://345.lishuhang.com/itv72.m3u8,text/plain; charset=utf-8,2986.6,60,none,0,0,False,[],[],,2026-08-15T06:29:33+00:00
卫视 (345源),itv72,https://345.lishuhang.com/migu49.m3u8,http_error,502,https://345.lishuhang.com/migu49.m3u8,text/plain; charset=utf-8,2226.9,60,none,0,0,False,[],[],,2026-08-15T06:29:34+00:00
卫视 (345源),itv72,https://345.lishuhang.com/ws36.m3u8,http_error,502,https://345.lishuhang.com/ws36.m3u8,text/plain; charset=utf-8,2360.1,60,none,0,0,False,[],[],,2026-08-15T06:29:34+00:00
卫视 (345源),fjitv20,https://345.lishuhang.com/fjitv20.m3u8,http_error,502,https://345.lishuhang.com/fjitv20.m3u8,text/plain; charset=utf-8,2674.9,60,none,0,0,False,[],[],,2026-08-15T06:29:34+00:00
卫视 (345源),fjitv20,https://345.lishuhang.com/fjitv37.m3u8,http_error,502,https://345.lishuhang.com/fjitv37.m3u8,text/plain; charset=utf-8,2754.7,60,none,0,0,False,[],[],,2026-08-15T06:29:35+00:00
卫视 (345源),fjitv20,https://345.lishuhang.com/fjitv148.m3u8,http_error,502,https://345.lishuhang.com/fjitv148.m3u8,text/plain; charset=utf-8,2985.3,60,none,0,0,False,[],[],,2026-08-15T06:29:35+00:00
卫视 (345源),fjitv20,https://345.lishuhang.com/fjitv224.m3u8,http_error,502,https://345.lishuhang.com/fjitv224.m3u8,text/plain; charset=utf-8,2955.8,60,none,0,0,False,[],[],,2026-08-15T06:29:36+00:00
卫视 (345源),fjitv20,https://345.lishuhang.com/hlitv31.m3u8,http_error,502,https://345.lishuhang.com/hlitv31.m3u8,text/plain; charset=utf-8,2476.6,60,none,0,0,False,[],[],,2026-08-15T06:29:36+00:00
卫视 (345源),fjitv20,https://345.lishuhang.com/hlitv62.m3u8,http_error,502,https://345.lishuhang.com/hlitv62.m3u8,text/plain; charset=utf-8,3126.2,60,none,0,0,False,[],[],,2026-08-15T06:29:36+00:00
卫视 (345源),fjitv20,https://345.lishuhang.com/hlitv116.m3u8,http_error,502,https://345.lishuhang.com/hlitv116.m3u8,text/plain; charset=utf-8,2448.7,60,none,0,0,False,[],[],,2026-08-15T06:29:36+00:00
卫视 (345源),fjitv20,https://345.lishuhang.com/hlitv154.m3u8,http_error,502,https://345.lishuhang.com/hlitv154.m3u8,text/plain; charset=utf-8,2364.2,60,none,0,0,False,[],[],,2026-08-15T06:29:37+00:00
卫视 (345源),fjitv20,https://345.lishuhang.com/ipv641.m3u8,http_error,502,https://345.lishuhang.com/ipv641.m3u8,text/plain; charset=utf-8,2403.8,87,none,0,0,False,[],[],,2026-08-15T06:29:37+00:00
卫视 (345源),fjitv20,https://345.lishuhang.com/ipv683.m3u8,http_error,502,https://345.lishuhang.com/ipv683.m3u8,text/plain; charset=utf-8,2919.6,87,none,0,0,False,[],[],,2026-08-15T06:29:37+00:00
卫视 (345源),fjitv20,https://345.lishuhang.com/itv54.m3u8,http_error,502,https://345.lishuhang.com/itv54.m3u8,text/plain; charset=utf-8,3593.3,60,none,0,0,False,[],[],,2026-08-15T06:29:38+00:00
卫视 (345源),fjitv20,https://345.lishuhang.com/migu68.m3u8,http_error,502,https://345.lishuhang.com/migu68.m3u8,text/plain; charset=utf-8,2779.2,60,none,0,0,False,[],[],,2026-08-15T06:29:39+00:00
卫视 (345源),fjitv20,https://345.lishuhang.com/ws18.m3u8,http_error,502,https://345.lishuhang.com/ws18.m3u8,text/plain; charset=utf-8,3362.5,60,none,0,0,False,[],[],,2026-08-15T06:29:39+00:00
卫视 (345源),fjitv83,https://345.lishuhang.com/fjitv83.m3u8,http_error,502,https://345.lishuhang.com/fjitv83.m3u8,text/plain; charset=utf-8,2921.6,60,none,0,0,False,[],[],,2026-08-15T06:29:39+00:00
卫视 (345源),fjitv83,https://345.lishuhang.com/fjitv166.m3u8,http_error,502,https://345.lishuhang.com/fjitv166.m3u8,text/plain; charset=utf-8,2519.7,60,none,0,0,False,[],[],,2026-08-15T06:29:39+00:00
卫视 (345源),fjitv83,https://345.lishuhang.com/hlitv46.m3u8,http_error,502,https://345.lishuhang.com/hlitv46.m3u8,text/plain; charset=utf-8,3020.1,60,none,0,0,False,[],[],,2026-08-15T06:29:39+00:00
卫视 (345源),fjitv83,https://345.lishuhang.com/ipv693.m3u8,http_error,502,https://345.lishuhang.com/ipv693.m3u8,text/plain; charset=utf-8,2352.6,87,none,0,0,False,[],[],,2026-08-15T06:29:40+00:00
卫视 (345源),fjitv83,https://345.lishuhang.com/itv69.m3u8,http_error,502,https://345.lishuhang.com/itv69.m3u8,text/plain; charset=utf-8,3478.0,60,none,0,0,False,[],[],,2026-08-15T06:29:40+00:00
卫视 (345源),fjitv83,https://345.lishuhang.com/migu58.m3u8,http_error,502,https://345.lishuhang.com/migu58.m3u8,text/plain; charset=utf-8,2413.8,60,none,0,0,False,[],[],,2026-08-15T06:29:41+00:00
卫视 (345源),fjitv83,https://345.lishuhang.com/ws33.m3u8,http_error,502,https://345.lishuhang.com/ws33.m3u8,text/plain; charset=utf-8,6564.3,60,none,0,0,False,[],[],,2026-08-15T06:29:42+00:00
卫视 (345源),hlitv73,https://345.lishuhang.com/hlitv73.m3u8,http_error,502,https://345.lishuhang.com/hlitv73.m3u8,text/plain; charset=utf-8,2454.7,60,none,0,0,False,[],[],,2026-08-15T06:29:42+00:00
卫视 (345源),hlitv73,https://345.lishuhang.com/ws39.m3u8,http_error,502,https://345.lishuhang.com/ws39.m3u8,text/plain; charset=utf-8,2488.6,60,none,0,0,False,[],[],,2026-08-15T06:29:42+00:00
卫视 (345源),fjitv13,https://345.lishuhang.com/fjitv13.m3u8,http_error,502,https://345.lishuhang.com/fjitv13.m3u8,text/plain; charset=utf-8,2488.5,60,none,0,0,False,[],[],,2026-08-15T06:29:42+00:00
卫视 (345源),fjitv13,https://345.lishuhang.com/fjitv70.m3u8,http_error,502,https://345.lishuhang.com/fjitv70.m3u8,text/plain; charset=utf-8,2456.6,60,none,0,0,False,[],[],,2026-08-15T06:29:42+00:00
卫视 (345源),fjitv13,https://345.lishuhang.com/fjitv161.m3u8,http_error,502,https://345.lishuhang.com/fjitv161.m3u8,text/plain; charset=utf-8,2990.1,60,none,0,0,False,[],[],,2026-08-15T06:29:42+00:00
卫视 (345源),fjitv13,https://345.lishuhang.com/fjitv226.m3u8,http_error,502,https://345.lishuhang.com/fjitv226.m3u8,text/plain; charset=utf-8,2449.4,60,none,0,0,False,[],[],,2026-08-15T06:29:44+00:00
卫视 (345源),fjitv13,https://345.lishuhang.com/hlitv45.m3u8,http_error,502,https://345.lishuhang.com/hlitv45.m3u8,text/plain; charset=utf-8,2972.5,60,none,0,0,False,[],[],,2026-08-15T06:29:44+00:00
卫视 (345源),fjitv13,https://345.lishuhang.com/hlitv141.m3u8,http_error,502,https://345.lishuhang.com/hlitv141.m3u8,text/plain; charset=utf-8,2931.1,60,none,0,0,False,[],[],,2026-08-15T06:29:44+00:00
卫视 (345源),fjitv13,https://345.lishuhang.com/ipv636.m3u8,http_error,502,https://345.lishuhang.com/ipv636.m3u8,text/plain; charset=utf-8,2396.7,87,none,0,0,False,[],[],,2026-08-15T06:29:44+00:00
卫视 (345源),fjitv13,https://345.lishuhang.com/ipv670.m3u8,http_error,502,https://345.lishuhang.com/ipv670.m3u8,text/plain; charset=utf-8,2389.5,87,none,0,0,False,[],[],,2026-08-15T06:29:44+00:00
卫视 (345源),fjitv13,https://345.lishuhang.com/itv44.m3u8,http_error,502,https://345.lishuhang.com/itv44.m3u8,text/plain; charset=utf-8,3524.6,60,none,0,0,False,[],[],,2026-08-15T06:29:44+00:00
卫视 (345源),fjitv13,https://345.lishuhang.com/migu42.m3u8,http_error,502,https://345.lishuhang.com/migu42.m3u8,text/plain; charset=utf-8,2464.0,60,none,0,0,False,[],[],,2026-08-15T06:29:45+00:00
卫视 (345源),fjitv13,https://345.lishuhang.com/ws8.m3u8,http_error,502,https://345.lishuhang.com/ws8.m3u8,text/plain; charset=utf-8,4136.9,60,none,0,0,False,[],[],,2026-08-15T06:29:46+00:00
卫视 (345源),fjitv22,https://345.lishuhang.com/fjitv22.m3u8,http_error,502,https://345.lishuhang.com/fjitv22.m3u8,text/plain; charset=utf-8,2356.6,60,none,0,0,False,[],[],,2026-08-15T06:29:47+00:00
卫视 (345源),fjitv22,https://345.lishuhang.com/fjitv42.m3u8,http_error,502,https://345.lishuhang.com/fjitv42.m3u8,text/plain; charset=utf-8,3122.8,60,none,0,0,False,[],[],,2026-08-15T06:29:47+00:00
卫视 (345源),fjitv22,https://345.lishuhang.com/hlitv44.m3u8,http_error,502,https://345.lishuhang.com/hlitv44.m3u8,text/plain; charset=utf-8,2502.1,60,none,0,0,False,[],[],,2026-08-15T06:29:47+00:00
卫视 (345源),fjitv22,https://345.lishuhang.com/hlitv64.m3u8,http_error,502,https://345.lishuhang.com/hlitv64.m3u8,text/plain; charset=utf-8,3412.9,60,none,0,0,False,[],[],,2026-08-15T06:29:47+00:00
卫视 (345源),fjitv22,https://345.lishuhang.com/hlitv118.m3u8,http_error,502,https://345.lishuhang.com/hlitv118.m3u8,text/plain; charset=utf-8,2471.7,60,none,0,0,False,[],[],,2026-08-15T06:29:48+00:00
卫视 (345源),fjitv22,https://345.lishuhang.com/hlitv151.m3u8,http_error,502,https://345.lishuhang.com/hlitv151.m3u8,text/plain; charset=utf-8,2496.6,60,none,0,0,False,[],[],,2026-08-15T06:29:48+00:00
卫视 (345源),fjitv22,https://345.lishuhang.com/ipv643.m3u8,http_error,502,https://345.lishuhang.com/ipv643.m3u8,text/plain; charset=utf-8,2513.6,87,none,0,0,False,[],[],,2026-08-15T06:29:48+00:00
卫视 (345源),fjitv22,https://345.lishuhang.com/ipv672.m3u8,http_error,502,https://345.lishuhang.com/ipv672.m3u8,text/plain; charset=utf-8,2358.8,87,none,0,0,False,[],[],,2026-08-15T06:29:49+00:00
卫视 (345源),fjitv22,https://345.lishuhang.com/itv52.m3u8,http_error,502,https://345.lishuhang.com/itv52.m3u8,text/plain; charset=utf-8,3170.2,60,none,0,0,False,[],[],,2026-08-15T06:29:49+00:00
卫视 (345源),fjitv22,https://345.lishuhang.com/migu53.m3u8,http_error,502,https://345.lishuhang.com/migu53.m3u8,text/plain; charset=utf-8,2876.5,60,none,0,0,False,[],[],,2026-08-15T06:29:50+00:00
卫视 (345源),fjitv22,https://345.lishuhang.com/ws16.m3u8,http_error,502,https://345.lishuhang.com/ws16.m3u8,text/plain; charset=utf-8,3453.5,60,none,0,0,False,[],[],,2026-08-15T06:29:50+00:00
卫视 (345源),hlitv69,https://345.lishuhang.com/hlitv69.m3u8,http_error,502,https://345.lishuhang.com/hlitv69.m3u8,text/plain; charset=utf-8,2404.6,60,none,0,0,False,[],[],,2026-08-15T06:29:50+00:00
卫视 (345源),fjitv78,https://345.lishuhang.com/fjitv78.m3u8,http_error,502,https://345.lishuhang.com/fjitv78.m3u8,text/plain; charset=utf-8,2449.5,60,none,0,0,False,[],[],,2026-08-15T06:29:50+00:00
卫视 (345源),fjitv78,https://345.lishuhang.com/fjitv157.m3u8,http_error,502,https://345.lishuhang.com/fjitv157.m3u8,text/plain; charset=utf-8,2390.2,60,none,0,0,False,[],[],,2026-08-15T06:29:51+00:00
卫视 (345源),fjitv78,https://345.lishuhang.com/hlitv38.m3u8,http_error,502,https://345.lishuhang.com/hlitv38.m3u8,text/plain; charset=utf-8,2339.6,60,none,0,0,False,[],[],,2026-08-15T06:29:51+00:00
卫视 (345源),fjitv78,https://345.lishuhang.com/ipv684.m3u8,http_error,502,https://345.lishuhang.com/ipv684.m3u8,text/plain; charset=utf-8,2415.4,87,none,0,0,False,[],[],,2026-08-15T06:29:51+00:00
卫视 (345源),fjitv78,https://345.lishuhang.com/itv64.m3u8,http_error,502,https://345.lishuhang.com/itv64.m3u8,text/plain; charset=utf-8,3259.2,60,none,0,0,False,[],[],,2026-08-15T06:29:52+00:00
卫视 (345源),fjitv78,https://345.lishuhang.com/migu67.m3u8,http_error,502,https://345.lishuhang.com/migu67.m3u8,text/plain; charset=utf-8,2404.4,60,none,0,0,False,[],[],,2026-08-15T06:29:53+00:00
卫视 (345源),fjitv78,https://345.lishuhang.com/ws28.m3u8,http_error,502,https://345.lishuhang.com/ws28.m3u8,text/plain; charset=utf-8,3253.5,60,none,0,0,False,[],[],,2026-08-15T06:29:53+00:00
卫视 (345源),fjitv21,https://345.lishuhang.com/fjitv21.m3u8,http_error,502,https://345.lishuhang.com/fjitv21.m3u8,text/plain; charset=utf-8,2560.5,60,none,0,0,False,[],[],,2026-08-15T06:29:53+00:00
卫视 (345源),fjitv21,https://345.lishuhang.com/fjitv44.m3u8,http_error,502,https://345.lishuhang.com/fjitv44.m3u8,text/plain; charset=utf-8,2731.4,60,none,0,0,False,[],[],,2026-08-15T06:29:53+00:00
卫视 (345源),fjitv21,https://345.lishuhang.com/fjitv142.m3u8,http_error,502,https://345.lishuhang.com/fjitv142.m3u8,text/plain; charset=utf-8,2400.5,60,none,0,0,False,[],[],,2026-08-15T06:29:53+00:00
卫视 (345源),fjitv21,https://345.lishuhang.com/fjitv225.m3u8,http_error,502,https://345.lishuhang.com/fjitv225.m3u8,text/plain; charset=utf-8,2947.3,60,none,0,0,False,[],[],,2026-08-15T06:29:54+00:00
卫视 (345源),fjitv21,https://345.lishuhang.com/hlitv25.m3u8,http_error,502,https://345.lishuhang.com/hlitv25.m3u8,text/plain; charset=utf-8,2357.4,60,none,0,0,False,[],[],,2026-08-15T06:29:54+00:00
卫视 (345源),fjitv21,https://345.lishuhang.com/hlitv55.m3u8,http_error,502,https://345.lishuhang.com/hlitv55.m3u8,text/plain; charset=utf-8,2393.8,60,none,0,0,False,[],[],,2026-08-15T06:29:55+00:00
卫视 (345源),fjitv21,https://345.lishuhang.com/hlitv113.m3u8,http_error,502,https://345.lishuhang.com/hlitv113.m3u8,text/plain; charset=utf-8,2386.4,60,none,0,0,False,[],[],,2026-08-15T06:29:55+00:00
卫视 (345源),fjitv21,https://345.lishuhang.com/hlitv150.m3u8,http_error,502,https://345.lishuhang.com/hlitv150.m3u8,text/plain; charset=utf-8,2436.2,60,none,0,0,False,[],[],,2026-08-15T06:29:55+00:00
卫视 (345源),fjitv21,https://345.lishuhang.com/ipv640.m3u8,http_error,502,https://345.lishuhang.com/ipv640.m3u8,text/plain; charset=utf-8,3242.9,87,none,0,0,False,[],[],,2026-08-15T06:29:56+00:00
卫视 (345源),fjitv21,https://345.lishuhang.com/ipv671.m3u8,http_error,502,https://345.lishuhang.com/ipv671.m3u8,text/plain; charset=utf-8,2420.6,87,none,0,0,False,[],[],,2026-08-15T06:29:56+00:00
卫视 (345源),fjitv21,https://345.lishuhang.com/itv43.m3u8,http_error,502,https://345.lishuhang.com/itv43.m3u8,text/plain; charset=utf-8,3750.3,60,none,0,0,False,[],[],,2026-08-15T06:29:56+00:00
卫视 (345源),fjitv21,https://345.lishuhang.com/migu47.m3u8,http_error,502,https://345.lishuhang.com/migu47.m3u8,text/plain; charset=utf-8,2662.3,60,none,0,0,False,[],[],,2026-08-15T06:29:56+00:00
卫视 (345源),fjitv21,https://345.lishuhang.com/ws7.m3u8,http_error,502,https://345.lishuhang.com/ws7.m3u8,text/plain; charset=utf-8,3941.2,60,none,0,0,False,[],[],,2026-08-15T06:29:57+00:00
卫视 (345源),fjitv75,https://345.lishuhang.com/fjitv75.m3u8,http_error,502,https://345.lishuhang.com/fjitv75.m3u8,text/plain; charset=utf-8,2402.2,60,none,0,0,False,[],[],,2026-08-15T06:29:58+00:00
卫视 (345源),fjitv75,https://345.lishuhang.com/fjitv154.m3u8,http_error,502,https://345.lishuhang.com/fjitv154.m3u8,text/plain; charset=utf-8,2938.4,60,none,0,0,False,[],[],,2026-08-15T06:29:58+00:00
卫视 (345源),fjitv75,https://345.lishuhang.com/hlitv36.m3u8,http_error,502,https://345.lishuhang.com/hlitv36.m3u8,text/plain; charset=utf-8,3119.0,60,none,0,0,False,[],[],,2026-08-15T06:29:58+00:00
卫视 (345源),fjitv75,https://345.lishuhang.com/ipv650.m3u8,http_error,502,https://345.lishuhang.com/ipv650.m3u8,text/plain; charset=utf-8,2501.5,87,none,0,0,False,[],[],,2026-08-15T06:29:58+00:00
卫视 (345源),fjitv75,https://345.lishuhang.com/ipv677.m3u8,http_error,502,https://345.lishuhang.com/ipv677.m3u8,text/plain; charset=utf-8,3202.4,87,none,0,0,False,[],[],,2026-08-15T06:29:59+00:00
卫视 (345源),fjitv75,https://345.lishuhang.com/itv58.m3u8,http_error,502,https://345.lishuhang.com/itv58.m3u8,text/plain; charset=utf-8,4045.1,60,none,0,0,False,[],[],,2026-08-15T06:29:59+00:00
卫视 (345源),fjitv75,https://345.lishuhang.com/migu50.m3u8,http_error,502,https://345.lishuhang.com/migu50.m3u8,text/plain; charset=utf-8,2444.5,60,none,0,0,False,[],[],,2026-08-15T06:30:00+00:00
卫视 (345源),fjitv75,https://345.lishuhang.com/ws22.m3u8,http_error,502,https://345.lishuhang.com/ws22.m3u8,text/plain; charset=utf-8,3727.5,60,none,0,0,False,[],[],,2026-08-15T06:30:00+00:00
卫视 (345源),fjitv91,https://345.lishuhang.com/fjitv91.m3u8,http_error,502,https://345.lishuhang.com/fjitv91.m3u8,text/plain; charset=utf-8,2378.0,60,none,0,0,False,[],[],,2026-08-15T06:30:01+00:00
卫视 (345源),fjitv91,https://345.lishuhang.com/fjitv173.m3u8,http_error,502,https://345.lishuhang.com/fjitv173.m3u8,text/plain; charset=utf-8,2931.4,60,none,0,0,False,[],[],,2026-08-15T06:30:01+00:00
卫视 (345源),fjitv91,https://345.lishuhang.com/hlitv74.m3u8,http_error,502,https://345.lishuhang.com/hlitv74.m3u8,text/plain; charset=utf-8,2961.0,60,none,0,0,False,[],[],,2026-08-15T06:30:01+00:00
卫视 (345源),fjitv91,https://345.lishuhang.com/itv71.m3u8,http_error,502,https://345.lishuhang.com/itv71.m3u8,text/plain; charset=utf-8,3454.0,60,none,0,0,False,[],[],,2026-08-15T06:30:01+00:00
卫视 (345源),fjitv91,https://345.lishuhang.com/ws35.m3u8,http_error,502,https://345.lishuhang.com/ws35.m3u8,text/plain; charset=utf-8,3257.5,60,none,0,0,False,[],[],,2026-08-15T06:30:02+00:00
卫视 (345源),ipv697,https://345.lishuhang.com/ipv697.m3u8,http_error,502,https://345.lishuhang.com/ipv697.m3u8,text/plain; charset=utf-8,3016.3,87,none,0,0,False,[],[],,2026-08-15T06:30:02+00:00
卫视 (345源),ipv697,https://345.lishuhang.com/itv70.m3u8,http_error,502,https://345.lishuhang.com/itv70.m3u8,text/plain; charset=utf-8,3356.6,60,none,0,0,False,[],[],,2026-08-15T06:30:03+00:00
卫视 (345源),ipv697,https://345.lishuhang.com/ws34.m3u8,http_error,502,https://345.lishuhang.com/ws34.m3u8,text/plain; charset=utf-8,3376.5,60,none,0,0,False,[],[],,2026-08-15T06:30:03+00:00
卫视 (345源),fjitv87,https://345.lishuhang.com/fjitv87.m3u8,http_error,502,https://345.lishuhang.com/fjitv87.m3u8,text/plain; charset=utf-8,2423.2,60,none,0,0,False,[],[],,2026-08-15T06:30:04+00:00
卫视 (345源),fjitv87,https://345.lishuhang.com/fjitv169.m3u8,http_error,502,https://345.lishuhang.com/fjitv169.m3u8,text/plain; charset=utf-8,2496.3,60,none,0,0,False,[],[],,2026-08-15T06:30:04+00:00
卫视 (345源),fjitv87,https://345.lishuhang.com/hlitv49.m3u8,http_error,502,https://345.lishuhang.com/hlitv49.m3u8,text/plain; charset=utf-8,3436.3,60,none,0,0,False,[],[],,2026-08-15T06:30:04+00:00
卫视 (345源),fjitv87,https://345.lishuhang.com/ipv687.m3u8,http_error,502,https://345.lishuhang.com/ipv687.m3u8,text/plain; charset=utf-8,2444.7,87,none,0,0,False,[],[],,2026-08-15T06:30:04+00:00
卫视 (345源),fjitv87,https://345.lishuhang.com/itv67.m3u8,http_error,502,https://345.lishuhang.com/itv67.m3u8,text/plain; charset=utf-8,3351.4,60,none,0,0,False,[],[],,2026-08-15T06:30:05+00:00
卫视 (345源),fjitv87,https://345.lishuhang.com/migu55.m3u8,http_error,502,https://345.lishuhang.com/migu55.m3u8,text/plain; charset=utf-8,2864.3,60,none,0,0,False,[],[],,2026-08-15T06:30:05+00:00
卫视 (345源),fjitv87,https://345.lishuhang.com/ws31.m3u8,http_error,502,https://345.lishuhang.com/ws31.m3u8,text/plain; charset=utf-8,3358.3,60,none,0,0,False,[],[],,2026-08-15T06:30:06+00:00
卫视 (345源),fjitv90,https://345.lishuhang.com/fjitv90.m3u8,http_error,502,https://345.lishuhang.com/fjitv90.m3u8,text/plain; charset=utf-8,2922.7,60,none,0,0,False,[],[],,2026-08-15T06:30:06+00:00
卫视 (345源),fjitv90,https://345.lishuhang.com/fjitv172.m3u8,http_error,502,https://345.lishuhang.com/fjitv172.m3u8,text/plain; charset=utf-8,3572.7,60,none,0,0,False,[],[],,2026-08-15T06:30:06+00:00
卫视 (345源),fjitv90,https://345.lishuhang.com/hlitv53.m3u8,http_error,502,https://345.lishuhang.com/hlitv53.m3u8,text/plain; charset=utf-8,2376.5,60,none,0,0,False,[],[],,2026-08-15T06:30:06+00:00
卫视 (345源),fjitv14,https://345.lishuhang.com/fjitv14.m3u8,http_error,502,https://345.lishuhang.com/fjitv14.m3u8,text/plain; charset=utf-8,2452.7,60,none,0,0,False,[],[],,2026-08-15T06:30:07+00:00
卫视 (345源),fjitv14,https://345.lishuhang.com/fjitv43.m3u8,http_error,502,https://345.lishuhang.com/fjitv43.m3u8,text/plain; charset=utf-8,2438.7,60,none,0,0,False,[],[],,2026-08-15T06:30:07+00:00
卫视 (345源),fjitv14,https://345.lishuhang.com/fjitv164.m3u8,http_error,502,https://345.lishuhang.com/fjitv164.m3u8,text/plain; charset=utf-8,2392.9,60,none,0,0,False,[],[],,2026-08-15T06:30:08+00:00
卫视 (345源),fjitv14,https://345.lishuhang.com/fjitv213.m3u8,http_error,502,https://345.lishuhang.com/fjitv213.m3u8,text/plain; charset=utf-8,2452.2,60,none,0,0,False,[],[],,2026-08-15T06:30:09+00:00
卫视 (345源),fjitv14,https://345.lishuhang.com/hlitv27.m3u8,http_error,502,https://345.lishuhang.com/hlitv27.m3u8,text/plain; charset=utf-8,2423.1,60,none,0,0,False,[],[],,2026-08-15T06:30:09+00:00
卫视 (345源),fjitv14,https://345.lishuhang.com/hlitv58.m3u8,http_error,502,https://345.lishuhang.com/hlitv58.m3u8,text/plain; charset=utf-8,2430.6,60,none,0,0,False,[],[],,2026-08-15T06:30:09+00:00
卫视 (345源),fjitv14,https://345.lishuhang.com/hlitv112.m3u8,http_error,502,https://345.lishuhang.com/hlitv112.m3u8,text/plain; charset=utf-8,2482.4,60,none,0,0,False,[],[],,2026-08-15T06:30:09+00:00
卫视 (345源),fjitv14,https://345.lishuhang.com/ipv634.m3u8,http_error,502,https://345.lishuhang.com/ipv634.m3u8,text/plain; charset=utf-8,3451.4,87,none,0,0,False,[],[],,2026-08-15T06:30:09+00:00
卫视 (345源),fjitv14,https://345.lishuhang.com/ipv667.m3u8,http_error,502,https://345.lishuhang.com/ipv667.m3u8,text/plain; charset=utf-8,2966.2,87,none,0,0,False,[],[],,2026-08-15T06:30:10+00:00
卫视 (345源),fjitv14,https://345.lishuhang.com/itv38.m3u8,http_error,502,https://345.lishuhang.com/itv38.m3u8,text/plain; charset=utf-8,3254.1,60,none,0,0,False,[],[],,2026-08-15T06:30:10+00:00
卫视 (345源),fjitv14,https://345.lishuhang.com/migu46.m3u8,http_error,502,https://345.lishuhang.com/migu46.m3u8,text/plain; charset=utf-8,2497.9,60,none,0,0,False,[],[],,2026-08-15T06:30:11+00:00
卫视 (345源),fjitv14,https://345.lishuhang.com/ws2.m3u8,http_error,502,https://345.lishuhang.com/ws2.m3u8,text/plain; charset=utf-8,3830.7,60,none,0,0,False,[],[],,2026-08-15T06:30:11+00:00
卫视 (345源),fjitv40,https://345.lishuhang.com/fjitv40.m3u8,http_error,502,https://345.lishuhang.com/fjitv40.m3u8,text/plain; charset=utf-8,2417.9,60,none,0,0,False,[],[],,2026-08-15T06:30:11+00:00
卫视 (345源),fjitv40,https://345.lishuhang.com/fjitv41.m3u8,http_error,502,https://345.lishuhang.com/fjitv41.m3u8,text/plain; charset=utf-8,2443.8,60,none,0,0,False,[],[],,2026-08-15T06:30:12+00:00
卫视 (345源),fjitv40,https://345.lishuhang.com/fjitv152.m3u8,http_error,502,https://345.lishuhang.com/fjitv152.m3u8,text/plain; charset=utf-8,2940.8,60,none,0,0,False,[],[],,2026-08-15T06:30:12+00:00
卫视 (345源),fjitv40,https://345.lishuhang.com/fjitv175.m3u8,http_error,502,https://345.lishuhang.com/fjitv175.m3u8,text/plain; charset=utf-8,2508.0,60,none,0,0,False,[],[],,2026-08-15T06:30:13+00:00
卫视 (345源),fjitv40,https://345.lishuhang.com/hlitv29.m3u8,http_error,502,https://345.lishuhang.com/hlitv29.m3u8,text/plain; charset=utf-8,2441.3,60,none,0,0,False,[],[],,2026-08-15T06:30:13+00:00
卫视 (345源),fjitv40,https://345.lishuhang.com/hlitv56.m3u8,http_error,502,https://345.lishuhang.com/hlitv56.m3u8,text/plain; charset=utf-8,2875.6,60,none,0,0,False,[],[],,2026-08-15T06:30:13+00:00
卫视 (345源),fjitv40,https://345.lishuhang.com/ipv648.m3u8,http_error,502,https://345.lishuhang.com/ipv648.m3u8,text/plain; charset=utf-8,2934.3,87,none,0,0,False,[],[],,2026-08-15T06:30:13+00:00
卫视 (345源),fjitv40,https://345.lishuhang.com/ipv690.m3u8,http_error,502,https://345.lishuhang.com/ipv690.m3u8,text/plain; charset=utf-8,3052.3,87,none,0,0,False,[],[],,2026-08-15T06:30:14+00:00
卫视 (345源),fjitv40,https://345.lishuhang.com/itv49.m3u8,http_error,502,https://345.lishuhang.com/itv49.m3u8,text/plain; charset=utf-8,3900.5,60,none,0,0,False,[],[],,2026-08-15T06:30:14+00:00
卫视 (345源),fjitv40,https://345.lishuhang.com/migu63.m3u8,http_error,502,https://345.lishuhang.com/migu63.m3u8,text/plain; charset=utf-8,2418.3,60,none,0,0,False,[],[],,2026-08-15T06:30:15+00:00
卫视 (345源),fjitv40,https://345.lishuhang.com/ws13.m3u8,http_error,502,https://345.lishuhang.com/ws13.m3u8,text/plain; charset=utf-8,3966.1,60,none,0,0,False,[],[],,2026-08-15T06:30:15+00:00
卫视 (345源),fjitv155,https://345.lishuhang.com/fjitv155.m3u8,http_error,502,https://345.lishuhang.com/fjitv155.m3u8,text/plain; charset=utf-8,2429.5,60,none,0,0,False,[],[],,2026-08-15T06:30:15+00:00
卫视 (345源),fjitv155,https://345.lishuhang.com/hlitv37.m3u8,http_error,502,https://345.lishuhang.com/hlitv37.m3u8,text/plain; charset=utf-8,2403.6,60,none,0,0,False,[],[],,2026-08-15T06:30:15+00:00
卫视 (345源),fjitv155,https://345.lishuhang.com/ipv647.m3u8,http_error,502,https://345.lishuhang.com/ipv647.m3u8,text/plain; charset=utf-8,2374.5,87,none,0,0,False,[],[],,2026-08-15T06:30:16+00:00
卫视 (345源),fjitv155,https://345.lishuhang.com/ipv678.m3u8,http_error,502,https://345.lishuhang.com/ipv678.m3u8,text/plain; charset=utf-8,2476.8,87,none,0,0,False,[],[],,2026-08-15T06:30:16+00:00
卫视 (345源),fjitv155,https://345.lishuhang.com/itv46.m3u8,http_error,502,https://345.lishuhang.com/itv46.m3u8,text/plain; charset=utf-8,3410.9,60,none,0,0,False,[],[],,2026-08-15T06:30:17+00:00
卫视 (345源),fjitv155,https://345.lishuhang.com/migu69.m3u8,http_error,502,https://345.lishuhang.com/migu69.m3u8,text/plain; charset=utf-8,2255.1,60,none,0,0,False,[],[],,2026-08-15T06:30:17+00:00
卫视 (345源),fjitv155,https://345.lishuhang.com/ws10.m3u8,http_error,502,https://345.lishuhang.com/ws10.m3u8,text/plain; charset=utf-8,3257.5,60,none,0,0,False,[],[],,2026-08-15T06:30:18+00:00
卫视 (345源),fjitv80,https://345.lishuhang.com/fjitv80.m3u8,http_error,502,https://345.lishuhang.com/fjitv80.m3u8,text/plain; charset=utf-8,3255.4,60,none,0,0,False,[],[],,2026-08-15T06:30:18+00:00
卫视 (345源),fjitv80,https://345.lishuhang.com/fjitv160.m3u8,http_error,502,https://345.lishuhang.com/fjitv160.m3u8,text/plain; charset=utf-8,2401.1,60,none,0,0,False,[],[],,2026-08-15T06:30:18+00:00
卫视 (345源),fjitv80,https://345.lishuhang.com/fjitv201.m3u8,http_error,502,https://345.lishuhang.com/fjitv201.m3u8,text/plain; charset=utf-8,2407.0,60,none,0,0,False,[],[],,2026-08-15T06:30:18+00:00
卫视 (345源),fjitv80,https://345.lishuhang.com/ipv649.m3u8,http_error,502,https://345.lishuhang.com/ipv649.m3u8,text/plain; charset=utf-8,2616.5,87,none,0,0,False,[],[],,2026-08-15T06:30:19+00:00
卫视 (345源),fjitv80,https://345.lishuhang.com/ipv674.m3u8,http_error,502,https://345.lishuhang.com/ipv674.m3u8,text/plain; charset=utf-8,2599.6,87,none,0,0,False,[],[],,2026-08-15T06:30:19+00:00
卫视 (345源),fjitv80,https://345.lishuhang.com/itv59.m3u8,http_error,502,https://345.lishuhang.com/itv59.m3u8,text/plain; charset=utf-8,3293.0,60,none,0,0,False,[],[],,2026-08-15T06:30:19+00:00
卫视 (345源),fjitv80,https://345.lishuhang.com/migu52.m3u8,http_error,502,https://345.lishuhang.com/migu52.m3u8,text/plain; charset=utf-8,2931.8,60,none,0,0,False,[],[],,2026-08-15T06:30:20+00:00
卫视 (345源),fjitv80,https://345.lishuhang.com/ws23.m3u8,http_error,502,https://345.lishuhang.com/ws23.m3u8,text/plain; charset=utf-8,2658.9,60,none,0,0,False,[],[],,2026-08-15T06:30:20+00:00
卫视 (345源),fjitv15,https://345.lishuhang.com/fjitv15.m3u8,http_error,502,https://345.lishuhang.com/fjitv15.m3u8,text/plain; charset=utf-8,2376.6,60,none,0,0,False,[],[],,2026-08-15T06:30:21+00:00
卫视 (345源),fjitv15,https://345.lishuhang.com/fjitv36.m3u8,http_error,502,https://345.lishuhang.com/fjitv36.m3u8,text/plain; charset=utf-8,2944.9,60,none,0,0,False,[],[],,2026-08-15T06:30:21+00:00
卫视 (345源),fjitv15,https://345.lishuhang.com/fjitv143.m3u8,http_error,502,https://345.lishuhang.com/fjitv143.m3u8,text/plain; charset=utf-8,2398.2,60,none,0,0,False,[],[],,2026-08-15T06:30:21+00:00
卫视 (345源),fjitv15,https://345.lishuhang.com/fjitv217.m3u8,http_error,502,https://345.lishuhang.com/fjitv217.m3u8,text/plain; charset=utf-8,2399.8,60,none,0,0,False,[],[],,2026-08-15T06:30:21+00:00
卫视 (345源),fjitv15,https://345.lishuhang.com/hlitv26.m3u8,http_error,502,https://345.lishuhang.com/hlitv26.m3u8,text/plain; charset=utf-8,2741.2,60,none,0,0,False,[],[],,2026-08-15T06:30:21+00:00
卫视 (345源),fjitv15,https://345.lishuhang.com/hlitv57.m3u8,http_error,502,https://345.lishuhang.com/hlitv57.m3u8,text/plain; charset=utf-8,2433.7,60,none,0,0,False,[],[],,2026-08-15T06:30:23+00:00
卫视 (345源),fjitv15,https://345.lishuhang.com/hlitv111.m3u8,http_error,502,https://345.lishuhang.com/hlitv111.m3u8,text/plain; charset=utf-8,3020.4,60,none,0,0,False,[],[],,2026-08-15T06:30:23+00:00
卫视 (345源),fjitv15,https://345.lishuhang.com/ipv633.m3u8,http_error,502,https://345.lishuhang.com/ipv633.m3u8,text/plain; charset=utf-8,3000.2,87,none,0,0,False,[],[],,2026-08-15T06:30:23+00:00
卫视 (345源),fjitv15,https://345.lishuhang.com/ipv665.m3u8,http_error,502,https://345.lishuhang.com/ipv665.m3u8,text/plain; charset=utf-8,2415.2,87,none,0,0,False,[],[],,2026-08-15T06:30:23+00:00
卫视 (345源),fjitv15,https://345.lishuhang.com/itv39.m3u8,http_error,502,https://345.lishuhang.com/itv39.m3u8,text/plain; charset=utf-8,3895.4,60,none,0,0,False,[],[],,2026-08-15T06:30:23+00:00
卫视 (345源),fjitv15,https://345.lishuhang.com/migu39.m3u8,http_error,502,https://345.lishuhang.com/migu39.m3u8,text/plain; charset=utf-8,2481.7,60,none,0,0,False,[],[],,2026-08-15T06:30:24+00:00
卫视 (345源),fjitv15,https://345.lishuhang.com/ws3.m3u8,http_error,502,https://345.lishuhang.com/ws3.m3u8,text/plain; charset=utf-8,3632.5,60,none,0,0,False,[],[],,2026-08-15T06:30:24+00:00
卫视 (345源),ipv652,https://345.lishuhang.com/ipv652.m3u8,http_error,502,https://345.lishuhang.com/ipv652.m3u8,text/plain; charset=utf-8,2440.6,87,none,0,0,False,[],[],,2026-08-15T06:30:24+00:00
卫视 (345源),ipv652,https://345.lishuhang.com/ipv699.m3u8,http_error,502,https://345.lishuhang.com/ipv699.m3u8,text/plain; charset=utf-8,2388.9,87,none,0,0,False,[],[],,2026-08-15T06:30:25+00:00
卫视 (345源),ipv652,https://345.lishuhang.com/itv51.m3u8,http_error,502,https://345.lishuhang.com/itv51.m3u8,text/plain; charset=utf-8,3154.3,60,none,0,0,False,[],[],,2026-08-15T06:30:26+00:00
卫视 (345源),ipv652,https://345.lishuhang.com/migu57.m3u8,http_error,502,https://345.lishuhang.com/migu57.m3u8,text/plain; charset=utf-8,2428.7,60,none,0,0,False,[],[],,2026-08-15T06:30:26+00:00
卫视 (345源),ipv652,https://345.lishuhang.com/ws15.m3u8,http_error,502,https://345.lishuhang.com/ws15.m3u8,text/plain; charset=utf-8,3594.7,60,none,0,0,False,[],[],,2026-08-15T06:30:26+00:00
卫视 (345源),fjitv33,https://345.lishuhang.com/fjitv33.m3u8,http_error,502,https://345.lishuhang.com/fjitv33.m3u8,text/plain; charset=utf-8,2421.0,60,none,0,0,False,[],[],,2026-08-15T06:30:26+00:00
卫视 (345源),fjitv33,https://345.lishuhang.com/fjitv82.m3u8,http_error,502,https://345.lishuhang.com/fjitv82.m3u8,text/plain; charset=utf-8,2547.5,60,none,0,0,False,[],[],,2026-08-15T06:30:27+00:00
卫视 (345源),fjitv33,https://345.lishuhang.com/fjitv165.m3u8,http_error,502,https://345.lishuhang.com/fjitv165.m3u8,text/plain; charset=utf-8,2777.1,60,none,0,0,False,[],[],,2026-08-15T06:30:27+00:00
卫视 (345源),fjitv33,https://345.lishuhang.com/fjitv221.m3u8,http_error,502,https://345.lishuhang.com/fjitv221.m3u8,text/plain; charset=utf-8,2407.8,60,none,0,0,False,[],[],,2026-08-15T06:30:27+00:00
卫视 (345源),fjitv33,https://345.lishuhang.com/hlitv28.m3u8,http_error,502,https://345.lishuhang.com/hlitv28.m3u8,text/plain; charset=utf-8,2400.1,60,none,0,0,False,[],[],,2026-08-15T06:30:28+00:00
卫视 (345源),fjitv33,https://345.lishuhang.com/hlitv59.m3u8,http_error,502,https://345.lishuhang.com/hlitv59.m3u8,text/plain; charset=utf-8,2674.6,60,none,0,0,False,[],[],,2026-08-15T06:30:28+00:00
卫视 (345源),fjitv33,https://345.lishuhang.com/hlitv117.m3u8,http_error,502,https://345.lishuhang.com/hlitv117.m3u8,text/plain; charset=utf-8,3386.3,60,none,0,0,False,[],[],,2026-08-15T06:30:29+00:00
卫视 (345源),fjitv33,https://345.lishuhang.com/hlitv153.m3u8,http_error,502,https://345.lishuhang.com/hlitv153.m3u8,text/plain; charset=utf-8,3250.7,60,none,0,0,False,[],[],,2026-08-15T06:30:29+00:00
卫视 (345源),fjitv33,https://345.lishuhang.com/ipv639.m3u8,http_error,502,https://345.lishuhang.com/ipv639.m3u8,text/plain; charset=utf-8,3207.9,87,none,0,0,False,[],[],,2026-08-15T06:30:29+00:00
卫视 (345源),fjitv33,https://345.lishuhang.com/ipv673.m3u8,http_error,502,https://345.lishuhang.com/ipv673.m3u8,text/plain; charset=utf-8,2719.4,87,none,0,0,False,[],[],,2026-08-15T06:30:30+00:00
卫视 (345源),fjitv33,https://345.lishuhang.com/itv42.m3u8,http_error,502,https://345.lishuhang.com/itv42.m3u8,text/plain; charset=utf-8,4187.3,60,none,0,0,False,[],[],,2026-08-15T06:30:30+00:00
卫视 (345源),fjitv33,https://345.lishuhang.com/migu48.m3u8,http_error,502,https://345.lishuhang.com/migu48.m3u8,text/plain; charset=utf-8,3232.2,60,none,0,0,False,[],[],,2026-08-15T06:30:30+00:00
卫视 (345源),fjitv33,https://345.lishuhang.com/ws6.m3u8,http_error,502,https://345.lishuhang.com/ws6.m3u8,text/plain; charset=utf-8,4792.4,60,none,0,0,False,[],[],,2026-08-15T06:30:30+00:00
卫视 (345源),fjitv34,https://345.lishuhang.com/fjitv34.m3u8,http_error,502,https://345.lishuhang.com/fjitv34.m3u8,text/plain; charset=utf-8,2443.2,60,none,0,0,False,[],[],,2026-08-15T06:30:31+00:00
卫视 (345源),fjitv34,https://345.lishuhang.com/fjitv35.m3u8,http_error,502,https://345.lishuhang.com/fjitv35.m3u8,text/plain; charset=utf-8,2935.5,60,none,0,0,False,[],[],,2026-08-15T06:30:32+00:00
卫视 (345源),fjitv34,https://345.lishuhang.com/fjitv76.m3u8,http_error,502,https://345.lishuhang.com/fjitv76.m3u8,text/plain; charset=utf-8,2506.5,60,none,0,0,False,[],[],,2026-08-15T06:30:32+00:00
卫视 (345源),fjitv34,https://345.lishuhang.com/fjitv158.m3u8,http_error,502,https://345.lishuhang.com/fjitv158.m3u8,text/plain; charset=utf-8,2943.1,60,none,0,0,False,[],[],,2026-08-15T06:30:32+00:00
卫视 (345源),fjitv34,https://345.lishuhang.com/fjitv228.m3u8,http_error,502,https://345.lishuhang.com/fjitv228.m3u8,text/plain; charset=utf-8,2932.2,60,none,0,0,False,[],[],,2026-08-15T06:30:32+00:00
卫视 (345源),fjitv34,https://345.lishuhang.com/fjitv301.m3u8,http_error,502,https://345.lishuhang.com/fjitv301.m3u8,text/plain; charset=utf-8,2936.3,60,none,0,0,False,[],[],,2026-08-15T06:30:33+00:00
卫视 (345源),fjitv34,https://345.lishuhang.com/hlitv41.m3u8,http_error,502,https://345.lishuhang.com/hlitv41.m3u8,text/plain; charset=utf-8,2943.8,60,none,0,0,False,[],[],,2026-08-15T06:30:34+00:00
卫视 (345源),fjitv34,https://345.lishuhang.com/hlitv63.m3u8,http_error,502,https://345.lishuhang.com/hlitv63.m3u8,text/plain; charset=utf-8,2946.1,60,none,0,0,False,[],[],,2026-08-15T06:30:34+00:00
卫视 (345源),fjitv34,https://345.lishuhang.com/hlitv119.m3u8,http_error,502,https://345.lishuhang.com/hlitv119.m3u8,text/plain; charset=utf-8,3051.6,60,none,0,0,False,[],[],,2026-08-15T06:30:34+00:00
卫视 (345源),fjitv34,https://345.lishuhang.com/ipv642.m3u8,http_error,502,https://345.lishuhang.com/ipv642.m3u8,text/plain; charset=utf-8,3697.1,87,none,0,0,False,[],[],,2026-08-15T06:30:35+00:00
卫视 (345源),fjitv34,https://345.lishuhang.com/ipv669.m3u8,http_error,502,https://345.lishuhang.com/ipv669.m3u8,text/plain; charset=utf-8,2482.2,87,none,0,0,False,[],[],,2026-08-15T06:30:35+00:00
卫视 (345源),fjitv34,https://345.lishuhang.com/itv48.m3u8,http_error,502,https://345.lishuhang.com/itv48.m3u8,text/plain; charset=utf-8,3124.1,60,none,0,0,False,[],[],,2026-08-15T06:30:35+00:00
卫视 (345源),fjitv34,https://345.lishuhang.com/migu43.m3u8,http_error,502,https://345.lishuhang.com/migu43.m3u8,text/plain; charset=utf-8,2900.2,60,none,0,0,False,[],[],,2026-08-15T06:30:35+00:00
卫视 (345源),fjitv34,https://345.lishuhang.com/ws12.m3u8,http_error,502,https://345.lishuhang.com/ws12.m3u8,text/plain; charset=utf-8,3163.5,60,none,0,0,False,[],[],,2026-08-15T06:30:36+00:00
卫视 (345源),fjitv16,https://345.lishuhang.com/fjitv16.m3u8,http_error,502,https://345.lishuhang.com/fjitv16.m3u8,text/plain; charset=utf-8,2713.6,60,none,0,0,False,[],[],,2026-08-15T06:30:36+00:00
卫视 (345源),fjitv16,https://345.lishuhang.com/fjitv38.m3u8,http_error,502,https://345.lishuhang.com/fjitv38.m3u8,text/plain; charset=utf-8,2751.6,60,none,0,0,False,[],[],,2026-08-15T06:30:37+00:00
卫视 (345源),fjitv16,https://345.lishuhang.com/fjitv145.m3u8,http_error,502,https://345.lishuhang.com/fjitv145.m3u8,text/plain; charset=utf-8,2532.0,60,none,0,0,False,[],[],,2026-08-15T06:30:37+00:00
卫视 (345源),fjitv16,https://345.lishuhang.com/fjitv218.m3u8,http_error,502,https://345.lishuhang.com/fjitv218.m3u8,text/plain; charset=utf-8,2922.5,60,none,0,0,False,[],[],,2026-08-15T06:30:38+00:00
卫视 (345源),fjitv16,https://345.lishuhang.com/fjitv231.m3u8,http_error,502,https://345.lishuhang.com/fjitv231.m3u8,text/plain; charset=utf-8,3027.7,60,none,0,0,False,[],[],,2026-08-15T06:30:38+00:00
卫视 (345源),fjitv16,https://345.lishuhang.com/fjitv315.m3u8,http_error,502,https://345.lishuhang.com/fjitv315.m3u8,text/plain; charset=utf-8,2478.8,60,none,0,0,False,[],[],,2026-08-15T06:30:38+00:00
卫视 (345源),fjitv16,https://345.lishuhang.com/hlitv24.m3u8,http_error,502,https://345.lishuhang.com/hlitv24.m3u8,text/plain; charset=utf-8,2403.3,60,none,0,0,False,[],[],,2026-08-15T06:30:39+00:00
卫视 (345源),fjitv16,https://345.lishuhang.com/hlitv60.m3u8,http_error,502,https://345.lishuhang.com/hlitv60.m3u8,text/plain; charset=utf-8,2937.9,60,none,0,0,False,[],[],,2026-08-15T06:30:39+00:00
卫视 (345源),fjitv16,https://345.lishuhang.com/ipv632.m3u8,http_error,502,https://345.lishuhang.com/ipv632.m3u8,text/plain; charset=utf-8,3469.7,87,none,0,0,False,[],[],,2026-08-15T06:30:39+00:00
卫视 (345源),fjitv16,https://345.lishuhang.com/ipv666.m3u8,http_error,502,https://345.lishuhang.com/ipv666.m3u8,text/plain; charset=utf-8,2516.7,87,none,0,0,False,[],[],,2026-08-15T06:30:40+00:00
卫视 (345源),fjitv16,https://345.lishuhang.com/itv37.m3u8,http_error,502,https://345.lishuhang.com/itv37.m3u8,text/plain; charset=utf-8,3509.2,60,none,0,0,False,[],[],,2026-08-15T06:30:40+00:00
卫视 (345源),fjitv16,https://345.lishuhang.com/migu38.m3u8,http_error,502,https://345.lishuhang.com/migu38.m3u8,text/plain; charset=utf-8,2442.8,60,none,0,0,False,[],[],,2026-08-15T06:30:40+00:00
卫视 (345源),fjitv16,https://345.lishuhang.com/ws1.m3u8,http_error,502,https://345.lishuhang.com/ws1.m3u8,text/plain; charset=utf-8,3456.1,60,none,0,0,False,[],[],,2026-08-15T06:30:41+00:00
卫视 (345源),itv252,https://345.lishuhang.com/itv252.m3u8,http_error,502,https://345.lishuhang.com/itv252.m3u8,text/plain; charset=utf-8,2559.7,60,none,0,0,False,[],[],,2026-08-15T06:30:41+00:00
卫视 (345源),itv253,https://345.lishuhang.com/itv253.m3u8,http_error,502,https://345.lishuhang.com/itv253.m3u8,text/plain; charset=utf-8,2433.9,60,none,0,0,False,[],[],,2026-08-15T06:30:41+00:00
卫视 (345源),fjitv81,https://345.lishuhang.com/fjitv81.m3u8,http_error,502,https://345.lishuhang.com/fjitv81.m3u8,text/plain; charset=utf-8,2395.5,60,none,0,0,False,[],[],,2026-08-15T06:30:42+00:00
卫视 (345源),fjitv81,https://345.lishuhang.com/fjitv162.m3u8,http_error,502,https://345.lishuhang.com/fjitv162.m3u8,text/plain; charset=utf-8,2532.7,60,none,0,0,False,[],[],,2026-08-15T06:30:42+00:00
卫视 (345源),fjitv81,https://345.lishuhang.com/hlitv47.m3u8,http_error,502,https://345.lishuhang.com/hlitv47.m3u8,text/plain; charset=utf-8,2461.0,60,none,0,0,False,[],[],,2026-08-15T06:30:43+00:00
卫视 (345源),fjitv81,https://345.lishuhang.com/ipv694.m3u8,http_error,502,https://345.lishuhang.com/ipv694.m3u8,text/plain; charset=utf-8,2912.9,87,none,0,0,False,[],[],,2026-08-15T06:30:43+00:00
卫视 (345源),fjitv81,https://345.lishuhang.com/itv60.m3u8,http_error,502,https://345.lishuhang.com/itv60.m3u8,text/plain; charset=utf-8,4191.3,60,none,0,0,False,[],[],,2026-08-15T06:30:43+00:00
卫视 (345源),fjitv81,https://345.lishuhang.com/migu59.m3u8,http_error,502,https://345.lishuhang.com/migu59.m3u8,text/plain; charset=utf-8,2510.6,60,none,0,0,False,[],[],,2026-08-15T06:30:43+00:00
卫视 (345源),fjitv81,https://345.lishuhang.com/ws24.m3u8,http_error,502,https://345.lishuhang.com/ws24.m3u8,text/plain; charset=utf-8,3782.2,60,none,0,0,False,[],[],,2026-08-15T06:30:44+00:00
卫视 (345源),ipv691,https://345.lishuhang.com/ipv691.m3u8,http_error,502,https://345.lishuhang.com/ipv691.m3u8,text/plain; charset=utf-8,2990.4,87,none,0,0,False,[],[],,2026-08-15T06:30:44+00:00
卫视 (345源),fjitv89,https://345.lishuhang.com/fjitv89.m3u8,http_error,502,https://345.lishuhang.com/fjitv89.m3u8,text/plain; charset=utf-8,2952.0,60,none,0,0,False,[],[],,2026-08-15T06:30:45+00:00
卫视 (345源),fjitv89,https://345.lishuhang.com/fjitv171.m3u8,http_error,502,https://345.lishuhang.com/fjitv171.m3u8,text/plain; charset=utf-8,2330.4,60,none,0,0,False,[],[],,2026-08-15T06:30:45+00:00
卫视 (345源),fjitv89,https://345.lishuhang.com/hlitv52.m3u8,http_error,502,https://345.lishuhang.com/hlitv52.m3u8,text/plain; charset=utf-8,2964.9,60,none,0,0,False,[],[],,2026-08-15T06:30:45+00:00
卫视 (345源),fjitv89,https://345.lishuhang.com/ipv679.m3u8,http_error,502,https://345.lishuhang.com/ipv679.m3u8,text/plain; charset=utf-8,2467.5,87,none,0,0,False,[],[],,2026-08-15T06:30:46+00:00
卫视 (345源),fjitv89,https://345.lishuhang.com/itv68.m3u8,http_error,502,https://345.lishuhang.com/itv68.m3u8,text/plain; charset=utf-8,3622.6,60,none,0,0,False,[],[],,2026-08-15T06:30:46+00:00
卫视 (345源),fjitv89,https://345.lishuhang.com/migu54.m3u8,http_error,502,https://345.lishuhang.com/migu54.m3u8,text/plain; charset=utf-8,2394.3,60,none,0,0,False,[],[],,2026-08-15T06:30:47+00:00
卫视 (345源),fjitv89,https://345.lishuhang.com/ws32.m3u8,http_error,502,https://345.lishuhang.com/ws32.m3u8,text/plain; charset=utf-8,3559.2,60,none,0,0,False,[],[],,2026-08-15T06:30:47+00:00
卫视 (345源),fjitv77,https://345.lishuhang.com/fjitv77.m3u8,http_error,502,https://345.lishuhang.com/fjitv77.m3u8,text/plain; charset=utf-8,2910.9,60,none,0,0,False,[],[],,2026-08-15T06:30:47+00:00
卫视 (345源),fjitv77,https://345.lishuhang.com/fjitv156.m3u8,http_error,502,https://345.lishuhang.com/fjitv156.m3u8,text/plain; charset=utf-8,2467.9,60,none,0,0,False,[],[],,2026-08-15T06:30:48+00:00
卫视 (345源),fjitv77,https://345.lishuhang.com/hlitv40.m3u8,http_error,502,https://345.lishuhang.com/hlitv40.m3u8,text/plain; charset=utf-8,2436.4,60,none,0,0,False,[],[],,2026-08-15T06:30:48+00:00
卫视 (345源),fjitv77,https://345.lishuhang.com/ipv653.m3u8,http_error,502,https://345.lishuhang.com/ipv653.m3u8,text/plain; charset=utf-8,2415.6,87,none,0,0,False,[],[],,2026-08-15T06:30:48+00:00
卫视 (345源),fjitv77,https://345.lishuhang.com/ipv692.m3u8,http_error,502,https://345.lishuhang.com/ipv692.m3u8,text/plain; charset=utf-8,2716.1,87,none,0,0,False,[],[],,2026-08-15T06:30:48+00:00
卫视 (345源),fjitv77,https://345.lishuhang.com/itv56.m3u8,http_error,502,https://345.lishuhang.com/itv56.m3u8,text/plain; charset=utf-8,3902.3,60,none,0,0,False,[],[],,2026-08-15T06:30:49+00:00
卫视 (345源),fjitv77,https://345.lishuhang.com/migu62.m3u8,http_error,502,https://345.lishuhang.com/migu62.m3u8,text/plain; charset=utf-8,2437.1,60,none,0,0,False,[],[],,2026-08-15T06:30:50+00:00
卫视 (345源),fjitv77,https://345.lishuhang.com/ws20.m3u8,http_error,502,https://345.lishuhang.com/ws20.m3u8,text/plain; charset=utf-8,3655.6,60,none,0,0,False,[],[],,2026-08-15T06:30:50+00:00
卫视 (345源),fjitv23,https://345.lishuhang.com/fjitv23.m3u8,http_error,502,https://345.lishuhang.com/fjitv23.m3u8,text/plain; charset=utf-8,2934.5,60,none,0,0,False,[],[],,2026-08-15T06:30:50+00:00
卫视 (345源),fjitv23,https://345.lishuhang.com/fjitv85.m3u8,http_error,502,https://345.lishuhang.com/fjitv85.m3u8,text/plain; charset=utf-8,2364.3,60,none,0,0,False,[],[],,2026-08-15T06:30:50+00:00
卫视 (345源),fjitv23,https://345.lishuhang.com/fjitv150.m3u8,http_error,502,https://345.lishuhang.com/fjitv150.m3u8,text/plain; charset=utf-8,2356.9,60,none,0,0,False,[],[],,2026-08-15T06:30:51+00:00
卫视 (345源),fjitv23,https://345.lishuhang.com/fjitv227.m3u8,http_error,502,https://345.lishuhang.com/fjitv227.m3u8,text/plain; charset=utf-8,2369.1,60,none,0,0,False,[],[],,2026-08-15T06:30:51+00:00
卫视 (345源),fjitv23,https://345.lishuhang.com/hlitv33.m3u8,http_error,502,https://345.lishuhang.com/hlitv33.m3u8,text/plain; charset=utf-8,2943.2,60,none,0,0,False,[],[],,2026-08-15T06:30:51+00:00
卫视 (345源),fjitv23,https://345.lishuhang.com/ipv638.m3u8,http_error,502,https://345.lishuhang.com/ipv638.m3u8,text/plain; charset=utf-8,2679.9,87,none,0,0,False,[],[],,2026-08-15T06:30:52+00:00
卫视 (345源),fjitv23,https://345.lishuhang.com/ipv685.m3u8,http_error,502,https://345.lishuhang.com/ipv685.m3u8,text/plain; charset=utf-8,3152.7,87,none,0,0,False,[],[],,2026-08-15T06:30:53+00:00
卫视 (345源),fjitv23,https://345.lishuhang.com/itv50.m3u8,http_error,502,https://345.lishuhang.com/itv50.m3u8,text/plain; charset=utf-8,3181.5,60,none,0,0,False,[],[],,2026-08-15T06:30:53+00:00
卫视 (345源),fjitv23,https://345.lishuhang.com/migu44.m3u8,http_error,502,https://345.lishuhang.com/migu44.m3u8,text/plain; charset=utf-8,2373.8,60,none,0,0,False,[],[],,2026-08-15T06:30:53+00:00
卫视 (345源),fjitv23,https://345.lishuhang.com/ws14.m3u8,http_error,502,https://345.lishuhang.com/ws14.m3u8,text/plain; charset=utf-8,3273.2,60,none,0,0,False,[],[],,2026-08-15T06:30:53+00:00
卫视 (345源),fjitv24,https://345.lishuhang.com/fjitv24.m3u8,http_error,502,https://345.lishuhang.com/fjitv24.m3u8,text/plain; charset=utf-8,2417.4,60,none,0,0,False,[],[],,2026-08-15T06:30:53+00:00
卫视 (345源),fjitv24,https://345.lishuhang.com/fjitv72.m3u8,http_error,502,https://345.lishuhang.com/fjitv72.m3u8,text/plain; charset=utf-8,2903.4,60,none,0,0,False,[],[],,2026-08-15T06:30:54+00:00
卫视 (345源),fjitv24,https://345.lishuhang.com/fjitv149.m3u8,http_error,502,https://345.lishuhang.com/fjitv149.m3u8,text/plain; charset=utf-8,2797.4,60,none,0,0,False,[],[],,2026-08-15T06:30:54+00:00
卫视 (345源),fjitv24,https://345.lishuhang.com/fjitv229.m3u8,http_error,502,https://345.lishuhang.com/fjitv229.m3u8,text/plain; charset=utf-8,3195.6,60,none,0,0,False,[],[],,2026-08-15T06:30:55+00:00
卫视 (345源),fjitv24,https://345.lishuhang.com/hlitv32.m3u8,http_error,502,https://345.lishuhang.com/hlitv32.m3u8,text/plain; charset=utf-8,2433.3,60,none,0,0,False,[],[],,2026-08-15T06:30:55+00:00
卫视 (345源),fjitv24,https://345.lishuhang.com/ipv644.m3u8,http_error,502,https://345.lishuhang.com/ipv644.m3u8,text/plain; charset=utf-8,2421.5,87,none,0,0,False,[],[],,2026-08-15T06:30:56+00:00
卫视 (345源),fjitv24,https://345.lishuhang.com/ipv695.m3u8,http_error,502,https://345.lishuhang.com/ipv695.m3u8,text/plain; charset=utf-8,2633.0,87,none,0,0,False,[],[],,2026-08-15T06:30:56+00:00
卫视 (345源),fjitv24,https://345.lishuhang.com/itv55.m3u8,http_error,502,https://345.lishuhang.com/itv55.m3u8,text/plain; charset=utf-8,3431.2,60,none,0,0,False,[],[],,2026-08-15T06:30:56+00:00
卫视 (345源),fjitv24,https://345.lishuhang.com/migu64.m3u8,http_error,502,https://345.lishuhang.com/migu64.m3u8,text/plain; charset=utf-8,2439.8,60,none,0,0,False,[],[],,2026-08-15T06:30:57+00:00
卫视 (345源),fjitv24,https://345.lishuhang.com/ws19.m3u8,http_error,502,https://345.lishuhang.com/ws19.m3u8,text/plain; charset=utf-8,3505.2,60,none,0,0,False,[],[],,2026-08-15T06:30:57+00:00
卫视 (345源),fjitv103,https://345.lishuhang.com/fjitv103.m3u8,http_error,502,https://345.lishuhang.com/fjitv103.m3u8,text/plain; charset=utf-8,2484.7,60,none,0,0,False,[],[],,2026-08-15T06:30:57+00:00
卫视 (345源),fjitv103,https://345.lishuhang.com/fjitv177.m3u8,http_error,502,https://345.lishuhang.com/fjitv177.m3u8,text/plain; charset=utf-8,2995.0,60,none,0,0,False,[],[],,2026-08-15T06:30:58+00:00
卫视 (345源),fjitv103,https://345.lishuhang.com/fjitv294.m3u8,http_error,502,https://345.lishuhang.com/fjitv294.m3u8,text/plain; charset=utf-8,2955.4,60,none,0,0,False,[],[],,2026-08-15T06:30:58+00:00
卫视 (345源),fjitv103,https://345.lishuhang.com/fjitv312.m3u8,http_error,502,https://345.lishuhang.com/fjitv312.m3u8,text/plain; charset=utf-8,2881.2,60,none,0,0,False,[],[],,2026-08-15T06:30:58+00:00
卫视 (345源),fjitv103,https://345.lishuhang.com/hlitv67.m3u8,http_error,502,https://345.lishuhang.com/hlitv67.m3u8,text/plain; charset=utf-8,2410.6,60,none,0,0,False,[],[],,2026-08-15T06:30:59+00:00
卫视 (345源),fjitv103,https://345.lishuhang.com/itv254.m3u8,http_error,502,https://345.lishuhang.com/itv254.m3u8,text/plain; charset=utf-8,2982.3,60,none,0,0,False,[],[],,2026-08-15T06:30:59+00:00
卫视 (345源),fjitv270,https://345.lishuhang.com/fjitv270.m3u8,http_error,502,https://345.lishuhang.com/fjitv270.m3u8,text/plain; charset=utf-8,2965.1,60,none,0,0,False,[],[],,2026-08-15T06:30:59+00:00
卫视 (345源),fjitv270,https://345.lishuhang.com/fjitv308.m3u8,http_error,502,https://345.lishuhang.com/fjitv308.m3u8,text/plain; charset=utf-8,2490.6,60,none,0,0,False,[],[],,2026-08-15T06:31:00+00:00
卫视 (345源),fjitv270,https://345.lishuhang.com/ipv624.m3u8,http_error,502,https://345.lishuhang.com/ipv624.m3u8,text/plain; charset=utf-8,2460.2,87,none,0,0,False,[],[],,2026-08-15T06:31:00+00:00
卫视 (345源),fjitv270,https://345.lishuhang.com/itv255.m3u8,http_error,502,https://345.lishuhang.com/itv255.m3u8,text/plain; charset=utf-8,3259.4,60,none,0,0,False,[],[],,2026-08-15T06:31:01+00:00
卫视 (345源),fjitv84,https://345.lishuhang.com/fjitv84.m3u8,http_error,502,https://345.lishuhang.com/fjitv84.m3u8,text/plain; charset=utf-8,2523.7,60,none,0,0,False,[],[],,2026-08-15T06:31:01+00:00
卫视 (345源),fjitv84,https://345.lishuhang.com/fjitv167.m3u8,http_error,502,https://345.lishuhang.com/fjitv167.m3u8,text/plain; charset=utf-8,2307.4,60,none,0,0,False,[],[],,2026-08-15T06:31:01+00:00
卫视 (345源),fjitv84,https://345.lishuhang.com/hlitv39.m3u8,http_error,502,https://345.lishuhang.com/hlitv39.m3u8,text/plain; charset=utf-8,2532.8,60,none,0,0,False,[],[],,2026-08-15T06:31:01+00:00
卫视 (345源),fjitv84,https://345.lishuhang.com/ipv675.m3u8,http_error,502,https://345.lishuhang.com/ipv675.m3u8,text/plain; charset=utf-8,2477.1,87,none,0,0,False,[],[],,2026-08-15T06:31:02+00:00
卫视 (345源),fjitv84,https://345.lishuhang.com/itv65.m3u8,http_error,502,https://345.lishuhang.com/itv65.m3u8,text/plain; charset=utf-8,2989.6,60,none,0,0,False,[],[],,2026-08-15T06:31:02+00:00
卫视 (345源),fjitv84,https://345.lishuhang.com/migu66.m3u8,http_error,502,https://345.lishuhang.com/migu66.m3u8,text/plain; charset=utf-8,4196.6,60,none,0,0,False,[],[],,2026-08-15T06:31:02+00:00
卫视 (345源),fjitv84,https://345.lishuhang.com/ws29.m3u8,http_error,502,https://345.lishuhang.com/ws29.m3u8,text/plain; charset=utf-8,4066.0,60,none,0,0,False,[],[],,2026-08-15T06:31:03+00:00
卫视 (345源),fjitv79,https://345.lishuhang.com/fjitv79.m3u8,http_error,502,https://345.lishuhang.com/fjitv79.m3u8,text/plain; charset=utf-8,2492.7,60,none,0,0,False,[],[],,2026-08-15T06:31:03+00:00
卫视 (345源),fjitv79,https://345.lishuhang.com/fjitv159.m3u8,http_error,502,https://345.lishuhang.com/fjitv159.m3u8,text/plain; charset=utf-8,2955.7,60,none,0,0,False,[],[],,2026-08-15T06:31:03+00:00
卫视 (345源),fjitv79,https://345.lishuhang.com/hlitv42.m3u8,http_error,502,https://345.lishuhang.com/hlitv42.m3u8,text/plain; charset=utf-8,2936.4,60,none,0,0,False,[],[],,2026-08-15T06:31:04+00:00
卫视 (345源),fjitv79,https://345.lishuhang.com/ipv681.m3u8,http_error,502,https://345.lishuhang.com/ipv681.m3u8,text/plain; charset=utf-8,2453.9,87,none,0,0,False,[],[],,2026-08-15T06:31:04+00:00
卫视 (345源),fjitv79,https://345.lishuhang.com/itv61.m3u8,http_error,502,https://345.lishuhang.com/itv61.m3u8,text/plain; charset=utf-8,3905.9,60,none,0,0,False,[],[],,2026-08-15T06:31:04+00:00
卫视 (345源),fjitv79,https://345.lishuhang.com/migu61.m3u8,http_error,502,https://345.lishuhang.com/migu61.m3u8,text/plain; charset=utf-8,2346.4,60,none,0,0,False,[],[],,2026-08-15T06:31:05+00:00
卫视 (345源),fjitv79,https://345.lishuhang.com/ws25.m3u8,http_error,502,https://345.lishuhang.com/ws25.m3u8,text/plain; charset=utf-8,3283.6,60,none,0,0,False,[],[],,2026-08-15T06:31:06+00:00
卫视 (345源),fjitv19,https://345.lishuhang.com/fjitv19.m3u8,http_error,502,https://345.lishuhang.com/fjitv19.m3u8,text/plain; charset=utf-8,3252.0,60,none,0,0,False,[],[],,2026-08-15T06:31:06+00:00
卫视 (345源),fjitv19,https://345.lishuhang.com/fjitv92.m3u8,http_error,502,https://345.lishuhang.com/fjitv92.m3u8,text/plain; charset=utf-8,2459.8,60,none,0,0,False,[],[],,2026-08-15T06:31:06+00:00
卫视 (345源),fjitv19,https://345.lishuhang.com/fjitv174.m3u8,http_error,502,https://345.lishuhang.com/fjitv174.m3u8,text/plain; charset=utf-8,2472.1,60,none,0,0,False,[],[],,2026-08-15T06:31:07+00:00
卫视 (345源),fjitv19,https://345.lishuhang.com/fjitv223.m3u8,http_error,502,https://345.lishuhang.com/fjitv223.m3u8,text/plain; charset=utf-8,2940.8,60,none,0,0,False,[],[],,2026-08-15T06:31:07+00:00
卫视 (345源),fjitv19,https://345.lishuhang.com/hlitv54.m3u8,http_error,502,https://345.lishuhang.com/hlitv54.m3u8,text/plain; charset=utf-8,2499.3,60,none,0,0,False,[],[],,2026-08-15T06:31:07+00:00
卫视 (345源),fjitv19,https://345.lishuhang.com/hlitv72.m3u8,http_error,502,https://345.lishuhang.com/hlitv72.m3u8,text/plain; charset=utf-8,2423.6,60,none,0,0,False,[],[],,2026-08-15T06:31:07+00:00
卫视 (345源),fjitv19,https://345.lishuhang.com/ipv637.m3u8,http_error,502,https://345.lishuhang.com/ipv637.m3u8,text/plain; charset=utf-8,2963.7,87,none,0,0,False,[],[],,2026-08-15T06:31:08+00:00
卫视 (345源),fjitv19,https://345.lishuhang.com/ipv688.m3u8,http_error,502,https://345.lishuhang.com/ipv688.m3u8,text/plain; charset=utf-8,2385.6,87,none,0,0,False,[],[],,2026-08-15T06:31:09+00:00
卫视 (345源),fjitv19,https://345.lishuhang.com/itv47.m3u8,http_error,502,https://345.lishuhang.com/itv47.m3u8,text/plain; charset=utf-8,3280.9,60,none,0,0,False,[],[],,2026-08-15T06:31:09+00:00
卫视 (345源),fjitv19,https://345.lishuhang.com/migu45.m3u8,http_error,502,https://345.lishuhang.com/migu45.m3u8,text/plain; charset=utf-8,2589.6,60,none,0,0,False,[],[],,2026-08-15T06:31:09+00:00
卫视 (345源),fjitv19,https://345.lishuhang.com/ws11.m3u8,http_error,502,https://345.lishuhang.com/ws11.m3u8,text/plain; charset=utf-8,3633.8,60,none,0,0,False,[],[],,2026-08-15T06:31:09+00:00
港澳台 (345源),gt76,https://345.lishuhang.com/gt76.m3u8,http_error,502,https://345.lishuhang.com/gt76.m3u8,text/plain; charset=utf-8,2405.9,60,none,0,0,False,[],[],,2026-08-15T06:31:10+00:00
港澳台 (345源),gt76,https://345.lishuhang.com/ty24.m3u8,http_error,502,https://345.lishuhang.com/ty24.m3u8,text/plain; charset=utf-8,2431.9,60,none,0,0,False,[],[],,2026-08-15T06:31:10+00:00
港澳台 (345源),gt77,https://345.lishuhang.com/gt77.m3u8,http_error,502,https://345.lishuhang.com/gt77.m3u8,text/plain; charset=utf-8,2642.7,60,none,0,0,False,[],[],,2026-08-15T06:31:10+00:00
港澳台 (345源),gt77,https://345.lishuhang.com/ty25.m3u8,http_error,502,https://345.lishuhang.com/ty25.m3u8,text/plain; charset=utf-8,2397.9,60,none,0,0,False,[],[],,2026-08-15T06:31:11+00:00
港澳台 (345源),gt24,https://345.lishuhang.com/gt24.m3u8,http_error,502,https://345.lishuhang.com/gt24.m3u8,text/plain; charset=utf-8,3577.8,60,none,0,0,False,[],[],,2026-08-15T06:31:11+00:00
港澳台 (345源),gt22,https://345.lishuhang.com/gt22.m3u8,http_error,502,https://345.lishuhang.com/gt22.m3u8,text/plain; charset=utf-8,2791.6,60,none,0,0,False,[],[],,2026-08-15T06:31:12+00:00
港澳台 (345源),gt23,https://345.lishuhang.com/gt23.m3u8,http_error,502,https://345.lishuhang.com/gt23.m3u8,text/plain; charset=utf-8,2850.7,60,none,0,0,False,[],[],,2026-08-15T06:31:12+00:00
港澳台 (345源),gt17,https://345.lishuhang.com/gt17.m3u8,http_error,502,https://345.lishuhang.com/gt17.m3u8,text/plain; charset=utf-8,2978.3,60,none,0,0,False,[],[],,2026-08-15T06:31:12+00:00
港澳台 (345源),gt16,https://345.lishuhang.com/gt16.m3u8,http_error,502,https://345.lishuhang.com/gt16.m3u8,text/plain; charset=utf-8,2933.9,86,none,0,0,False,[],[],,2026-08-15T06:31:12+00:00
港澳台 (345源),gt18,https://345.lishuhang.com/gt18.m3u8,http_error,502,https://345.lishuhang.com/gt18.m3u8,text/plain; charset=utf-8,2453.7,86,none,0,0,False,[],[],,2026-08-15T06:31:12+00:00
港澳台 (345源),ty52,https://345.lishuhang.com/ty52.m3u8,http_error,502,https://345.lishuhang.com/ty52.m3u8,text/plain; charset=utf-8,2425.7,86,none,0,0,False,[],[],,2026-08-15T06:31:13+00:00
港澳台 (345源),gt8,https://345.lishuhang.com/gt8.m3u8,http_error,502,https://345.lishuhang.com/gt8.m3u8,text/plain; charset=utf-8,3655.5,60,none,0,0,False,[],[],,2026-08-15T06:31:14+00:00
港澳台 (345源),gt56,https://345.lishuhang.com/gt56.m3u8,http_error,502,https://345.lishuhang.com/gt56.m3u8,text/plain; charset=utf-8,2958.4,60,none,0,0,False,[],[],,2026-08-15T06:31:14+00:00
港澳台 (345源),gt55,https://345.lishuhang.com/gt55.m3u8,http_error,502,https://345.lishuhang.com/gt55.m3u8,text/plain; charset=utf-8,2401.1,60,none,0,0,False,[],[],,2026-08-15T06:31:15+00:00
港澳台 (345源),movie7,https://345.lishuhang.com/movie7.m3u8,http_error,502,https://345.lishuhang.com/movie7.m3u8,text/plain; charset=utf-8,2669.6,60,none,0,0,False,[],[],,2026-08-15T06:31:15+00:00
港澳台 (345源),gt6,https://345.lishuhang.com/gt6.m3u8,http_error,502,https://345.lishuhang.com/gt6.m3u8,text/plain; charset=utf-8,3418.3,60,none,0,0,False,[],[],,2026-08-15T06:31:15+00:00
港澳台 (345源),gt9,https://345.lishuhang.com/gt9.m3u8,http_error,502,https://345.lishuhang.com/gt9.m3u8,text/plain; charset=utf-8,2909.6,60,none,0,0,False,[],[],,2026-08-15T06:31:15+00:00
港澳台 (345源),gt5,https://345.lishuhang.com/gt5.m3u8,http_error,502,https://345.lishuhang.com/gt5.m3u8,text/plain; charset=utf-8,3245.3,60,none,0,0,False,[],[],,2026-08-15T06:31:15+00:00
港澳台 (345源),gt19,https://345.lishuhang.com/gt19.m3u8,http_error,502,https://345.lishuhang.com/gt19.m3u8,text/plain; charset=utf-8,3422.9,60,none,0,0,False,[],[],,2026-08-15T06:31:15+00:00
港澳台 (345源),gt20,https://345.lishuhang.com/gt20.m3u8,http_error,502,https://345.lishuhang.com/gt20.m3u8,text/plain; charset=utf-8,2941.5,60,none,0,0,False,[],[],,2026-08-15T06:31:17+00:00
港澳台 (345源),gt48,https://345.lishuhang.com/gt48.m3u8,http_error,502,https://345.lishuhang.com/gt48.m3u8,text/plain; charset=utf-8,2862.9,60,none,0,0,False,[],[],,2026-08-15T06:31:17+00:00
港澳台 (345源),gt44,https://345.lishuhang.com/gt44.m3u8,http_error,502,https://345.lishuhang.com/gt44.m3u8,text/plain; charset=utf-8,2406.2,60,none,0,0,False,[],[],,2026-08-15T06:31:17+00:00
港澳台 (345源),gt45,https://345.lishuhang.com/gt45.m3u8,http_error,502,https://345.lishuhang.com/gt45.m3u8,text/plain; charset=utf-8,2485.0,60,none,0,0,False,[],[],,2026-08-15T06:31:18+00:00
港澳台 (345源),gt43,https://345.lishuhang.com/gt43.m3u8,http_error,502,https://345.lishuhang.com/gt43.m3u8,text/plain; charset=utf-8,2384.4,60,none,0,0,False,[],[],,2026-08-15T06:31:18+00:00
港澳台 (345源),gt60,https://345.lishuhang.com/gt60.m3u8,http_error,502,https://345.lishuhang.com/gt60.m3u8,text/plain; charset=utf-8,2479.2,60,none,0,0,False,[],[],,2026-08-15T06:31:18+00:00
港澳台 (345源),gt46,https://345.lishuhang.com/gt46.m3u8,http_error,502,https://345.lishuhang.com/gt46.m3u8,text/plain; charset=utf-8,2888.3,60,none,0,0,False,[],[],,2026-08-15T06:31:18+00:00
港澳台 (345源),gt1,https://345.lishuhang.com/gt1.m3u8,http_error,502,https://345.lishuhang.com/gt1.m3u8,text/plain; charset=utf-8,2430.7,60,none,0,0,False,[],[],,2026-08-15T06:31:19+00:00
港澳台 (345源),gt1,https://345.lishuhang.com/fjitv55.m3u8,http_error,502,https://345.lishuhang.com/fjitv55.m3u8,text/plain; charset=utf-8,2428.9,60,none,0,0,False,[],[],,2026-08-15T06:31:20+00:00
港澳台 (345源),gt1,https://345.lishuhang.com/fjitv203.m3u8,http_error,502,https://345.lishuhang.com/fjitv203.m3u8,text/plain; charset=utf-8,2890.9,60,none,0,0,False,[],[],,2026-08-15T06:31:20+00:00
港澳台 (345源),gt1,https://345.lishuhang.com/fjitv122.m3u8,http_error,502,https://345.lishuhang.com/fjitv122.m3u8,text/plain; charset=utf-8,2470.5,60,none,0,0,False,[],[],,2026-08-15T06:31:20+00:00
港澳台 (345源),gt1,https://345.lishuhang.com/hlitv98.m3u8,http_error,502,https://345.lishuhang.com/hlitv98.m3u8,text/plain; charset=utf-8,2470.4,60,none,0,0,False,[],[],,2026-08-15T06:31:20+00:00
港澳台 (345源),gt2,https://345.lishuhang.com/gt2.m3u8,http_error,502,https://345.lishuhang.com/gt2.m3u8,text/plain; charset=utf-8,2642.4,60,none,0,0,False,[],[],,2026-08-15T06:31:20+00:00
港澳台 (345源),gt2,https://345.lishuhang.com/hlitv100.m3u8,http_error,502,https://345.lishuhang.com/hlitv100.m3u8,text/plain; charset=utf-8,2442.6,60,none,0,0,False,[],[],,2026-08-15T06:31:21+00:00
港澳台 (345源),gt2,https://345.lishuhang.com/fjitv56.m3u8,http_error,502,https://345.lishuhang.com/fjitv56.m3u8,text/plain; charset=utf-8,2423.4,60,none,0,0,False,[],[],,2026-08-15T06:31:21+00:00
港澳台 (345源),gt2,https://345.lishuhang.com/fjitv204.m3u8,http_error,502,https://345.lishuhang.com/fjitv204.m3u8,text/plain; charset=utf-8,2408.6,60,none,0,0,False,[],[],,2026-08-15T06:31:21+00:00
港澳台 (345源),gt2,https://345.lishuhang.com/fjitv121.m3u8,http_error,502,https://345.lishuhang.com/fjitv121.m3u8,text/plain; charset=utf-8,3195.0,60,none,0,0,False,[],[],,2026-08-15T06:31:22+00:00
港澳台 (345源),gt3,https://345.lishuhang.com/gt3.m3u8,http_error,502,https://345.lishuhang.com/gt3.m3u8,text/plain; charset=utf-8,2925.9,60,none,0,0,False,[],[],,2026-08-15T06:31:23+00:00
港澳台 (345源),gt63,https://345.lishuhang.com/gt63.m3u8,http_error,502,https://345.lishuhang.com/gt63.m3u8,text/plain; charset=utf-8,2418.0,60,none,0,0,False,[],[],,2026-08-15T06:31:23+00:00
港澳台 (345源),gt51,https://345.lishuhang.com/gt51.m3u8,http_error,502,https://345.lishuhang.com/gt51.m3u8,text/plain; charset=utf-8,2440.2,60,none,0,0,False,[],[],,2026-08-15T06:31:23+00:00
港澳台 (345源),ty50,https://345.lishuhang.com/ty50.m3u8,http_error,502,https://345.lishuhang.com/ty50.m3u8,text/plain; charset=utf-8,3288.0,86,none,0,0,False,[],[],,2026-08-15T06:31:23+00:00
港澳台 (345源),ty51,https://345.lishuhang.com/ty51.m3u8,http_error,502,https://345.lishuhang.com/ty51.m3u8,text/plain; charset=utf-8,3302.2,86,none,0,0,False,[],[],,2026-08-15T06:31:23+00:00
港澳台 (345源),ty49,https://345.lishuhang.com/ty49.m3u8,http_error,502,https://345.lishuhang.com/ty49.m3u8,text/plain; charset=utf-8,2505.4,86,none,0,0,False,[],[],,2026-08-15T06:31:24+00:00
港澳台 (345源),ty47,https://345.lishuhang.com/ty47.m3u8,http_error,502,https://345.lishuhang.com/ty47.m3u8,text/plain; charset=utf-8,2543.2,86,none,0,0,False,[],[],,2026-08-15T06:31:24+00:00
港澳台 (345源),ty48,https://345.lishuhang.com/ty48.m3u8,http_error,502,https://345.lishuhang.com/ty48.m3u8,text/plain; charset=utf-8,2460.9,86,none,0,0,False,[],[],,2026-08-15T06:31:25+00:00
港澳台 (345源),ty45,https://345.lishuhang.com/ty45.m3u8,http_error,502,https://345.lishuhang.com/ty45.m3u8,text/plain; charset=utf-8,3156.2,86,none,0,0,False,[],[],,2026-08-15T06:31:25+00:00
港澳台 (345源),ty46,https://345.lishuhang.com/ty46.m3u8,http_error,502,https://345.lishuhang.com/ty46.m3u8,text/plain; charset=utf-8,2431.6,86,none,0,0,False,[],[],,2026-08-15T06:31:25+00:00
港澳台 (345源),ty44,https://345.lishuhang.com/ty44.m3u8,http_error,502,https://345.lishuhang.com/ty44.m3u8,text/plain; charset=utf-8,2416.2,86,none,0,0,False,[],[],,2026-08-15T06:31:26+00:00
港澳台 (345源),gt61,https://345.lishuhang.com/gt61.m3u8,http_error,502,https://345.lishuhang.com/gt61.m3u8,text/plain; charset=utf-8,2136.2,60,none,0,0,False,[],[],,2026-08-15T06:31:26+00:00
港澳台 (345源),gt47,https://345.lishuhang.com/gt47.m3u8,http_error,502,https://345.lishuhang.com/gt47.m3u8,text/plain; charset=utf-8,2505.9,60,none,0,0,False,[],[],,2026-08-15T06:31:26+00:00
港澳台 (345源),gt53,https://345.lishuhang.com/gt53.m3u8,http_error,502,https://345.lishuhang.com/gt53.m3u8,text/plain; charset=utf-8,2431.3,60,none,0,0,False,[],[],,2026-08-15T06:31:26+00:00
港澳台 (345源),gt54,https://345.lishuhang.com/gt54.m3u8,http_error,502,https://345.lishuhang.com/gt54.m3u8,text/plain; charset=utf-8,2380.8,60,none,0,0,False,[],[],,2026-08-15T06:31:27+00:00
港澳台 (345源),ty41,https://345.lishuhang.com/ty41.m3u8,http_error,502,https://345.lishuhang.com/ty41.m3u8,text/plain; charset=utf-8,2450.2,86,none,0,0,False,[],[],,2026-08-15T06:31:28+00:00
港澳台 (345源),gt62,https://345.lishuhang.com/gt62.m3u8,http_error,502,https://345.lishuhang.com/gt62.m3u8,text/plain; charset=utf-8,2182.7,60,none,0,0,False,[],[],,2026-08-15T06:31:28+00:00
港澳台 (345源),gt50,https://345.lishuhang.com/gt50.m3u8,http_error,502,https://345.lishuhang.com/gt50.m3u8,text/plain; charset=utf-8,2997.0,60,none,0,0,False,[],[],,2026-08-15T06:31:28+00:00
港澳台 (345源),gt26,https://345.lishuhang.com/gt26.m3u8,http_error,502,https://345.lishuhang.com/gt26.m3u8,text/plain; charset=utf-8,3222.6,60,none,0,0,False,[],[],,2026-08-15T06:31:28+00:00
港澳台 (345源),gt27,https://345.lishuhang.com/gt27.m3u8,http_error,502,https://345.lishuhang.com/gt27.m3u8,text/plain; charset=utf-8,2487.2,60,none,0,0,False,[],[],,2026-08-15T06:31:29+00:00
港澳台 (345源),gt41,https://345.lishuhang.com/gt41.m3u8,http_error,502,https://345.lishuhang.com/gt41.m3u8,text/plain; charset=utf-8,2424.8,60,none,0,0,False,[],[],,2026-08-15T06:31:29+00:00
港澳台 (345源),gt38,https://345.lishuhang.com/gt38.m3u8,http_error,502,https://345.lishuhang.com/gt38.m3u8,text/plain; charset=utf-8,2414.3,60,none,0,0,False,[],[],,2026-08-15T06:31:29+00:00
港澳台 (345源),gt40,https://345.lishuhang.com/gt40.m3u8,http_error,502,https://345.lishuhang.com/gt40.m3u8,text/plain; charset=utf-8,2513.7,60,none,0,0,False,[],[],,2026-08-15T06:31:29+00:00
港澳台 (345源),gt37,https://345.lishuhang.com/gt37.m3u8,http_error,502,https://345.lishuhang.com/gt37.m3u8,text/plain; charset=utf-8,2996.3,60,none,0,0,False,[],[],,2026-08-15T06:31:30+00:00
港澳台 (345源),gt36,https://345.lishuhang.com/gt36.m3u8,http_error,502,https://345.lishuhang.com/gt36.m3u8,text/plain; charset=utf-8,2535.6,60,none,0,0,False,[],[],,2026-08-15T06:31:30+00:00
港澳台 (345源),gt39,https://345.lishuhang.com/gt39.m3u8,http_error,502,https://345.lishuhang.com/gt39.m3u8,text/plain; charset=utf-8,2507.6,60,none,0,0,False,[],[],,2026-08-15T06:31:31+00:00
港澳台 (345源),gt35,https://345.lishuhang.com/gt35.m3u8,http_error,502,https://345.lishuhang.com/gt35.m3u8,text/plain; charset=utf-8,2991.0,60,none,0,0,False,[],[],,2026-08-15T06:31:31+00:00
港澳台 (345源),gt79,https://345.lishuhang.com/gt79.m3u8,http_error,502,https://345.lishuhang.com/gt79.m3u8,text/plain; charset=utf-8,2978.0,60,none,0,0,False,[],[],,2026-08-15T06:31:31+00:00
港澳台 (345源),gt79,https://345.lishuhang.com/ty28.m3u8,http_error,502,https://345.lishuhang.com/ty28.m3u8,text/plain; charset=utf-8,2496.5,60,none,0,0,False,[],[],,2026-08-15T06:31:31+00:00
港澳台 (345源),gt80,https://345.lishuhang.com/gt80.m3u8,http_error,502,https://345.lishuhang.com/gt80.m3u8,text/plain; charset=utf-8,2948.7,60,none,0,0,False,[],[],,2026-08-15T06:31:31+00:00
港澳台 (345源),gt80,https://345.lishuhang.com/ty29.m3u8,http_error,502,https://345.lishuhang.com/ty29.m3u8,text/plain; charset=utf-8,2163.5,60,none,0,0,False,[],[],,2026-08-15T06:31:31+00:00
港澳台 (345源),gt81,https://345.lishuhang.com/gt81.m3u8,http_error,502,https://345.lishuhang.com/gt81.m3u8,text/plain; charset=utf-8,2409.0,86,none,0,0,False,[],[],,2026-08-15T06:31:33+00:00
港澳台 (345源),gt81,https://345.lishuhang.com/ty30.m3u8,http_error,502,https://345.lishuhang.com/ty30.m3u8,text/plain; charset=utf-8,2384.9,86,none,0,0,False,[],[],,2026-08-15T06:31:33+00:00
港澳台 (345源),gt82,https://345.lishuhang.com/gt82.m3u8,http_error,502,https://345.lishuhang.com/gt82.m3u8,text/plain; charset=utf-8,2475.8,86,none,0,0,False,[],[],,2026-08-15T06:31:33+00:00
港澳台 (345源),gt82,https://345.lishuhang.com/ty31.m3u8,http_error,502,https://345.lishuhang.com/ty31.m3u8,text/plain; charset=utf-8,2440.6,86,none,0,0,False,[],[],,2026-08-15T06:31:34+00:00
港澳台 (345源),gt73,https://345.lishuhang.com/gt73.m3u8,http_error,502,https://345.lishuhang.com/gt73.m3u8,text/plain; charset=utf-8,3085.1,60,none,0,0,False,[],[],,2026-08-15T06:31:34+00:00
港澳台 (345源),gt73,https://345.lishuhang.com/ty23.m3u8,http_error,502,https://345.lishuhang.com/ty23.m3u8,text/plain; charset=utf-8,2434.3,60,none,0,0,False,[],[],,2026-08-15T06:31:34+00:00
港澳台 (345源),gt74,https://345.lishuhang.com/gt74.m3u8,http_error,502,https://345.lishuhang.com/gt74.m3u8,text/plain; charset=utf-8,2485.6,60,none,0,0,False,[],[],,2026-08-15T06:31:34+00:00
港澳台 (345源),gt75,https://345.lishuhang.com/gt75.m3u8,http_error,502,https://345.lishuhang.com/gt75.m3u8,text/plain; charset=utf-8,2498.8,60,none,0,0,False,[],[],,2026-08-15T06:31:34+00:00
港澳台 (345源),gt52,https://345.lishuhang.com/gt52.m3u8,http_error,502,https://345.lishuhang.com/gt52.m3u8,text/plain; charset=utf-8,2502.6,60,none,0,0,False,[],[],,2026-08-15T06:31:35+00:00
港澳台 (345源),ty43,https://345.lishuhang.com/ty43.m3u8,http_error,502,https://345.lishuhang.com/ty43.m3u8,text/plain; charset=utf-8,3081.9,86,none,0,0,False,[],[],,2026-08-15T06:31:35+00:00
港澳台 (345源),gt49,https://345.lishuhang.com/gt49.m3u8,http_error,502,https://345.lishuhang.com/gt49.m3u8,text/plain; charset=utf-8,3763.3,60,none,0,0,False,[],[],,2026-08-15T06:31:36+00:00
港澳台 (345源),movie108,https://345.lishuhang.com/movie108.m3u8,http_error,502,https://345.lishuhang.com/movie108.m3u8,text/plain; charset=utf-8,2784.7,60,none,0,0,False,[],[],,2026-08-15T06:31:36+00:00
港澳台 (345源),movie15,https://345.lishuhang.com/movie15.m3u8,http_error,502,https://345.lishuhang.com/movie15.m3u8,text/plain; charset=utf-8,2924.1,60,none,0,0,False,[],[],,2026-08-15T06:31:36+00:00
港澳台 (345源),gt30,https://345.lishuhang.com/gt30.m3u8,http_error,502,https://345.lishuhang.com/gt30.m3u8,text/plain; charset=utf-8,2411.9,60,none,0,0,False,[],[],,2026-08-15T06:31:37+00:00
港澳台 (345源),gt12,https://345.lishuhang.com/gt12.m3u8,http_error,502,https://345.lishuhang.com/gt12.m3u8,text/plain; charset=utf-8,3026.4,60,none,0,0,False,[],[],,2026-08-15T06:31:37+00:00
港澳台 (345源),gt11,https://345.lishuhang.com/gt11.m3u8,http_error,502,https://345.lishuhang.com/gt11.m3u8,text/plain; charset=utf-8,3120.6,60,none,0,0,False,[],[],,2026-08-15T06:31:37+00:00
港澳台 (345源),movie367,https://345.lishuhang.com/movie367.m3u8,http_error,502,https://345.lishuhang.com/movie367.m3u8,text/plain; charset=utf-8,2510.6,60,none,0,0,False,[],[],,2026-08-15T06:31:38+00:00
地方 (345源),fjitv253,https://345.lishuhang.com/fjitv253.m3u8,http_error,502,https://345.lishuhang.com/fjitv253.m3u8,text/plain; charset=utf-8,2472.8,60,none,0,0,False,[],[],,2026-08-15T06:31:38+00:00
地方 (345源),fjitv255,https://345.lishuhang.com/fjitv255.m3u8,http_error,502,https://345.lishuhang.com/fjitv255.m3u8,text/plain; charset=utf-8,2928.1,60,none,0,0,False,[],[],,2026-08-15T06:31:39+00:00
地方 (345源),fjitv256,https://345.lishuhang.com/fjitv256.m3u8,http_error,502,https://345.lishuhang.com/fjitv256.m3u8,text/plain; charset=utf-8,2427.5,60,none,0,0,False,[],[],,2026-08-15T06:31:39+00:00
地方 (345源),fjitv258,https://345.lishuhang.com/fjitv258.m3u8,http_error,502,https://345.lishuhang.com/fjitv258.m3u8,text/plain; charset=utf-8,2944.8,60,none,0,0,False,[],[],,2026-08-15T06:31:39+00:00
地方 (345源),fjitv266,https://345.lishuhang.com/fjitv266.m3u8,http_error,502,https://345.lishuhang.com/fjitv266.m3u8,text/plain; charset=utf-8,2985.4,60,none,0,0,False,[],[],,2026-08-15T06:31:40+00:00
地方 (345源),fjitv268,https://345.lishuhang.com/fjitv268.m3u8,http_error,502,https://345.lishuhang.com/fjitv268.m3u8,text/plain; charset=utf-8,2483.7,60,none,0,0,False,[],[],,2026-08-15T06:31:40+00:00
地方 (345源),fjitv278,https://345.lishuhang.com/fjitv278.m3u8,http_error,502,https://345.lishuhang.com/fjitv278.m3u8,text/plain; charset=utf-8,2415.9,60,none,0,0,False,[],[],,2026-08-15T06:31:40+00:00
地方 (345源),fjitv279,https://345.lishuhang.com/fjitv279.m3u8,http_error,502,https://345.lishuhang.com/fjitv279.m3u8,text/plain; charset=utf-8,2316.1,60,none,0,0,False,[],[],,2026-08-15T06:31:40+00:00
地方 (345源),fjitv280,https://345.lishuhang.com/fjitv280.m3u8,http_error,502,https://345.lishuhang.com/fjitv280.m3u8,text/plain; charset=utf-8,2395.3,60,none,0,0,False,[],[],,2026-08-15T06:31:41+00:00
地方 (345源),fjitv180,https://345.lishuhang.com/fjitv180.m3u8,http_error,502,https://345.lishuhang.com/fjitv180.m3u8,text/plain; charset=utf-8,2992.9,60,none,0,0,False,[],[],,2026-08-15T06:31:41+00:00
地方 (345源),migu88,https://345.lishuhang.com/migu88.m3u8,http_error,502,https://345.lishuhang.com/migu88.m3u8,text/plain; charset=utf-8,2409.5,60,none,0,0,False,[],[],,2026-08-15T06:31:42+00:00
地方 (345源),itv203,https://345.lishuhang.com/itv203.m3u8,http_error,502,https://345.lishuhang.com/itv203.m3u8,text/plain; charset=utf-8,2933.8,60,none,0,0,False,[],[],,2026-08-15T06:31:42+00:00
地方 (345源),itv201,https://345.lishuhang.com/itv201.m3u8,http_error,502,https://345.lishuhang.com/itv201.m3u8,text/plain; charset=utf-8,2991.9,60,none,0,0,False,[],[],,2026-08-15T06:31:42+00:00
地方 (345源),itv199,https://345.lishuhang.com/itv199.m3u8,http_error,502,https://345.lishuhang.com/itv199.m3u8,text/plain; charset=utf-8,2322.5,60,none,0,0,False,[],[],,2026-08-15T06:31:42+00:00
地方 (345源),migu83,https://345.lishuhang.com/migu83.m3u8,http_error,502,https://345.lishuhang.com/migu83.m3u8,text/plain; charset=utf-8,2508.9,60,none,0,0,False,[],[],,2026-08-15T06:31:42+00:00
地方 (345源),itv200,https://345.lishuhang.com/itv200.m3u8,http_error,502,https://345.lishuhang.com/itv200.m3u8,text/plain; charset=utf-8,3067.9,60,none,0,0,False,[],[],,2026-08-15T06:31:43+00:00
地方 (345源),itv204,https://345.lishuhang.com/itv204.m3u8,http_error,502,https://345.lishuhang.com/itv204.m3u8,text/plain; charset=utf-8,2502.4,60,none,0,0,False,[],[],,2026-08-15T06:31:43+00:00
地方 (345源),itv204,https://345.lishuhang.com/migu86.m3u8,http_error,502,https://345.lishuhang.com/migu86.m3u8,text/plain; charset=utf-8,2790.8,60,none,0,0,False,[],[],,2026-08-15T06:31:44+00:00
地方 (345源),itv326,https://345.lishuhang.com/itv326.m3u8,http_error,502,https://345.lishuhang.com/itv326.m3u8,text/plain; charset=utf-8,3331.2,60,none,0,0,False,[],[],,2026-08-15T06:31:44+00:00
地方 (345源),migu85,https://345.lishuhang.com/migu85.m3u8,http_error,502,https://345.lishuhang.com/migu85.m3u8,text/plain; charset=utf-8,2905.6,60,none,0,0,False,[],[],,2026-08-15T06:31:45+00:00
地方 (345源),itv108,https://345.lishuhang.com/itv108.m3u8,http_error,502,https://345.lishuhang.com/itv108.m3u8,text/plain; charset=utf-8,2430.0,60,none,0,0,False,[],[],,2026-08-15T06:31:45+00:00
地方 (345源),itv107,https://345.lishuhang.com/itv107.m3u8,http_error,502,https://345.lishuhang.com/itv107.m3u8,text/plain; charset=utf-8,2875.4,60,none,0,0,False,[],[],,2026-08-15T06:31:45+00:00
地方 (345源),itv276,https://345.lishuhang.com/itv276.m3u8,http_error,502,https://345.lishuhang.com/itv276.m3u8,text/plain; charset=utf-8,2233.3,60,none,0,0,False,[],[],,2026-08-15T06:31:45+00:00
地方 (345源),itv372,https://345.lishuhang.com/itv372.m3u8,http_error,502,https://345.lishuhang.com/itv372.m3u8,text/plain; charset=utf-8,2544.7,60,none,0,0,False,[],[],,2026-08-15T06:31:46+00:00
地方 (345源),itv330,https://345.lishuhang.com/itv330.m3u8,http_error,502,https://345.lishuhang.com/itv330.m3u8,text/plain; charset=utf-8,2992.1,60,none,0,0,False,[],[],,2026-08-15T06:31:46+00:00
地方 (345源),itv329,https://345.lishuhang.com/itv329.m3u8,http_error,502,https://345.lishuhang.com/itv329.m3u8,text/plain; charset=utf-8,2982.3,60,none,0,0,False,[],[],,2026-08-15T06:31:47+00:00
地方 (345源),itv122,https://345.lishuhang.com/itv122.m3u8,http_error,502,https://345.lishuhang.com/itv122.m3u8,text/plain; charset=utf-8,2409.3,60,none,0,0,False,[],[],,2026-08-15T06:31:47+00:00
地方 (345源),migu90,https://345.lishuhang.com/migu90.m3u8,http_error,502,https://345.lishuhang.com/migu90.m3u8,text/plain; charset=utf-8,2571.7,60,none,0,0,False,[],[],,2026-08-15T06:31:48+00:00
地方 (345源),itv128,https://345.lishuhang.com/itv128.m3u8,http_error,502,https://345.lishuhang.com/itv128.m3u8,text/plain; charset=utf-8,2567.1,60,none,0,0,False,[],[],,2026-08-15T06:31:48+00:00
地方 (345源),itv339,https://345.lishuhang.com/itv339.m3u8,http_error,502,https://345.lishuhang.com/itv339.m3u8,text/plain; charset=utf-8,3072.1,60,none,0,0,False,[],[],,2026-08-15T06:31:48+00:00
地方 (345源),itv3,https://345.lishuhang.com/itv3.m3u8,http_error,502,https://345.lishuhang.com/itv3.m3u8,text/plain; charset=utf-8,2909.4,60,none,0,0,False,[],[],,2026-08-15T06:31:48+00:00
地方 (345源),itv3,https://345.lishuhang.com/migu91.m3u8,http_error,502,https://345.lishuhang.com/migu91.m3u8,text/plain; charset=utf-8,2461.0,60,none,0,0,False,[],[],,2026-08-15T06:31:48+00:00
地方 (345源),itv3,https://345.lishuhang.com/ty5.m3u8,http_error,502,https://345.lishuhang.com/ty5.m3u8,text/plain; charset=utf-8,2599.6,60,none,0,0,False,[],[],,2026-08-15T06:31:49+00:00
地方 (345源),itv142,https://345.lishuhang.com/itv142.m3u8,http_error,502,https://345.lishuhang.com/itv142.m3u8,text/plain; charset=utf-8,2912.8,60,none,0,0,False,[],[],,2026-08-15T06:31:50+00:00
地方 (345源),fjitv107,https://345.lishuhang.com/fjitv107.m3u8,http_error,502,https://345.lishuhang.com/fjitv107.m3u8,text/plain; charset=utf-8,2735.2,60,none,0,0,False,[],[],,2026-08-15T06:31:50+00:00
地方 (345源),fjitv107,https://345.lishuhang.com/fjitv181.m3u8,http_error,502,https://345.lishuhang.com/fjitv181.m3u8,text/plain; charset=utf-8,2425.3,60,none,0,0,False,[],[],,2026-08-15T06:31:50+00:00
地方 (345源),fjitv107,https://345.lishuhang.com/hlitv70.m3u8,http_error,502,https://345.lishuhang.com/hlitv70.m3u8,text/plain; charset=utf-8,3037.1,60,none,0,0,False,[],[],,2026-08-15T06:31:50+00:00
地方 (345源),itv244,https://345.lishuhang.com/itv244.m3u8,http_error,502,https://345.lishuhang.com/itv244.m3u8,text/plain; charset=utf-8,2390.3,60,none,0,0,False,[],[],,2026-08-15T06:31:51+00:00
地方 (345源),itv125,https://345.lishuhang.com/itv125.m3u8,http_error,502,https://345.lishuhang.com/itv125.m3u8,text/plain; charset=utf-8,2888.2,60,none,0,0,False,[],[],,2026-08-15T06:31:51+00:00
地方 (345源),itv127,https://345.lishuhang.com/itv127.m3u8,http_error,502,https://345.lishuhang.com/itv127.m3u8,text/plain; charset=utf-8,2414.2,60,none,0,0,False,[],[],,2026-08-15T06:31:51+00:00
地方 (345源),itv332,https://345.lishuhang.com/itv332.m3u8,http_error,502,https://345.lishuhang.com/itv332.m3u8,text/plain; charset=utf-8,2472.6,60,none,0,0,False,[],[],,2026-08-15T06:31:51+00:00
地方 (345源),itv333,https://345.lishuhang.com/itv333.m3u8,http_error,502,https://345.lishuhang.com/itv333.m3u8,text/plain; charset=utf-8,2468.1,60,none,0,0,False,[],[],,2026-08-15T06:31:53+00:00
地方 (345源),itv331,https://345.lishuhang.com/itv331.m3u8,http_error,502,https://345.lishuhang.com/itv331.m3u8,text/plain; charset=utf-8,2485.0,60,none,0,0,False,[],[],,2026-08-15T06:31:53+00:00
地方 (345源),itv375,https://345.lishuhang.com/itv375.m3u8,http_error,502,https://345.lishuhang.com/itv375.m3u8,text/plain; charset=utf-8,2509.2,60,none,0,0,False,[],[],,2026-08-15T06:31:53+00:00
地方 (345源),itv376,https://345.lishuhang.com/itv376.m3u8,http_error,502,https://345.lishuhang.com/itv376.m3u8,text/plain; charset=utf-8,2468.7,60,none,0,0,False,[],[],,2026-08-15T06:31:53+00:00
地方 (345源),itv379,https://345.lishuhang.com/itv379.m3u8,http_error,502,https://345.lishuhang.com/itv379.m3u8,text/plain; charset=utf-8,2380.3,60,none,0,0,False,[],[],,2026-08-15T06:31:53+00:00
地方 (345源),itv380,https://345.lishuhang.com/itv380.m3u8,http_error,502,https://345.lishuhang.com/itv380.m3u8,text/plain; charset=utf-8,2378.8,60,none,0,0,False,[],[],,2026-08-15T06:31:53+00:00
地方 (345源),itv377,https://345.lishuhang.com/itv377.m3u8,http_error,502,https://345.lishuhang.com/itv377.m3u8,text/plain; charset=utf-8,2421.6,60,none,0,0,False,[],[],,2026-08-15T06:31:54+00:00
地方 (345源),itv374,https://345.lishuhang.com/itv374.m3u8,http_error,502,https://345.lishuhang.com/itv374.m3u8,text/plain; charset=utf-8,2994.2,60,none,0,0,False,[],[],,2026-08-15T06:31:54+00:00
地方 (345源),itv378,https://345.lishuhang.com/itv378.m3u8,http_error,502,https://345.lishuhang.com/itv378.m3u8,text/plain; charset=utf-8,2841.7,60,none,0,0,False,[],[],,2026-08-15T06:31:55+00:00
地方 (345源),itv381,https://345.lishuhang.com/itv381.m3u8,http_error,502,https://345.lishuhang.com/itv381.m3u8,text/plain; charset=utf-8,2256.9,60,none,0,0,False,[],[],,2026-08-15T06:31:55+00:00
地方 (345源),fjitv97,https://345.lishuhang.com/fjitv97.m3u8,http_error,502,https://345.lishuhang.com/fjitv97.m3u8,text/plain; charset=utf-8,2377.3,60,none,0,0,False,[],[],,2026-08-15T06:31:55+00:00
地方 (345源),fjitv97,https://345.lishuhang.com/fjitv235.m3u8,http_error,502,https://345.lishuhang.com/fjitv235.m3u8,text/plain; charset=utf-8,2223.7,60,none,0,0,False,[],[],,2026-08-15T06:31:56+00:00
地方 (345源),fjitv97,https://345.lishuhang.com/itv1.m3u8,http_error,502,https://345.lishuhang.com/itv1.m3u8,text/plain; charset=utf-8,2900.7,60,none,0,0,False,[],[],,2026-08-15T06:31:56+00:00
地方 (345源),fjitv97,https://345.lishuhang.com/migu93.m3u8,http_error,502,https://345.lishuhang.com/migu93.m3u8,text/plain; charset=utf-8,2160.9,60,none,0,0,False,[],[],,2026-08-15T06:31:56+00:00
地方 (345源),fjitv97,https://345.lishuhang.com/ty4.m3u8,http_error,502,https://345.lishuhang.com/ty4.m3u8,text/plain; charset=utf-8,2961.7,60,none,0,0,False,[],[],,2026-08-15T06:31:56+00:00
地方 (345源),itv109,https://345.lishuhang.com/itv109.m3u8,http_error,502,https://345.lishuhang.com/itv109.m3u8,text/plain; charset=utf-8,2257.5,60,none,0,0,False,[],[],,2026-08-15T06:31:57+00:00
地方 (345源),ipv628,https://345.lishuhang.com/ipv628.m3u8,http_error,502,https://345.lishuhang.com/ipv628.m3u8,text/plain; charset=utf-8,2569.1,87,none,0,0,False,[],[],,2026-08-15T06:31:57+00:00
地方 (345源),ipv628,https://345.lishuhang.com/ipv658.m3u8,http_error,502,https://345.lishuhang.com/ipv658.m3u8,text/plain; charset=utf-8,2396.2,87,none,0,0,False,[],[],,2026-08-15T06:31:58+00:00
地方 (345源),ipv628,https://345.lishuhang.com/itv77.m3u8,http_error,502,https://345.lishuhang.com/itv77.m3u8,text/plain; charset=utf-8,2931.7,60,none,0,0,False,[],[],,2026-08-15T06:31:58+00:00
地方 (345源),ipv627,https://345.lishuhang.com/ipv627.m3u8,http_error,502,https://345.lishuhang.com/ipv627.m3u8,text/plain; charset=utf-8,2454.7,87,none,0,0,False,[],[],,2026-08-15T06:31:58+00:00
地方 (345源),ipv627,https://345.lishuhang.com/ipv656.m3u8,http_error,502,https://345.lishuhang.com/ipv656.m3u8,text/plain; charset=utf-8,2491.8,87,none,0,0,False,[],[],,2026-08-15T06:31:58+00:00
地方 (345源),ipv627,https://345.lishuhang.com/itv82.m3u8,http_error,502,https://345.lishuhang.com/itv82.m3u8,text/plain; charset=utf-8,3142.3,60,none,0,0,False,[],[],,2026-08-15T06:31:59+00:00
地方 (345源),ipv629,https://345.lishuhang.com/ipv629.m3u8,http_error,502,https://345.lishuhang.com/ipv629.m3u8,text/plain; charset=utf-8,2768.9,87,none,0,0,False,[],[],,2026-08-15T06:31:59+00:00
地方 (345源),ipv629,https://345.lishuhang.com/ipv662.m3u8,http_error,502,https://345.lishuhang.com/ipv662.m3u8,text/plain; charset=utf-8,2440.6,87,none,0,0,False,[],[],,2026-08-15T06:31:59+00:00
地方 (345源),ipv629,https://345.lishuhang.com/itv75.m3u8,http_error,502,https://345.lishuhang.com/itv75.m3u8,text/plain; charset=utf-8,2200.9,60,none,0,0,False,[],[],,2026-08-15T06:32:00+00:00
地方 (345源),ipv660,https://345.lishuhang.com/ipv660.m3u8,http_error,502,https://345.lishuhang.com/ipv660.m3u8,text/plain; charset=utf-8,2185.5,87,none,0,0,False,[],[],,2026-08-15T06:32:00+00:00
地方 (345源),ipv660,https://345.lishuhang.com/itv76.m3u8,http_error,502,https://345.lishuhang.com/itv76.m3u8,text/plain; charset=utf-8,2383.5,60,none,0,0,False,[],[],,2026-08-15T06:32:00+00:00
地方 (345源),ipv657,https://345.lishuhang.com/ipv657.m3u8,http_error,502,https://345.lishuhang.com/ipv657.m3u8,text/plain; charset=utf-8,2402.2,87,none,0,0,False,[],[],,2026-08-15T06:32:00+00:00
地方 (345源),ipv657,https://345.lishuhang.com/itv81.m3u8,http_error,502,https://345.lishuhang.com/itv81.m3u8,text/plain; charset=utf-8,2539.1,60,none,0,0,False,[],[],,2026-08-15T06:32:01+00:00
地方 (345源),migu79,https://345.lishuhang.com/migu79.m3u8,http_error,502,https://345.lishuhang.com/migu79.m3u8,text/plain; charset=utf-8,2499.6,60,none,0,0,False,[],[],,2026-08-15T06:32:02+00:00
地方 (345源),migu79,https://345.lishuhang.com/ipv630.m3u8,http_error,502,https://345.lishuhang.com/ipv630.m3u8,text/plain; charset=utf-8,2412.4,87,none,0,0,False,[],[],,2026-08-15T06:32:02+00:00
地方 (345源),migu79,https://345.lishuhang.com/itv79.m3u8,http_error,502,https://345.lishuhang.com/itv79.m3u8,text/plain; charset=utf-8,2364.4,60,none,0,0,False,[],[],,2026-08-15T06:32:02+00:00
地方 (345源),migu79,https://345.lishuhang.com/fjitv25.m3u8,http_error,502,https://345.lishuhang.com/fjitv25.m3u8,text/plain; charset=utf-8,2605.8,60,none,0,0,False,[],[],,2026-08-15T06:32:02+00:00
地方 (345源),migu79,https://345.lishuhang.com/hlitv143.m3u8,http_error,502,https://345.lishuhang.com/hlitv143.m3u8,text/plain; charset=utf-8,2489.6,60,none,0,0,False,[],[],,2026-08-15T06:32:02+00:00
地方 (345源),ipv659,https://345.lishuhang.com/ipv659.m3u8,http_error,502,https://345.lishuhang.com/ipv659.m3u8,text/plain; charset=utf-8,2449.4,87,none,0,0,False,[],[],,2026-08-15T06:32:03+00:00
地方 (345源),ipv659,https://345.lishuhang.com/itv78.m3u8,http_error,502,https://345.lishuhang.com/itv78.m3u8,text/plain; charset=utf-8,2949.9,60,none,0,0,False,[],[],,2026-08-15T06:32:03+00:00
地方 (345源),ipv661,https://345.lishuhang.com/ipv661.m3u8,http_error,502,https://345.lishuhang.com/ipv661.m3u8,text/plain; charset=utf-8,2940.2,87,none,0,0,False,[],[],,2026-08-15T06:32:03+00:00
地方 (345源),ipv661,https://345.lishuhang.com/itv80.m3u8,http_error,502,https://345.lishuhang.com/itv80.m3u8,text/plain; charset=utf-8,2959.2,60,none,0,0,False,[],[],,2026-08-15T06:32:04+00:00
地方 (345源),itv301,https://345.lishuhang.com/itv301.m3u8,http_error,502,https://345.lishuhang.com/itv301.m3u8,text/plain; charset=utf-8,2412.0,60,none,0,0,False,[],[],,2026-08-15T06:32:04+00:00
地方 (345源),itv302,https://345.lishuhang.com/itv302.m3u8,http_error,502,https://345.lishuhang.com/itv302.m3u8,text/plain; charset=utf-8,2407.1,60,none,0,0,False,[],[],,2026-08-15T06:32:04+00:00
地方 (345源),itv300,https://345.lishuhang.com/itv300.m3u8,http_error,502,https://345.lishuhang.com/itv300.m3u8,text/plain; charset=utf-8,2901.5,60,none,0,0,False,[],[],,2026-08-15T06:32:05+00:00
地方 (345源),itv97,https://345.lishuhang.com/itv97.m3u8,http_error,502,https://345.lishuhang.com/itv97.m3u8,text/plain; charset=utf-8,2436.2,60,none,0,0,False,[],[],,2026-08-15T06:32:05+00:00
地方 (345源),itv97,https://345.lishuhang.com/ty19.m3u8,http_error,502,https://345.lishuhang.com/ty19.m3u8,text/plain; charset=utf-8,2798.6,60,none,0,0,False,[],[],,2026-08-15T06:32:05+00:00
地方 (345源),itv143,https://345.lishuhang.com/itv143.m3u8,http_error,502,https://345.lishuhang.com/itv143.m3u8,text/plain; charset=utf-8,2500.4,60,none,0,0,False,[],[],,2026-08-15T06:32:06+00:00
地方 (345源),fjitv104,https://345.lishuhang.com/fjitv104.m3u8,http_error,502,https://345.lishuhang.com/fjitv104.m3u8,text/plain; charset=utf-8,2973.9,60,none,0,0,False,[],[],,2026-08-15T06:32:06+00:00
地方 (345源),itv185,https://345.lishuhang.com/itv185.m3u8,http_error,502,https://345.lishuhang.com/itv185.m3u8,text/plain; charset=utf-8,3018.3,60,none,0,0,False,[],[],,2026-08-15T06:32:07+00:00
地方 (345源),itv187,https://345.lishuhang.com/itv187.m3u8,http_error,502,https://345.lishuhang.com/itv187.m3u8,text/plain; charset=utf-8,2893.9,60,none,0,0,False,[],[],,2026-08-15T06:32:07+00:00
地方 (345源),itv186,https://345.lishuhang.com/itv186.m3u8,http_error,502,https://345.lishuhang.com/itv186.m3u8,text/plain; charset=utf-8,2961.9,60,none,0,0,False,[],[],,2026-08-15T06:32:07+00:00
地方 (345源),itv365,https://345.lishuhang.com/itv365.m3u8,http_error,502,https://345.lishuhang.com/itv365.m3u8,text/plain; charset=utf-8,2535.3,60,none,0,0,False,[],[],,2026-08-15T06:32:07+00:00
地方 (345源),itv134,https://345.lishuhang.com/itv134.m3u8,http_error,502,https://345.lishuhang.com/itv134.m3u8,text/plain; charset=utf-8,2433.9,60,none,0,0,False,[],[],,2026-08-15T06:32:08+00:00
地方 (345源),itv147,https://345.lishuhang.com/itv147.m3u8,http_error,502,https://345.lishuhang.com/itv147.m3u8,text/plain; charset=utf-8,2862.1,60,none,0,0,False,[],[],,2026-08-15T06:32:08+00:00
地方 (345源),hlitv71,https://345.lishuhang.com/hlitv71.m3u8,http_error,502,https://345.lishuhang.com/hlitv71.m3u8,text/plain; charset=utf-8,3103.2,60,none,0,0,False,[],[],,2026-08-15T06:32:08+00:00
地方 (345源),hlitv71,https://345.lishuhang.com/itv207.m3u8,http_error,502,https://345.lishuhang.com/itv207.m3u8,text/plain; charset=utf-8,2119.7,60,none,0,0,False,[],[],,2026-08-15T06:32:09+00:00
地方 (345源),hlitv71,https://345.lishuhang.com/migu89.m3u8,http_error,502,https://345.lishuhang.com/migu89.m3u8,text/plain; charset=utf-8,2526.3,60,none,0,0,False,[],[],,2026-08-15T06:32:10+00:00
地方 (345源),itv148,https://345.lishuhang.com/itv148.m3u8,http_error,502,https://345.lishuhang.com/itv148.m3u8,text/plain; charset=utf-8,2391.4,60,none,0,0,False,[],[],,2026-08-15T06:32:10+00:00
地方 (345源),itv150,https://345.lishuhang.com/itv150.m3u8,http_error,502,https://345.lishuhang.com/itv150.m3u8,text/plain; charset=utf-8,2438.4,60,none,0,0,False,[],[],,2026-08-15T06:32:10+00:00
地方 (345源),itv149,https://345.lishuhang.com/itv149.m3u8,http_error,502,https://345.lishuhang.com/itv149.m3u8,text/plain; charset=utf-8,2492.8,60,none,0,0,False,[],[],,2026-08-15T06:32:10+00:00
地方 (345源),itv211,https://345.lishuhang.com/itv211.m3u8,http_error,502,https://345.lishuhang.com/itv211.m3u8,text/plain; charset=utf-8,2494.2,60,none,0,0,False,[],[],,2026-08-15T06:32:10+00:00
地方 (345源),itv291,https://345.lishuhang.com/itv291.m3u8,http_error,502,https://345.lishuhang.com/itv291.m3u8,text/plain; charset=utf-8,2891.0,60,none,0,0,False,[],[],,2026-08-15T06:32:11+00:00
地方 (345源),itv287,https://345.lishuhang.com/itv287.m3u8,http_error,502,https://345.lishuhang.com/itv287.m3u8,text/plain; charset=utf-8,2397.4,60,none,0,0,False,[],[],,2026-08-15T06:32:11+00:00
地方 (345源),itv288,https://345.lishuhang.com/itv288.m3u8,http_error,502,https://345.lishuhang.com/itv288.m3u8,text/plain; charset=utf-8,2489.3,60,none,0,0,False,[],[],,2026-08-15T06:32:11+00:00
地方 (345源),itv289,https://345.lishuhang.com/itv289.m3u8,http_error,502,https://345.lishuhang.com/itv289.m3u8,text/plain; charset=utf-8,2430.1,60,none,0,0,False,[],[],,2026-08-15T06:32:12+00:00
地方 (345源),itv290,https://345.lishuhang.com/itv290.m3u8,http_error,502,https://345.lishuhang.com/itv290.m3u8,text/plain; charset=utf-8,2965.3,60,none,0,0,False,[],[],,2026-08-15T06:32:12+00:00
地方 (345源),itv292,https://345.lishuhang.com/itv292.m3u8,http_error,502,https://345.lishuhang.com/itv292.m3u8,text/plain; charset=utf-8,2996.4,60,none,0,0,False,[],[],,2026-08-15T06:32:12+00:00
地方 (345源),migu80,https://345.lishuhang.com/migu80.m3u8,http_error,502,https://345.lishuhang.com/migu80.m3u8,text/plain; charset=utf-8,2487.6,60,none,0,0,False,[],[],,2026-08-15T06:32:12+00:00
地方 (345源),migu80,https://345.lishuhang.com/ty14.m3u8,http_error,502,https://345.lishuhang.com/ty14.m3u8,text/plain; charset=utf-8,2184.8,60,none,0,0,False,[],[],,2026-08-15T06:32:13+00:00
地方 (345源),itv385,https://345.lishuhang.com/itv385.m3u8,http_error,502,https://345.lishuhang.com/itv385.m3u8,text/plain; charset=utf-8,3112.5,60,none,0,0,False,[],[],,2026-08-15T06:32:14+00:00
地方 (345源),itv144,https://345.lishuhang.com/itv144.m3u8,http_error,502,https://345.lishuhang.com/itv144.m3u8,text/plain; charset=utf-8,2357.4,60,none,0,0,False,[],[],,2026-08-15T06:32:14+00:00
地方 (345源),itv370,https://345.lishuhang.com/itv370.m3u8,http_error,502,https://345.lishuhang.com/itv370.m3u8,text/plain; charset=utf-8,2966.4,60,none,0,0,False,[],[],,2026-08-15T06:32:14+00:00
地方 (345源),itv371,https://345.lishuhang.com/itv371.m3u8,http_error,502,https://345.lishuhang.com/itv371.m3u8,text/plain; charset=utf-8,2701.4,60,none,0,0,False,[],[],,2026-08-15T06:32:14+00:00
地方 (345源),fjitv276,https://345.lishuhang.com/fjitv276.m3u8,http_error,502,https://345.lishuhang.com/fjitv276.m3u8,text/plain; charset=utf-8,2981.4,60,none,0,0,False,[],[],,2026-08-15T06:32:15+00:00
地方 (345源),fjitv277,https://345.lishuhang.com/fjitv277.m3u8,http_error,502,https://345.lishuhang.com/fjitv277.m3u8,text/plain; charset=utf-8,2436.5,60,none,0,0,False,[],[],,2026-08-15T06:32:15+00:00
地方 (345源),itv227,https://345.lishuhang.com/itv227.m3u8,http_error,502,https://345.lishuhang.com/itv227.m3u8,text/plain; charset=utf-8,2815.3,60,none,0,0,False,[],[],,2026-08-15T06:32:15+00:00
地方 (345源),itv228,https://345.lishuhang.com/itv228.m3u8,http_error,502,https://345.lishuhang.com/itv228.m3u8,text/plain; charset=utf-8,2405.6,60,none,0,0,False,[],[],,2026-08-15T06:32:15+00:00
地方 (345源),itv229,https://345.lishuhang.com/itv229.m3u8,http_error,502,https://345.lishuhang.com/itv229.m3u8,text/plain; charset=utf-8,2403.0,60,none,0,0,False,[],[],,2026-08-15T06:32:16+00:00
地方 (345源),itv278,https://345.lishuhang.com/itv278.m3u8,http_error,502,https://345.lishuhang.com/itv278.m3u8,text/plain; charset=utf-8,2388.7,60,none,0,0,False,[],[],,2026-08-15T06:32:17+00:00
地方 (345源),itv277,https://345.lishuhang.com/itv277.m3u8,http_error,502,https://345.lishuhang.com/itv277.m3u8,text/plain; charset=utf-8,2435.6,60,none,0,0,False,[],[],,2026-08-15T06:32:17+00:00
地方 (345源),itv268,https://345.lishuhang.com/itv268.m3u8,http_error,502,https://345.lishuhang.com/itv268.m3u8,text/plain; charset=utf-8,3301.0,60,none,0,0,False,[],[],,2026-08-15T06:32:17+00:00
地方 (345源),fjitv106,https://345.lishuhang.com/fjitv106.m3u8,http_error,502,https://345.lishuhang.com/fjitv106.m3u8,text/plain; charset=utf-8,2559.3,60,none,0,0,False,[],[],,2026-08-15T06:32:17+00:00
地方 (345源),fjitv106,https://345.lishuhang.com/ipv6104.m3u8,http_error,502,https://345.lishuhang.com/ipv6104.m3u8,text/plain; charset=utf-8,2980.5,87,none,0,0,False,[],[],,2026-08-15T06:32:18+00:00
地方 (345源),itv266,https://345.lishuhang.com/itv266.m3u8,http_error,502,https://345.lishuhang.com/itv266.m3u8,text/plain; charset=utf-8,2416.0,60,none,0,0,False,[],[],,2026-08-15T06:32:18+00:00
地方 (345源),itv267,https://345.lishuhang.com/itv267.m3u8,http_error,502,https://345.lishuhang.com/itv267.m3u8,text/plain; charset=utf-8,2389.1,60,none,0,0,False,[],[],,2026-08-15T06:32:18+00:00
地方 (345源),itv265,https://345.lishuhang.com/itv265.m3u8,http_error,502,https://345.lishuhang.com/itv265.m3u8,text/plain; charset=utf-8,2910.9,60,none,0,0,False,[],[],,2026-08-15T06:32:18+00:00
地方 (345源),itv353,https://345.lishuhang.com/itv353.m3u8,http_error,502,https://345.lishuhang.com/itv353.m3u8,text/plain; charset=utf-8,2411.3,60,none,0,0,False,[],[],,2026-08-15T06:32:19+00:00
地方 (345源),itv311,https://345.lishuhang.com/itv311.m3u8,http_error,502,https://345.lishuhang.com/itv311.m3u8,text/plain; charset=utf-8,2574.6,60,none,0,0,False,[],[],,2026-08-15T06:32:19+00:00
地方 (345源),itv310,https://345.lishuhang.com/itv310.m3u8,http_error,502,https://345.lishuhang.com/itv310.m3u8,text/plain; charset=utf-8,2909.8,60,none,0,0,False,[],[],,2026-08-15T06:32:20+00:00
地方 (345源),itv4,https://345.lishuhang.com/itv4.m3u8,http_error,502,https://345.lishuhang.com/itv4.m3u8,text/plain; charset=utf-8,2452.8,60,none,0,0,False,[],[],,2026-08-15T06:32:20+00:00
地方 (345源),itv4,https://345.lishuhang.com/ty3.m3u8,http_error,502,https://345.lishuhang.com/ty3.m3u8,text/plain; charset=utf-8,2738.8,60,none,0,0,False,[],[],,2026-08-15T06:32:20+00:00
地方 (345源),itv86,https://345.lishuhang.com/itv86.m3u8,http_error,502,https://345.lishuhang.com/itv86.m3u8,text/plain; charset=utf-8,2384.1,60,none,0,0,False,[],[],,2026-08-15T06:32:20+00:00
地方 (345源),itv87,https://345.lishuhang.com/itv87.m3u8,http_error,502,https://345.lishuhang.com/itv87.m3u8,text/plain; charset=utf-8,2522.3,60,none,0,0,False,[],[],,2026-08-15T06:32:21+00:00
地方 (345源),itv94,https://345.lishuhang.com/itv94.m3u8,http_error,502,https://345.lishuhang.com/itv94.m3u8,text/plain; charset=utf-8,2485.9,60,none,0,0,False,[],[],,2026-08-15T06:32:21+00:00
地方 (345源),itv93,https://345.lishuhang.com/itv93.m3u8,http_error,502,https://345.lishuhang.com/itv93.m3u8,text/plain; charset=utf-8,2421.4,60,none,0,0,False,[],[],,2026-08-15T06:32:22+00:00
地方 (345源),itv89,https://345.lishuhang.com/itv89.m3u8,http_error,502,https://345.lishuhang.com/itv89.m3u8,text/plain; charset=utf-8,2609.2,60,none,0,0,False,[],[],,2026-08-15T06:32:22+00:00
地方 (345源),itv85,https://345.lishuhang.com/itv85.m3u8,http_error,502,https://345.lishuhang.com/itv85.m3u8,text/plain; charset=utf-8,2647.6,60,none,0,0,False,[],[],,2026-08-15T06:32:23+00:00
地方 (345源),itv5,https://345.lishuhang.com/itv5.m3u8,http_error,502,https://345.lishuhang.com/itv5.m3u8,text/plain; charset=utf-8,2342.2,60,none,0,0,False,[],[],,2026-08-15T06:32:23+00:00
地方 (345源),itv5,https://345.lishuhang.com/itv84.m3u8,http_error,502,https://345.lishuhang.com/itv84.m3u8,text/plain; charset=utf-8,2462.5,60,none,0,0,False,[],[],,2026-08-15T06:32:23+00:00
地方 (345源),itv5,https://345.lishuhang.com/ws37.m3u8,http_error,502,https://345.lishuhang.com/ws37.m3u8,text/plain; charset=utf-8,2429.1,60,none,0,0,False,[],[],,2026-08-15T06:32:23+00:00
地方 (345源),itv90,https://345.lishuhang.com/itv90.m3u8,http_error,502,https://345.lishuhang.com/itv90.m3u8,text/plain; charset=utf-8,2528.5,60,none,0,0,False,[],[],,2026-08-15T06:32:23+00:00
地方 (345源),itv92,https://345.lishuhang.com/itv92.m3u8,http_error,502,https://345.lishuhang.com/itv92.m3u8,text/plain; charset=utf-8,3033.8,60,none,0,0,False,[],[],,2026-08-15T06:32:24+00:00
地方 (345源),itv324,https://345.lishuhang.com/itv324.m3u8,http_error,502,https://345.lishuhang.com/itv324.m3u8,text/plain; charset=utf-8,2382.2,60,none,0,0,False,[],[],,2026-08-15T06:32:24+00:00
地方 (345源),itv117,https://345.lishuhang.com/itv117.m3u8,http_error,502,https://345.lishuhang.com/itv117.m3u8,text/plain; charset=utf-8,2404.5,60,none,0,0,False,[],[],,2026-08-15T06:32:24+00:00
地方 (345源),itv323,https://345.lishuhang.com/itv323.m3u8,http_error,502,https://345.lishuhang.com/itv323.m3u8,text/plain; charset=utf-8,2825.0,60,none,0,0,False,[],[],,2026-08-15T06:32:25+00:00
地方 (345源),itv104,https://345.lishuhang.com/itv104.m3u8,http_error,502,https://345.lishuhang.com/itv104.m3u8,text/plain; charset=utf-8,2381.0,60,none,0,0,False,[],[],,2026-08-15T06:32:25+00:00
地方 (345源),itv101,https://345.lishuhang.com/itv101.m3u8,http_error,502,https://345.lishuhang.com/itv101.m3u8,text/plain; charset=utf-8,2965.1,60,none,0,0,False,[],[],,2026-08-15T06:32:25+00:00
地方 (345源),itv99,https://345.lishuhang.com/itv99.m3u8,http_error,502,https://345.lishuhang.com/itv99.m3u8,text/plain; charset=utf-8,2537.9,60,none,0,0,False,[],[],,2026-08-15T06:32:25+00:00
地方 (345源),itv102,https://345.lishuhang.com/itv102.m3u8,http_error,502,https://345.lishuhang.com/itv102.m3u8,text/plain; charset=utf-8,2925.8,60,none,0,0,False,[],[],,2026-08-15T06:32:26+00:00
地方 (345源),itv98,https://345.lishuhang.com/itv98.m3u8,http_error,502,https://345.lishuhang.com/itv98.m3u8,text/plain; charset=utf-8,2438.9,60,none,0,0,False,[],[],,2026-08-15T06:32:26+00:00
地方 (345源),itv103,https://345.lishuhang.com/itv103.m3u8,http_error,502,https://345.lishuhang.com/itv103.m3u8,text/plain; charset=utf-8,2479.4,60,none,0,0,False,[],[],,2026-08-15T06:32:27+00:00
地方 (345源),itv103,https://345.lishuhang.com/ty20.m3u8,http_error,502,https://345.lishuhang.com/ty20.m3u8,text/plain; charset=utf-8,3081.6,60,none,0,0,False,[],[],,2026-08-15T06:32:27+00:00
地方 (345源),itv100,https://345.lishuhang.com/itv100.m3u8,http_error,502,https://345.lishuhang.com/itv100.m3u8,text/plain; charset=utf-8,2521.6,60,none,0,0,False,[],[],,2026-08-15T06:32:28+00:00
地方 (345源),itv325,https://345.lishuhang.com/itv325.m3u8,http_error,502,https://345.lishuhang.com/itv325.m3u8,text/plain; charset=utf-8,2461.7,60,none,0,0,False,[],[],,2026-08-15T06:32:28+00:00
地方 (345源),itv121,https://345.lishuhang.com/itv121.m3u8,http_error,502,https://345.lishuhang.com/itv121.m3u8,text/plain; charset=utf-8,2551.5,60,none,0,0,False,[],[],,2026-08-15T06:32:28+00:00
地方 (345源),itv280,https://345.lishuhang.com/itv280.m3u8,http_error,502,https://345.lishuhang.com/itv280.m3u8,text/plain; charset=utf-8,2945.4,60,none,0,0,False,[],[],,2026-08-15T06:32:28+00:00
地方 (345源),itv279,https://345.lishuhang.com/itv279.m3u8,http_error,502,https://345.lishuhang.com/itv279.m3u8,text/plain; charset=utf-8,2363.8,60,none,0,0,False,[],[],,2026-08-15T06:32:29+00:00
地方 (345源),itv338,https://345.lishuhang.com/itv338.m3u8,http_error,502,https://345.lishuhang.com/itv338.m3u8,text/plain; charset=utf-8,2558.7,60,none,0,0,False,[],[],,2026-08-15T06:32:29+00:00
地方 (345源),itv112,https://345.lishuhang.com/itv112.m3u8,http_error,502,https://345.lishuhang.com/itv112.m3u8,text/plain; charset=utf-8,2392.9,60,none,0,0,False,[],[],,2026-08-15T06:32:29+00:00
地方 (345源),itv119,https://345.lishuhang.com/itv119.m3u8,http_error,502,https://345.lishuhang.com/itv119.m3u8,text/plain; charset=utf-8,3020.9,60,none,0,0,False,[],[],,2026-08-15T06:32:30+00:00
地方 (345源),itv131,https://345.lishuhang.com/itv131.m3u8,http_error,502,https://345.lishuhang.com/itv131.m3u8,text/plain; charset=utf-8,2503.3,60,none,0,0,False,[],[],,2026-08-15T06:32:30+00:00
地方 (345源),itv271,https://345.lishuhang.com/itv271.m3u8,http_error,502,https://345.lishuhang.com/itv271.m3u8,text/plain; charset=utf-8,2446.1,60,none,0,0,False,[],[],,2026-08-15T06:32:30+00:00
地方 (345源),itv270,https://345.lishuhang.com/itv270.m3u8,http_error,502,https://345.lishuhang.com/itv270.m3u8,text/plain; charset=utf-8,2414.0,60,none,0,0,False,[],[],,2026-08-15T06:32:31+00:00
地方 (345源),itv322,https://345.lishuhang.com/itv322.m3u8,http_error,502,https://345.lishuhang.com/itv322.m3u8,text/plain; charset=utf-8,3075.0,60,none,0,0,False,[],[],,2026-08-15T06:32:31+00:00
地方 (345源),itv321,https://345.lishuhang.com/itv321.m3u8,http_error,502,https://345.lishuhang.com/itv321.m3u8,text/plain; charset=utf-8,2401.5,60,none,0,0,False,[],[],,2026-08-15T06:32:31+00:00
地方 (345源),itv130,https://345.lishuhang.com/itv130.m3u8,http_error,502,https://345.lishuhang.com/itv130.m3u8,text/plain; charset=utf-8,2417.4,60,none,0,0,False,[],[],,2026-08-15T06:32:31+00:00
地方 (345源),itv118,https://345.lishuhang.com/itv118.m3u8,http_error,502,https://345.lishuhang.com/itv118.m3u8,text/plain; charset=utf-8,2457.5,60,none,0,0,False,[],[],,2026-08-15T06:32:32+00:00
地方 (345源),itv129,https://345.lishuhang.com/itv129.m3u8,http_error,502,https://345.lishuhang.com/itv129.m3u8,text/plain; charset=utf-8,3407.6,60,none,0,0,False,[],[],,2026-08-15T06:32:33+00:00
地方 (345源),itv297,https://345.lishuhang.com/itv297.m3u8,http_error,502,https://345.lishuhang.com/itv297.m3u8,text/plain; charset=utf-8,2905.8,60,none,0,0,False,[],[],,2026-08-15T06:32:33+00:00
地方 (345源),itv298,https://345.lishuhang.com/itv298.m3u8,http_error,502,https://345.lishuhang.com/itv298.m3u8,text/plain; charset=utf-8,3003.7,60,none,0,0,False,[],[],,2026-08-15T06:32:33+00:00
地方 (345源),itv296,https://345.lishuhang.com/itv296.m3u8,http_error,502,https://345.lishuhang.com/itv296.m3u8,text/plain; charset=utf-8,2376.5,60,none,0,0,False,[],[],,2026-08-15T06:32:33+00:00
地方 (345源),itv299,https://345.lishuhang.com/itv299.m3u8,http_error,502,https://345.lishuhang.com/itv299.m3u8,text/plain; charset=utf-8,2447.7,60,none,0,0,False,[],[],,2026-08-15T06:32:34+00:00
地方 (345源),itv344,https://345.lishuhang.com/itv344.m3u8,http_error,502,https://345.lishuhang.com/itv344.m3u8,text/plain; charset=utf-8,2419.0,60,none,0,0,False,[],[],,2026-08-15T06:32:34+00:00
地方 (345源),itv343,https://345.lishuhang.com/itv343.m3u8,http_error,502,https://345.lishuhang.com/itv343.m3u8,text/plain; charset=utf-8,2448.6,60,none,0,0,False,[],[],,2026-08-15T06:32:34+00:00
地方 (345源),itv242,https://345.lishuhang.com/itv242.m3u8,http_error,502,https://345.lishuhang.com/itv242.m3u8,text/plain; charset=utf-8,2963.6,60,none,0,0,False,[],[],,2026-08-15T06:32:34+00:00
地方 (345源),itv135,https://345.lishuhang.com/itv135.m3u8,http_error,502,https://345.lishuhang.com/itv135.m3u8,text/plain; charset=utf-8,3010.2,60,none,0,0,False,[],[],,2026-08-15T06:32:35+00:00
地方 (345源),itv240,https://345.lishuhang.com/itv240.m3u8,http_error,502,https://345.lishuhang.com/itv240.m3u8,text/plain; charset=utf-8,2419.1,60,none,0,0,False,[],[],,2026-08-15T06:32:36+00:00
地方 (345源),itv239,https://345.lishuhang.com/itv239.m3u8,http_error,502,https://345.lishuhang.com/itv239.m3u8,text/plain; charset=utf-8,2400.2,60,none,0,0,False,[],[],,2026-08-15T06:32:36+00:00
地方 (345源),itv363,https://345.lishuhang.com/itv363.m3u8,http_error,502,https://345.lishuhang.com/itv363.m3u8,text/plain; charset=utf-8,2439.2,60,none,0,0,False,[],[],,2026-08-15T06:32:36+00:00
地方 (345源),itv364,https://345.lishuhang.com/itv364.m3u8,http_error,502,https://345.lishuhang.com/itv364.m3u8,text/plain; charset=utf-8,2487.5,60,none,0,0,False,[],[],,2026-08-15T06:32:36+00:00
地方 (345源),itv359,https://345.lishuhang.com/itv359.m3u8,http_error,502,https://345.lishuhang.com/itv359.m3u8,text/plain; charset=utf-8,2475.8,60,none,0,0,False,[],[],,2026-08-15T06:32:36+00:00
地方 (345源),itv358,https://345.lishuhang.com/itv358.m3u8,http_error,502,https://345.lishuhang.com/itv358.m3u8,text/plain; charset=utf-8,3075.5,60,none,0,0,False,[],[],,2026-08-15T06:32:36+00:00
地方 (345源),itv357,https://345.lishuhang.com/itv357.m3u8,http_error,502,https://345.lishuhang.com/itv357.m3u8,text/plain; charset=utf-8,2978.4,60,none,0,0,False,[],[],,2026-08-15T06:32:37+00:00
地方 (345源),itv356,https://345.lishuhang.com/itv356.m3u8,http_error,502,https://345.lishuhang.com/itv356.m3u8,text/plain; charset=utf-8,2505.8,60,none,0,0,False,[],[],,2026-08-15T06:32:38+00:00
地方 (345源),itv362,https://345.lishuhang.com/itv362.m3u8,http_error,502,https://345.lishuhang.com/itv362.m3u8,text/plain; charset=utf-8,2469.9,60,none,0,0,False,[],[],,2026-08-15T06:32:38+00:00
地方 (345源),itv360,https://345.lishuhang.com/itv360.m3u8,http_error,502,https://345.lishuhang.com/itv360.m3u8,text/plain; charset=utf-8,2423.4,60,none,0,0,False,[],[],,2026-08-15T06:32:38+00:00
地方 (345源),itv361,https://345.lishuhang.com/itv361.m3u8,http_error,502,https://345.lishuhang.com/itv361.m3u8,text/plain; charset=utf-8,2428.3,60,none,0,0,False,[],[],,2026-08-15T06:32:38+00:00
地方 (345源),itv192,https://345.lishuhang.com/itv192.m3u8,http_error,502,https://345.lishuhang.com/itv192.m3u8,text/plain; charset=utf-8,2899.9,60,none,0,0,False,[],[],,2026-08-15T06:32:39+00:00
地方 (345源),itv2,https://345.lishuhang.com/itv2.m3u8,http_error,502,https://345.lishuhang.com/itv2.m3u8,text/plain; charset=utf-8,2886.4,60,none,0,0,False,[],[],,2026-08-15T06:32:39+00:00
地方 (345源),itv2,https://345.lishuhang.com/ty6.m3u8,http_error,502,https://345.lishuhang.com/ty6.m3u8,text/plain; charset=utf-8,2417.7,60,none,0,0,False,[],[],,2026-08-15T06:32:40+00:00
地方 (345源),fjitv296,https://345.lishuhang.com/fjitv296.m3u8,http_error,502,https://345.lishuhang.com/fjitv296.m3u8,text/plain; charset=utf-8,2484.4,60,none,0,0,False,[],[],,2026-08-15T06:32:40+00:00
地方 (345源),fjitv296,https://345.lishuhang.com/fjitv306.m3u8,http_error,502,https://345.lishuhang.com/fjitv306.m3u8,text/plain; charset=utf-8,2747.2,60,none,0,0,False,[],[],,2026-08-15T06:32:41+00:00
地方 (345源),fjitv296,https://345.lishuhang.com/fjitv307.m3u8,http_error,502,https://345.lishuhang.com/fjitv307.m3u8,text/plain; charset=utf-8,2558.4,60,none,0,0,False,[],[],,2026-08-15T06:32:41+00:00
地方 (345源),fjitv296,https://345.lishuhang.com/fjitv310.m3u8,http_error,502,https://345.lishuhang.com/fjitv310.m3u8,text/plain; charset=utf-8,2500.1,60,none,0,0,False,[],[],,2026-08-15T06:32:41+00:00
地方 (345源),fjitv296,https://345.lishuhang.com/fjitv311.m3u8,http_error,502,https://345.lishuhang.com/fjitv311.m3u8,text/plain; charset=utf-8,2393.1,60,none,0,0,False,[],[],,2026-08-15T06:32:41+00:00
地方 (345源),fjitv314,https://345.lishuhang.com/fjitv314.m3u8,http_error,502,https://345.lishuhang.com/fjitv314.m3u8,text/plain; charset=utf-8,2444.1,60,none,0,0,False,[],[],,2026-08-15T06:32:42+00:00
地方 (345源),fjitv314,https://345.lishuhang.com/fjitv316.m3u8,http_error,502,https://345.lishuhang.com/fjitv316.m3u8,text/plain; charset=utf-8,2198.9,60,none,0,0,False,[],[],,2026-08-15T06:32:42+00:00
地方 (345源),itv340,https://345.lishuhang.com/itv340.m3u8,http_error,502,https://345.lishuhang.com/itv340.m3u8,text/plain; charset=utf-8,2964.3,60,none,0,0,False,[],[],,2026-08-15T06:32:42+00:00
地方 (345源),itv373,https://345.lishuhang.com/itv373.m3u8,http_error,502,https://345.lishuhang.com/itv373.m3u8,text/plain; charset=utf-8,2859.1,60,none,0,0,False,[],[],,2026-08-15T06:32:43+00:00
地方 (345源),itv190,https://345.lishuhang.com/itv190.m3u8,http_error,502,https://345.lishuhang.com/itv190.m3u8,text/plain; charset=utf-8,2961.2,60,none,0,0,False,[],[],,2026-08-15T06:32:43+00:00
地方 (345源),itv123,https://345.lishuhang.com/itv123.m3u8,http_error,502,https://345.lishuhang.com/itv123.m3u8,text/plain; charset=utf-8,2958.5,60,none,0,0,False,[],[],,2026-08-15T06:32:43+00:00
地方 (345源),itv232,https://345.lishuhang.com/itv232.m3u8,http_error,502,https://345.lishuhang.com/itv232.m3u8,text/plain; charset=utf-8,2921.9,60,none,0,0,False,[],[],,2026-08-15T06:32:43+00:00
地方 (345源),itv225,https://345.lishuhang.com/itv225.m3u8,http_error,502,https://345.lishuhang.com/itv225.m3u8,text/plain; charset=utf-8,2444.5,60,none,0,0,False,[],[],,2026-08-15T06:32:43+00:00
地方 (345源),itv224,https://345.lishuhang.com/itv224.m3u8,http_error,502,https://345.lishuhang.com/itv224.m3u8,text/plain; charset=utf-8,2480.5,60,none,0,0,False,[],[],,2026-08-15T06:32:44+00:00
地方 (345源),itv222,https://345.lishuhang.com/itv222.m3u8,http_error,502,https://345.lishuhang.com/itv222.m3u8,text/plain; charset=utf-8,3009.9,60,none,0,0,False,[],[],,2026-08-15T06:32:44+00:00
地方 (345源),itv223,https://345.lishuhang.com/itv223.m3u8,http_error,502,https://345.lishuhang.com/itv223.m3u8,text/plain; charset=utf-8,2459.0,60,none,0,0,False,[],[],,2026-08-15T06:32:45+00:00
地方 (345源),itv221,https://345.lishuhang.com/itv221.m3u8,http_error,502,https://345.lishuhang.com/itv221.m3u8,text/plain; charset=utf-8,2903.1,60,none,0,0,False,[],[],,2026-08-15T06:32:46+00:00
地方 (345源),itv220,https://345.lishuhang.com/itv220.m3u8,http_error,502,https://345.lishuhang.com/itv220.m3u8,text/plain; charset=utf-8,3280.9,60,none,0,0,False,[],[],,2026-08-15T06:32:46+00:00
地方 (345源),itv219,https://345.lishuhang.com/itv219.m3u8,http_error,502,https://345.lishuhang.com/itv219.m3u8,text/plain; charset=utf-8,2929.9,60,none,0,0,False,[],[],,2026-08-15T06:32:46+00:00
地方 (345源),itv241,https://345.lishuhang.com/itv241.m3u8,http_error,502,https://345.lishuhang.com/itv241.m3u8,text/plain; charset=utf-8,2448.5,60,none,0,0,False,[],[],,2026-08-15T06:32:46+00:00
地方 (345源),itv336,https://345.lishuhang.com/itv336.m3u8,http_error,502,https://345.lishuhang.com/itv336.m3u8,text/plain; charset=utf-8,3315.4,60,none,0,0,False,[],[],,2026-08-15T06:32:46+00:00
地方 (345源),itv282,https://345.lishuhang.com/itv282.m3u8,http_error,502,https://345.lishuhang.com/itv282.m3u8,text/plain; charset=utf-8,2442.6,60,none,0,0,False,[],[],,2026-08-15T06:32:46+00:00
地方 (345源),itv281,https://345.lishuhang.com/itv281.m3u8,http_error,502,https://345.lishuhang.com/itv281.m3u8,text/plain; charset=utf-8,2416.9,60,none,0,0,False,[],[],,2026-08-15T06:32:47+00:00
地方 (345源),itv351,https://345.lishuhang.com/itv351.m3u8,http_error,502,https://345.lishuhang.com/itv351.m3u8,text/plain; charset=utf-8,3100.9,60,none,0,0,False,[],[],,2026-08-15T06:32:47+00:00
地方 (345源),itv293,https://345.lishuhang.com/itv293.m3u8,http_error,502,https://345.lishuhang.com/itv293.m3u8,text/plain; charset=utf-8,2991.7,60,none,0,0,False,[],[],,2026-08-15T06:32:48+00:00
地方 (345源),itv193,https://345.lishuhang.com/itv193.m3u8,http_error,502,https://345.lishuhang.com/itv193.m3u8,text/plain; charset=utf-8,2870.0,60,none,0,0,False,[],[],,2026-08-15T06:32:49+00:00
地方 (345源),itv106,https://345.lishuhang.com/itv106.m3u8,http_error,502,https://345.lishuhang.com/itv106.m3u8,text/plain; charset=utf-8,2490.9,60,none,0,0,False,[],[],,2026-08-15T06:32:49+00:00
地方 (345源),itv105,https://345.lishuhang.com/itv105.m3u8,http_error,502,https://345.lishuhang.com/itv105.m3u8,text/plain; charset=utf-8,2628.8,60,none,0,0,False,[],[],,2026-08-15T06:32:49+00:00
地方 (345源),fjitv101,https://345.lishuhang.com/fjitv101.m3u8,http_error,502,https://345.lishuhang.com/fjitv101.m3u8,text/plain; charset=utf-8,2423.5,60,none,0,0,False,[],[],,2026-08-15T06:32:49+00:00
地方 (345源),fjitv101,https://345.lishuhang.com/fjitv239.m3u8,http_error,502,https://345.lishuhang.com/fjitv239.m3u8,text/plain; charset=utf-8,2173.9,60,none,0,0,False,[],[],,2026-08-15T06:32:49+00:00
地方 (345源),itv317,https://345.lishuhang.com/itv317.m3u8,http_error,502,https://345.lishuhang.com/itv317.m3u8,text/plain; charset=utf-8,2258.8,60,none,0,0,False,[],[],,2026-08-15T06:32:50+00:00
地方 (345源),itv318,https://345.lishuhang.com/itv318.m3u8,http_error,502,https://345.lishuhang.com/itv318.m3u8,text/plain; charset=utf-8,2479.4,60,none,0,0,False,[],[],,2026-08-15T06:32:50+00:00
地方 (345源),itv316,https://345.lishuhang.com/itv316.m3u8,http_error,502,https://345.lishuhang.com/itv316.m3u8,text/plain; charset=utf-8,2208.6,60,none,0,0,False,[],[],,2026-08-15T06:32:51+00:00
地方 (345源),itv269,https://345.lishuhang.com/itv269.m3u8,http_error,502,https://345.lishuhang.com/itv269.m3u8,text/plain; charset=utf-8,3903.4,60,none,0,0,False,[],[],,2026-08-15T06:32:51+00:00
地方 (345源),itv216,https://345.lishuhang.com/itv216.m3u8,http_error,502,https://345.lishuhang.com/itv216.m3u8,text/plain; charset=utf-8,3018.9,60,none,0,0,False,[],[],,2026-08-15T06:32:52+00:00
地方 (345源),itv213,https://345.lishuhang.com/itv213.m3u8,http_error,502,https://345.lishuhang.com/itv213.m3u8,text/plain; charset=utf-8,2957.9,60,none,0,0,False,[],[],,2026-08-15T06:32:52+00:00
地方 (345源),itv212,https://345.lishuhang.com/itv212.m3u8,http_error,502,https://345.lishuhang.com/itv212.m3u8,text/plain; charset=utf-8,3679.7,60,none,0,0,False,[],[],,2026-08-15T06:32:52+00:00
地方 (345源),itv214,https://345.lishuhang.com/itv214.m3u8,http_error,502,https://345.lishuhang.com/itv214.m3u8,text/plain; charset=utf-8,2251.6,60,none,0,0,False,[],[],,2026-08-15T06:32:52+00:00
地方 (345源),itv218,https://345.lishuhang.com/itv218.m3u8,http_error,502,https://345.lishuhang.com/itv218.m3u8,text/plain; charset=utf-8,2503.9,60,none,0,0,False,[],[],,2026-08-15T06:32:52+00:00
地方 (345源),itv217,https://345.lishuhang.com/itv217.m3u8,http_error,502,https://345.lishuhang.com/itv217.m3u8,text/plain; charset=utf-8,2842.0,60,none,0,0,False,[],[],,2026-08-15T06:32:53+00:00
地方 (345源),itv215,https://345.lishuhang.com/itv215.m3u8,http_error,502,https://345.lishuhang.com/itv215.m3u8,text/plain; charset=utf-8,2410.7,60,none,0,0,False,[],[],,2026-08-15T06:32:53+00:00
地方 (345源),itv210,https://345.lishuhang.com/itv210.m3u8,http_error,502,https://345.lishuhang.com/itv210.m3u8,text/plain; charset=utf-8,3000.9,60,none,0,0,False,[],[],,2026-08-15T06:32:54+00:00
地方 (345源),itv124,https://345.lishuhang.com/itv124.m3u8,http_error,502,https://345.lishuhang.com/itv124.m3u8,text/plain; charset=utf-8,2462.0,60,none,0,0,False,[],[],,2026-08-15T06:32:54+00:00
地方 (345源),itv335,https://345.lishuhang.com/itv335.m3u8,http_error,502,https://345.lishuhang.com/itv335.m3u8,text/plain; charset=utf-8,2431.4,60,none,0,0,False,[],[],,2026-08-15T06:32:55+00:00
地方 (345源),itv233,https://345.lishuhang.com/itv233.m3u8,http_error,502,https://345.lishuhang.com/itv233.m3u8,text/plain; charset=utf-8,2443.2,60,none,0,0,False,[],[],,2026-08-15T06:32:55+00:00
地方 (345源),fjitv100,https://345.lishuhang.com/fjitv100.m3u8,http_error,502,https://345.lishuhang.com/fjitv100.m3u8,text/plain; charset=utf-8,2429.6,60,none,0,0,False,[],[],,2026-08-15T06:32:55+00:00
地方 (345源),fjitv100,https://345.lishuhang.com/fjitv238.m3u8,http_error,502,https://345.lishuhang.com/fjitv238.m3u8,text/plain; charset=utf-8,3201.9,60,none,0,0,False,[],[],,2026-08-15T06:32:55+00:00
地方 (345源),fjitv100,https://345.lishuhang.com/migu92.m3u8,http_error,502,https://345.lishuhang.com/migu92.m3u8,text/plain; charset=utf-8,2460.8,60,none,0,0,False,[],[],,2026-08-15T06:32:56+00:00
地方 (345源),fjitv100,https://345.lishuhang.com/ty13.m3u8,http_error,502,https://345.lishuhang.com/ty13.m3u8,text/plain; charset=utf-8,2430.6,60,none,0,0,False,[],[],,2026-08-15T06:32:56+00:00
地方 (345源),itv259,https://345.lishuhang.com/itv259.m3u8,http_error,502,https://345.lishuhang.com/itv259.m3u8,text/plain; charset=utf-8,2910.1,60,none,0,0,False,[],[],,2026-08-15T06:32:57+00:00
地方 (345源),itv257,https://345.lishuhang.com/itv257.m3u8,http_error,502,https://345.lishuhang.com/itv257.m3u8,text/plain; charset=utf-8,2445.7,60,none,0,0,False,[],[],,2026-08-15T06:32:57+00:00
地方 (345源),itv260,https://345.lishuhang.com/itv260.m3u8,http_error,502,https://345.lishuhang.com/itv260.m3u8,text/plain; charset=utf-8,2471.8,60,none,0,0,False,[],[],,2026-08-15T06:32:57+00:00
地方 (345源),itv256,https://345.lishuhang.com/itv256.m3u8,http_error,502,https://345.lishuhang.com/itv256.m3u8,text/plain; charset=utf-8,3002.5,60,none,0,0,False,[],[],,2026-08-15T06:32:57+00:00
地方 (345源),itv258,https://345.lishuhang.com/itv258.m3u8,http_error,502,https://345.lishuhang.com/itv258.m3u8,text/plain; charset=utf-8,2421.6,60,none,0,0,False,[],[],,2026-08-15T06:32:58+00:00
地方 (345源),itv231,https://345.lishuhang.com/itv231.m3u8,http_error,502,https://345.lishuhang.com/itv231.m3u8,text/plain; charset=utf-8,3310.3,60,none,0,0,False,[],[],,2026-08-15T06:32:58+00:00
地方 (345源),itv230,https://345.lishuhang.com/itv230.m3u8,http_error,502,https://345.lishuhang.com/itv230.m3u8,text/plain; charset=utf-8,2485.6,60,none,0,0,False,[],[],,2026-08-15T06:32:58+00:00
地方 (345源),itv285,https://345.lishuhang.com/itv285.m3u8,http_error,502,https://345.lishuhang.com/itv285.m3u8,text/plain; charset=utf-8,2297.1,60,none,0,0,False,[],[],,2026-08-15T06:32:59+00:00
地方 (345源),itv283,https://345.lishuhang.com/itv283.m3u8,http_error,502,https://345.lishuhang.com/itv283.m3u8,text/plain; charset=utf-8,2469.9,60,none,0,0,False,[],[],,2026-08-15T06:32:59+00:00
地方 (345源),itv284,https://345.lishuhang.com/itv284.m3u8,http_error,502,https://345.lishuhang.com/itv284.m3u8,text/plain; charset=utf-8,2968.1,60,none,0,0,False,[],[],,2026-08-15T06:33:00+00:00
地方 (345源),itv136,https://345.lishuhang.com/itv136.m3u8,http_error,502,https://345.lishuhang.com/itv136.m3u8,text/plain; charset=utf-8,2420.8,60,none,0,0,False,[],[],,2026-08-15T06:33:00+00:00
地方 (345源),fjitv105,https://345.lishuhang.com/fjitv105.m3u8,http_error,502,https://345.lishuhang.com/fjitv105.m3u8,text/plain; charset=utf-8,2386.9,60,none,0,0,False,[],[],,2026-08-15T06:33:00+00:00
地方 (345源),fjitv105,https://345.lishuhang.com/fjitv179.m3u8,http_error,502,https://345.lishuhang.com/fjitv179.m3u8,text/plain; charset=utf-8,2433.9,60,none,0,0,False,[],[],,2026-08-15T06:33:00+00:00
地方 (345源),fjitv275,https://345.lishuhang.com/fjitv275.m3u8,http_error,502,https://345.lishuhang.com/fjitv275.m3u8,text/plain; charset=utf-8,2445.4,60,none,0,0,False,[],[],,2026-08-15T06:33:01+00:00
地方 (345源),fjitv275,https://345.lishuhang.com/itv197.m3u8,http_error,502,https://345.lishuhang.com/itv197.m3u8,text/plain; charset=utf-8,2473.9,60,none,0,0,False,[],[],,2026-08-15T06:33:01+00:00
地方 (345源),itv140,https://345.lishuhang.com/itv140.m3u8,http_error,502,https://345.lishuhang.com/itv140.m3u8,text/plain; charset=utf-8,2441.6,60,none,0,0,False,[],[],,2026-08-15T06:33:02+00:00
地方 (345源),itv349,https://345.lishuhang.com/itv349.m3u8,http_error,502,https://345.lishuhang.com/itv349.m3u8,text/plain; charset=utf-8,2430.5,60,none,0,0,False,[],[],,2026-08-15T06:33:02+00:00
地方 (345源),itv235,https://345.lishuhang.com/itv235.m3u8,http_error,502,https://345.lishuhang.com/itv235.m3u8,text/plain; charset=utf-8,2544.6,60,none,0,0,False,[],[],,2026-08-15T06:33:02+00:00
地方 (345源),itv234,https://345.lishuhang.com/itv234.m3u8,http_error,502,https://345.lishuhang.com/itv234.m3u8,text/plain; charset=utf-8,2429.4,60,none,0,0,False,[],[],,2026-08-15T06:33:02+00:00
地方 (345源),itv337,https://345.lishuhang.com/itv337.m3u8,http_error,502,https://345.lishuhang.com/itv337.m3u8,text/plain; charset=utf-8,2206.8,60,none,0,0,False,[],[],,2026-08-15T06:33:02+00:00
地方 (345源),itv327,https://345.lishuhang.com/itv327.m3u8,http_error,502,https://345.lishuhang.com/itv327.m3u8,text/plain; charset=utf-8,2870.0,60,none,0,0,False,[],[],,2026-08-15T06:33:03+00:00
地方 (345源),fjitv252,https://345.lishuhang.com/fjitv252.m3u8,http_error,502,https://345.lishuhang.com/fjitv252.m3u8,text/plain; charset=utf-8,2413.4,60,none,0,0,False,[],[],,2026-08-15T06:33:03+00:00
地方 (345源),itv306,https://345.lishuhang.com/itv306.m3u8,http_error,502,https://345.lishuhang.com/itv306.m3u8,text/plain; charset=utf-8,2902.5,60,none,0,0,False,[],[],,2026-08-15T06:33:03+00:00
地方 (345源),itv305,https://345.lishuhang.com/itv305.m3u8,http_error,502,https://345.lishuhang.com/itv305.m3u8,text/plain; charset=utf-8,2393.0,60,none,0,0,False,[],[],,2026-08-15T06:33:04+00:00
地方 (345源),itv367,https://345.lishuhang.com/itv367.m3u8,http_error,502,https://345.lishuhang.com/itv367.m3u8,text/plain; charset=utf-8,2957.9,60,none,0,0,False,[],[],,2026-08-15T06:33:04+00:00
地方 (345源),itv369,https://345.lishuhang.com/itv369.m3u8,http_error,502,https://345.lishuhang.com/itv369.m3u8,text/plain; charset=utf-8,2884.3,60,none,0,0,False,[],[],,2026-08-15T06:33:05+00:00
地方 (345源),itv368,https://345.lishuhang.com/itv368.m3u8,http_error,502,https://345.lishuhang.com/itv368.m3u8,text/plain; charset=utf-8,2520.5,60,none,0,0,False,[],[],,2026-08-15T06:33:05+00:00
地方 (345源),itv366,https://345.lishuhang.com/itv366.m3u8,http_error,502,https://345.lishuhang.com/itv366.m3u8,text/plain; charset=utf-8,2416.6,60,none,0,0,False,[],[],,2026-08-15T06:33:05+00:00
地方 (345源),itv194,https://345.lishuhang.com/itv194.m3u8,http_error,502,https://345.lishuhang.com/itv194.m3u8,text/plain; charset=utf-8,2422.8,60,none,0,0,False,[],[],,2026-08-15T06:33:05+00:00
地方 (345源),itv183,https://345.lishuhang.com/itv183.m3u8,http_error,502,https://345.lishuhang.com/itv183.m3u8,text/plain; charset=utf-8,2441.5,60,none,0,0,False,[],[],,2026-08-15T06:33:06+00:00
地方 (345源),itv181,https://345.lishuhang.com/itv181.m3u8,http_error,502,https://345.lishuhang.com/itv181.m3u8,text/plain; charset=utf-8,2988.7,60,none,0,0,False,[],[],,2026-08-15T06:33:06+00:00
地方 (345源),itv182,https://345.lishuhang.com/itv182.m3u8,http_error,502,https://345.lishuhang.com/itv182.m3u8,text/plain; charset=utf-8,2410.0,60,none,0,0,False,[],[],,2026-08-15T06:33:06+00:00
地方 (345源),itv180,https://345.lishuhang.com/itv180.m3u8,http_error,502,https://345.lishuhang.com/itv180.m3u8,text/plain; charset=utf-8,2886.6,60,none,0,0,False,[],[],,2026-08-15T06:33:07+00:00
地方 (345源),itv386,https://345.lishuhang.com/itv386.m3u8,http_error,502,https://345.lishuhang.com/itv386.m3u8,text/plain; charset=utf-8,2482.7,60,none,0,0,False,[],[],,2026-08-15T06:33:07+00:00
地方 (345源),itv198,https://345.lishuhang.com/itv198.m3u8,http_error,502,https://345.lishuhang.com/itv198.m3u8,text/plain; charset=utf-8,2861.3,60,none,0,0,False,[],[],,2026-08-15T06:33:07+00:00
地方 (345源),itv198,https://345.lishuhang.com/migu84.m3u8,http_error,502,https://345.lishuhang.com/migu84.m3u8,text/plain; charset=utf-8,2233.4,60,none,0,0,False,[],[],,2026-08-15T06:33:08+00:00
地方 (345源),itv113,https://345.lishuhang.com/itv113.m3u8,http_error,502,https://345.lishuhang.com/itv113.m3u8,text/plain; charset=utf-8,2535.9,60,none,0,0,False,[],[],,2026-08-15T06:33:08+00:00
地方 (345源),itv350,https://345.lishuhang.com/itv350.m3u8,http_error,502,https://345.lishuhang.com/itv350.m3u8,text/plain; charset=utf-8,2264.5,60,none,0,0,False,[],[],,2026-08-15T06:33:08+00:00
地方 (345源),fjitv26,https://345.lishuhang.com/fjitv26.m3u8,http_error,502,https://345.lishuhang.com/fjitv26.m3u8,text/plain; charset=utf-8,2432.0,60,none,0,0,False,[],[],,2026-08-15T06:33:09+00:00
地方 (345源),itv226,https://345.lishuhang.com/itv226.m3u8,http_error,502,https://345.lishuhang.com/itv226.m3u8,text/plain; charset=utf-8,2391.9,60,none,0,0,False,[],[],,2026-08-15T06:33:09+00:00
地方 (345源),itv294,https://345.lishuhang.com/itv294.m3u8,http_error,502,https://345.lishuhang.com/itv294.m3u8,text/plain; charset=utf-8,2456.0,60,none,0,0,False,[],[],,2026-08-15T06:33:10+00:00
地方 (345源),itv137,https://345.lishuhang.com/itv137.m3u8,http_error,502,https://345.lishuhang.com/itv137.m3u8,text/plain; charset=utf-8,3415.7,60,none,0,0,False,[],[],,2026-08-15T06:33:10+00:00
地方 (345源),itv341,https://345.lishuhang.com/itv341.m3u8,http_error,502,https://345.lishuhang.com/itv341.m3u8,text/plain; charset=utf-8,2297.8,60,none,0,0,False,[],[],,2026-08-15T06:33:10+00:00
地方 (345源),itv237,https://345.lishuhang.com/itv237.m3u8,http_error,502,https://345.lishuhang.com/itv237.m3u8,text/plain; charset=utf-8,2429.1,60,none,0,0,False,[],[],,2026-08-15T06:33:10+00:00
地方 (345源),itv238,https://345.lishuhang.com/itv238.m3u8,http_error,502,https://345.lishuhang.com/itv238.m3u8,text/plain; charset=utf-8,2679.8,60,none,0,0,False,[],[],,2026-08-15T06:33:10+00:00
地方 (345源),itv236,https://345.lishuhang.com/itv236.m3u8,http_error,502,https://345.lishuhang.com/itv236.m3u8,text/plain; charset=utf-8,3179.1,60,none,0,0,False,[],[],,2026-08-15T06:33:10+00:00
地方 (345源),itv342,https://345.lishuhang.com/itv342.m3u8,http_error,502,https://345.lishuhang.com/itv342.m3u8,text/plain; charset=utf-8,2395.9,60,none,0,0,False,[],[],,2026-08-15T06:33:11+00:00
地方 (345源),fjitv289,https://345.lishuhang.com/fjitv289.m3u8,http_error,502,https://345.lishuhang.com/fjitv289.m3u8,text/plain; charset=utf-8,2931.6,60,none,0,0,False,[],[],,2026-08-15T06:33:12+00:00
地方 (345源),itv115,https://345.lishuhang.com/itv115.m3u8,http_error,502,https://345.lishuhang.com/itv115.m3u8,text/plain; charset=utf-8,2420.3,60,none,0,0,False,[],[],,2026-08-15T06:33:12+00:00
地方 (345源),fjitv95,https://345.lishuhang.com/fjitv95.m3u8,http_error,502,https://345.lishuhang.com/fjitv95.m3u8,text/plain; charset=utf-8,3021.9,60,none,0,0,False,[],[],,2026-08-15T06:33:12+00:00
地方 (345源),fjitv95,https://345.lishuhang.com/fjitv234.m3u8,http_error,502,https://345.lishuhang.com/fjitv234.m3u8,text/plain; charset=utf-8,2449.7,60,none,0,0,False,[],[],,2026-08-15T06:33:13+00:00
地方 (345源),fjitv95,https://345.lishuhang.com/itv248.m3u8,http_error,502,https://345.lishuhang.com/itv248.m3u8,text/plain; charset=utf-8,2906.4,60,none,0,0,False,[],[],,2026-08-15T06:33:13+00:00
地方 (345源),itv328,https://345.lishuhang.com/itv328.m3u8,http_error,502,https://345.lishuhang.com/itv328.m3u8,text/plain; charset=utf-8,2477.2,60,none,0,0,False,[],[],,2026-08-15T06:33:13+00:00
地方 (345源),itv162,https://345.lishuhang.com/itv162.m3u8,http_error,502,https://345.lishuhang.com/itv162.m3u8,text/plain; charset=utf-8,2408.6,60,none,0,0,False,[],[],,2026-08-15T06:33:14+00:00
地方 (345源),itv345,https://345.lishuhang.com/itv345.m3u8,http_error,502,https://345.lishuhang.com/itv345.m3u8,text/plain; charset=utf-8,2459.4,60,none,0,0,False,[],[],,2026-08-15T06:33:14+00:00
地方 (345源),itv346,https://345.lishuhang.com/itv346.m3u8,http_error,502,https://345.lishuhang.com/itv346.m3u8,text/plain; charset=utf-8,2390.6,60,none,0,0,False,[],[],,2026-08-15T06:33:15+00:00
地方 (345源),itv275,https://345.lishuhang.com/itv275.m3u8,http_error,502,https://345.lishuhang.com/itv275.m3u8,text/plain; charset=utf-8,2394.6,60,none,0,0,False,[],[],,2026-08-15T06:33:15+00:00
地方 (345源),itv273,https://345.lishuhang.com/itv273.m3u8,http_error,502,https://345.lishuhang.com/itv273.m3u8,text/plain; charset=utf-8,2549.6,60,none,0,0,False,[],[],,2026-08-15T06:33:15+00:00
地方 (345源),itv274,https://345.lishuhang.com/itv274.m3u8,http_error,502,https://345.lishuhang.com/itv274.m3u8,text/plain; charset=utf-8,2550.5,60,none,0,0,False,[],[],,2026-08-15T06:33:15+00:00
地方 (345源),itv295,https://345.lishuhang.com/itv295.m3u8,http_error,502,https://345.lishuhang.com/itv295.m3u8,text/plain; charset=utf-8,2936.9,60,none,0,0,False,[],[],,2026-08-15T06:33:16+00:00
地方 (345源),itv315,https://345.lishuhang.com/itv315.m3u8,http_error,502,https://345.lishuhang.com/itv315.m3u8,text/plain; charset=utf-8,2820.1,60,none,0,0,False,[],[],,2026-08-15T06:33:16+00:00
地方 (345源),itv314,https://345.lishuhang.com/itv314.m3u8,http_error,502,https://345.lishuhang.com/itv314.m3u8,text/plain; charset=utf-8,2438.1,60,none,0,0,False,[],[],,2026-08-15T06:33:16+00:00
地方 (345源),itv138,https://345.lishuhang.com/itv138.m3u8,http_error,502,https://345.lishuhang.com/itv138.m3u8,text/plain; charset=utf-8,2633.8,60,none,0,0,False,[],[],,2026-08-15T06:33:16+00:00
地方 (345源),itv347,https://345.lishuhang.com/itv347.m3u8,http_error,502,https://345.lishuhang.com/itv347.m3u8,text/plain; charset=utf-8,3026.1,60,none,0,0,False,[],[],,2026-08-15T06:33:17+00:00
地方 (345源),itv348,https://345.lishuhang.com/itv348.m3u8,http_error,502,https://345.lishuhang.com/itv348.m3u8,text/plain; charset=utf-8,2485.1,60,none,0,0,False,[],[],,2026-08-15T06:33:17+00:00
地方 (345源),itv304,https://345.lishuhang.com/itv304.m3u8,http_error,502,https://345.lishuhang.com/itv304.m3u8,text/plain; charset=utf-8,2424.0,60,none,0,0,False,[],[],,2026-08-15T06:33:18+00:00
地方 (345源),itv303,https://345.lishuhang.com/itv303.m3u8,http_error,502,https://345.lishuhang.com/itv303.m3u8,text/plain; charset=utf-8,2961.3,60,none,0,0,False,[],[],,2026-08-15T06:33:18+00:00
地方 (345源),itv132,https://345.lishuhang.com/itv132.m3u8,http_error,502,https://345.lishuhang.com/itv132.m3u8,text/plain; charset=utf-8,2432.9,60,none,0,0,False,[],[],,2026-08-15T06:33:18+00:00
地方 (345源),itv384,https://345.lishuhang.com/itv384.m3u8,http_error,502,https://345.lishuhang.com/itv384.m3u8,text/plain; charset=utf-8,2460.7,60,none,0,0,False,[],[],,2026-08-15T06:33:19+00:00
地方 (345源),itv383,https://345.lishuhang.com/itv383.m3u8,http_error,502,https://345.lishuhang.com/itv383.m3u8,text/plain; charset=utf-8,2511.4,60,none,0,0,False,[],[],,2026-08-15T06:33:19+00:00
地方 (345源),itv382,https://345.lishuhang.com/itv382.m3u8,http_error,502,https://345.lishuhang.com/itv382.m3u8,text/plain; charset=utf-8,2390.0,60,none,0,0,False,[],[],,2026-08-15T06:33:19+00:00
地方 (345源),itv243,https://345.lishuhang.com/itv243.m3u8,http_error,502,https://345.lishuhang.com/itv243.m3u8,text/plain; charset=utf-8,2893.7,60,none,0,0,False,[],[],,2026-08-15T06:33:20+00:00
地方 (345源),itv262,https://345.lishuhang.com/itv262.m3u8,http_error,502,https://345.lishuhang.com/itv262.m3u8,text/plain; charset=utf-8,2953.1,60,none,0,0,False,[],[],,2026-08-15T06:33:20+00:00
地方 (345源),itv261,https://345.lishuhang.com/itv261.m3u8,http_error,502,https://345.lishuhang.com/itv261.m3u8,text/plain; charset=utf-8,2194.9,60,none,0,0,False,[],[],,2026-08-15T06:33:20+00:00
地方 (345源),itv263,https://345.lishuhang.com/itv263.m3u8,http_error,502,https://345.lishuhang.com/itv263.m3u8,text/plain; charset=utf-8,2507.7,60,none,0,0,False,[],[],,2026-08-15T06:33:21+00:00
地方 (345源),itv191,https://345.lishuhang.com/itv191.m3u8,http_error,502,https://345.lishuhang.com/itv191.m3u8,text/plain; charset=utf-8,2691.5,60,none,0,0,False,[],[],,2026-08-15T06:33:21+00:00
地方 (345源),itv116,https://345.lishuhang.com/itv116.m3u8,http_error,502,https://345.lishuhang.com/itv116.m3u8,text/plain; charset=utf-8,2363.4,60,none,0,0,False,[],[],,2026-08-15T06:33:21+00:00
地方 (345源),itv110,https://345.lishuhang.com/itv110.m3u8,http_error,502,https://345.lishuhang.com/itv110.m3u8,text/plain; charset=utf-8,2359.1,60,none,0,0,False,[],[],,2026-08-15T06:33:21+00:00
地方 (345源),itv111,https://345.lishuhang.com/itv111.m3u8,http_error,502,https://345.lishuhang.com/itv111.m3u8,text/plain; charset=utf-8,2429.3,60,none,0,0,False,[],[],,2026-08-15T06:33:21+00:00
地方 (345源),itv133,https://345.lishuhang.com/itv133.m3u8,http_error,502,https://345.lishuhang.com/itv133.m3u8,text/plain; charset=utf-8,2454.8,60,none,0,0,False,[],[],,2026-08-15T06:33:22+00:00
地方 (345源),itv313,https://345.lishuhang.com/itv313.m3u8,http_error,502,https://345.lishuhang.com/itv313.m3u8,text/plain; charset=utf-8,2913.0,60,none,0,0,False,[],[],,2026-08-15T06:33:22+00:00
地方 (345源),itv312,https://345.lishuhang.com/itv312.m3u8,http_error,502,https://345.lishuhang.com/itv312.m3u8,text/plain; charset=utf-8,2895.1,60,none,0,0,False,[],[],,2026-08-15T06:33:23+00:00
地方 (345源),itv388,https://345.lishuhang.com/itv388.m3u8,http_error,502,https://345.lishuhang.com/itv388.m3u8,text/plain; charset=utf-8,2450.7,60,none,0,0,False,[],[],,2026-08-15T06:33:23+00:00
地方 (345源),itv387,https://345.lishuhang.com/itv387.m3u8,http_error,502,https://345.lishuhang.com/itv387.m3u8,text/plain; charset=utf-8,2345.6,60,none,0,0,False,[],[],,2026-08-15T06:33:23+00:00
地方 (345源),itv352,https://345.lishuhang.com/itv352.m3u8,http_error,502,https://345.lishuhang.com/itv352.m3u8,text/plain; charset=utf-8,2954.5,60,none,0,0,False,[],[],,2026-08-15T06:33:24+00:00
地方 (345源),itv334,https://345.lishuhang.com/itv334.m3u8,http_error,502,https://345.lishuhang.com/itv334.m3u8,text/plain; charset=utf-8,3115.5,60,none,0,0,False,[],[],,2026-08-15T06:33:24+00:00
地方 (345源),itv320,https://345.lishuhang.com/itv320.m3u8,http_error,502,https://345.lishuhang.com/itv320.m3u8,text/plain; charset=utf-8,2473.2,60,none,0,0,False,[],[],,2026-08-15T06:33:24+00:00
地方 (345源),itv319,https://345.lishuhang.com/itv319.m3u8,http_error,502,https://345.lishuhang.com/itv319.m3u8,text/plain; charset=utf-8,2185.4,60,none,0,0,False,[],[],,2026-08-15T06:33:25+00:00
地方 (345源),itv141,https://345.lishuhang.com/itv141.m3u8,http_error,502,https://345.lishuhang.com/itv141.m3u8,text/plain; charset=utf-8,2168.7,60,none,0,0,False,[],[],,2026-08-15T06:33:25+00:00
地方 (345源),itv96,https://345.lishuhang.com/itv96.m3u8,http_error,502,https://345.lishuhang.com/itv96.m3u8,text/plain; charset=utf-8,2300.4,60,none,0,0,False,[],[],,2026-08-15T06:33:26+00:00
地方 (345源),itv126,https://345.lishuhang.com/itv126.m3u8,http_error,502,https://345.lishuhang.com/itv126.m3u8,text/plain; charset=utf-8,2197.8,60,none,0,0,False,[],[],,2026-08-15T06:33:26+00:00
地方 (345源),itv189,https://345.lishuhang.com/itv189.m3u8,http_error,502,https://345.lishuhang.com/itv189.m3u8,text/plain; charset=utf-8,2464.8,60,none,0,0,False,[],[],,2026-08-15T06:33:26+00:00
地方 (345源),itv188,https://345.lishuhang.com/itv188.m3u8,http_error,502,https://345.lishuhang.com/itv188.m3u8,text/plain; charset=utf-8,2837.7,60,none,0,0,False,[],[],,2026-08-15T06:33:26+00:00
轮播 (345源),movie60,https://345.lishuhang.com/movie60.m3u8,http_error,502,https://345.lishuhang.com/movie60.m3u8,text/plain; charset=utf-8,3008.1,60,none,0,0,False,[],[],,2026-08-15T06:33:27+00:00
轮播 (345源),movie312,https://345.lishuhang.com/movie312.m3u8,http_error,502,https://345.lishuhang.com/movie312.m3u8,text/plain; charset=utf-8,2456.1,60,none,0,0,False,[],[],,2026-08-15T06:33:27+00:00
轮播 (345源),movie172,https://345.lishuhang.com/movie172.m3u8,http_error,502,https://345.lishuhang.com/movie172.m3u8,text/plain; charset=utf-8,2948.9,60,none,0,0,False,[],[],,2026-08-15T06:33:27+00:00
轮播 (345源),movie135,https://345.lishuhang.com/movie135.m3u8,http_error,502,https://345.lishuhang.com/movie135.m3u8,text/plain; charset=utf-8,2388.3,60,none,0,0,False,[],[],,2026-08-15T06:33:28+00:00
轮播 (345源),movie135,https://345.lishuhang.com/movie149.m3u8,http_error,502,https://345.lishuhang.com/movie149.m3u8,text/plain; charset=utf-8,2501.9,60,none,0,0,False,[],[],,2026-08-15T06:33:28+00:00
轮播 (345源),movie317,https://345.lishuhang.com/movie317.m3u8,http_error,502,https://345.lishuhang.com/movie317.m3u8,text/plain; charset=utf-8,2395.3,60,none,0,0,False,[],[],,2026-08-15T06:33:28+00:00
轮播 (345源),movie141,https://345.lishuhang.com/movie141.m3u8,http_error,502,https://345.lishuhang.com/movie141.m3u8,text/plain; charset=utf-8,2415.5,60,none,0,0,False,[],[],,2026-08-15T06:33:28+00:00
轮播 (345源),movie47,https://345.lishuhang.com/movie47.m3u8,http_error,502,https://345.lishuhang.com/movie47.m3u8,text/plain; charset=utf-8,2441.7,60,none,0,0,False,[],[],,2026-08-15T06:33:29+00:00
轮播 (345源),movie47,https://345.lishuhang.com/movie164.m3u8,http_error,502,https://345.lishuhang.com/movie164.m3u8,text/plain; charset=utf-8,2533.6,60,none,0,0,False,[],[],,2026-08-15T06:33:29+00:00
轮播 (345源),movie118,https://345.lishuhang.com/movie118.m3u8,http_error,502,https://345.lishuhang.com/movie118.m3u8,text/plain; charset=utf-8,2477.4,60,none,0,0,False,[],[],,2026-08-15T06:33:30+00:00
轮播 (345源),movie173,https://345.lishuhang.com/movie173.m3u8,http_error,502,https://345.lishuhang.com/movie173.m3u8,text/plain; charset=utf-8,2545.6,60,none,0,0,False,[],[],,2026-08-15T06:33:30+00:00
轮播 (345源),movie223,https://345.lishuhang.com/movie223.m3u8,http_error,502,https://345.lishuhang.com/movie223.m3u8,text/plain; charset=utf-8,2559.8,60,none,0,0,False,[],[],,2026-08-15T06:33:30+00:00
轮播 (345源),movie251,https://345.lishuhang.com/movie251.m3u8,http_error,502,https://345.lishuhang.com/movie251.m3u8,text/plain; charset=utf-8,2488.6,60,none,0,0,False,[],[],,2026-08-15T06:33:31+00:00
轮播 (345源),movie320,https://345.lishuhang.com/movie320.m3u8,http_error,502,https://345.lishuhang.com/movie320.m3u8,text/plain; charset=utf-8,2418.5,60,none,0,0,False,[],[],,2026-08-15T06:33:31+00:00
轮播 (345源),movie241,https://345.lishuhang.com/movie241.m3u8,http_error,502,https://345.lishuhang.com/movie241.m3u8,text/plain; charset=utf-8,2219.1,60,none,0,0,False,[],[],,2026-08-15T06:33:31+00:00
轮播 (345源),movie283,https://345.lishuhang.com/movie283.m3u8,http_error,502,https://345.lishuhang.com/movie283.m3u8,text/plain; charset=utf-8,3286.0,60,none,0,0,False,[],[],,2026-08-15T06:33:31+00:00
轮播 (345源),movie503,https://345.lishuhang.com/movie503.m3u8,http_error,502,https://345.lishuhang.com/movie503.m3u8,text/plain; charset=utf-8,2993.9,60,none,0,0,False,[],[],,2026-08-15T06:33:32+00:00
轮播 (345源),movie119,https://345.lishuhang.com/movie119.m3u8,http_error,502,https://345.lishuhang.com/movie119.m3u8,text/plain; charset=utf-8,2468.7,60,none,0,0,False,[],[],,2026-08-15T06:33:32+00:00
轮播 (345源),hlitv155,https://345.lishuhang.com/hlitv155.m3u8,http_error,502,https://345.lishuhang.com/hlitv155.m3u8,text/plain; charset=utf-8,2391.5,60,none,0,0,False,[],[],,2026-08-15T06:33:32+00:00
轮播 (345源),hlitv95,https://345.lishuhang.com/hlitv95.m3u8,http_error,502,https://345.lishuhang.com/hlitv95.m3u8,text/plain; charset=utf-8,2398.8,60,none,0,0,False,[],[],,2026-08-15T06:33:32+00:00
轮播 (345源),hlitv87,https://345.lishuhang.com/hlitv87.m3u8,http_error,502,https://345.lishuhang.com/hlitv87.m3u8,text/plain; charset=utf-8,3423.2,60,none,0,0,False,[],[],,2026-08-15T06:33:33+00:00
轮播 (345源),hlitv82,https://345.lishuhang.com/hlitv82.m3u8,http_error,502,https://345.lishuhang.com/hlitv82.m3u8,text/plain; charset=utf-8,2412.9,60,none,0,0,False,[],[],,2026-08-15T06:33:33+00:00
轮播 (345源),hlitv90,https://345.lishuhang.com/hlitv90.m3u8,http_error,502,https://345.lishuhang.com/hlitv90.m3u8,text/plain; charset=utf-8,2506.7,60,none,0,0,False,[],[],,2026-08-15T06:33:33+00:00
轮播 (345源),hlitv97,https://345.lishuhang.com/hlitv97.m3u8,http_error,502,https://345.lishuhang.com/hlitv97.m3u8,text/plain; charset=utf-8,2161.3,60,none,0,0,False,[],[],,2026-08-15T06:33:34+00:00
轮播 (345源),hlitv75,https://345.lishuhang.com/hlitv75.m3u8,http_error,502,https://345.lishuhang.com/hlitv75.m3u8,text/plain; charset=utf-8,2971.5,60,none,0,0,False,[],[],,2026-08-15T06:33:35+00:00
轮播 (345源),hlitv76,https://345.lishuhang.com/hlitv76.m3u8,http_error,502,https://345.lishuhang.com/hlitv76.m3u8,text/plain; charset=utf-8,2365.0,60,none,0,0,False,[],[],,2026-08-15T06:33:35+00:00
轮播 (345源),hlitv77,https://345.lishuhang.com/hlitv77.m3u8,http_error,502,https://345.lishuhang.com/hlitv77.m3u8,text/plain; charset=utf-8,2544.7,60,none,0,0,False,[],[],,2026-08-15T06:33:35+00:00
轮播 (345源),hlitv91,https://345.lishuhang.com/hlitv91.m3u8,http_error,502,https://345.lishuhang.com/hlitv91.m3u8,text/plain; charset=utf-8,2231.0,60,none,0,0,False,[],[],,2026-08-15T06:33:35+00:00
轮播 (345源),hlitv79,https://345.lishuhang.com/hlitv79.m3u8,http_error,502,https://345.lishuhang.com/hlitv79.m3u8,text/plain; charset=utf-8,2753.5,60,none,0,0,False,[],[],,2026-08-15T06:33:35+00:00
轮播 (345源),hlitv94,https://345.lishuhang.com/hlitv94.m3u8,http_error,502,https://345.lishuhang.com/hlitv94.m3u8,text/plain; charset=utf-8,2528.7,60,none,0,0,False,[],[],,2026-08-15T06:33:36+00:00
轮播 (345源),hlitv78,https://345.lishuhang.com/hlitv78.m3u8,http_error,502,https://345.lishuhang.com/hlitv78.m3u8,text/plain; charset=utf-8,2968.3,60,none,0,0,False,[],[],,2026-08-15T06:33:36+00:00
轮播 (345源),hlitv156,https://345.lishuhang.com/hlitv156.m3u8,http_error,502,https://345.lishuhang.com/hlitv156.m3u8,text/plain; charset=utf-8,2463.2,60,none,0,0,False,[],[],,2026-08-15T06:33:37+00:00
轮播 (345源),hlitv85,https://345.lishuhang.com/hlitv85.m3u8,http_error,502,https://345.lishuhang.com/hlitv85.m3u8,text/plain; charset=utf-8,2392.8,60,none,0,0,False,[],[],,2026-08-15T06:33:37+00:00
轮播 (345源),hlitv99,https://345.lishuhang.com/hlitv99.m3u8,http_error,502,https://345.lishuhang.com/hlitv99.m3u8,text/plain; charset=utf-8,2501.9,60,none,0,0,False,[],[],,2026-08-15T06:33:37+00:00
轮播 (345源),hlitv133,https://345.lishuhang.com/hlitv133.m3u8,http_error,502,https://345.lishuhang.com/hlitv133.m3u8,text/plain; charset=utf-8,3411.3,60,none,0,0,False,[],[],,2026-08-15T06:33:37+00:00
轮播 (345源),hlitv83,https://345.lishuhang.com/hlitv83.m3u8,http_error,502,https://345.lishuhang.com/hlitv83.m3u8,text/plain; charset=utf-8,2512.5,60,none,0,0,False,[],[],,2026-08-15T06:33:38+00:00
轮播 (345源),hlitv89,https://345.lishuhang.com/hlitv89.m3u8,http_error,502,https://345.lishuhang.com/hlitv89.m3u8,text/plain; charset=utf-8,2418.9,60,none,0,0,False,[],[],,2026-08-15T06:33:38+00:00
轮播 (345源),hlitv89,https://345.lishuhang.com/hlitv126.m3u8,http_error,502,https://345.lishuhang.com/hlitv126.m3u8,text/plain; charset=utf-8,2481.2,60,none,0,0,False,[],[],,2026-08-15T06:33:38+00:00
轮播 (345源),hlitv89,https://345.lishuhang.com/hlitv127.m3u8,http_error,502,https://345.lishuhang.com/hlitv127.m3u8,text/plain; charset=utf-8,3047.8,60,none,0,0,False,[],[],,2026-08-15T06:33:39+00:00
轮播 (345源),hlitv88,https://345.lishuhang.com/hlitv88.m3u8,http_error,502,https://345.lishuhang.com/hlitv88.m3u8,text/plain; charset=utf-8,2781.8,60,none,0,0,False,[],[],,2026-08-15T06:33:39+00:00
轮播 (345源),hlitv84,https://345.lishuhang.com/hlitv84.m3u8,http_error,502,https://345.lishuhang.com/hlitv84.m3u8,text/plain; charset=utf-8,2543.4,60,none,0,0,False,[],[],,2026-08-15T06:33:40+00:00
轮播 (345源),hlitv81,https://345.lishuhang.com/hlitv81.m3u8,http_error,502,https://345.lishuhang.com/hlitv81.m3u8,text/plain; charset=utf-8,2716.4,60,none,0,0,False,[],[],,2026-08-15T06:33:40+00:00
轮播 (345源),hlitv86,https://345.lishuhang.com/hlitv86.m3u8,http_error,502,https://345.lishuhang.com/hlitv86.m3u8,text/plain; charset=utf-8,2524.8,60,none,0,0,False,[],[],,2026-08-15T06:33:40+00:00
轮播 (345源),hlitv129,https://345.lishuhang.com/hlitv129.m3u8,http_error,502,https://345.lishuhang.com/hlitv129.m3u8,text/plain; charset=utf-8,3051.8,60,none,0,0,False,[],[],,2026-08-15T06:33:40+00:00
轮播 (345源),hlitv131,https://345.lishuhang.com/hlitv131.m3u8,http_error,502,https://345.lishuhang.com/hlitv131.m3u8,text/plain; charset=utf-8,2524.8,60,none,0,0,False,[],[],,2026-08-15T06:33:41+00:00
轮播 (345源),hlitv130,https://345.lishuhang.com/hlitv130.m3u8,http_error,502,https://345.lishuhang.com/hlitv130.m3u8,text/plain; charset=utf-8,2484.9,60,none,0,0,False,[],[],,2026-08-15T06:33:41+00:00
轮播 (345源),hlitv128,https://345.lishuhang.com/hlitv128.m3u8,http_error,502,https://345.lishuhang.com/hlitv128.m3u8,text/plain; charset=utf-8,2221.0,60,none,0,0,False,[],[],,2026-08-15T06:33:42+00:00
轮播 (345源),hlitv80,https://345.lishuhang.com/hlitv80.m3u8,http_error,502,https://345.lishuhang.com/hlitv80.m3u8,text/plain; charset=utf-8,2890.9,60,none,0,0,False,[],[],,2026-08-15T06:33:42+00:00
轮播 (345源),fjitv119,https://345.lishuhang.com/fjitv119.m3u8,http_error,502,https://345.lishuhang.com/fjitv119.m3u8,text/plain; charset=utf-8,2176.5,60,none,0,0,False,[],[],,2026-08-15T06:33:42+00:00
轮播 (345源),fjitv119,https://345.lishuhang.com/fjitv202.m3u8,http_error,502,https://345.lishuhang.com/fjitv202.m3u8,text/plain; charset=utf-8,2369.8,60,none,0,0,False,[],[],,2026-08-15T06:33:42+00:00
轮播 (345源),fjitv114,https://345.lishuhang.com/fjitv114.m3u8,http_error,502,https://345.lishuhang.com/fjitv114.m3u8,text/plain; charset=utf-8,2429.9,60,none,0,0,False,[],[],,2026-08-15T06:33:43+00:00
轮播 (345源),fjitv114,https://345.lishuhang.com/fjitv190.m3u8,http_error,502,https://345.lishuhang.com/fjitv190.m3u8,text/plain; charset=utf-8,2403.3,60,none,0,0,False,[],[],,2026-08-15T06:33:43+00:00
轮播 (345源),fjitv116,https://345.lishuhang.com/fjitv116.m3u8,http_error,502,https://345.lishuhang.com/fjitv116.m3u8,text/plain; charset=utf-8,2722.6,60,none,0,0,False,[],[],,2026-08-15T06:33:43+00:00
轮播 (345源),fjitv116,https://345.lishuhang.com/fjitv197.m3u8,http_error,502,https://345.lishuhang.com/fjitv197.m3u8,text/plain; charset=utf-8,2243.6,60,none,0,0,False,[],[],,2026-08-15T06:33:44+00:00
轮播 (345源),fjitv115,https://345.lishuhang.com/fjitv115.m3u8,http_error,502,https://345.lishuhang.com/fjitv115.m3u8,text/plain; charset=utf-8,2983.0,60,none,0,0,False,[],[],,2026-08-15T06:33:44+00:00
轮播 (345源),fjitv115,https://345.lishuhang.com/fjitv194.m3u8,http_error,502,https://345.lishuhang.com/fjitv194.m3u8,text/plain; charset=utf-8,2402.0,60,none,0,0,False,[],[],,2026-08-15T06:33:44+00:00
轮播 (345源),fjitv46,https://345.lishuhang.com/fjitv46.m3u8,http_error,502,https://345.lishuhang.com/fjitv46.m3u8,text/plain; charset=utf-8,2455.5,60,none,0,0,False,[],[],,2026-08-15T06:33:45+00:00
轮播 (345源),fjitv46,https://345.lishuhang.com/fjitv186.m3u8,http_error,502,https://345.lishuhang.com/fjitv186.m3u8,text/plain; charset=utf-8,2478.7,60,none,0,0,False,[],[],,2026-08-15T06:33:45+00:00
轮播 (345源),fjitv45,https://345.lishuhang.com/fjitv45.m3u8,http_error,502,https://345.lishuhang.com/fjitv45.m3u8,text/plain; charset=utf-8,2725.6,60,none,0,0,False,[],[],,2026-08-15T06:33:45+00:00
轮播 (345源),fjitv45,https://345.lishuhang.com/fjitv185.m3u8,http_error,502,https://345.lishuhang.com/fjitv185.m3u8,text/plain; charset=utf-8,2237.5,60,none,0,0,False,[],[],,2026-08-15T06:33:46+00:00
轮播 (345源),fjitv112,https://345.lishuhang.com/fjitv112.m3u8,http_error,502,https://345.lishuhang.com/fjitv112.m3u8,text/plain; charset=utf-8,2875.9,60,none,0,0,False,[],[],,2026-08-15T06:33:46+00:00
轮播 (345源),fjitv112,https://345.lishuhang.com/fjitv187.m3u8,http_error,502,https://345.lishuhang.com/fjitv187.m3u8,text/plain; charset=utf-8,2455.9,60,none,0,0,False,[],[],,2026-08-15T06:33:46+00:00
轮播 (345源),fjitv117,https://345.lishuhang.com/fjitv117.m3u8,http_error,502,https://345.lishuhang.com/fjitv117.m3u8,text/plain; charset=utf-8,2966.2,60,none,0,0,False,[],[],,2026-08-15T06:33:47+00:00
轮播 (345源),fjitv47,https://345.lishuhang.com/fjitv47.m3u8,http_error,502,https://345.lishuhang.com/fjitv47.m3u8,text/plain; charset=utf-8,3237.3,60,none,0,0,False,[],[],,2026-08-15T06:33:47+00:00
轮播 (345源),fjitv47,https://345.lishuhang.com/fjitv189.m3u8,http_error,502,https://345.lishuhang.com/fjitv189.m3u8,text/plain; charset=utf-8,2446.8,60,none,0,0,False,[],[],,2026-08-15T06:33:47+00:00
轮播 (345源),fjitv49,https://345.lishuhang.com/fjitv49.m3u8,http_error,502,https://345.lishuhang.com/fjitv49.m3u8,text/plain; charset=utf-8,2407.5,60,none,0,0,False,[],[],,2026-08-15T06:33:48+00:00
轮播 (345源),fjitv49,https://345.lishuhang.com/fjitv192.m3u8,http_error,502,https://345.lishuhang.com/fjitv192.m3u8,text/plain; charset=utf-8,2887.5,60,none,0,0,False,[],[],,2026-08-15T06:33:48+00:00
轮播 (345源),fjitv120,https://345.lishuhang.com/fjitv120.m3u8,http_error,502,https://345.lishuhang.com/fjitv120.m3u8,text/plain; charset=utf-8,2407.0,60,none,0,0,False,[],[],,2026-08-15T06:33:48+00:00
轮播 (345源),fjitv53,https://345.lishuhang.com/fjitv53.m3u8,http_error,502,https://345.lishuhang.com/fjitv53.m3u8,text/plain; charset=utf-8,2129.9,60,none,0,0,False,[],[],,2026-08-15T06:33:48+00:00
轮播 (345源),fjitv53,https://345.lishuhang.com/fjitv199.m3u8,http_error,502,https://345.lishuhang.com/fjitv199.m3u8,text/plain; charset=utf-8,3006.1,60,none,0,0,False,[],[],,2026-08-15T06:33:49+00:00
轮播 (345源),fjitv113,https://345.lishuhang.com/fjitv113.m3u8,http_error,502,https://345.lishuhang.com/fjitv113.m3u8,text/plain; charset=utf-8,3345.5,60,none,0,0,False,[],[],,2026-08-15T06:33:50+00:00
轮播 (345源),fjitv113,https://345.lishuhang.com/fjitv188.m3u8,http_error,502,https://345.lishuhang.com/fjitv188.m3u8,text/plain; charset=utf-8,2485.3,60,none,0,0,False,[],[],,2026-08-15T06:33:50+00:00
轮播 (345源),fjitv118,https://345.lishuhang.com/fjitv118.m3u8,http_error,502,https://345.lishuhang.com/fjitv118.m3u8,text/plain; charset=utf-8,3114.3,60,none,0,0,False,[],[],,2026-08-15T06:33:50+00:00
轮播 (345源),fjitv118,https://345.lishuhang.com/fjitv230.m3u8,http_error,502,https://345.lishuhang.com/fjitv230.m3u8,text/plain; charset=utf-8,2501.0,60,none,0,0,False,[],[],,2026-08-15T06:33:50+00:00
轮播 (345源),fjitv293,https://345.lishuhang.com/fjitv293.m3u8,http_error,502,https://345.lishuhang.com/fjitv293.m3u8,text/plain; charset=utf-8,3588.4,60,none,0,0,False,[],[],,2026-08-15T06:33:50+00:00
轮播 (345源),fjitv111,https://345.lishuhang.com/fjitv111.m3u8,http_error,502,https://345.lishuhang.com/fjitv111.m3u8,text/plain; charset=utf-8,2493.9,60,none,0,0,False,[],[],,2026-08-15T06:33:51+00:00
轮播 (345源),fjitv111,https://345.lishuhang.com/fjitv184.m3u8,http_error,502,https://345.lishuhang.com/fjitv184.m3u8,text/plain; charset=utf-8,2461.6,60,none,0,0,False,[],[],,2026-08-15T06:33:51+00:00
轮播 (345源),fjitv200,https://345.lishuhang.com/fjitv200.m3u8,http_error,502,https://345.lishuhang.com/fjitv200.m3u8,text/plain; charset=utf-8,2748.9,60,none,0,0,False,[],[],,2026-08-15T06:33:52+00:00
轮播 (345源),fjitv200,https://345.lishuhang.com/fjitv286.m3u8,http_error,502,https://345.lishuhang.com/fjitv286.m3u8,text/plain; charset=utf-8,2478.2,60,none,0,0,False,[],[],,2026-08-15T06:33:52+00:00
轮播 (345源),fjitv200,https://345.lishuhang.com/fjitv287.m3u8,http_error,502,https://345.lishuhang.com/fjitv287.m3u8,text/plain; charset=utf-8,2526.8,60,none,0,0,False,[],[],,2026-08-15T06:33:53+00:00
轮播 (345源),fjitv54,https://345.lishuhang.com/fjitv54.m3u8,http_error,502,https://345.lishuhang.com/fjitv54.m3u8,text/plain; charset=utf-8,2303.0,60,none,0,0,False,[],[],,2026-08-15T06:33:53+00:00
轮播 (345源),fjitv54,https://345.lishuhang.com/fjitv193.m3u8,http_error,502,https://345.lishuhang.com/fjitv193.m3u8,text/plain; charset=utf-8,2394.2,60,none,0,0,False,[],[],,2026-08-15T06:33:53+00:00
轮播 (345源),fjitv51,https://345.lishuhang.com/fjitv51.m3u8,http_error,502,https://345.lishuhang.com/fjitv51.m3u8,text/plain; charset=utf-8,2234.6,60,none,0,0,False,[],[],,2026-08-15T06:33:53+00:00
轮播 (345源),fjitv51,https://345.lishuhang.com/fjitv196.m3u8,http_error,502,https://345.lishuhang.com/fjitv196.m3u8,text/plain; charset=utf-8,2386.5,60,none,0,0,False,[],[],,2026-08-15T06:33:53+00:00
轮播 (345源),fjitv52,https://345.lishuhang.com/fjitv52.m3u8,http_error,502,https://345.lishuhang.com/fjitv52.m3u8,text/plain; charset=utf-8,2566.1,60,none,0,0,False,[],[],,2026-08-15T06:33:54+00:00
轮播 (345源),fjitv52,https://345.lishuhang.com/fjitv198.m3u8,http_error,502,https://345.lishuhang.com/fjitv198.m3u8,text/plain; charset=utf-8,2408.0,60,none,0,0,False,[],[],,2026-08-15T06:33:54+00:00
轮播 (345源),fjitv50,https://345.lishuhang.com/fjitv50.m3u8,http_error,502,https://345.lishuhang.com/fjitv50.m3u8,text/plain; charset=utf-8,2418.5,60,none,0,0,False,[],[],,2026-08-15T06:33:55+00:00
轮播 (345源),fjitv50,https://345.lishuhang.com/fjitv195.m3u8,http_error,502,https://345.lishuhang.com/fjitv195.m3u8,text/plain; charset=utf-8,2270.2,60,none,0,0,False,[],[],,2026-08-15T06:33:55+00:00
轮播 (345源),fjitv127,https://345.lishuhang.com/fjitv127.m3u8,http_error,502,https://345.lishuhang.com/fjitv127.m3u8,text/plain; charset=utf-8,2540.4,60,none,0,0,False,[],[],,2026-08-15T06:33:55+00:00
轮播 (345源),fjitv127,https://345.lishuhang.com/fjitv208.m3u8,http_error,502,https://345.lishuhang.com/fjitv208.m3u8,text/plain; charset=utf-8,2776.0,60,none,0,0,False,[],[],,2026-08-15T06:33:55+00:00
轮播 (345源),fjitv128,https://345.lishuhang.com/fjitv128.m3u8,http_error,502,https://345.lishuhang.com/fjitv128.m3u8,text/plain; charset=utf-8,2511.0,60,none,0,0,False,[],[],,2026-08-15T06:33:55+00:00
轮播 (345源),fjitv128,https://345.lishuhang.com/fjitv209.m3u8,http_error,502,https://345.lishuhang.com/fjitv209.m3u8,text/plain; charset=utf-8,2972.1,60,none,0,0,False,[],[],,2026-08-15T06:33:56+00:00
轮播 (345源),fjitv130,https://345.lishuhang.com/fjitv130.m3u8,http_error,502,https://345.lishuhang.com/fjitv130.m3u8,text/plain; charset=utf-8,2373.4,60,none,0,0,False,[],[],,2026-08-15T06:33:57+00:00
轮播 (345源),fjitv130,https://345.lishuhang.com/fjitv211.m3u8,http_error,502,https://345.lishuhang.com/fjitv211.m3u8,text/plain; charset=utf-8,2935.3,60,none,0,0,False,[],[],,2026-08-15T06:33:57+00:00
轮播 (345源),fjitv125,https://345.lishuhang.com/fjitv125.m3u8,http_error,502,https://345.lishuhang.com/fjitv125.m3u8,text/plain; charset=utf-8,2422.3,60,none,0,0,False,[],[],,2026-08-15T06:33:57+00:00
轮播 (345源),fjitv125,https://345.lishuhang.com/fjitv207.m3u8,http_error,502,https://345.lishuhang.com/fjitv207.m3u8,text/plain; charset=utf-8,2415.3,60,none,0,0,False,[],[],,2026-08-15T06:33:58+00:00
轮播 (345源),fjitv48,https://345.lishuhang.com/fjitv48.m3u8,http_error,502,https://345.lishuhang.com/fjitv48.m3u8,text/plain; charset=utf-8,2991.2,60,none,0,0,False,[],[],,2026-08-15T06:33:58+00:00
轮播 (345源),movie67,https://345.lishuhang.com/movie67.m3u8,http_error,502,https://345.lishuhang.com/movie67.m3u8,text/plain; charset=utf-8,2174.6,60,none,0,0,False,[],[],,2026-08-15T06:33:58+00:00
轮播 (345源),movie67,https://345.lishuhang.com/movie232.m3u8,http_error,502,https://345.lishuhang.com/movie232.m3u8,text/plain; charset=utf-8,2960.4,60,none,0,0,False,[],[],,2026-08-15T06:33:58+00:00
轮播 (345源),movie287,https://345.lishuhang.com/movie287.m3u8,http_error,502,https://345.lishuhang.com/movie287.m3u8,text/plain; charset=utf-8,2407.3,60,none,0,0,False,[],[],,2026-08-15T06:33:59+00:00
轮播 (345源),movie114,https://345.lishuhang.com/movie114.m3u8,http_error,502,https://345.lishuhang.com/movie114.m3u8,text/plain; charset=utf-8,2556.1,60,none,0,0,False,[],[],,2026-08-15T06:33:59+00:00
轮播 (345源),movie63,https://345.lishuhang.com/movie63.m3u8,http_error,502,https://345.lishuhang.com/movie63.m3u8,text/plain; charset=utf-8,2385.4,60,none,0,0,False,[],[],,2026-08-15T06:34:00+00:00
轮播 (345源),movie109,https://345.lishuhang.com/movie109.m3u8,http_error,502,https://345.lishuhang.com/movie109.m3u8,text/plain; charset=utf-8,2547.1,60,none,0,0,False,[],[],,2026-08-15T06:34:00+00:00
轮播 (345源),fjitv236,https://345.lishuhang.com/fjitv236.m3u8,http_error,502,https://345.lishuhang.com/fjitv236.m3u8,text/plain; charset=utf-8,2824.5,60,none,0,0,False,[],[],,2026-08-15T06:34:00+00:00
轮播 (345源),movie88,https://345.lishuhang.com/movie88.m3u8,http_error,502,https://345.lishuhang.com/movie88.m3u8,text/plain; charset=utf-8,3032.2,60,none,0,0,False,[],[],,2026-08-15T06:34:00+00:00
轮播 (345源),movie103,https://345.lishuhang.com/movie103.m3u8,http_error,502,https://345.lishuhang.com/movie103.m3u8,text/plain; charset=utf-8,2534.7,60,none,0,0,False,[],[],,2026-08-15T06:34:01+00:00
轮播 (345源),movie142,https://345.lishuhang.com/movie142.m3u8,http_error,502,https://345.lishuhang.com/movie142.m3u8,text/plain; charset=utf-8,2574.2,60,none,0,0,False,[],[],,2026-08-15T06:34:01+00:00
轮播 (345源),movie142,https://345.lishuhang.com/movie150.m3u8,http_error,502,https://345.lishuhang.com/movie150.m3u8,text/plain; charset=utf-8,2402.4,60,none,0,0,False,[],[],,2026-08-15T06:34:01+00:00
轮播 (345源),movie186,https://345.lishuhang.com/movie186.m3u8,http_error,502,https://345.lishuhang.com/movie186.m3u8,text/plain; charset=utf-8,2526.2,60,none,0,0,False,[],[],,2026-08-15T06:34:02+00:00
轮播 (345源),movie286,https://345.lishuhang.com/movie286.m3u8,http_error,502,https://345.lishuhang.com/movie286.m3u8,text/plain; charset=utf-8,2482.1,60,none,0,0,False,[],[],,2026-08-15T06:34:02+00:00
轮播 (345源),movie210,https://345.lishuhang.com/movie210.m3u8,http_error,502,https://345.lishuhang.com/movie210.m3u8,text/plain; charset=utf-8,3270.9,60,none,0,0,False,[],[],,2026-08-15T06:34:02+00:00
轮播 (345源),movie90,https://345.lishuhang.com/movie90.m3u8,http_error,502,https://345.lishuhang.com/movie90.m3u8,text/plain; charset=utf-8,2465.7,60,none,0,0,False,[],[],,2026-08-15T06:34:03+00:00
轮播 (345源),movie229,https://345.lishuhang.com/movie229.m3u8,http_error,502,https://345.lishuhang.com/movie229.m3u8,text/plain; charset=utf-8,2932.3,60,none,0,0,False,[],[],,2026-08-15T06:34:03+00:00
轮播 (345源),movie66,https://345.lishuhang.com/movie66.m3u8,http_error,502,https://345.lishuhang.com/movie66.m3u8,text/plain; charset=utf-8,3002.1,60,none,0,0,False,[],[],,2026-08-15T06:34:03+00:00
轮播 (345源),movie336,https://345.lishuhang.com/movie336.m3u8,http_error,502,https://345.lishuhang.com/movie336.m3u8,text/plain; charset=utf-8,2937.3,60,none,0,0,False,[],[],,2026-08-15T06:34:03+00:00
轮播 (345源),movie276,https://345.lishuhang.com/movie276.m3u8,http_error,502,https://345.lishuhang.com/movie276.m3u8,text/plain; charset=utf-8,3313.9,60,none,0,0,False,[],[],,2026-08-15T06:34:04+00:00
轮播 (345源),movie254,https://345.lishuhang.com/movie254.m3u8,http_error,502,https://345.lishuhang.com/movie254.m3u8,text/plain; charset=utf-8,2462.0,60,none,0,0,False,[],[],,2026-08-15T06:34:04+00:00
轮播 (345源),movie532,https://345.lishuhang.com/movie532.m3u8,http_error,502,https://345.lishuhang.com/movie532.m3u8,text/plain; charset=utf-8,2442.5,60,none,0,0,False,[],[],,2026-08-15T06:34:04+00:00
轮播 (345源),movie531,https://345.lishuhang.com/movie531.m3u8,http_error,502,https://345.lishuhang.com/movie531.m3u8,text/plain; charset=utf-8,2581.1,60,none,0,0,False,[],[],,2026-08-15T06:34:05+00:00
轮播 (345源),migu87,https://345.lishuhang.com/migu87.m3u8,http_error,502,https://345.lishuhang.com/migu87.m3u8,text/plain; charset=utf-8,2535.7,60,none,0,0,False,[],[],,2026-08-15T06:34:06+00:00
轮播 (345源),hlitv152,https://345.lishuhang.com/hlitv152.m3u8,http_error,502,https://345.lishuhang.com/hlitv152.m3u8,text/plain; charset=utf-8,3042.0,60,none,0,0,False,[],[],,2026-08-15T06:34:06+00:00
轮播 (345源),hlitv152,https://345.lishuhang.com/ipv623.m3u8,http_error,502,https://345.lishuhang.com/ipv623.m3u8,text/plain; charset=utf-8,2528.4,87,none,0,0,False,[],[],,2026-08-15T06:34:06+00:00
轮播 (345源),hlitv152,https://345.lishuhang.com/itv202.m3u8,http_error,502,https://345.lishuhang.com/itv202.m3u8,text/plain; charset=utf-8,2865.2,60,none,0,0,False,[],[],,2026-08-15T06:34:06+00:00
轮播 (345源),movie130,https://345.lishuhang.com/movie130.m3u8,http_error,502,https://345.lishuhang.com/movie130.m3u8,text/plain; charset=utf-8,2536.5,60,none,0,0,False,[],[],,2026-08-15T06:34:07+00:00
轮播 (345源),movie130,https://345.lishuhang.com/movie157.m3u8,http_error,502,https://345.lishuhang.com/movie157.m3u8,text/plain; charset=utf-8,2559.5,60,none,0,0,False,[],[],,2026-08-15T06:34:07+00:00
轮播 (345源),movie506,https://345.lishuhang.com/movie506.m3u8,http_error,502,https://345.lishuhang.com/movie506.m3u8,text/plain; charset=utf-8,3033.2,60,none,0,0,False,[],[],,2026-08-15T06:34:07+00:00
轮播 (345源),movie231,https://345.lishuhang.com/movie231.m3u8,http_error,502,https://345.lishuhang.com/movie231.m3u8,text/plain; charset=utf-8,2633.7,60,none,0,0,False,[],[],,2026-08-15T06:34:08+00:00
轮播 (345源),movie545,https://345.lishuhang.com/movie545.m3u8,http_error,502,https://345.lishuhang.com/movie545.m3u8,text/plain; charset=utf-8,2435.1,60,none,0,0,False,[],[],,2026-08-15T06:34:08+00:00
轮播 (345源),movie508,https://345.lishuhang.com/movie508.m3u8,http_error,502,https://345.lishuhang.com/movie508.m3u8,text/plain; charset=utf-8,2462.3,60,none,0,0,False,[],[],,2026-08-15T06:34:09+00:00
轮播 (345源),movie292,https://345.lishuhang.com/movie292.m3u8,http_error,502,https://345.lishuhang.com/movie292.m3u8,text/plain; charset=utf-8,2388.1,60,none,0,0,False,[],[],,2026-08-15T06:34:09+00:00
轮播 (345源),movie397,https://345.lishuhang.com/movie397.m3u8,http_error,502,https://345.lishuhang.com/movie397.m3u8,text/plain; charset=utf-8,2454.6,60,none,0,0,False,[],[],,2026-08-15T06:34:09+00:00
轮播 (345源),movie48,https://345.lishuhang.com/movie48.m3u8,http_error,502,https://345.lishuhang.com/movie48.m3u8,text/plain; charset=utf-8,2439.8,60,none,0,0,False,[],[],,2026-08-15T06:34:09+00:00
轮播 (345源),movie159,https://345.lishuhang.com/movie159.m3u8,http_error,502,https://345.lishuhang.com/movie159.m3u8,text/plain; charset=utf-8,2945.7,60,none,0,0,False,[],[],,2026-08-15T06:34:09+00:00
轮播 (345源),movie161,https://345.lishuhang.com/movie161.m3u8,http_error,502,https://345.lishuhang.com/movie161.m3u8,text/plain; charset=utf-8,2481.0,60,none,0,0,False,[],[],,2026-08-15T06:34:10+00:00
轮播 (345源),movie219,https://345.lishuhang.com/movie219.m3u8,http_error,502,https://345.lishuhang.com/movie219.m3u8,text/plain; charset=utf-8,2483.8,60,none,0,0,False,[],[],,2026-08-15T06:34:10+00:00
轮播 (345源),movie20,https://345.lishuhang.com/movie20.m3u8,http_error,502,https://345.lishuhang.com/movie20.m3u8,text/plain; charset=utf-8,2929.1,60,none,0,0,False,[],[],,2026-08-15T06:34:11+00:00
轮播 (345源),movie206,https://345.lishuhang.com/movie206.m3u8,http_error,502,https://345.lishuhang.com/movie206.m3u8,text/plain; charset=utf-8,2792.3,60,none,0,0,False,[],[],,2026-08-15T06:34:11+00:00
轮播 (345源),movie124,https://345.lishuhang.com/movie124.m3u8,http_error,502,https://345.lishuhang.com/movie124.m3u8,text/plain; charset=utf-8,2501.1,60,none,0,0,False,[],[],,2026-08-15T06:34:11+00:00
轮播 (345源),movie253,https://345.lishuhang.com/movie253.m3u8,http_error,502,https://345.lishuhang.com/movie253.m3u8,text/plain; charset=utf-8,2424.6,60,none,0,0,False,[],[],,2026-08-15T06:34:12+00:00
轮播 (345源),movie65,https://345.lishuhang.com/movie65.m3u8,http_error,502,https://345.lishuhang.com/movie65.m3u8,text/plain; charset=utf-8,2496.0,60,none,0,0,False,[],[],,2026-08-15T06:34:12+00:00
轮播 (345源),movie492,https://345.lishuhang.com/movie492.m3u8,http_error,502,https://345.lishuhang.com/movie492.m3u8,text/plain; charset=utf-8,2224.0,60,none,0,0,False,[],[],,2026-08-15T06:34:12+00:00
轮播 (345源),movie349,https://345.lishuhang.com/movie349.m3u8,http_error,502,https://345.lishuhang.com/movie349.m3u8,text/plain; charset=utf-8,2962.9,60,none,0,0,False,[],[],,2026-08-15T06:34:12+00:00
轮播 (345源),movie207,https://345.lishuhang.com/movie207.m3u8,http_error,502,https://345.lishuhang.com/movie207.m3u8,text/plain; charset=utf-8,2493.1,60,none,0,0,False,[],[],,2026-08-15T06:34:13+00:00
轮播 (345源),movie237,https://345.lishuhang.com/movie237.m3u8,http_error,502,https://345.lishuhang.com/movie237.m3u8,text/plain; charset=utf-8,2821.8,60,none,0,0,False,[],[],,2026-08-15T06:34:13+00:00
轮播 (345源),movie145,https://345.lishuhang.com/movie145.m3u8,http_error,502,https://345.lishuhang.com/movie145.m3u8,text/plain; charset=utf-8,2516.7,60,none,0,0,False,[],[],,2026-08-15T06:34:14+00:00
轮播 (345源),movie145,https://345.lishuhang.com/movie155.m3u8,http_error,502,https://345.lishuhang.com/movie155.m3u8,text/plain; charset=utf-8,2396.8,60,none,0,0,False,[],[],,2026-08-15T06:34:14+00:00
轮播 (345源),movie112,https://345.lishuhang.com/movie112.m3u8,http_error,502,https://345.lishuhang.com/movie112.m3u8,text/plain; charset=utf-8,2481.3,60,none,0,0,False,[],[],,2026-08-15T06:34:14+00:00
轮播 (345源),movie474,https://345.lishuhang.com/movie474.m3u8,http_error,502,https://345.lishuhang.com/movie474.m3u8,text/plain; charset=utf-8,2424.7,60,none,0,0,False,[],[],,2026-08-15T06:34:14+00:00
轮播 (345源),movie475,https://345.lishuhang.com/movie475.m3u8,http_error,502,https://345.lishuhang.com/movie475.m3u8,text/plain; charset=utf-8,2901.4,60,none,0,0,False,[],[],,2026-08-15T06:34:15+00:00
轮播 (345源),movie476,https://345.lishuhang.com/movie476.m3u8,http_error,502,https://345.lishuhang.com/movie476.m3u8,text/plain; charset=utf-8,2500.0,60,none,0,0,False,[],[],,2026-08-15T06:34:15+00:00
轮播 (345源),movie477,https://345.lishuhang.com/movie477.m3u8,http_error,502,https://345.lishuhang.com/movie477.m3u8,text/plain; charset=utf-8,2929.5,60,none,0,0,False,[],[],,2026-08-15T06:34:15+00:00
轮播 (345源),movie78,https://345.lishuhang.com/movie78.m3u8,http_error,502,https://345.lishuhang.com/movie78.m3u8,text/plain; charset=utf-8,2432.1,60,none,0,0,False,[],[],,2026-08-15T06:34:16+00:00
轮播 (345源),movie4,https://345.lishuhang.com/movie4.m3u8,http_error,502,https://345.lishuhang.com/movie4.m3u8,text/plain; charset=utf-8,2488.0,60,none,0,0,False,[],[],,2026-08-15T06:34:16+00:00
轮播 (345源),movie102,https://345.lishuhang.com/movie102.m3u8,http_error,502,https://345.lishuhang.com/movie102.m3u8,text/plain; charset=utf-8,2509.3,60,none,0,0,False,[],[],,2026-08-15T06:34:16+00:00
轮播 (345源),fjitv94,https://345.lishuhang.com/fjitv94.m3u8,http_error,502,https://345.lishuhang.com/fjitv94.m3u8,text/plain; charset=utf-8,2439.0,60,none,0,0,False,[],[],,2026-08-15T06:34:17+00:00
轮播 (345源),fjitv94,https://345.lishuhang.com/fjitv232.m3u8,http_error,502,https://345.lishuhang.com/fjitv232.m3u8,text/plain; charset=utf-8,2457.5,60,none,0,0,False,[],[],,2026-08-15T06:34:17+00:00
轮播 (345源),fjitv94,https://345.lishuhang.com/itv251.m3u8,http_error,502,https://345.lishuhang.com/itv251.m3u8,text/plain; charset=utf-8,2456.9,60,none,0,0,False,[],[],,2026-08-15T06:34:17+00:00
轮播 (345源),fjitv94,https://345.lishuhang.com/ty16.m3u8,http_error,502,https://345.lishuhang.com/ty16.m3u8,text/plain; charset=utf-8,2933.5,60,none,0,0,False,[],[],,2026-08-15T06:34:18+00:00
轮播 (345源),movie225,https://345.lishuhang.com/movie225.m3u8,http_error,502,https://345.lishuhang.com/movie225.m3u8,text/plain; charset=utf-8,2450.7,60,none,0,0,False,[],[],,2026-08-15T06:34:18+00:00
轮播 (345源),movie53,https://345.lishuhang.com/movie53.m3u8,http_error,502,https://345.lishuhang.com/movie53.m3u8,text/plain; charset=utf-8,2618.8,60,none,0,0,False,[],[],,2026-08-15T06:34:19+00:00
轮播 (345源),movie511,https://345.lishuhang.com/movie511.m3u8,http_error,502,https://345.lishuhang.com/movie511.m3u8,text/plain; charset=utf-8,2397.8,60,none,0,0,False,[],[],,2026-08-15T06:34:19+00:00
轮播 (345源),fjitv309,https://345.lishuhang.com/fjitv309.m3u8,http_error,502,https://345.lishuhang.com/fjitv309.m3u8,text/plain; charset=utf-8,2462.8,60,none,0,0,False,[],[],,2026-08-15T06:34:19+00:00
轮播 (345源),movie359,https://345.lishuhang.com/movie359.m3u8,http_error,502,https://345.lishuhang.com/movie359.m3u8,text/plain; charset=utf-8,3094.8,60,none,0,0,False,[],[],,2026-08-15T06:34:19+00:00
轮播 (345源),movie294,https://345.lishuhang.com/movie294.m3u8,http_error,502,https://345.lishuhang.com/movie294.m3u8,text/plain; charset=utf-8,2954.5,60,none,0,0,False,[],[],,2026-08-15T06:34:19+00:00
轮播 (345源),movie488,https://345.lishuhang.com/movie488.m3u8,http_error,502,https://345.lishuhang.com/movie488.m3u8,text/plain; charset=utf-8,2524.9,60,none,0,0,False,[],[],,2026-08-15T06:34:20+00:00
轮播 (345源),movie462,https://345.lishuhang.com/movie462.m3u8,http_error,502,https://345.lishuhang.com/movie462.m3u8,text/plain; charset=utf-8,2472.7,60,none,0,0,False,[],[],,2026-08-15T06:34:21+00:00
轮播 (345源),movie52,https://345.lishuhang.com/movie52.m3u8,http_error,502,https://345.lishuhang.com/movie52.m3u8,text/plain; charset=utf-8,2543.0,60,none,0,0,False,[],[],,2026-08-15T06:34:21+00:00
轮播 (345源),movie52,https://345.lishuhang.com/movie195.m3u8,http_error,502,https://345.lishuhang.com/movie195.m3u8,text/plain; charset=utf-8,2485.0,60,none,0,0,False,[],[],,2026-08-15T06:34:21+00:00
轮播 (345源),movie25,https://345.lishuhang.com/movie25.m3u8,http_error,502,https://345.lishuhang.com/movie25.m3u8,text/plain; charset=utf-8,2397.2,60,none,0,0,False,[],[],,2026-08-15T06:34:21+00:00
轮播 (345源),movie99,https://345.lishuhang.com/movie99.m3u8,http_error,502,https://345.lishuhang.com/movie99.m3u8,text/plain; charset=utf-8,2495.9,60,none,0,0,False,[],[],,2026-08-15T06:34:21+00:00
轮播 (345源),movie344,https://345.lishuhang.com/movie344.m3u8,http_error,502,https://345.lishuhang.com/movie344.m3u8,text/plain; charset=utf-8,2452.6,60,none,0,0,False,[],[],,2026-08-15T06:34:22+00:00
轮播 (345源),movie8,https://345.lishuhang.com/movie8.m3u8,http_error,502,https://345.lishuhang.com/movie8.m3u8,text/plain; charset=utf-8,2952.0,60,none,0,0,False,[],[],,2026-08-15T06:34:22+00:00
轮播 (345源),movie389,https://345.lishuhang.com/movie389.m3u8,http_error,502,https://345.lishuhang.com/movie389.m3u8,text/plain; charset=utf-8,2456.1,60,none,0,0,False,[],[],,2026-08-15T06:34:22+00:00
轮播 (345源),movie194,https://345.lishuhang.com/movie194.m3u8,http_error,502,https://345.lishuhang.com/movie194.m3u8,text/plain; charset=utf-8,2956.1,60,none,0,0,False,[],[],,2026-08-15T06:34:23+00:00
轮播 (345源),movie36,https://345.lishuhang.com/movie36.m3u8,http_error,502,https://345.lishuhang.com/movie36.m3u8,text/plain; charset=utf-8,2519.0,60,none,0,0,False,[],[],,2026-08-15T06:34:23+00:00
轮播 (345源),movie64,https://345.lishuhang.com/movie64.m3u8,http_error,502,https://345.lishuhang.com/movie64.m3u8,text/plain; charset=utf-8,2905.8,60,none,0,0,False,[],[],,2026-08-15T06:34:24+00:00
轮播 (345源),movie551,https://345.lishuhang.com/movie551.m3u8,http_error,502,https://345.lishuhang.com/movie551.m3u8,text/plain; charset=utf-8,2469.8,60,none,0,0,False,[],[],,2026-08-15T06:34:24+00:00
轮播 (345源),movie526,https://345.lishuhang.com/movie526.m3u8,http_error,502,https://345.lishuhang.com/movie526.m3u8,text/plain; charset=utf-8,3264.0,60,none,0,0,False,[],[],,2026-08-15T06:34:24+00:00
轮播 (345源),fjitv99,https://345.lishuhang.com/fjitv99.m3u8,http_error,502,https://345.lishuhang.com/fjitv99.m3u8,text/plain; charset=utf-8,2926.3,60,none,0,0,False,[],[],,2026-08-15T06:34:25+00:00
轮播 (345源),fjitv99,https://345.lishuhang.com/fjitv237.m3u8,http_error,502,https://345.lishuhang.com/fjitv237.m3u8,text/plain; charset=utf-8,2400.2,60,none,0,0,False,[],[],,2026-08-15T06:34:25+00:00
轮播 (345源),fjitv99,https://345.lishuhang.com/itv208.m3u8,http_error,502,https://345.lishuhang.com/itv208.m3u8,text/plain; charset=utf-8,2265.5,60,none,0,0,False,[],[],,2026-08-15T06:34:25+00:00
轮播 (345源),movie471,https://345.lishuhang.com/movie471.m3u8,http_error,502,https://345.lishuhang.com/movie471.m3u8,text/plain; charset=utf-8,2600.7,60,none,0,0,False,[],[],,2026-08-15T06:34:26+00:00
轮播 (345源),movie472,https://345.lishuhang.com/movie472.m3u8,http_error,502,https://345.lishuhang.com/movie472.m3u8,text/plain; charset=utf-8,2160.9,60,none,0,0,False,[],[],,2026-08-15T06:34:26+00:00
轮播 (345源),movie337,https://345.lishuhang.com/movie337.m3u8,http_error,502,https://345.lishuhang.com/movie337.m3u8,text/plain; charset=utf-8,2446.7,60,none,0,0,False,[],[],,2026-08-15T06:34:26+00:00
轮播 (345源),movie46,https://345.lishuhang.com/movie46.m3u8,http_error,502,https://345.lishuhang.com/movie46.m3u8,text/plain; charset=utf-8,2494.7,60,none,0,0,False,[],[],,2026-08-15T06:34:27+00:00
轮播 (345源),movie107,https://345.lishuhang.com/movie107.m3u8,http_error,502,https://345.lishuhang.com/movie107.m3u8,text/plain; charset=utf-8,2536.3,60,none,0,0,False,[],[],,2026-08-15T06:34:27+00:00
轮播 (345源),movie54,https://345.lishuhang.com/movie54.m3u8,http_error,502,https://345.lishuhang.com/movie54.m3u8,text/plain; charset=utf-8,2374.4,60,none,0,0,False,[],[],,2026-08-15T06:34:27+00:00
轮播 (345源),movie197,https://345.lishuhang.com/movie197.m3u8,http_error,502,https://345.lishuhang.com/movie197.m3u8,text/plain; charset=utf-8,2506.0,60,none,0,0,False,[],[],,2026-08-15T06:34:27+00:00
轮播 (345源),movie529,https://345.lishuhang.com/movie529.m3u8,http_error,502,https://345.lishuhang.com/movie529.m3u8,text/plain; charset=utf-8,2524.3,60,none,0,0,False,[],[],,2026-08-15T06:34:27+00:00
轮播 (345源),movie89,https://345.lishuhang.com/movie89.m3u8,http_error,502,https://345.lishuhang.com/movie89.m3u8,text/plain; charset=utf-8,2533.1,60,none,0,0,False,[],[],,2026-08-15T06:34:28+00:00
轮播 (345源),movie374,https://345.lishuhang.com/movie374.m3u8,http_error,502,https://345.lishuhang.com/movie374.m3u8,text/plain; charset=utf-8,2448.2,60,none,0,0,False,[],[],,2026-08-15T06:34:29+00:00
轮播 (345源),movie18,https://345.lishuhang.com/movie18.m3u8,http_error,502,https://345.lishuhang.com/movie18.m3u8,text/plain; charset=utf-8,2526.0,60,none,0,0,False,[],[],,2026-08-15T06:34:29+00:00
轮播 (345源),movie18,https://345.lishuhang.com/movie523.m3u8,http_error,502,https://345.lishuhang.com/movie523.m3u8,text/plain; charset=utf-8,2466.9,60,none,0,0,False,[],[],,2026-08-15T06:34:29+00:00
轮播 (345源),movie220,https://345.lishuhang.com/movie220.m3u8,http_error,502,https://345.lishuhang.com/movie220.m3u8,text/plain; charset=utf-8,2813.4,60,none,0,0,False,[],[],,2026-08-15T06:34:30+00:00
轮播 (345源),movie70,https://345.lishuhang.com/movie70.m3u8,http_error,502,https://345.lishuhang.com/movie70.m3u8,text/plain; charset=utf-8,2394.4,60,none,0,0,False,[],[],,2026-08-15T06:34:30+00:00
轮播 (345源),movie218,https://345.lishuhang.com/movie218.m3u8,http_error,502,https://345.lishuhang.com/movie218.m3u8,text/plain; charset=utf-8,2193.3,60,none,0,0,False,[],[],,2026-08-15T06:34:30+00:00
轮播 (345源),movie140,https://345.lishuhang.com/movie140.m3u8,http_error,502,https://345.lishuhang.com/movie140.m3u8,text/plain; charset=utf-8,2502.0,60,none,0,0,False,[],[],,2026-08-15T06:34:30+00:00
轮播 (345源),movie140,https://345.lishuhang.com/movie151.m3u8,http_error,502,https://345.lishuhang.com/movie151.m3u8,text/plain; charset=utf-8,2694.4,60,none,0,0,False,[],[],,2026-08-15T06:34:31+00:00
轮播 (345源),movie120,https://345.lishuhang.com/movie120.m3u8,http_error,502,https://345.lishuhang.com/movie120.m3u8,text/plain; charset=utf-8,2382.8,60,none,0,0,False,[],[],,2026-08-15T06:34:31+00:00
轮播 (345源),movie14,https://345.lishuhang.com/movie14.m3u8,http_error,502,https://345.lishuhang.com/movie14.m3u8,text/plain; charset=utf-8,2417.5,60,none,0,0,False,[],[],,2026-08-15T06:34:31+00:00
轮播 (345源),movie350,https://345.lishuhang.com/movie350.m3u8,http_error,502,https://345.lishuhang.com/movie350.m3u8,text/plain; charset=utf-8,3003.3,60,none,0,0,False,[],[],,2026-08-15T06:34:32+00:00
轮播 (345源),movie115,https://345.lishuhang.com/movie115.m3u8,http_error,502,https://345.lishuhang.com/movie115.m3u8,text/plain; charset=utf-8,2462.5,60,none,0,0,False,[],[],,2026-08-15T06:34:32+00:00
轮播 (345源),movie129,https://345.lishuhang.com/movie129.m3u8,http_error,502,https://345.lishuhang.com/movie129.m3u8,text/plain; charset=utf-8,2523.2,60,none,0,0,False,[],[],,2026-08-15T06:34:32+00:00
轮播 (345源),movie2,https://345.lishuhang.com/movie2.m3u8,http_error,502,https://345.lishuhang.com/movie2.m3u8,text/plain; charset=utf-8,2200.5,60,none,0,0,False,[],[],,2026-08-15T06:34:33+00:00
轮播 (345源),movie342,https://345.lishuhang.com/movie342.m3u8,http_error,502,https://345.lishuhang.com/movie342.m3u8,text/plain; charset=utf-8,2392.5,60,none,0,0,False,[],[],,2026-08-15T06:34:33+00:00
轮播 (345源),movie174,https://345.lishuhang.com/movie174.m3u8,http_error,502,https://345.lishuhang.com/movie174.m3u8,text/plain; charset=utf-8,2424.4,60,none,0,0,False,[],[],,2026-08-15T06:34:33+00:00
轮播 (345源),movie348,https://345.lishuhang.com/movie348.m3u8,http_error,502,https://345.lishuhang.com/movie348.m3u8,text/plain; charset=utf-8,2357.2,60,none,0,0,False,[],[],,2026-08-15T06:34:34+00:00
轮播 (345源),movie10,https://345.lishuhang.com/movie10.m3u8,http_error,502,https://345.lishuhang.com/movie10.m3u8,text/plain; charset=utf-8,2348.8,60,none,0,0,False,[],[],,2026-08-15T06:34:34+00:00
轮播 (345源),movie473,https://345.lishuhang.com/movie473.m3u8,http_error,502,https://345.lishuhang.com/movie473.m3u8,text/plain; charset=utf-8,2400.2,60,none,0,0,False,[],[],,2026-08-15T06:34:35+00:00
轮播 (345源),movie127,https://345.lishuhang.com/movie127.m3u8,http_error,502,https://345.lishuhang.com/movie127.m3u8,text/plain; charset=utf-8,2497.8,60,none,0,0,False,[],[],,2026-08-15T06:34:35+00:00
轮播 (345源),movie522,https://345.lishuhang.com/movie522.m3u8,http_error,502,https://345.lishuhang.com/movie522.m3u8,text/plain; charset=utf-8,2254.0,60,none,0,0,False,[],[],,2026-08-15T06:34:35+00:00
轮播 (345源),movie512,https://345.lishuhang.com/movie512.m3u8,http_error,502,https://345.lishuhang.com/movie512.m3u8,text/plain; charset=utf-8,2384.9,60,none,0,0,False,[],[],,2026-08-15T06:34:35+00:00
轮播 (345源),movie493,https://345.lishuhang.com/movie493.m3u8,http_error,502,https://345.lishuhang.com/movie493.m3u8,text/plain; charset=utf-8,2387.3,60,none,0,0,False,[],[],,2026-08-15T06:34:35+00:00
轮播 (345源),movie305,https://345.lishuhang.com/movie305.m3u8,http_error,502,https://345.lishuhang.com/movie305.m3u8,text/plain; charset=utf-8,2428.1,60,none,0,0,False,[],[],,2026-08-15T06:34:36+00:00
轮播 (345源),movie193,https://345.lishuhang.com/movie193.m3u8,http_error,502,https://345.lishuhang.com/movie193.m3u8,text/plain; charset=utf-8,2444.1,60,none,0,0,False,[],[],,2026-08-15T06:34:36+00:00
轮播 (345源),movie202,https://345.lishuhang.com/movie202.m3u8,http_error,502,https://345.lishuhang.com/movie202.m3u8,text/plain; charset=utf-8,2428.3,60,none,0,0,False,[],[],,2026-08-15T06:34:36+00:00
轮播 (345源),movie131,https://345.lishuhang.com/movie131.m3u8,http_error,502,https://345.lishuhang.com/movie131.m3u8,text/plain; charset=utf-8,2896.8,60,none,0,0,False,[],[],,2026-08-15T06:34:37+00:00
轮播 (345源),movie146,https://345.lishuhang.com/movie146.m3u8,http_error,502,https://345.lishuhang.com/movie146.m3u8,text/plain; charset=utf-8,2921.9,60,none,0,0,False,[],[],,2026-08-15T06:34:37+00:00
轮播 (345源),movie458,https://345.lishuhang.com/movie458.m3u8,http_error,502,https://345.lishuhang.com/movie458.m3u8,text/plain; charset=utf-8,3462.2,60,none,0,0,False,[],[],,2026-08-15T06:34:37+00:00
轮播 (345源),movie222,https://345.lishuhang.com/movie222.m3u8,http_error,502,https://345.lishuhang.com/movie222.m3u8,text/plain; charset=utf-8,3009.1,60,none,0,0,False,[],[],,2026-08-15T06:34:37+00:00
轮播 (345源),movie169,https://345.lishuhang.com/movie169.m3u8,http_error,502,https://345.lishuhang.com/movie169.m3u8,text/plain; charset=utf-8,2245.4,60,none,0,0,False,[],[],,2026-08-15T06:34:37+00:00
轮播 (345源),movie375,https://345.lishuhang.com/movie375.m3u8,http_error,502,https://345.lishuhang.com/movie375.m3u8,text/plain; charset=utf-8,2497.2,60,none,0,0,False,[],[],,2026-08-15T06:34:38+00:00
轮播 (345源),movie153,https://345.lishuhang.com/movie153.m3u8,http_error,502,https://345.lishuhang.com/movie153.m3u8,text/plain; charset=utf-8,2862.9,60,none,0,0,False,[],[],,2026-08-15T06:34:38+00:00
轮播 (345源),movie165,https://345.lishuhang.com/movie165.m3u8,http_error,502,https://345.lishuhang.com/movie165.m3u8,text/plain; charset=utf-8,2949.9,60,none,0,0,False,[],[],,2026-08-15T06:34:38+00:00
轮播 (345源),movie285,https://345.lishuhang.com/movie285.m3u8,http_error,502,https://345.lishuhang.com/movie285.m3u8,text/plain; charset=utf-8,2968.5,60,none,0,0,False,[],[],,2026-08-15T06:34:40+00:00
轮播 (345源),movie180,https://345.lishuhang.com/movie180.m3u8,http_error,502,https://345.lishuhang.com/movie180.m3u8,text/plain; charset=utf-8,2489.9,60,none,0,0,False,[],[],,2026-08-15T06:34:40+00:00
轮播 (345源),movie371,https://345.lishuhang.com/movie371.m3u8,http_error,502,https://345.lishuhang.com/movie371.m3u8,text/plain; charset=utf-8,2725.5,60,none,0,0,False,[],[],,2026-08-15T06:34:40+00:00
轮播 (345源),movie449,https://345.lishuhang.com/movie449.m3u8,http_error,502,https://345.lishuhang.com/movie449.m3u8,text/plain; charset=utf-8,2363.1,60,none,0,0,False,[],[],,2026-08-15T06:34:40+00:00
轮播 (345源),movie533,https://345.lishuhang.com/movie533.m3u8,http_error,502,https://345.lishuhang.com/movie533.m3u8,text/plain; charset=utf-8,2476.4,60,none,0,0,False,[],[],,2026-08-15T06:34:41+00:00
轮播 (345源),movie398,https://345.lishuhang.com/movie398.m3u8,http_error,502,https://345.lishuhang.com/movie398.m3u8,text/plain; charset=utf-8,2433.2,60,none,0,0,False,[],[],,2026-08-15T06:34:41+00:00
轮播 (345源),movie517,https://345.lishuhang.com/movie517.m3u8,http_error,502,https://345.lishuhang.com/movie517.m3u8,text/plain; charset=utf-8,2931.6,60,none,0,0,False,[],[],,2026-08-15T06:34:41+00:00
轮播 (345源),movie121,https://345.lishuhang.com/movie121.m3u8,http_error,502,https://345.lishuhang.com/movie121.m3u8,text/plain; charset=utf-8,3004.3,60,none,0,0,False,[],[],,2026-08-15T06:34:41+00:00
轮播 (345源),movie538,https://345.lishuhang.com/movie538.m3u8,http_error,502,https://345.lishuhang.com/movie538.m3u8,text/plain; charset=utf-8,3517.1,60,none,0,0,False,[],[],,2026-08-15T06:34:42+00:00
轮播 (345源),movie527,https://345.lishuhang.com/movie527.m3u8,http_error,502,https://345.lishuhang.com/movie527.m3u8,text/plain; charset=utf-8,2428.7,60,none,0,0,False,[],[],,2026-08-15T06:34:42+00:00
轮播 (345源),movie203,https://345.lishuhang.com/movie203.m3u8,http_error,502,https://345.lishuhang.com/movie203.m3u8,text/plain; charset=utf-8,2941.1,60,none,0,0,False,[],[],,2026-08-15T06:34:43+00:00
轮播 (345源),movie392,https://345.lishuhang.com/movie392.m3u8,http_error,502,https://345.lishuhang.com/movie392.m3u8,text/plain; charset=utf-8,2470.1,60,none,0,0,False,[],[],,2026-08-15T06:34:43+00:00
轮播 (345源),movie495,https://345.lishuhang.com/movie495.m3u8,http_error,502,https://345.lishuhang.com/movie495.m3u8,text/plain; charset=utf-8,2553.1,60,none,0,0,False,[],[],,2026-08-15T06:34:43+00:00
轮播 (345源),movie98,https://345.lishuhang.com/movie98.m3u8,http_error,502,https://345.lishuhang.com/movie98.m3u8,text/plain; charset=utf-8,2450.7,60,none,0,0,False,[],[],,2026-08-15T06:34:43+00:00
轮播 (345源),movie323,https://345.lishuhang.com/movie323.m3u8,http_error,502,https://345.lishuhang.com/movie323.m3u8,text/plain; charset=utf-8,2924.8,60,none,0,0,False,[],[],,2026-08-15T06:34:44+00:00
轮播 (345源),movie291,https://345.lishuhang.com/movie291.m3u8,http_error,502,https://345.lishuhang.com/movie291.m3u8,text/plain; charset=utf-8,2473.1,60,none,0,0,False,[],[],,2026-08-15T06:34:44+00:00
轮播 (345源),movie453,https://345.lishuhang.com/movie453.m3u8,http_error,502,https://345.lishuhang.com/movie453.m3u8,text/plain; charset=utf-8,2383.0,60,none,0,0,False,[],[],,2026-08-15T06:34:45+00:00
轮播 (345源),movie261,https://345.lishuhang.com/movie261.m3u8,http_error,502,https://345.lishuhang.com/movie261.m3u8,text/plain; charset=utf-8,2390.9,60,none,0,0,False,[],[],,2026-08-15T06:34:45+00:00
轮播 (345源),movie261,https://345.lishuhang.com/movie274.m3u8,http_error,502,https://345.lishuhang.com/movie274.m3u8,text/plain; charset=utf-8,2993.4,60,none,0,0,False,[],[],,2026-08-15T06:34:45+00:00
轮播 (345源),movie356,https://345.lishuhang.com/movie356.m3u8,http_error,502,https://345.lishuhang.com/movie356.m3u8,text/plain; charset=utf-8,2423.9,60,none,0,0,False,[],[],,2026-08-15T06:34:46+00:00
轮播 (345源),movie468,https://345.lishuhang.com/movie468.m3u8,http_error,502,https://345.lishuhang.com/movie468.m3u8,text/plain; charset=utf-8,2764.2,60,none,0,0,False,[],[],,2026-08-15T06:34:46+00:00
轮播 (345源),movie402,https://345.lishuhang.com/movie402.m3u8,http_error,502,https://345.lishuhang.com/movie402.m3u8,text/plain; charset=utf-8,2494.3,60,none,0,0,False,[],[],,2026-08-15T06:34:46+00:00
轮播 (345源),movie528,https://345.lishuhang.com/movie528.m3u8,http_error,502,https://345.lishuhang.com/movie528.m3u8,text/plain; charset=utf-8,2665.3,60,none,0,0,False,[],[],,2026-08-15T06:34:47+00:00
轮播 (345源),fjitv110,https://345.lishuhang.com/fjitv110.m3u8,http_error,502,https://345.lishuhang.com/fjitv110.m3u8,text/plain; charset=utf-8,2460.7,60,none,0,0,False,[],[],,2026-08-15T06:34:47+00:00
轮播 (345源),fjitv110,https://345.lishuhang.com/fjitv183.m3u8,http_error,502,https://345.lishuhang.com/fjitv183.m3u8,text/plain; charset=utf-8,2435.6,60,none,0,0,False,[],[],,2026-08-15T06:34:47+00:00
轮播 (345源),fjitv110,https://345.lishuhang.com/hlitv96.m3u8,http_error,502,https://345.lishuhang.com/hlitv96.m3u8,text/plain; charset=utf-8,2970.1,60,none,0,0,False,[],[],,2026-08-15T06:34:48+00:00
轮播 (345源),movie519,https://345.lishuhang.com/movie519.m3u8,http_error,502,https://345.lishuhang.com/movie519.m3u8,text/plain; charset=utf-8,3070.5,60,none,0,0,False,[],[],,2026-08-15T06:34:48+00:00
轮播 (345源),movie250,https://345.lishuhang.com/movie250.m3u8,http_error,502,https://345.lishuhang.com/movie250.m3u8,text/plain; charset=utf-8,2499.2,60,none,0,0,False,[],[],,2026-08-15T06:34:48+00:00
轮播 (345源),movie74,https://345.lishuhang.com/movie74.m3u8,http_error,502,https://345.lishuhang.com/movie74.m3u8,text/plain; charset=utf-8,3753.2,60,none,0,0,False,[],[],,2026-08-15T06:34:48+00:00
轮播 (345源),movie264,https://345.lishuhang.com/movie264.m3u8,http_error,502,https://345.lishuhang.com/movie264.m3u8,text/plain; charset=utf-8,2416.6,60,none,0,0,False,[],[],,2026-08-15T06:34:48+00:00
轮播 (345源),movie264,https://345.lishuhang.com/movie269.m3u8,http_error,502,https://345.lishuhang.com/movie269.m3u8,text/plain; charset=utf-8,2496.4,60,none,0,0,False,[],[],,2026-08-15T06:34:50+00:00
轮播 (345源),movie340,https://345.lishuhang.com/movie340.m3u8,http_error,502,https://345.lishuhang.com/movie340.m3u8,text/plain; charset=utf-8,2398.2,60,none,0,0,False,[],[],,2026-08-15T06:34:50+00:00
轮播 (345源),movie38,https://345.lishuhang.com/movie38.m3u8,http_error,502,https://345.lishuhang.com/movie38.m3u8,text/plain; charset=utf-8,2747.5,60,none,0,0,False,[],[],,2026-08-15T06:34:50+00:00
轮播 (345源),movie260,https://345.lishuhang.com/movie260.m3u8,http_error,502,https://345.lishuhang.com/movie260.m3u8,text/plain; charset=utf-8,2215.6,60,none,0,0,False,[],[],,2026-08-15T06:34:50+00:00
轮播 (345源),movie187,https://345.lishuhang.com/movie187.m3u8,http_error,502,https://345.lishuhang.com/movie187.m3u8,text/plain; charset=utf-8,2420.9,60,none,0,0,False,[],[],,2026-08-15T06:34:51+00:00
轮播 (345源),movie410,https://345.lishuhang.com/movie410.m3u8,http_error,502,https://345.lishuhang.com/movie410.m3u8,text/plain; charset=utf-8,2410.1,60,none,0,0,False,[],[],,2026-08-15T06:34:51+00:00
轮播 (345源),movie29,https://345.lishuhang.com/movie29.m3u8,http_error,502,https://345.lishuhang.com/movie29.m3u8,text/plain; charset=utf-8,3009.6,60,none,0,0,False,[],[],,2026-08-15T06:34:51+00:00
轮播 (345源),movie221,https://345.lishuhang.com/movie221.m3u8,http_error,502,https://345.lishuhang.com/movie221.m3u8,text/plain; charset=utf-8,2457.4,60,none,0,0,False,[],[],,2026-08-15T06:34:52+00:00
轮播 (345源),movie325,https://345.lishuhang.com/movie325.m3u8,http_error,502,https://345.lishuhang.com/movie325.m3u8,text/plain; charset=utf-8,2991.6,60,none,0,0,False,[],[],,2026-08-15T06:34:52+00:00
轮播 (345源),movie310,https://345.lishuhang.com/movie310.m3u8,http_error,502,https://345.lishuhang.com/movie310.m3u8,text/plain; charset=utf-8,2446.4,60,none,0,0,False,[],[],,2026-08-15T06:34:52+00:00
轮播 (345源),movie451,https://345.lishuhang.com/movie451.m3u8,http_error,502,https://345.lishuhang.com/movie451.m3u8,text/plain; charset=utf-8,2406.5,60,none,0,0,False,[],[],,2026-08-15T06:34:52+00:00
轮播 (345源),movie148,https://345.lishuhang.com/movie148.m3u8,http_error,502,https://345.lishuhang.com/movie148.m3u8,text/plain; charset=utf-8,2515.9,60,none,0,0,False,[],[],,2026-08-15T06:34:53+00:00
轮播 (345源),movie156,https://345.lishuhang.com/movie156.m3u8,http_error,502,https://345.lishuhang.com/movie156.m3u8,text/plain; charset=utf-8,2501.4,60,none,0,0,False,[],[],,2026-08-15T06:34:53+00:00
轮播 (345源),movie51,https://345.lishuhang.com/movie51.m3u8,http_error,502,https://345.lishuhang.com/movie51.m3u8,text/plain; charset=utf-8,3396.7,60,none,0,0,False,[],[],,2026-08-15T06:34:53+00:00
轮播 (345源),movie33,https://345.lishuhang.com/movie33.m3u8,http_error,502,https://345.lishuhang.com/movie33.m3u8,text/plain; charset=utf-8,2451.0,60,none,0,0,False,[],[],,2026-08-15T06:34:54+00:00
轮播 (345源),movie405,https://345.lishuhang.com/movie405.m3u8,http_error,502,https://345.lishuhang.com/movie405.m3u8,text/plain; charset=utf-8,2389.0,60,none,0,0,False,[],[],,2026-08-15T06:34:54+00:00
轮播 (345源),movie84,https://345.lishuhang.com/movie84.m3u8,http_error,502,https://345.lishuhang.com/movie84.m3u8,text/plain; charset=utf-8,2413.1,60,none,0,0,False,[],[],,2026-08-15T06:34:55+00:00
轮播 (345源),movie144,https://345.lishuhang.com/movie144.m3u8,http_error,502,https://345.lishuhang.com/movie144.m3u8,text/plain; charset=utf-8,2687.4,60,none,0,0,False,[],[],,2026-08-15T06:34:55+00:00
轮播 (345源),movie144,https://345.lishuhang.com/movie154.m3u8,http_error,502,https://345.lishuhang.com/movie154.m3u8,text/plain; charset=utf-8,2974.0,60,none,0,0,False,[],[],,2026-08-15T06:34:55+00:00
轮播 (345源),movie35,https://345.lishuhang.com/movie35.m3u8,http_error,502,https://345.lishuhang.com/movie35.m3u8,text/plain; charset=utf-8,2409.4,60,none,0,0,False,[],[],,2026-08-15T06:34:55+00:00
轮播 (345源),movie259,https://345.lishuhang.com/movie259.m3u8,http_error,502,https://345.lishuhang.com/movie259.m3u8,text/plain; charset=utf-8,2430.8,60,none,0,0,False,[],[],,2026-08-15T06:34:56+00:00
轮播 (345源),movie259,https://345.lishuhang.com/movie267.m3u8,http_error,502,https://345.lishuhang.com/movie267.m3u8,text/plain; charset=utf-8,2782.9,60,none,0,0,False,[],[],,2026-08-15T06:34:57+00:00
轮播 (345源),movie113,https://345.lishuhang.com/movie113.m3u8,http_error,502,https://345.lishuhang.com/movie113.m3u8,text/plain; charset=utf-8,3212.4,60,none,0,0,False,[],[],,2026-08-15T06:34:57+00:00
轮播 (345源),movie302,https://345.lishuhang.com/movie302.m3u8,http_error,502,https://345.lishuhang.com/movie302.m3u8,text/plain; charset=utf-8,2447.4,60,none,0,0,False,[],[],,2026-08-15T06:34:57+00:00
轮播 (345源),movie17,https://345.lishuhang.com/movie17.m3u8,http_error,502,https://345.lishuhang.com/movie17.m3u8,text/plain; charset=utf-8,2480.2,60,none,0,0,False,[],[],,2026-08-15T06:34:57+00:00
轮播 (345源),itv307,https://345.lishuhang.com/itv307.m3u8,http_error,502,https://345.lishuhang.com/itv307.m3u8,text/plain; charset=utf-8,2399.4,60,none,0,0,False,[],[],,2026-08-15T06:34:58+00:00
轮播 (345源),movie515,https://345.lishuhang.com/movie515.m3u8,http_error,502,https://345.lishuhang.com/movie515.m3u8,text/plain; charset=utf-8,2508.4,60,none,0,0,False,[],[],,2026-08-15T06:34:58+00:00
轮播 (345源),movie160,https://345.lishuhang.com/movie160.m3u8,http_error,502,https://345.lishuhang.com/movie160.m3u8,text/plain; charset=utf-8,2963.4,60,none,0,0,False,[],[],,2026-08-15T06:34:58+00:00
轮播 (345源),movie411,https://345.lishuhang.com/movie411.m3u8,http_error,502,https://345.lishuhang.com/movie411.m3u8,text/plain; charset=utf-8,2458.1,60,none,0,0,False,[],[],,2026-08-15T06:34:58+00:00
轮播 (345源),movie470,https://345.lishuhang.com/movie470.m3u8,http_error,502,https://345.lishuhang.com/movie470.m3u8,text/plain; charset=utf-8,2476.9,60,none,0,0,False,[],[],,2026-08-15T06:34:59+00:00
轮播 (345源),movie189,https://345.lishuhang.com/movie189.m3u8,http_error,502,https://345.lishuhang.com/movie189.m3u8,text/plain; charset=utf-8,2341.1,60,none,0,0,False,[],[],,2026-08-15T06:34:59+00:00
轮播 (345源),movie516,https://345.lishuhang.com/movie516.m3u8,http_error,502,https://345.lishuhang.com/movie516.m3u8,text/plain; charset=utf-8,3188.9,60,none,0,0,False,[],[],,2026-08-15T06:34:59+00:00
轮播 (345源),movie510,https://345.lishuhang.com/movie510.m3u8,http_error,502,https://345.lishuhang.com/movie510.m3u8,text/plain; charset=utf-8,2960.2,60,none,0,0,False,[],[],,2026-08-15T06:35:00+00:00
轮播 (345源),movie83,https://345.lishuhang.com/movie83.m3u8,http_error,502,https://345.lishuhang.com/movie83.m3u8,text/plain; charset=utf-8,2925.6,60,none,0,0,False,[],[],,2026-08-15T06:35:00+00:00
轮播 (345源),movie347,https://345.lishuhang.com/movie347.m3u8,http_error,502,https://345.lishuhang.com/movie347.m3u8,text/plain; charset=utf-8,2450.7,60,none,0,0,False,[],[],,2026-08-15T06:35:00+00:00
轮播 (345源),movie419,https://345.lishuhang.com/movie419.m3u8,http_error,502,https://345.lishuhang.com/movie419.m3u8,text/plain; charset=utf-8,2234.8,60,none,0,0,False,[],[],,2026-08-15T06:35:01+00:00
轮播 (345源),movie353,https://345.lishuhang.com/movie353.m3u8,http_error,502,https://345.lishuhang.com/movie353.m3u8,text/plain; charset=utf-8,2397.7,60,none,0,0,False,[],[],,2026-08-15T06:35:01+00:00
轮播 (345源),movie381,https://345.lishuhang.com/movie381.m3u8,http_error,502,https://345.lishuhang.com/movie381.m3u8,text/plain; charset=utf-8,2352.3,60,none,0,0,False,[],[],,2026-08-15T06:35:02+00:00
轮播 (345源),movie299,https://345.lishuhang.com/movie299.m3u8,http_error,502,https://345.lishuhang.com/movie299.m3u8,text/plain; charset=utf-8,2512.6,60,none,0,0,False,[],[],,2026-08-15T06:35:02+00:00
轮播 (345源),movie425,https://345.lishuhang.com/movie425.m3u8,http_error,502,https://345.lishuhang.com/movie425.m3u8,text/plain; charset=utf-8,2396.0,60,none,0,0,False,[],[],,2026-08-15T06:35:03+00:00
轮播 (345源),movie313,https://345.lishuhang.com/movie313.m3u8,http_error,502,https://345.lishuhang.com/movie313.m3u8,text/plain; charset=utf-8,2877.6,60,none,0,0,False,[],[],,2026-08-15T06:35:03+00:00
轮播 (345源),movie245,https://345.lishuhang.com/movie245.m3u8,http_error,502,https://345.lishuhang.com/movie245.m3u8,text/plain; charset=utf-8,2936.8,60,none,0,0,False,[],[],,2026-08-15T06:35:03+00:00
轮播 (345源),movie421,https://345.lishuhang.com/movie421.m3u8,http_error,502,https://345.lishuhang.com/movie421.m3u8,text/plain; charset=utf-8,2408.3,60,none,0,0,False,[],[],,2026-08-15T06:35:03+00:00
轮播 (345源),movie209,https://345.lishuhang.com/movie209.m3u8,http_error,502,https://345.lishuhang.com/movie209.m3u8,text/plain; charset=utf-8,2529.4,60,none,0,0,False,[],[],,2026-08-15T06:35:03+00:00
轮播 (345源),movie514,https://345.lishuhang.com/movie514.m3u8,http_error,502,https://345.lishuhang.com/movie514.m3u8,text/plain; charset=utf-8,2897.2,60,none,0,0,False,[],[],,2026-08-15T06:35:03+00:00
轮播 (345源),movie399,https://345.lishuhang.com/movie399.m3u8,http_error,502,https://345.lishuhang.com/movie399.m3u8,text/plain; charset=utf-8,2531.9,60,none,0,0,False,[],[],,2026-08-15T06:35:04+00:00
轮播 (345源),movie171,https://345.lishuhang.com/movie171.m3u8,http_error,502,https://345.lishuhang.com/movie171.m3u8,text/plain; charset=utf-8,2412.2,60,none,0,0,False,[],[],,2026-08-15T06:35:04+00:00
轮播 (345源),fjitv27,https://345.lishuhang.com/fjitv27.m3u8,http_error,502,https://345.lishuhang.com/fjitv27.m3u8,text/plain; charset=utf-8,2472.9,60,none,0,0,False,[],[],,2026-08-15T06:35:05+00:00
轮播 (345源),fjitv27,https://345.lishuhang.com/fjitv233.m3u8,http_error,502,https://345.lishuhang.com/fjitv233.m3u8,text/plain; charset=utf-8,2415.2,60,none,0,0,False,[],[],,2026-08-15T06:35:05+00:00
轮播 (345源),fjitv27,https://345.lishuhang.com/itv250.m3u8,http_error,502,https://345.lishuhang.com/itv250.m3u8,text/plain; charset=utf-8,2694.8,60,none,0,0,False,[],[],,2026-08-15T06:35:05+00:00
轮播 (345源),fjitv27,https://345.lishuhang.com/ty15.m3u8,http_error,502,https://345.lishuhang.com/ty15.m3u8,text/plain; charset=utf-8,2430.6,60,none,0,0,False,[],[],,2026-08-15T06:35:06+00:00
轮播 (345源),fjitv108,https://345.lishuhang.com/fjitv108.m3u8,http_error,502,https://345.lishuhang.com/fjitv108.m3u8,text/plain; charset=utf-8,2387.4,60,none,0,0,False,[],[],,2026-08-15T06:35:06+00:00
轮播 (345源),movie499,https://345.lishuhang.com/movie499.m3u8,http_error,502,https://345.lishuhang.com/movie499.m3u8,text/plain; charset=utf-8,2829.2,60,none,0,0,False,[],[],,2026-08-15T06:35:06+00:00
轮播 (345源),movie490,https://345.lishuhang.com/movie490.m3u8,http_error,502,https://345.lishuhang.com/movie490.m3u8,text/plain; charset=utf-8,3002.0,60,none,0,0,False,[],[],,2026-08-15T06:35:07+00:00
轮播 (345源),movie137,https://345.lishuhang.com/movie137.m3u8,http_error,502,https://345.lishuhang.com/movie137.m3u8,text/plain; charset=utf-8,2460.1,60,none,0,0,False,[],[],,2026-08-15T06:35:07+00:00
轮播 (345源),movie272,https://345.lishuhang.com/movie272.m3u8,http_error,502,https://345.lishuhang.com/movie272.m3u8,text/plain; charset=utf-8,2271.0,60,none,0,0,False,[],[],,2026-08-15T06:35:07+00:00
轮播 (345源),movie370,https://345.lishuhang.com/movie370.m3u8,http_error,502,https://345.lishuhang.com/movie370.m3u8,text/plain; charset=utf-8,2929.7,60,none,0,0,False,[],[],,2026-08-15T06:35:08+00:00
轮播 (345源),movie504,https://345.lishuhang.com/movie504.m3u8,http_error,502,https://345.lishuhang.com/movie504.m3u8,text/plain; charset=utf-8,2507.1,60,none,0,0,False,[],[],,2026-08-15T06:35:08+00:00
轮播 (345源),movie383,https://345.lishuhang.com/movie383.m3u8,http_error,502,https://345.lishuhang.com/movie383.m3u8,text/plain; charset=utf-8,2449.9,60,none,0,0,False,[],[],,2026-08-15T06:35:08+00:00
轮播 (345源),movie518,https://345.lishuhang.com/movie518.m3u8,http_error,502,https://345.lishuhang.com/movie518.m3u8,text/plain; charset=utf-8,2994.4,60,none,0,0,False,[],[],,2026-08-15T06:35:08+00:00
轮播 (345源),movie343,https://345.lishuhang.com/movie343.m3u8,http_error,502,https://345.lishuhang.com/movie343.m3u8,text/plain; charset=utf-8,2420.0,60,none,0,0,False,[],[],,2026-08-15T06:35:09+00:00
轮播 (345源),movie11,https://345.lishuhang.com/movie11.m3u8,http_error,502,https://345.lishuhang.com/movie11.m3u8,text/plain; charset=utf-8,3104.0,60,none,0,0,False,[],[],,2026-08-15T06:35:09+00:00
轮播 (345源),movie384,https://345.lishuhang.com/movie384.m3u8,http_error,502,https://345.lishuhang.com/movie384.m3u8,text/plain; charset=utf-8,2970.7,60,none,0,0,False,[],[],,2026-08-15T06:35:10+00:00
轮播 (345源),movie303,https://345.lishuhang.com/movie303.m3u8,http_error,502,https://345.lishuhang.com/movie303.m3u8,text/plain; charset=utf-8,3354.3,60,none,0,0,False,[],[],,2026-08-15T06:35:10+00:00
轮播 (345源),movie166,https://345.lishuhang.com/movie166.m3u8,http_error,502,https://345.lishuhang.com/movie166.m3u8,text/plain; charset=utf-8,2452.6,60,none,0,0,False,[],[],,2026-08-15T06:35:10+00:00
轮播 (345源),movie104,https://345.lishuhang.com/movie104.m3u8,http_error,502,https://345.lishuhang.com/movie104.m3u8,text/plain; charset=utf-8,2930.7,60,none,0,0,False,[],[],,2026-08-15T06:35:11+00:00
轮播 (345源),movie382,https://345.lishuhang.com/movie382.m3u8,http_error,502,https://345.lishuhang.com/movie382.m3u8,text/plain; charset=utf-8,2510.1,60,none,0,0,False,[],[],,2026-08-15T06:35:11+00:00
轮播 (345源),movie105,https://345.lishuhang.com/movie105.m3u8,http_error,502,https://345.lishuhang.com/movie105.m3u8,text/plain; charset=utf-8,2399.6,60,none,0,0,False,[],[],,2026-08-15T06:35:11+00:00
轮播 (345源),movie179,https://345.lishuhang.com/movie179.m3u8,http_error,502,https://345.lishuhang.com/movie179.m3u8,text/plain; charset=utf-8,2476.6,60,none,0,0,False,[],[],,2026-08-15T06:35:12+00:00
轮播 (345源),movie58,https://345.lishuhang.com/movie58.m3u8,http_error,502,https://345.lishuhang.com/movie58.m3u8,text/plain; charset=utf-8,2960.1,60,none,0,0,False,[],[],,2026-08-15T06:35:12+00:00
轮播 (345源),movie69,https://345.lishuhang.com/movie69.m3u8,http_error,502,https://345.lishuhang.com/movie69.m3u8,text/plain; charset=utf-8,2450.2,60,none,0,0,False,[],[],,2026-08-15T06:35:13+00:00
轮播 (345源),movie40,https://345.lishuhang.com/movie40.m3u8,http_error,502,https://345.lishuhang.com/movie40.m3u8,text/plain; charset=utf-8,2419.5,60,none,0,0,False,[],[],,2026-08-15T06:35:13+00:00
轮播 (345源),movie91,https://345.lishuhang.com/movie91.m3u8,http_error,502,https://345.lishuhang.com/movie91.m3u8,text/plain; charset=utf-8,2468.6,60,none,0,0,False,[],[],,2026-08-15T06:35:13+00:00
轮播 (345源),movie316,https://345.lishuhang.com/movie316.m3u8,http_error,502,https://345.lishuhang.com/movie316.m3u8,text/plain; charset=utf-8,2255.1,60,none,0,0,False,[],[],,2026-08-15T06:35:13+00:00
轮播 (345源),movie92,https://345.lishuhang.com/movie92.m3u8,http_error,502,https://345.lishuhang.com/movie92.m3u8,text/plain; charset=utf-8,2932.2,60,none,0,0,False,[],[],,2026-08-15T06:35:14+00:00
轮播 (345源),movie386,https://345.lishuhang.com/movie386.m3u8,http_error,502,https://345.lishuhang.com/movie386.m3u8,text/plain; charset=utf-8,3419.9,60,none,0,0,False,[],[],,2026-08-15T06:35:14+00:00
轮播 (345源),movie77,https://345.lishuhang.com/movie77.m3u8,http_error,502,https://345.lishuhang.com/movie77.m3u8,text/plain; charset=utf-8,2792.6,60,none,0,0,False,[],[],,2026-08-15T06:35:14+00:00
轮播 (345源),movie387,https://345.lishuhang.com/movie387.m3u8,http_error,502,https://345.lishuhang.com/movie387.m3u8,text/plain; charset=utf-8,2417.7,60,none,0,0,False,[],[],,2026-08-15T06:35:15+00:00
轮播 (345源),movie388,https://345.lishuhang.com/movie388.m3u8,http_error,502,https://345.lishuhang.com/movie388.m3u8,text/plain; charset=utf-8,2395.4,60,none,0,0,False,[],[],,2026-08-15T06:35:15+00:00
轮播 (345源),movie461,https://345.lishuhang.com/movie461.m3u8,http_error,502,https://345.lishuhang.com/movie461.m3u8,text/plain; charset=utf-8,2267.4,60,none,0,0,False,[],[],,2026-08-15T06:35:15+00:00
轮播 (345源),movie224,https://345.lishuhang.com/movie224.m3u8,http_error,502,https://345.lishuhang.com/movie224.m3u8,text/plain; charset=utf-8,2367.4,60,none,0,0,False,[],[],,2026-08-15T06:35:15+00:00
轮播 (345源),movie548,https://345.lishuhang.com/movie548.m3u8,http_error,502,https://345.lishuhang.com/movie548.m3u8,text/plain; charset=utf-8,2943.2,60,none,0,0,False,[],[],,2026-08-15T06:35:16+00:00
轮播 (345源),movie491,https://345.lishuhang.com/movie491.m3u8,http_error,502,https://345.lishuhang.com/movie491.m3u8,text/plain; charset=utf-8,2411.5,60,none,0,0,False,[],[],,2026-08-15T06:35:16+00:00
轮播 (345源),movie355,https://345.lishuhang.com/movie355.m3u8,http_error,502,https://345.lishuhang.com/movie355.m3u8,text/plain; charset=utf-8,2448.3,60,none,0,0,False,[],[],,2026-08-15T06:35:17+00:00
轮播 (345源),movie72,https://345.lishuhang.com/movie72.m3u8,http_error,502,https://345.lishuhang.com/movie72.m3u8,text/plain; charset=utf-8,2988.4,60,none,0,0,False,[],[],,2026-08-15T06:35:17+00:00
轮播 (345源),movie87,https://345.lishuhang.com/movie87.m3u8,http_error,502,https://345.lishuhang.com/movie87.m3u8,text/plain; charset=utf-8,2481.7,60,none,0,0,False,[],[],,2026-08-15T06:35:17+00:00
轮播 (345源),movie143,https://345.lishuhang.com/movie143.m3u8,http_error,502,https://345.lishuhang.com/movie143.m3u8,text/plain; charset=utf-8,2468.9,60,none,0,0,False,[],[],,2026-08-15T06:35:18+00:00
轮播 (345源),movie143,https://345.lishuhang.com/movie158.m3u8,http_error,502,https://345.lishuhang.com/movie158.m3u8,text/plain; charset=utf-8,2530.5,60,none,0,0,False,[],[],,2026-08-15T06:35:18+00:00
轮播 (345源),movie306,https://345.lishuhang.com/movie306.m3u8,http_error,502,https://345.lishuhang.com/movie306.m3u8,text/plain; charset=utf-8,2972.5,60,none,0,0,False,[],[],,2026-08-15T06:35:18+00:00
轮播 (345源),movie478,https://345.lishuhang.com/movie478.m3u8,http_error,502,https://345.lishuhang.com/movie478.m3u8,text/plain; charset=utf-8,2898.1,60,none,0,0,False,[],[],,2026-08-15T06:35:19+00:00
轮播 (345源),movie543,https://345.lishuhang.com/movie543.m3u8,http_error,502,https://345.lishuhang.com/movie543.m3u8,text/plain; charset=utf-8,3002.0,60,none,0,0,False,[],[],,2026-08-15T06:35:19+00:00
轮播 (345源),movie239,https://345.lishuhang.com/movie239.m3u8,http_error,502,https://345.lishuhang.com/movie239.m3u8,text/plain; charset=utf-8,2964.9,60,none,0,0,False,[],[],,2026-08-15T06:35:19+00:00
轮播 (345源),movie395,https://345.lishuhang.com/movie395.m3u8,http_error,502,https://345.lishuhang.com/movie395.m3u8,text/plain; charset=utf-8,2863.2,60,none,0,0,False,[],[],,2026-08-15T06:35:20+00:00
轮播 (345源),fjitv285,https://345.lishuhang.com/fjitv285.m3u8,http_error,502,https://345.lishuhang.com/fjitv285.m3u8,text/plain; charset=utf-8,2336.8,60,none,0,0,False,[],[],,2026-08-15T06:35:20+00:00
轮播 (345源),fjitv285,https://345.lishuhang.com/fjitv291.m3u8,http_error,502,https://345.lishuhang.com/fjitv291.m3u8,text/plain; charset=utf-8,2501.1,60,none,0,0,False,[],[],,2026-08-15T06:35:20+00:00
轮播 (345源),fjitv285,https://345.lishuhang.com/fjitv298.m3u8,http_error,502,https://345.lishuhang.com/fjitv298.m3u8,text/plain; charset=utf-8,2407.2,60,none,0,0,False,[],[],,2026-08-15T06:35:20+00:00
轮播 (345源),fjitv285,https://345.lishuhang.com/fjitv299.m3u8,http_error,502,https://345.lishuhang.com/fjitv299.m3u8,text/plain; charset=utf-8,2906.3,60,none,0,0,False,[],[],,2026-08-15T06:35:21+00:00
轮播 (345源),fjitv285,https://345.lishuhang.com/fjitv302.m3u8,http_error,502,https://345.lishuhang.com/fjitv302.m3u8,text/plain; charset=utf-8,2433.0,60,none,0,0,False,[],[],,2026-08-15T06:35:21+00:00
轮播 (345源),fjitv285,https://345.lishuhang.com/fjitv304.m3u8,http_error,502,https://345.lishuhang.com/fjitv304.m3u8,text/plain; charset=utf-8,2668.8,60,none,0,0,False,[],[],,2026-08-15T06:35:22+00:00
轮播 (345源),fjitv284,https://345.lishuhang.com/fjitv284.m3u8,http_error,502,https://345.lishuhang.com/fjitv284.m3u8,text/plain; charset=utf-8,2993.1,60,none,0,0,False,[],[],,2026-08-15T06:35:22+00:00
轮播 (345源),fjitv284,https://345.lishuhang.com/fjitv288.m3u8,http_error,502,https://345.lishuhang.com/fjitv288.m3u8,text/plain; charset=utf-8,2402.9,60,none,0,0,False,[],[],,2026-08-15T06:35:22+00:00
轮播 (345源),fjitv284,https://345.lishuhang.com/fjitv292.m3u8,http_error,502,https://345.lishuhang.com/fjitv292.m3u8,text/plain; charset=utf-8,2400.4,60,none,0,0,False,[],[],,2026-08-15T06:35:23+00:00
轮播 (345源),fjitv284,https://345.lishuhang.com/fjitv295.m3u8,http_error,502,https://345.lishuhang.com/fjitv295.m3u8,text/plain; charset=utf-8,2415.6,60,none,0,0,False,[],[],,2026-08-15T06:35:23+00:00
轮播 (345源),fjitv284,https://345.lishuhang.com/fjitv297.m3u8,http_error,502,https://345.lishuhang.com/fjitv297.m3u8,text/plain; charset=utf-8,2507.5,60,none,0,0,False,[],[],,2026-08-15T06:35:23+00:00
轮播 (345源),fjitv284,https://345.lishuhang.com/fjitv303.m3u8,http_error,502,https://345.lishuhang.com/fjitv303.m3u8,text/plain; charset=utf-8,2405.7,60,none,0,0,False,[],[],,2026-08-15T06:35:24+00:00
轮播 (345源),fjitv284,https://345.lishuhang.com/fjitv313.m3u8,http_error,502,https://345.lishuhang.com/fjitv313.m3u8,text/plain; charset=utf-8,2472.4,60,none,0,0,False,[],[],,2026-08-15T06:35:24+00:00
轮播 (345源),movie268,https://345.lishuhang.com/movie268.m3u8,http_error,502,https://345.lishuhang.com/movie268.m3u8,text/plain; charset=utf-8,2454.8,60,none,0,0,False,[],[],,2026-08-15T06:35:25+00:00
轮播 (345源),movie391,https://345.lishuhang.com/movie391.m3u8,http_error,502,https://345.lishuhang.com/movie391.m3u8,text/plain; charset=utf-8,2513.7,60,none,0,0,False,[],[],,2026-08-15T06:35:25+00:00
轮播 (345源),movie494,https://345.lishuhang.com/movie494.m3u8,http_error,502,https://345.lishuhang.com/movie494.m3u8,text/plain; charset=utf-8,2996.3,60,none,0,0,False,[],[],,2026-08-15T06:35:25+00:00
轮播 (345源),ty42,https://345.lishuhang.com/ty42.m3u8,http_error,502,https://345.lishuhang.com/ty42.m3u8,text/plain; charset=utf-8,3000.0,86,none,0,0,False,[],[],,2026-08-15T06:35:25+00:00
轮播 (345源),movie479,https://345.lishuhang.com/movie479.m3u8,http_error,502,https://345.lishuhang.com/movie479.m3u8,text/plain; charset=utf-8,2502.7,60,none,0,0,False,[],[],,2026-08-15T06:35:25+00:00
轮播 (345源),movie192,https://345.lishuhang.com/movie192.m3u8,http_error,502,https://345.lishuhang.com/movie192.m3u8,text/plain; charset=utf-8,3033.5,60,none,0,0,False,[],[],,2026-08-15T06:35:25+00:00
轮播 (345源),movie213,https://345.lishuhang.com/movie213.m3u8,http_error,502,https://345.lishuhang.com/movie213.m3u8,text/plain; charset=utf-8,2490.1,60,none,0,0,False,[],[],,2026-08-15T06:35:26+00:00
轮播 (345源),movie500,https://345.lishuhang.com/movie500.m3u8,http_error,502,https://345.lishuhang.com/movie500.m3u8,text/plain; charset=utf-8,2735.1,60,none,0,0,False,[],[],,2026-08-15T06:35:26+00:00
轮播 (345源),movie262,https://345.lishuhang.com/movie262.m3u8,http_error,502,https://345.lishuhang.com/movie262.m3u8,text/plain; charset=utf-8,2459.8,60,none,0,0,False,[],[],,2026-08-15T06:35:27+00:00
轮播 (345源),movie262,https://345.lishuhang.com/movie277.m3u8,http_error,502,https://345.lishuhang.com/movie277.m3u8,text/plain; charset=utf-8,2984.3,60,none,0,0,False,[],[],,2026-08-15T06:35:27+00:00
轮播 (345源),movie452,https://345.lishuhang.com/movie452.m3u8,http_error,502,https://345.lishuhang.com/movie452.m3u8,text/plain; charset=utf-8,2920.1,60,none,0,0,False,[],[],,2026-08-15T06:35:28+00:00
轮播 (345源),movie454,https://345.lishuhang.com/movie454.m3u8,http_error,502,https://345.lishuhang.com/movie454.m3u8,text/plain; charset=utf-8,2510.3,60,none,0,0,False,[],[],,2026-08-15T06:35:28+00:00
轮播 (345源),movie243,https://345.lishuhang.com/movie243.m3u8,http_error,502,https://345.lishuhang.com/movie243.m3u8,text/plain; charset=utf-8,3379.2,60,none,0,0,False,[],[],,2026-08-15T06:35:28+00:00
轮播 (345源),movie101,https://345.lishuhang.com/movie101.m3u8,http_error,502,https://345.lishuhang.com/movie101.m3u8,text/plain; charset=utf-8,2475.4,60,none,0,0,False,[],[],,2026-08-15T06:35:28+00:00
轮播 (345源),movie242,https://345.lishuhang.com/movie242.m3u8,http_error,502,https://345.lishuhang.com/movie242.m3u8,text/plain; charset=utf-8,2432.3,60,none,0,0,False,[],[],,2026-08-15T06:35:29+00:00
轮播 (345源),movie80,https://345.lishuhang.com/movie80.m3u8,http_error,502,https://345.lishuhang.com/movie80.m3u8,text/plain; charset=utf-8,2820.1,60,none,0,0,False,[],[],,2026-08-15T06:35:29+00:00
轮播 (345源),movie199,https://345.lishuhang.com/movie199.m3u8,http_error,502,https://345.lishuhang.com/movie199.m3u8,text/plain; charset=utf-8,2572.6,60,none,0,0,False,[],[],,2026-08-15T06:35:29+00:00
轮播 (345源),movie372,https://345.lishuhang.com/movie372.m3u8,http_error,502,https://345.lishuhang.com/movie372.m3u8,text/plain; charset=utf-8,2439.2,60,none,0,0,False,[],[],,2026-08-15T06:35:30+00:00
轮播 (345源),movie530,https://345.lishuhang.com/movie530.m3u8,http_error,502,https://345.lishuhang.com/movie530.m3u8,text/plain; charset=utf-8,2529.0,60,none,0,0,False,[],[],,2026-08-15T06:35:30+00:00
轮播 (345源),movie208,https://345.lishuhang.com/movie208.m3u8,http_error,502,https://345.lishuhang.com/movie208.m3u8,text/plain; charset=utf-8,2189.9,60,none,0,0,False,[],[],,2026-08-15T06:35:31+00:00
轮播 (345源),movie265,https://345.lishuhang.com/movie265.m3u8,http_error,502,https://345.lishuhang.com/movie265.m3u8,text/plain; charset=utf-8,2448.8,60,none,0,0,False,[],[],,2026-08-15T06:35:31+00:00
轮播 (345源),movie152,https://345.lishuhang.com/movie152.m3u8,http_error,502,https://345.lishuhang.com/movie152.m3u8,text/plain; charset=utf-8,2936.9,60,none,0,0,False,[],[],,2026-08-15T06:35:31+00:00
轮播 (345源),movie341,https://345.lishuhang.com/movie341.m3u8,http_error,502,https://345.lishuhang.com/movie341.m3u8,text/plain; charset=utf-8,2409.3,60,none,0,0,False,[],[],,2026-08-15T06:35:31+00:00
轮播 (345源),movie9,https://345.lishuhang.com/movie9.m3u8,http_error,502,https://345.lishuhang.com/movie9.m3u8,text/plain; charset=utf-8,2845.3,60,none,0,0,False,[],[],,2026-08-15T06:35:32+00:00
轮播 (345源),movie32,https://345.lishuhang.com/movie32.m3u8,http_error,502,https://345.lishuhang.com/movie32.m3u8,text/plain; charset=utf-8,2440.0,60,none,0,0,False,[],[],,2026-08-15T06:35:32+00:00
轮播 (345源),movie85,https://345.lishuhang.com/movie85.m3u8,http_error,502,https://345.lishuhang.com/movie85.m3u8,text/plain; charset=utf-8,2468.3,60,none,0,0,False,[],[],,2026-08-15T06:35:33+00:00
轮播 (345源),movie162,https://345.lishuhang.com/movie162.m3u8,http_error,502,https://345.lishuhang.com/movie162.m3u8,text/plain; charset=utf-8,2502.9,60,none,0,0,False,[],[],,2026-08-15T06:35:33+00:00
轮播 (345源),movie407,https://345.lishuhang.com/movie407.m3u8,http_error,502,https://345.lishuhang.com/movie407.m3u8,text/plain; charset=utf-8,2425.9,60,none,0,0,False,[],[],,2026-08-15T06:35:33+00:00
轮播 (345源),fjitv98,https://345.lishuhang.com/fjitv98.m3u8,http_error,502,https://345.lishuhang.com/fjitv98.m3u8,text/plain; charset=utf-8,2942.6,60,none,0,0,False,[],[],,2026-08-15T06:35:33+00:00
轮播 (345源),fjitv98,https://345.lishuhang.com/ty12.m3u8,http_error,502,https://345.lishuhang.com/ty12.m3u8,text/plain; charset=utf-8,2509.1,60,none,0,0,False,[],[],,2026-08-15T06:35:34+00:00
轮播 (345源),movie6,https://345.lishuhang.com/movie6.m3u8,http_error,502,https://345.lishuhang.com/movie6.m3u8,text/plain; charset=utf-8,2429.0,60,none,0,0,False,[],[],,2026-08-15T06:35:34+00:00
轮播 (345源),movie95,https://345.lishuhang.com/movie95.m3u8,http_error,502,https://345.lishuhang.com/movie95.m3u8,text/plain; charset=utf-8,2542.0,60,none,0,0,False,[],[],,2026-08-15T06:35:34+00:00
轮播 (345源),movie41,https://345.lishuhang.com/movie41.m3u8,http_error,502,https://345.lishuhang.com/movie41.m3u8,text/plain; charset=utf-8,2163.1,60,none,0,0,False,[],[],,2026-08-15T06:35:35+00:00
轮播 (345源),movie214,https://345.lishuhang.com/movie214.m3u8,http_error,502,https://345.lishuhang.com/movie214.m3u8,text/plain; charset=utf-8,2509.8,60,none,0,0,False,[],[],,2026-08-15T06:35:35+00:00
轮播 (345源),movie385,https://345.lishuhang.com/movie385.m3u8,http_error,502,https://345.lishuhang.com/movie385.m3u8,text/plain; charset=utf-8,2437.7,60,none,0,0,False,[],[],,2026-08-15T06:35:35+00:00
轮播 (345源),movie96,https://345.lishuhang.com/movie96.m3u8,http_error,502,https://345.lishuhang.com/movie96.m3u8,text/plain; charset=utf-8,3930.0,60,none,0,0,False,[],[],,2026-08-15T06:35:35+00:00
轮播 (345源),movie400,https://345.lishuhang.com/movie400.m3u8,http_error,502,https://345.lishuhang.com/movie400.m3u8,text/plain; charset=utf-8,2543.4,60,none,0,0,False,[],[],,2026-08-15T06:35:36+00:00
轮播 (345源),fjitv96,https://345.lishuhang.com/fjitv96.m3u8,http_error,502,https://345.lishuhang.com/fjitv96.m3u8,text/plain; charset=utf-8,2507.2,60,none,0,0,False,[],[],,2026-08-15T06:35:36+00:00
轮播 (345源),fjitv96,https://345.lishuhang.com/fjitv305.m3u8,http_error,502,https://345.lishuhang.com/fjitv305.m3u8,text/plain; charset=utf-8,3022.2,60,none,0,0,False,[],[],,2026-08-15T06:35:36+00:00
轮播 (345源),fjitv96,https://345.lishuhang.com/itv205.m3u8,http_error,502,https://345.lishuhang.com/itv205.m3u8,text/plain; charset=utf-8,2664.8,60,none,0,0,False,[],[],,2026-08-15T06:35:37+00:00
轮播 (345源),fjitv96,https://345.lishuhang.com/movie28.m3u8,http_error,502,https://345.lishuhang.com/movie28.m3u8,text/plain; charset=utf-8,2416.1,60,none,0,0,False,[],[],,2026-08-15T06:35:37+00:00
轮播 (345源),movie334,https://345.lishuhang.com/movie334.m3u8,http_error,502,https://345.lishuhang.com/movie334.m3u8,text/plain; charset=utf-8,2874.3,60,none,0,0,False,[],[],,2026-08-15T06:35:38+00:00
轮播 (345源),movie450,https://345.lishuhang.com/movie450.m3u8,http_error,502,https://345.lishuhang.com/movie450.m3u8,text/plain; charset=utf-8,2448.3,60,none,0,0,False,[],[],,2026-08-15T06:35:38+00:00
轮播 (345源),movie167,https://345.lishuhang.com/movie167.m3u8,http_error,502,https://345.lishuhang.com/movie167.m3u8,text/plain; charset=utf-8,3002.3,60,none,0,0,False,[],[],,2026-08-15T06:35:39+00:00
轮播 (345源),movie280,https://345.lishuhang.com/movie280.m3u8,http_error,502,https://345.lishuhang.com/movie280.m3u8,text/plain; charset=utf-8,3945.9,60,none,0,0,False,[],[],,2026-08-15T06:35:39+00:00
轮播 (345源),movie252,https://345.lishuhang.com/movie252.m3u8,http_error,502,https://345.lishuhang.com/movie252.m3u8,text/plain; charset=utf-8,2435.4,60,none,0,0,False,[],[],,2026-08-15T06:35:39+00:00
轮播 (345源),movie252,https://345.lishuhang.com/movie273.m3u8,http_error,502,https://345.lishuhang.com/movie273.m3u8,text/plain; charset=utf-8,2542.6,60,none,0,0,False,[],[],,2026-08-15T06:35:39+00:00
轮播 (345源),movie16,https://345.lishuhang.com/movie16.m3u8,http_error,502,https://345.lishuhang.com/movie16.m3u8,text/plain; charset=utf-8,3084.9,60,none,0,0,False,[],[],,2026-08-15T06:35:39+00:00
轮播 (345源),movie5,https://345.lishuhang.com/movie5.m3u8,http_error,502,https://345.lishuhang.com/movie5.m3u8,text/plain; charset=utf-8,2951.2,60,none,0,0,False,[],[],,2026-08-15T06:35:40+00:00
轮播 (345源),movie61,https://345.lishuhang.com/movie61.m3u8,http_error,502,https://345.lishuhang.com/movie61.m3u8,text/plain; charset=utf-8,3013.0,60,none,0,0,False,[],[],,2026-08-15T06:35:40+00:00
轮播 (345源),movie147,https://345.lishuhang.com/movie147.m3u8,http_error,502,https://345.lishuhang.com/movie147.m3u8,text/plain; charset=utf-8,2156.1,60,none,0,0,False,[],[],,2026-08-15T06:35:41+00:00
轮播 (345源),movie246,https://345.lishuhang.com/movie246.m3u8,http_error,502,https://345.lishuhang.com/movie246.m3u8,text/plain; charset=utf-8,2600.6,60,none,0,0,False,[],[],,2026-08-15T06:35:42+00:00
轮播 (345源),movie390,https://345.lishuhang.com/movie390.m3u8,http_error,502,https://345.lishuhang.com/movie390.m3u8,text/plain; charset=utf-8,2377.7,60,none,0,0,False,[],[],,2026-08-15T06:35:42+00:00
轮播 (345源),movie403,https://345.lishuhang.com/movie403.m3u8,http_error,502,https://345.lishuhang.com/movie403.m3u8,text/plain; charset=utf-8,2474.4,60,none,0,0,False,[],[],,2026-08-15T06:35:42+00:00
轮播 (345源),movie332,https://345.lishuhang.com/movie332.m3u8,http_error,502,https://345.lishuhang.com/movie332.m3u8,text/plain; charset=utf-8,2425.1,60,none,0,0,False,[],[],,2026-08-15T06:35:43+00:00
轮播 (345源),movie13,https://345.lishuhang.com/movie13.m3u8,http_error,502,https://345.lishuhang.com/movie13.m3u8,text/plain; charset=utf-8,2494.0,60,none,0,0,False,[],[],,2026-08-15T06:35:43+00:00
轮播 (345源),movie256,https://345.lishuhang.com/movie256.m3u8,http_error,502,https://345.lishuhang.com/movie256.m3u8,text/plain; charset=utf-8,2944.0,60,none,0,0,False,[],[],,2026-08-15T06:35:43+00:00
轮播 (345源),movie256,https://345.lishuhang.com/movie275.m3u8,http_error,502,https://345.lishuhang.com/movie275.m3u8,text/plain; charset=utf-8,2914.2,60,none,0,0,False,[],[],,2026-08-15T06:35:43+00:00
轮播 (345源),movie263,https://345.lishuhang.com/movie263.m3u8,http_error,502,https://345.lishuhang.com/movie263.m3u8,text/plain; charset=utf-8,2225.8,60,none,0,0,False,[],[],,2026-08-15T06:35:43+00:00
轮播 (345源),movie184,https://345.lishuhang.com/movie184.m3u8,http_error,502,https://345.lishuhang.com/movie184.m3u8,text/plain; charset=utf-8,2419.1,60,none,0,0,False,[],[],,2026-08-15T06:35:44+00:00
轮播 (345源),movie373,https://345.lishuhang.com/movie373.m3u8,http_error,502,https://345.lishuhang.com/movie373.m3u8,text/plain; charset=utf-8,2517.4,60,none,0,0,False,[],[],,2026-08-15T06:35:44+00:00
轮播 (345源),movie507,https://345.lishuhang.com/movie507.m3u8,http_error,502,https://345.lishuhang.com/movie507.m3u8,text/plain; charset=utf-8,2430.1,60,none,0,0,False,[],[],,2026-08-15T06:35:44+00:00
轮播 (345源),movie535,https://345.lishuhang.com/movie535.m3u8,http_error,502,https://345.lishuhang.com/movie535.m3u8,text/plain; charset=utf-8,2397.9,60,none,0,0,False,[],[],,2026-08-15T06:35:45+00:00
轮播 (345源),movie71,https://345.lishuhang.com/movie71.m3u8,http_error,502,https://345.lishuhang.com/movie71.m3u8,text/plain; charset=utf-8,2595.7,60,none,0,0,False,[],[],,2026-08-15T06:35:45+00:00
轮播 (345源),movie408,https://345.lishuhang.com/movie408.m3u8,http_error,502,https://345.lishuhang.com/movie408.m3u8,text/plain; charset=utf-8,2970.9,60,none,0,0,False,[],[],,2026-08-15T06:35:45+00:00
轮播 (345源),movie238,https://345.lishuhang.com/movie238.m3u8,http_error,502,https://345.lishuhang.com/movie238.m3u8,text/plain; charset=utf-8,2445.3,60,none,0,0,False,[],[],,2026-08-15T06:35:46+00:00
轮播 (345源),movie255,https://345.lishuhang.com/movie255.m3u8,http_error,502,https://345.lishuhang.com/movie255.m3u8,text/plain; charset=utf-8,2559.0,60,none,0,0,False,[],[],,2026-08-15T06:35:46+00:00
轮播 (345源),movie284,https://345.lishuhang.com/movie284.m3u8,http_error,502,https://345.lishuhang.com/movie284.m3u8,text/plain; charset=utf-8,2394.2,60,none,0,0,False,[],[],,2026-08-15T06:35:47+00:00
轮播 (345源),movie339,https://345.lishuhang.com/movie339.m3u8,http_error,502,https://345.lishuhang.com/movie339.m3u8,text/plain; charset=utf-8,2936.3,60,none,0,0,False,[],[],,2026-08-15T06:35:47+00:00
轮播 (345源),movie413,https://345.lishuhang.com/movie413.m3u8,http_error,502,https://345.lishuhang.com/movie413.m3u8,text/plain; charset=utf-8,2919.5,60,none,0,0,False,[],[],,2026-08-15T06:35:47+00:00
轮播 (345源),movie393,https://345.lishuhang.com/movie393.m3u8,http_error,502,https://345.lishuhang.com/movie393.m3u8,text/plain; charset=utf-8,2418.6,60,none,0,0,False,[],[],,2026-08-15T06:35:47+00:00
轮播 (345源),movie175,https://345.lishuhang.com/movie175.m3u8,http_error,502,https://345.lishuhang.com/movie175.m3u8,text/plain; charset=utf-8,2524.2,60,none,0,0,False,[],[],,2026-08-15T06:35:48+00:00
轮播 (345源),movie281,https://345.lishuhang.com/movie281.m3u8,http_error,502,https://345.lishuhang.com/movie281.m3u8,text/plain; charset=utf-8,2447.5,60,none,0,0,False,[],[],,2026-08-15T06:35:48+00:00
轮播 (345源),movie406,https://345.lishuhang.com/movie406.m3u8,http_error,502,https://345.lishuhang.com/movie406.m3u8,text/plain; charset=utf-8,2950.2,60,none,0,0,False,[],[],,2026-08-15T06:35:48+00:00
轮播 (345源),movie513,https://345.lishuhang.com/movie513.m3u8,http_error,502,https://345.lishuhang.com/movie513.m3u8,text/plain; charset=utf-8,2426.2,60,none,0,0,False,[],[],,2026-08-15T06:35:48+00:00
轮播 (345源),movie501,https://345.lishuhang.com/movie501.m3u8,http_error,502,https://345.lishuhang.com/movie501.m3u8,text/plain; charset=utf-8,2357.6,60,none,0,0,False,[],[],,2026-08-15T06:35:49+00:00
轮播 (345源),movie116,https://345.lishuhang.com/movie116.m3u8,http_error,502,https://345.lishuhang.com/movie116.m3u8,text/plain; charset=utf-8,3012.2,60,none,0,0,False,[],[],,2026-08-15T06:35:50+00:00
轮播 (345源),movie196,https://345.lishuhang.com/movie196.m3u8,http_error,502,https://345.lishuhang.com/movie196.m3u8,text/plain; charset=utf-8,2331.6,60,none,0,0,False,[],[],,2026-08-15T06:35:50+00:00
轮播 (345源),movie424,https://345.lishuhang.com/movie424.m3u8,http_error,502,https://345.lishuhang.com/movie424.m3u8,text/plain; charset=utf-8,2491.0,60,none,0,0,False,[],[],,2026-08-15T06:35:50+00:00
轮播 (345源),movie181,https://345.lishuhang.com/movie181.m3u8,http_error,502,https://345.lishuhang.com/movie181.m3u8,text/plain; charset=utf-8,2714.3,60,none,0,0,False,[],[],,2026-08-15T06:35:50+00:00
轮播 (345源),movie55,https://345.lishuhang.com/movie55.m3u8,http_error,502,https://345.lishuhang.com/movie55.m3u8,text/plain; charset=utf-8,3261.9,60,none,0,0,False,[],[],,2026-08-15T06:35:51+00:00
轮播 (345源),movie536,https://345.lishuhang.com/movie536.m3u8,http_error,502,https://345.lishuhang.com/movie536.m3u8,text/plain; charset=utf-8,2687.2,60,none,0,0,False,[],[],,2026-08-15T06:35:51+00:00
轮播 (345源),movie282,https://345.lishuhang.com/movie282.m3u8,http_error,502,https://345.lishuhang.com/movie282.m3u8,text/plain; charset=utf-8,2426.0,60,none,0,0,False,[],[],,2026-08-15T06:35:51+00:00
轮播 (345源),movie417,https://345.lishuhang.com/movie417.m3u8,http_error,502,https://345.lishuhang.com/movie417.m3u8,text/plain; charset=utf-8,2405.8,60,none,0,0,False,[],[],,2026-08-15T06:35:51+00:00
轮播 (345源),movie191,https://345.lishuhang.com/movie191.m3u8,http_error,502,https://345.lishuhang.com/movie191.m3u8,text/plain; charset=utf-8,2482.9,60,none,0,0,False,[],[],,2026-08-15T06:35:52+00:00
轮播 (345源),movie279,https://345.lishuhang.com/movie279.m3u8,http_error,502,https://345.lishuhang.com/movie279.m3u8,text/plain; charset=utf-8,2512.2,60,none,0,0,False,[],[],,2026-08-15T06:35:52+00:00
轮播 (345源),movie448,https://345.lishuhang.com/movie448.m3u8,http_error,502,https://345.lishuhang.com/movie448.m3u8,text/plain; charset=utf-8,2541.5,60,none,0,0,False,[],[],,2026-08-15T06:35:53+00:00
轮播 (345源),movie201,https://345.lishuhang.com/movie201.m3u8,http_error,502,https://345.lishuhang.com/movie201.m3u8,text/plain; charset=utf-8,2276.0,60,none,0,0,False,[],[],,2026-08-15T06:35:53+00:00
轮播 (345源),movie412,https://345.lishuhang.com/movie412.m3u8,http_error,502,https://345.lishuhang.com/movie412.m3u8,text/plain; charset=utf-8,2498.5,60,none,0,0,False,[],[],,2026-08-15T06:35:54+00:00
轮播 (345源),movie139,https://345.lishuhang.com/movie139.m3u8,http_error,502,https://345.lishuhang.com/movie139.m3u8,text/plain; charset=utf-8,2538.2,60,none,0,0,False,[],[],,2026-08-15T06:35:54+00:00
轮播 (345源),movie547,https://345.lishuhang.com/movie547.m3u8,http_error,502,https://345.lishuhang.com/movie547.m3u8,text/plain; charset=utf-8,2411.3,60,none,0,0,False,[],[],,2026-08-15T06:35:54+00:00
轮播 (345源),movie418,https://345.lishuhang.com/movie418.m3u8,http_error,502,https://345.lishuhang.com/movie418.m3u8,text/plain; charset=utf-8,2449.0,60,none,0,0,False,[],[],,2026-08-15T06:35:54+00:00
轮播 (345源),movie296,https://345.lishuhang.com/movie296.m3u8,http_error,502,https://345.lishuhang.com/movie296.m3u8,text/plain; charset=utf-8,2907.1,60,none,0,0,False,[],[],,2026-08-15T06:35:55+00:00
轮播 (345源),movie487,https://345.lishuhang.com/movie487.m3u8,http_error,502,https://345.lishuhang.com/movie487.m3u8,text/plain; charset=utf-8,2456.9,60,none,0,0,False,[],[],,2026-08-15T06:35:55+00:00
轮播 (345源),itv209,https://345.lishuhang.com/itv209.m3u8,http_error,502,https://345.lishuhang.com/itv209.m3u8,text/plain; charset=utf-8,2456.5,60,none,0,0,False,[],[],,2026-08-15T06:35:55+00:00
轮播 (345源),movie304,https://345.lishuhang.com/movie304.m3u8,http_error,502,https://345.lishuhang.com/movie304.m3u8,text/plain; charset=utf-8,2869.6,60,none,0,0,False,[],[],,2026-08-15T06:35:55+00:00
轮播 (345源),hlitv157,https://345.lishuhang.com/hlitv157.m3u8,http_error,502,https://345.lishuhang.com/hlitv157.m3u8,text/plain; charset=utf-8,2507.5,60,none,0,0,False,[],[],,2026-08-15T06:35:56+00:00
轮播 (345源),movie427,https://345.lishuhang.com/movie427.m3u8,http_error,502,https://345.lishuhang.com/movie427.m3u8,text/plain; charset=utf-8,2211.2,60,none,0,0,False,[],[],,2026-08-15T06:35:56+00:00
轮播 (345源),movie434,https://345.lishuhang.com/movie434.m3u8,http_error,502,https://345.lishuhang.com/movie434.m3u8,text/plain; charset=utf-8,2499.7,60,none,0,0,False,[],[],,2026-08-15T06:35:56+00:00
轮播 (345源),movie435,https://345.lishuhang.com/movie435.m3u8,http_error,502,https://345.lishuhang.com/movie435.m3u8,text/plain; charset=utf-8,2411.5,60,none,0,0,False,[],[],,2026-08-15T06:35:56+00:00
轮播 (345源),movie436,https://345.lishuhang.com/movie436.m3u8,http_error,502,https://345.lishuhang.com/movie436.m3u8,text/plain; charset=utf-8,2478.0,60,none,0,0,False,[],[],,2026-08-15T06:35:57+00:00
轮播 (345源),movie437,https://345.lishuhang.com/movie437.m3u8,http_error,502,https://345.lishuhang.com/movie437.m3u8,text/plain; charset=utf-8,2398.4,60,none,0,0,False,[],[],,2026-08-15T06:35:58+00:00
轮播 (345源),movie438,https://345.lishuhang.com/movie438.m3u8,http_error,502,https://345.lishuhang.com/movie438.m3u8,text/plain; charset=utf-8,2909.7,60,none,0,0,False,[],[],,2026-08-15T06:35:58+00:00
轮播 (345源),movie439,https://345.lishuhang.com/movie439.m3u8,http_error,502,https://345.lishuhang.com/movie439.m3u8,text/plain; charset=utf-8,2736.6,60,none,0,0,False,[],[],,2026-08-15T06:35:58+00:00
轮播 (345源),movie440,https://345.lishuhang.com/movie440.m3u8,http_error,502,https://345.lishuhang.com/movie440.m3u8,text/plain; charset=utf-8,2854.4,60,none,0,0,False,[],[],,2026-08-15T06:35:58+00:00
轮播 (345源),movie441,https://345.lishuhang.com/movie441.m3u8,http_error,502,https://345.lishuhang.com/movie441.m3u8,text/plain; charset=utf-8,2596.6,60,none,0,0,False,[],[],,2026-08-15T06:35:59+00:00
轮播 (345源),movie379,https://345.lishuhang.com/movie379.m3u8,http_error,502,https://345.lishuhang.com/movie379.m3u8,text/plain; charset=utf-8,2168.5,60,none,0,0,False,[],[],,2026-08-15T06:35:59+00:00
轮播 (345源),movie428,https://345.lishuhang.com/movie428.m3u8,http_error,502,https://345.lishuhang.com/movie428.m3u8,text/plain; charset=utf-8,2960.5,60,none,0,0,False,[],[],,2026-08-15T06:35:59+00:00
轮播 (345源),movie442,https://345.lishuhang.com/movie442.m3u8,http_error,502,https://345.lishuhang.com/movie442.m3u8,text/plain; charset=utf-8,3068.0,60,none,0,0,False,[],[],,2026-08-15T06:36:00+00:00
轮播 (345源),movie443,https://345.lishuhang.com/movie443.m3u8,http_error,502,https://345.lishuhang.com/movie443.m3u8,text/plain; charset=utf-8,2919.0,60,none,0,0,False,[],[],,2026-08-15T06:36:00+00:00
轮播 (345源),movie444,https://345.lishuhang.com/movie444.m3u8,http_error,502,https://345.lishuhang.com/movie444.m3u8,text/plain; charset=utf-8,2406.5,60,none,0,0,False,[],[],,2026-08-15T06:36:01+00:00
轮播 (345源),movie445,https://345.lishuhang.com/movie445.m3u8,http_error,502,https://345.lishuhang.com/movie445.m3u8,text/plain; charset=utf-8,2641.6,60,none,0,0,False,[],[],,2026-08-15T06:36:01+00:00
轮播 (345源),movie377,https://345.lishuhang.com/movie377.m3u8,http_error,502,https://345.lishuhang.com/movie377.m3u8,text/plain; charset=utf-8,2481.3,60,none,0,0,False,[],[],,2026-08-15T06:36:01+00:00
轮播 (345源),movie429,https://345.lishuhang.com/movie429.m3u8,http_error,502,https://345.lishuhang.com/movie429.m3u8,text/plain; charset=utf-8,2491.9,60,none,0,0,False,[],[],,2026-08-15T06:36:01+00:00
轮播 (345源),movie430,https://345.lishuhang.com/movie430.m3u8,http_error,502,https://345.lishuhang.com/movie430.m3u8,text/plain; charset=utf-8,2204.9,60,none,0,0,False,[],[],,2026-08-15T06:36:01+00:00
轮播 (345源),movie378,https://345.lishuhang.com/movie378.m3u8,http_error,502,https://345.lishuhang.com/movie378.m3u8,text/plain; charset=utf-8,3006.0,60,none,0,0,False,[],[],,2026-08-15T06:36:02+00:00
轮播 (345源),movie431,https://345.lishuhang.com/movie431.m3u8,http_error,502,https://345.lishuhang.com/movie431.m3u8,text/plain; charset=utf-8,2891.5,60,none,0,0,False,[],[],,2026-08-15T06:36:03+00:00
轮播 (345源),movie432,https://345.lishuhang.com/movie432.m3u8,http_error,502,https://345.lishuhang.com/movie432.m3u8,text/plain; charset=utf-8,2470.1,60,none,0,0,False,[],[],,2026-08-15T06:36:03+00:00
轮播 (345源),movie433,https://345.lishuhang.com/movie433.m3u8,http_error,502,https://345.lishuhang.com/movie433.m3u8,text/plain; charset=utf-8,2493.4,60,none,0,0,False,[],[],,2026-08-15T06:36:03+00:00
轮播 (345源),movie327,https://345.lishuhang.com/movie327.m3u8,http_error,502,https://345.lishuhang.com/movie327.m3u8,text/plain; charset=utf-8,2940.1,60,none,0,0,False,[],[],,2026-08-15T06:36:03+00:00
轮播 (345源),movie240,https://345.lishuhang.com/movie240.m3u8,http_error,502,https://345.lishuhang.com/movie240.m3u8,text/plain; charset=utf-8,2449.7,60,none,0,0,False,[],[],,2026-08-15T06:36:03+00:00
轮播 (345源),movie315,https://345.lishuhang.com/movie315.m3u8,http_error,502,https://345.lishuhang.com/movie315.m3u8,text/plain; charset=utf-8,2396.1,60,none,0,0,False,[],[],,2026-08-15T06:36:03+00:00
轮播 (345源),movie307,https://345.lishuhang.com/movie307.m3u8,http_error,502,https://345.lishuhang.com/movie307.m3u8,text/plain; charset=utf-8,2304.1,60,none,0,0,False,[],[],,2026-08-15T06:36:04+00:00
轮播 (345源),itv309,https://345.lishuhang.com/itv309.m3u8,http_error,502,https://345.lishuhang.com/itv309.m3u8,text/plain; charset=utf-8,2419.3,60,none,0,0,False,[],[],,2026-08-15T06:36:05+00:00
轮播 (345源),movie426,https://345.lishuhang.com/movie426.m3u8,http_error,502,https://345.lishuhang.com/movie426.m3u8,text/plain; charset=utf-8,2422.0,60,none,0,0,False,[],[],,2026-08-15T06:36:05+00:00
轮播 (345源),movie93,https://345.lishuhang.com/movie93.m3u8,http_error,502,https://345.lishuhang.com/movie93.m3u8,text/plain; charset=utf-8,2923.9,60,none,0,0,False,[],[],,2026-08-15T06:36:05+00:00
轮播 (345源),movie198,https://345.lishuhang.com/movie198.m3u8,http_error,502,https://345.lishuhang.com/movie198.m3u8,text/plain; charset=utf-8,2465.6,60,none,0,0,False,[],[],,2026-08-15T06:36:06+00:00
轮播 (345源),movie228,https://345.lishuhang.com/movie228.m3u8,http_error,502,https://345.lishuhang.com/movie228.m3u8,text/plain; charset=utf-8,2869.8,60,none,0,0,False,[],[],,2026-08-15T06:36:06+00:00
轮播 (345源),movie544,https://345.lishuhang.com/movie544.m3u8,http_error,502,https://345.lishuhang.com/movie544.m3u8,text/plain; charset=utf-8,2479.0,60,none,0,0,False,[],[],,2026-08-15T06:36:06+00:00
轮播 (345源),movie244,https://345.lishuhang.com/movie244.m3u8,http_error,502,https://345.lishuhang.com/movie244.m3u8,text/plain; charset=utf-8,2900.3,60,none,0,0,False,[],[],,2026-08-15T06:36:06+00:00
轮播 (345源),movie394,https://345.lishuhang.com/movie394.m3u8,http_error,502,https://345.lishuhang.com/movie394.m3u8,text/plain; charset=utf-8,2440.3,60,none,0,0,False,[],[],,2026-08-15T06:36:06+00:00
轮播 (345源),movie446,https://345.lishuhang.com/movie446.m3u8,http_error,502,https://345.lishuhang.com/movie446.m3u8,text/plain; charset=utf-8,2515.1,60,none,0,0,False,[],[],,2026-08-15T06:36:07+00:00
轮播 (345源),movie447,https://345.lishuhang.com/movie447.m3u8,http_error,502,https://345.lishuhang.com/movie447.m3u8,text/plain; charset=utf-8,2491.3,60,none,0,0,False,[],[],,2026-08-15T06:36:08+00:00
轮播 (345源),movie380,https://345.lishuhang.com/movie380.m3u8,http_error,502,https://345.lishuhang.com/movie380.m3u8,text/plain; charset=utf-8,2718.0,60,none,0,0,False,[],[],,2026-08-15T06:36:08+00:00
轮播 (345源),movie24,https://345.lishuhang.com/movie24.m3u8,http_error,502,https://345.lishuhang.com/movie24.m3u8,text/plain; charset=utf-8,2421.0,60,none,0,0,False,[],[],,2026-08-15T06:36:08+00:00
轮播 (345源),movie489,https://345.lishuhang.com/movie489.m3u8,http_error,502,https://345.lishuhang.com/movie489.m3u8,text/plain; charset=utf-8,2436.9,60,none,0,0,False,[],[],,2026-08-15T06:36:08+00:00
轮播 (345源),movie126,https://345.lishuhang.com/movie126.m3u8,http_error,502,https://345.lishuhang.com/movie126.m3u8,text/plain; charset=utf-8,2418.6,60,none,0,0,False,[],[],,2026-08-15T06:36:09+00:00
轮播 (345源),movie81,https://345.lishuhang.com/movie81.m3u8,http_error,502,https://345.lishuhang.com/movie81.m3u8,text/plain; charset=utf-8,2923.1,60,none,0,0,False,[],[],,2026-08-15T06:36:09+00:00
轮播 (345源),movie293,https://345.lishuhang.com/movie293.m3u8,http_error,502,https://345.lishuhang.com/movie293.m3u8,text/plain; charset=utf-8,2528.5,60,none,0,0,False,[],[],,2026-08-15T06:36:09+00:00
轮播 (345源),movie509,https://345.lishuhang.com/movie509.m3u8,http_error,502,https://345.lishuhang.com/movie509.m3u8,text/plain; charset=utf-8,2385.2,60,none,0,0,False,[],[],,2026-08-15T06:36:10+00:00
轮播 (345源),movie211,https://345.lishuhang.com/movie211.m3u8,http_error,502,https://345.lishuhang.com/movie211.m3u8,text/plain; charset=utf-8,2392.9,60,none,0,0,False,[],[],,2026-08-15T06:36:10+00:00
轮播 (345源),movie39,https://345.lishuhang.com/movie39.m3u8,http_error,502,https://345.lishuhang.com/movie39.m3u8,text/plain; charset=utf-8,2552.6,60,none,0,0,False,[],[],,2026-08-15T06:36:11+00:00
轮播 (345源),movie23,https://345.lishuhang.com/movie23.m3u8,http_error,502,https://345.lishuhang.com/movie23.m3u8,text/plain; charset=utf-8,3030.9,60,none,0,0,False,[],[],,2026-08-15T06:36:11+00:00
轮播 (345源),movie68,https://345.lishuhang.com/movie68.m3u8,http_error,502,https://345.lishuhang.com/movie68.m3u8,text/plain; charset=utf-8,2510.4,60,none,0,0,False,[],[],,2026-08-15T06:36:11+00:00
轮播 (345源),movie216,https://345.lishuhang.com/movie216.m3u8,http_error,502,https://345.lishuhang.com/movie216.m3u8,text/plain; charset=utf-8,3005.8,60,none,0,0,False,[],[],,2026-08-15T06:36:11+00:00
轮播 (345源),movie110,https://345.lishuhang.com/movie110.m3u8,http_error,502,https://345.lishuhang.com/movie110.m3u8,text/plain; charset=utf-8,2811.8,60,none,0,0,False,[],[],,2026-08-15T06:36:11+00:00
轮播 (345源),movie496,https://345.lishuhang.com/movie496.m3u8,http_error,502,https://345.lishuhang.com/movie496.m3u8,text/plain; charset=utf-8,2224.3,60,none,0,0,False,[],[],,2026-08-15T06:36:12+00:00
轮播 (345源),movie183,https://345.lishuhang.com/movie183.m3u8,http_error,502,https://345.lishuhang.com/movie183.m3u8,text/plain; charset=utf-8,2458.9,60,none,0,0,False,[],[],,2026-08-15T06:36:12+00:00
轮播 (345源),movie176,https://345.lishuhang.com/movie176.m3u8,http_error,502,https://345.lishuhang.com/movie176.m3u8,text/plain; charset=utf-8,2451.7,60,none,0,0,False,[],[],,2026-08-15T06:36:13+00:00
轮播 (345源),itv308,https://345.lishuhang.com/itv308.m3u8,http_error,502,https://345.lishuhang.com/itv308.m3u8,text/plain; charset=utf-8,2301.0,60,none,0,0,False,[],[],,2026-08-15T06:36:13+00:00
轮播 (345源),movie481,https://345.lishuhang.com/movie481.m3u8,http_error,502,https://345.lishuhang.com/movie481.m3u8,text/plain; charset=utf-8,2503.9,60,none,0,0,False,[],[],,2026-08-15T06:36:13+00:00
轮播 (345源),movie464,https://345.lishuhang.com/movie464.m3u8,http_error,502,https://345.lishuhang.com/movie464.m3u8,text/plain; charset=utf-8,2518.6,60,none,0,0,False,[],[],,2026-08-15T06:36:14+00:00
轮播 (345源),movie465,https://345.lishuhang.com/movie465.m3u8,http_error,502,https://345.lishuhang.com/movie465.m3u8,text/plain; charset=utf-8,2627.6,60,none,0,0,False,[],[],,2026-08-15T06:36:14+00:00
轮播 (345源),movie466,https://345.lishuhang.com/movie466.m3u8,http_error,502,https://345.lishuhang.com/movie466.m3u8,text/plain; charset=utf-8,2470.8,60,none,0,0,False,[],[],,2026-08-15T06:36:14+00:00
轮播 (345源),movie466,https://345.lishuhang.com/movie467.m3u8,http_error,502,https://345.lishuhang.com/movie467.m3u8,text/plain; charset=utf-8,2454.2,60,none,0,0,False,[],[],,2026-08-15T06:36:14+00:00
轮播 (345源),movie82,https://345.lishuhang.com/movie82.m3u8,http_error,502,https://345.lishuhang.com/movie82.m3u8,text/plain; charset=utf-8,2470.4,60,none,0,0,False,[],[],,2026-08-15T06:36:14+00:00
轮播 (345源),movie333,https://345.lishuhang.com/movie333.m3u8,http_error,502,https://345.lishuhang.com/movie333.m3u8,text/plain; charset=utf-8,2560.7,60,none,0,0,False,[],[],,2026-08-15T06:36:15+00:00
轮播 (345源),movie365,https://345.lishuhang.com/movie365.m3u8,http_error,502,https://345.lishuhang.com/movie365.m3u8,text/plain; charset=utf-8,2756.1,60,none,0,0,False,[],[],,2026-08-15T06:36:16+00:00
轮播 (345源),movie364,https://345.lishuhang.com/movie364.m3u8,http_error,502,https://345.lishuhang.com/movie364.m3u8,text/plain; charset=utf-8,2368.6,60,none,0,0,False,[],[],,2026-08-15T06:36:16+00:00
轮播 (345源),movie366,https://345.lishuhang.com/movie366.m3u8,http_error,502,https://345.lishuhang.com/movie366.m3u8,text/plain; charset=utf-8,2816.5,60,none,0,0,False,[],[],,2026-08-15T06:36:16+00:00
轮播 (345源),movie363,https://345.lishuhang.com/movie363.m3u8,http_error,502,https://345.lishuhang.com/movie363.m3u8,text/plain; charset=utf-8,3154.6,60,none,0,0,False,[],[],,2026-08-15T06:36:17+00:00
轮播 (345源),movie311,https://345.lishuhang.com/movie311.m3u8,http_error,502,https://345.lishuhang.com/movie311.m3u8,text/plain; charset=utf-8,2595.0,60,none,0,0,False,[],[],,2026-08-15T06:36:17+00:00
轮播 (345源),movie486,https://345.lishuhang.com/movie486.m3u8,http_error,502,https://345.lishuhang.com/movie486.m3u8,text/plain; charset=utf-8,2419.6,60,none,0,0,False,[],[],,2026-08-15T06:36:17+00:00
轮播 (345源),movie541,https://345.lishuhang.com/movie541.m3u8,http_error,502,https://345.lishuhang.com/movie541.m3u8,text/plain; charset=utf-8,2426.1,60,none,0,0,False,[],[],,2026-08-15T06:36:17+00:00
轮播 (345源),movie455,https://345.lishuhang.com/movie455.m3u8,http_error,502,https://345.lishuhang.com/movie455.m3u8,text/plain; charset=utf-8,2413.8,60,none,0,0,False,[],[],,2026-08-15T06:36:18+00:00
轮播 (345源),movie455,https://345.lishuhang.com/movie456.m3u8,http_error,502,https://345.lishuhang.com/movie456.m3u8,text/plain; charset=utf-8,2501.4,60,none,0,0,False,[],[],,2026-08-15T06:36:18+00:00
轮播 (345源),movie459,https://345.lishuhang.com/movie459.m3u8,http_error,502,https://345.lishuhang.com/movie459.m3u8,text/plain; charset=utf-8,2697.1,60,none,0,0,False,[],[],,2026-08-15T06:36:18+00:00
轮播 (345源),movie459,https://345.lishuhang.com/movie546.m3u8,http_error,502,https://345.lishuhang.com/movie546.m3u8,text/plain; charset=utf-8,2480.5,60,none,0,0,False,[],[],,2026-08-15T06:36:19+00:00
轮播 (345源),movie460,https://345.lishuhang.com/movie460.m3u8,http_error,502,https://345.lishuhang.com/movie460.m3u8,text/plain; charset=utf-8,2515.2,60,none,0,0,False,[],[],,2026-08-15T06:36:19+00:00
轮播 (345源),movie457,https://345.lishuhang.com/movie457.m3u8,http_error,502,https://345.lishuhang.com/movie457.m3u8,text/plain; charset=utf-8,2576.9,60,none,0,0,False,[],[],,2026-08-15T06:36:19+00:00
轮播 (345源),movie497,https://345.lishuhang.com/movie497.m3u8,http_error,502,https://345.lishuhang.com/movie497.m3u8,text/plain; charset=utf-8,2404.2,60,none,0,0,False,[],[],,2026-08-15T06:36:19+00:00
轮播 (345源),movie368,https://345.lishuhang.com/movie368.m3u8,http_error,502,https://345.lishuhang.com/movie368.m3u8,text/plain; charset=utf-8,2913.6,60,none,0,0,False,[],[],,2026-08-15T06:36:20+00:00
轮播 (345源),movie358,https://345.lishuhang.com/movie358.m3u8,http_error,502,https://345.lishuhang.com/movie358.m3u8,text/plain; charset=utf-8,2729.2,60,none,0,0,False,[],[],,2026-08-15T06:36:20+00:00
轮播 (345源),movie525,https://345.lishuhang.com/movie525.m3u8,http_error,502,https://345.lishuhang.com/movie525.m3u8,text/plain; charset=utf-8,2436.0,60,none,0,0,False,[],[],,2026-08-15T06:36:21+00:00
轮播 (345源),movie542,https://345.lishuhang.com/movie542.m3u8,http_error,502,https://345.lishuhang.com/movie542.m3u8,text/plain; charset=utf-8,2995.3,60,none,0,0,False,[],[],,2026-08-15T06:36:21+00:00
轮播 (345源),movie414,https://345.lishuhang.com/movie414.m3u8,http_error,502,https://345.lishuhang.com/movie414.m3u8,text/plain; charset=utf-8,2436.1,60,none,0,0,False,[],[],,2026-08-15T06:36:22+00:00
轮播 (345源),movie550,https://345.lishuhang.com/movie550.m3u8,http_error,502,https://345.lishuhang.com/movie550.m3u8,text/plain; charset=utf-8,2912.9,60,none,0,0,False,[],[],,2026-08-15T06:36:22+00:00
轮播 (345源),movie43,https://345.lishuhang.com/movie43.m3u8,http_error,502,https://345.lishuhang.com/movie43.m3u8,text/plain; charset=utf-8,2394.0,60,none,0,0,False,[],[],,2026-08-15T06:36:22+00:00
轮播 (345源),movie520,https://345.lishuhang.com/movie520.m3u8,http_error,502,https://345.lishuhang.com/movie520.m3u8,text/plain; charset=utf-8,2497.5,60,none,0,0,False,[],[],,2026-08-15T06:36:22+00:00
轮播 (345源),movie134,https://345.lishuhang.com/movie134.m3u8,http_error,502,https://345.lishuhang.com/movie134.m3u8,text/plain; charset=utf-8,2799.1,60,none,0,0,False,[],[],,2026-08-15T06:36:23+00:00
轮播 (345源),movie212,https://345.lishuhang.com/movie212.m3u8,http_error,502,https://345.lishuhang.com/movie212.m3u8,text/plain; charset=utf-8,2509.0,60,none,0,0,False,[],[],,2026-08-15T06:36:23+00:00
轮播 (345源),movie338,https://345.lishuhang.com/movie338.m3u8,http_error,502,https://345.lishuhang.com/movie338.m3u8,text/plain; charset=utf-8,3019.6,60,none,0,0,False,[],[],,2026-08-15T06:36:23+00:00
轮播 (345源),movie235,https://345.lishuhang.com/movie235.m3u8,http_error,502,https://345.lishuhang.com/movie235.m3u8,text/plain; charset=utf-8,2706.3,60,none,0,0,False,[],[],,2026-08-15T06:36:24+00:00
轮播 (345源),movie50,https://345.lishuhang.com/movie50.m3u8,http_error,502,https://345.lishuhang.com/movie50.m3u8,text/plain; charset=utf-8,2440.6,60,none,0,0,False,[],[],,2026-08-15T06:36:24+00:00
轮播 (345源),movie200,https://345.lishuhang.com/movie200.m3u8,http_error,502,https://345.lishuhang.com/movie200.m3u8,text/plain; charset=utf-8,2397.2,60,none,0,0,False,[],[],,2026-08-15T06:36:24+00:00
轮播 (345源),movie205,https://345.lishuhang.com/movie205.m3u8,http_error,502,https://345.lishuhang.com/movie205.m3u8,text/plain; charset=utf-8,2497.0,60,none,0,0,False,[],[],,2026-08-15T06:36:24+00:00
轮播 (345源),movie537,https://345.lishuhang.com/movie537.m3u8,http_error,502,https://345.lishuhang.com/movie537.m3u8,text/plain; charset=utf-8,2906.0,60,none,0,0,False,[],[],,2026-08-15T06:36:25+00:00
轮播 (345源),movie122,https://345.lishuhang.com/movie122.m3u8,http_error,502,https://345.lishuhang.com/movie122.m3u8,text/plain; charset=utf-8,2370.5,60,none,0,0,False,[],[],,2026-08-15T06:36:25+00:00
轮播 (345源),movie188,https://345.lishuhang.com/movie188.m3u8,http_error,502,https://345.lishuhang.com/movie188.m3u8,text/plain; charset=utf-8,2394.2,60,none,0,0,False,[],[],,2026-08-15T06:36:25+00:00
轮播 (345源),movie301,https://345.lishuhang.com/movie301.m3u8,http_error,502,https://345.lishuhang.com/movie301.m3u8,text/plain; charset=utf-8,2309.8,60,none,0,0,False,[],[],,2026-08-15T06:36:26+00:00
轮播 (345源),movie463,https://345.lishuhang.com/movie463.m3u8,http_error,502,https://345.lishuhang.com/movie463.m3u8,text/plain; charset=utf-8,2915.7,60,none,0,0,False,[],[],,2026-08-15T06:36:27+00:00
轮播 (345源),movie133,https://345.lishuhang.com/movie133.m3u8,http_error,502,https://345.lishuhang.com/movie133.m3u8,text/plain; charset=utf-8,2253.9,60,none,0,0,False,[],[],,2026-08-15T06:36:27+00:00
轮播 (345源),movie539,https://345.lishuhang.com/movie539.m3u8,http_error,502,https://345.lishuhang.com/movie539.m3u8,text/plain; charset=utf-8,3309.8,60,none,0,0,False,[],[],,2026-08-15T06:36:27+00:00
轮播 (345源),movie247,https://345.lishuhang.com/movie247.m3u8,http_error,502,https://345.lishuhang.com/movie247.m3u8,text/plain; charset=utf-8,3244.0,60,none,0,0,False,[],[],,2026-08-15T06:36:27+00:00
轮播 (345源),movie248,https://345.lishuhang.com/movie248.m3u8,http_error,502,https://345.lishuhang.com/movie248.m3u8,text/plain; charset=utf-8,2562.7,60,none,0,0,False,[],[],,2026-08-15T06:36:28+00:00
轮播 (345源),movie106,https://345.lishuhang.com/movie106.m3u8,http_error,502,https://345.lishuhang.com/movie106.m3u8,text/plain; charset=utf-8,2947.1,60,none,0,0,False,[],[],,2026-08-15T06:36:28+00:00
轮播 (345源),movie73,https://345.lishuhang.com/movie73.m3u8,http_error,502,https://345.lishuhang.com/movie73.m3u8,text/plain; charset=utf-8,2353.7,60,none,0,0,False,[],[],,2026-08-15T06:36:28+00:00
轮播 (345源),movie484,https://345.lishuhang.com/movie484.m3u8,http_error,502,https://345.lishuhang.com/movie484.m3u8,text/plain; charset=utf-8,2972.6,60,none,0,0,False,[],[],,2026-08-15T06:36:29+00:00
轮播 (345源),movie59,https://345.lishuhang.com/movie59.m3u8,http_error,502,https://345.lishuhang.com/movie59.m3u8,text/plain; charset=utf-8,2899.5,60,none,0,0,False,[],[],,2026-08-15T06:36:29+00:00
轮播 (345源),movie549,https://345.lishuhang.com/movie549.m3u8,http_error,502,https://345.lishuhang.com/movie549.m3u8,text/plain; charset=utf-8,2462.7,60,none,0,0,False,[],[],,2026-08-15T06:36:29+00:00
轮播 (345源),movie97,https://345.lishuhang.com/movie97.m3u8,http_error,502,https://345.lishuhang.com/movie97.m3u8,text/plain; charset=utf-8,2956.6,60,none,0,0,False,[],[],,2026-08-15T06:36:30+00:00
轮播 (345源),movie170,https://345.lishuhang.com/movie170.m3u8,http_error,502,https://345.lishuhang.com/movie170.m3u8,text/plain; charset=utf-8,2554.1,60,none,0,0,False,[],[],,2026-08-15T06:36:30+00:00
轮播 (345源),movie420,https://345.lishuhang.com/movie420.m3u8,http_error,502,https://345.lishuhang.com/movie420.m3u8,text/plain; charset=utf-8,2221.3,60,none,0,0,False,[],[],,2026-08-15T06:36:30+00:00
轮播 (345源),movie288,https://345.lishuhang.com/movie288.m3u8,http_error,502,https://345.lishuhang.com/movie288.m3u8,text/plain; charset=utf-8,2271.0,60,none,0,0,False,[],[],,2026-08-15T06:36:30+00:00
轮播 (345源),movie79,https://345.lishuhang.com/movie79.m3u8,http_error,502,https://345.lishuhang.com/movie79.m3u8,text/plain; charset=utf-8,2206.2,60,none,0,0,False,[],[],,2026-08-15T06:36:31+00:00
轮播 (345源),movie45,https://345.lishuhang.com/movie45.m3u8,http_error,502,https://345.lishuhang.com/movie45.m3u8,text/plain; charset=utf-8,2451.4,60,none,0,0,False,[],[],,2026-08-15T06:36:32+00:00
轮播 (345源),movie258,https://345.lishuhang.com/movie258.m3u8,http_error,502,https://345.lishuhang.com/movie258.m3u8,text/plain; charset=utf-8,2441.1,60,none,0,0,False,[],[],,2026-08-15T06:36:32+00:00
轮播 (345源),movie258,https://345.lishuhang.com/movie270.m3u8,http_error,502,https://345.lishuhang.com/movie270.m3u8,text/plain; charset=utf-8,2395.9,60,none,0,0,False,[],[],,2026-08-15T06:36:32+00:00
轮播 (345源),movie34,https://345.lishuhang.com/movie34.m3u8,http_error,502,https://345.lishuhang.com/movie34.m3u8,text/plain; charset=utf-8,2373.3,60,none,0,0,False,[],[],,2026-08-15T06:36:32+00:00
轮播 (345源),movie300,https://345.lishuhang.com/movie300.m3u8,http_error,502,https://345.lishuhang.com/movie300.m3u8,text/plain; charset=utf-8,2464.0,60,none,0,0,False,[],[],,2026-08-15T06:36:32+00:00
轮播 (345源),movie271,https://345.lishuhang.com/movie271.m3u8,http_error,502,https://345.lishuhang.com/movie271.m3u8,text/plain; charset=utf-8,2821.3,60,none,0,0,False,[],[],,2026-08-15T06:36:33+00:00
轮播 (345源),movie309,https://345.lishuhang.com/movie309.m3u8,http_error,502,https://345.lishuhang.com/movie309.m3u8,text/plain; charset=utf-8,2215.5,60,none,0,0,False,[],[],,2026-08-15T06:36:33+00:00
轮播 (345源),movie226,https://345.lishuhang.com/movie226.m3u8,http_error,502,https://345.lishuhang.com/movie226.m3u8,text/plain; charset=utf-8,2571.1,60,none,0,0,False,[],[],,2026-08-15T06:36:33+00:00
轮播 (345源),movie290,https://345.lishuhang.com/movie290.m3u8,http_error,502,https://345.lishuhang.com/movie290.m3u8,text/plain; charset=utf-8,2201.0,60,none,0,0,False,[],[],,2026-08-15T06:36:34+00:00
轮播 (345源),movie3,https://345.lishuhang.com/movie3.m3u8,http_error,502,https://345.lishuhang.com/movie3.m3u8,text/plain; charset=utf-8,2733.5,60,none,0,0,False,[],[],,2026-08-15T06:36:34+00:00
轮播 (345源),movie409,https://345.lishuhang.com/movie409.m3u8,http_error,502,https://345.lishuhang.com/movie409.m3u8,text/plain; charset=utf-8,2314.2,60,none,0,0,False,[],[],,2026-08-15T06:36:34+00:00
轮播 (345源),movie469,https://345.lishuhang.com/movie469.m3u8,http_error,502,https://345.lishuhang.com/movie469.m3u8,text/plain; charset=utf-8,2952.0,60,none,0,0,False,[],[],,2026-08-15T06:36:35+00:00
轮播 (345源),movie42,https://345.lishuhang.com/movie42.m3u8,http_error,502,https://345.lishuhang.com/movie42.m3u8,text/plain; charset=utf-8,2452.5,60,none,0,0,False,[],[],,2026-08-15T06:36:35+00:00
轮播 (345源),movie322,https://345.lishuhang.com/movie322.m3u8,http_error,502,https://345.lishuhang.com/movie322.m3u8,text/plain; charset=utf-8,2461.2,60,none,0,0,False,[],[],,2026-08-15T06:36:35+00:00
轮播 (345源),movie234,https://345.lishuhang.com/movie234.m3u8,http_error,502,https://345.lishuhang.com/movie234.m3u8,text/plain; charset=utf-8,2415.1,60,none,0,0,False,[],[],,2026-08-15T06:36:35+00:00
轮播 (345源),movie236,https://345.lishuhang.com/movie236.m3u8,http_error,502,https://345.lishuhang.com/movie236.m3u8,text/plain; charset=utf-8,2521.0,60,none,0,0,False,[],[],,2026-08-15T06:36:36+00:00
轮播 (345源),movie27,https://345.lishuhang.com/movie27.m3u8,http_error,502,https://345.lishuhang.com/movie27.m3u8,text/plain; charset=utf-8,2783.4,60,none,0,0,False,[],[],,2026-08-15T06:36:36+00:00
轮播 (345源),movie217,https://345.lishuhang.com/movie217.m3u8,http_error,502,https://345.lishuhang.com/movie217.m3u8,text/plain; charset=utf-8,2901.6,60,none,0,0,False,[],[],,2026-08-15T06:36:37+00:00
轮播 (345源),movie75,https://345.lishuhang.com/movie75.m3u8,http_error,502,https://345.lishuhang.com/movie75.m3u8,text/plain; charset=utf-8,2491.1,60,none,0,0,False,[],[],,2026-08-15T06:36:37+00:00
轮播 (345源),itv272,https://345.lishuhang.com/itv272.m3u8,http_error,502,https://345.lishuhang.com/itv272.m3u8,text/plain; charset=utf-8,2931.7,60,none,0,0,False,[],[],,2026-08-15T06:36:37+00:00
轮播 (345源),movie534,https://345.lishuhang.com/movie534.m3u8,http_error,502,https://345.lishuhang.com/movie534.m3u8,text/plain; charset=utf-8,2536.8,60,none,0,0,False,[],[],,2026-08-15T06:36:37+00:00
轮播 (345源),movie369,https://345.lishuhang.com/movie369.m3u8,http_error,502,https://345.lishuhang.com/movie369.m3u8,text/plain; charset=utf-8,2508.0,60,none,0,0,False,[],[],,2026-08-15T06:36:38+00:00
轮播 (345源),movie401,https://345.lishuhang.com/movie401.m3u8,http_error,502,https://345.lishuhang.com/movie401.m3u8,text/plain; charset=utf-8,2580.3,60,none,0,0,False,[],[],,2026-08-15T06:36:38+00:00
轮播 (345源),movie480,https://345.lishuhang.com/movie480.m3u8,http_error,502,https://345.lishuhang.com/movie480.m3u8,text/plain; charset=utf-8,2652.3,60,none,0,0,False,[],[],,2026-08-15T06:36:38+00:00
轮播 (345源),movie346,https://345.lishuhang.com/movie346.m3u8,http_error,502,https://345.lishuhang.com/movie346.m3u8,text/plain; charset=utf-8,2453.2,60,none,0,0,False,[],[],,2026-08-15T06:36:39+00:00
轮播 (345源),movie227,https://345.lishuhang.com/movie227.m3u8,http_error,502,https://345.lishuhang.com/movie227.m3u8,text/plain; charset=utf-8,2455.7,60,none,0,0,False,[],[],,2026-08-15T06:36:39+00:00
轮播 (345源),movie22,https://345.lishuhang.com/movie22.m3u8,http_error,502,https://345.lishuhang.com/movie22.m3u8,text/plain; charset=utf-8,2794.7,60,none,0,0,False,[],[],,2026-08-15T06:36:40+00:00
轮播 (345源),movie289,https://345.lishuhang.com/movie289.m3u8,http_error,502,https://345.lishuhang.com/movie289.m3u8,text/plain; charset=utf-8,2988.6,60,none,0,0,False,[],[],,2026-08-15T06:36:40+00:00
轮播 (345源),movie404,https://345.lishuhang.com/movie404.m3u8,http_error,502,https://345.lishuhang.com/movie404.m3u8,text/plain; charset=utf-8,2540.7,60,none,0,0,False,[],[],,2026-08-15T06:36:40+00:00
轮播 (345源),movie376,https://345.lishuhang.com/movie376.m3u8,http_error,502,https://345.lishuhang.com/movie376.m3u8,text/plain; charset=utf-8,2747.3,60,none,0,0,False,[],[],,2026-08-15T06:36:40+00:00
轮播 (345源),movie123,https://345.lishuhang.com/movie123.m3u8,http_error,502,https://345.lishuhang.com/movie123.m3u8,text/plain; charset=utf-8,3056.3,60,none,0,0,False,[],[],,2026-08-15T06:36:40+00:00
轮播 (345源),movie138,https://345.lishuhang.com/movie138.m3u8,http_error,502,https://345.lishuhang.com/movie138.m3u8,text/plain; charset=utf-8,2817.4,60,none,0,0,False,[],[],,2026-08-15T06:36:41+00:00
轮播 (345源),movie328,https://345.lishuhang.com/movie328.m3u8,http_error,502,https://345.lishuhang.com/movie328.m3u8,text/plain; charset=utf-8,2449.2,60,none,0,0,False,[],[],,2026-08-15T06:36:41+00:00
轮播 (345源),movie163,https://345.lishuhang.com/movie163.m3u8,http_error,502,https://345.lishuhang.com/movie163.m3u8,text/plain; charset=utf-8,2450.2,60,none,0,0,False,[],[],,2026-08-15T06:36:42+00:00
轮播 (345源),movie178,https://345.lishuhang.com/movie178.m3u8,http_error,502,https://345.lishuhang.com/movie178.m3u8,text/plain; charset=utf-8,2384.1,60,none,0,0,False,[],[],,2026-08-15T06:36:42+00:00
轮播 (345源),movie422,https://345.lishuhang.com/movie422.m3u8,http_error,502,https://345.lishuhang.com/movie422.m3u8,text/plain; charset=utf-8,2734.8,60,none,0,0,False,[],[],,2026-08-15T06:36:43+00:00
轮播 (345源),movie423,https://345.lishuhang.com/movie423.m3u8,http_error,502,https://345.lishuhang.com/movie423.m3u8,text/plain; charset=utf-8,2554.7,60,none,0,0,False,[],[],,2026-08-15T06:36:43+00:00
轮播 (345源),movie215,https://345.lishuhang.com/movie215.m3u8,http_error,502,https://345.lishuhang.com/movie215.m3u8,text/plain; charset=utf-8,2972.7,60,none,0,0,False,[],[],,2026-08-15T06:36:43+00:00
轮播 (345源),movie352,https://345.lishuhang.com/movie352.m3u8,http_error,502,https://345.lishuhang.com/movie352.m3u8,text/plain; charset=utf-8,2533.7,60,none,0,0,False,[],[],,2026-08-15T06:36:44+00:00
轮播 (345源),movie354,https://345.lishuhang.com/movie354.m3u8,http_error,502,https://345.lishuhang.com/movie354.m3u8,text/plain; charset=utf-8,2986.5,60,none,0,0,False,[],[],,2026-08-15T06:36:44+00:00
轮播 (345源),movie314,https://345.lishuhang.com/movie314.m3u8,http_error,502,https://345.lishuhang.com/movie314.m3u8,text/plain; charset=utf-8,2380.4,60,none,0,0,False,[],[],,2026-08-15T06:36:44+00:00
轮播 (345源),movie345,https://345.lishuhang.com/movie345.m3u8,http_error,502,https://345.lishuhang.com/movie345.m3u8,text/plain; charset=utf-8,2407.8,60,none,0,0,False,[],[],,2026-08-15T06:36:44+00:00
轮播 (345源),itv206,https://345.lishuhang.com/itv206.m3u8,http_error,502,https://345.lishuhang.com/itv206.m3u8,text/plain; charset=utf-8,3009.4,60,none,0,0,False,[],[],,2026-08-15T06:36:45+00:00
轮播 (345源),movie204,https://345.lishuhang.com/movie204.m3u8,http_error,502,https://345.lishuhang.com/movie204.m3u8,text/plain; charset=utf-8,2393.8,60,none,0,0,False,[],[],,2026-08-15T06:36:45+00:00
轮播 (345源),movie57,https://345.lishuhang.com/movie57.m3u8,http_error,502,https://345.lishuhang.com/movie57.m3u8,text/plain; charset=utf-8,2962.6,60,none,0,0,False,[],[],,2026-08-15T06:36:46+00:00
轮播 (345源),movie362,https://345.lishuhang.com/movie362.m3u8,http_error,502,https://345.lishuhang.com/movie362.m3u8,text/plain; charset=utf-8,2289.1,60,none,0,0,False,[],[],,2026-08-15T06:36:46+00:00
轮播 (345源),movie361,https://345.lishuhang.com/movie361.m3u8,http_error,502,https://345.lishuhang.com/movie361.m3u8,text/plain; charset=utf-8,2418.9,60,none,0,0,False,[],[],,2026-08-15T06:36:46+00:00
轮播 (345源),movie360,https://345.lishuhang.com/movie360.m3u8,http_error,502,https://345.lishuhang.com/movie360.m3u8,text/plain; charset=utf-8,2197.1,60,none,0,0,False,[],[],,2026-08-15T06:36:46+00:00
轮播 (345源),movie136,https://345.lishuhang.com/movie136.m3u8,http_error,502,https://345.lishuhang.com/movie136.m3u8,text/plain; charset=utf-8,2367.6,60,none,0,0,False,[],[],,2026-08-15T06:36:47+00:00
轮播 (345源),movie357,https://345.lishuhang.com/movie357.m3u8,http_error,502,https://345.lishuhang.com/movie357.m3u8,text/plain; charset=utf-8,2949.7,60,none,0,0,False,[],[],,2026-08-15T06:36:47+00:00
轮播 (345源),movie19,https://345.lishuhang.com/movie19.m3u8,http_error,502,https://345.lishuhang.com/movie19.m3u8,text/plain; charset=utf-8,3364.9,60,none,0,0,False,[],[],,2026-08-15T06:36:48+00:00
轮播 (345源),movie125,https://345.lishuhang.com/movie125.m3u8,http_error,502,https://345.lishuhang.com/movie125.m3u8,text/plain; charset=utf-8,2369.9,60,none,0,0,False,[],[],,2026-08-15T06:36:48+00:00
轮播 (345源),movie524,https://345.lishuhang.com/movie524.m3u8,http_error,502,https://345.lishuhang.com/movie524.m3u8,text/plain; charset=utf-8,2494.4,60,none,0,0,False,[],[],,2026-08-15T06:36:48+00:00
轮播 (345源),movie416,https://345.lishuhang.com/movie416.m3u8,http_error,502,https://345.lishuhang.com/movie416.m3u8,text/plain; charset=utf-8,2511.4,60,none,0,0,False,[],[],,2026-08-15T06:36:48+00:00
轮播 (345源),movie31,https://345.lishuhang.com/movie31.m3u8,http_error,502,https://345.lishuhang.com/movie31.m3u8,text/plain; charset=utf-8,2543.9,60,none,0,0,False,[],[],,2026-08-15T06:36:48+00:00
轮播 (345源),movie100,https://345.lishuhang.com/movie100.m3u8,http_error,502,https://345.lishuhang.com/movie100.m3u8,text/plain; charset=utf-8,2443.0,60,none,0,0,False,[],[],,2026-08-15T06:36:49+00:00
轮播 (345源),movie249,https://345.lishuhang.com/movie249.m3u8,http_error,502,https://345.lishuhang.com/movie249.m3u8,text/plain; charset=utf-8,2446.6,60,none,0,0,False,[],[],,2026-08-15T06:36:49+00:00
轮播 (345源),movie278,https://345.lishuhang.com/movie278.m3u8,http_error,502,https://345.lishuhang.com/movie278.m3u8,text/plain; charset=utf-8,2474.2,60,none,0,0,False,[],[],,2026-08-15T06:36:50+00:00
轮播 (345源),movie111,https://345.lishuhang.com/movie111.m3u8,http_error,502,https://345.lishuhang.com/movie111.m3u8,text/plain; charset=utf-8,2906.2,60,none,0,0,False,[],[],,2026-08-15T06:36:50+00:00
轮播 (345源),movie295,https://345.lishuhang.com/movie295.m3u8,http_error,502,https://345.lishuhang.com/movie295.m3u8,text/plain; charset=utf-8,2456.6,60,none,0,0,False,[],[],,2026-08-15T06:36:51+00:00
轮播 (345源),movie308,https://345.lishuhang.com/movie308.m3u8,http_error,502,https://345.lishuhang.com/movie308.m3u8,text/plain; charset=utf-8,2219.3,60,none,0,0,False,[],[],,2026-08-15T06:36:51+00:00
轮播 (345源),movie324,https://345.lishuhang.com/movie324.m3u8,http_error,502,https://345.lishuhang.com/movie324.m3u8,text/plain; charset=utf-8,2216.2,60,none,0,0,False,[],[],,2026-08-15T06:36:51+00:00
轮播 (345源),movie1,https://345.lishuhang.com/movie1.m3u8,http_error,502,https://345.lishuhang.com/movie1.m3u8,text/plain; charset=utf-8,2225.8,60,none,0,0,False,[],[],,2026-08-15T06:36:51+00:00
轮播 (345源),movie1,https://345.lishuhang.com/movie30.m3u8,http_error,502,https://345.lishuhang.com/movie30.m3u8,text/plain; charset=utf-8,2394.0,60,none,0,0,False,[],[],,2026-08-15T06:36:51+00:00
轮播 (345源),movie521,https://345.lishuhang.com/movie521.m3u8,http_error,502,https://345.lishuhang.com/movie521.m3u8,text/plain; charset=utf-8,2522.8,60,none,0,0,False,[],[],,2026-08-15T06:36:51+00:00
轮播 (345源),movie117,https://345.lishuhang.com/movie117.m3u8,http_error,502,https://345.lishuhang.com/movie117.m3u8,text/plain; charset=utf-8,2457.1,60,none,0,0,False,[],[],,2026-08-15T06:36:52+00:00
轮播 (345源),movie321,https://345.lishuhang.com/movie321.m3u8,http_error,502,https://345.lishuhang.com/movie321.m3u8,text/plain; charset=utf-8,2440.7,60,none,0,0,False,[],[],,2026-08-15T06:36:53+00:00
轮播 (345源),movie233,https://345.lishuhang.com/movie233.m3u8,http_error,502,https://345.lishuhang.com/movie233.m3u8,text/plain; charset=utf-8,2535.2,60,none,0,0,False,[],[],,2026-08-15T06:36:53+00:00
轮播 (345源),movie168,https://345.lishuhang.com/movie168.m3u8,http_error,502,https://345.lishuhang.com/movie168.m3u8,text/plain; charset=utf-8,2461.6,60,none,0,0,False,[],[],,2026-08-15T06:36:53+00:00
轮播 (345源),movie190,https://345.lishuhang.com/movie190.m3u8,http_error,502,https://345.lishuhang.com/movie190.m3u8,text/plain; charset=utf-8,2683.8,60,none,0,0,False,[],[],,2026-08-15T06:36:53+00:00
轮播 (345源),movie483,https://345.lishuhang.com/movie483.m3u8,http_error,502,https://345.lishuhang.com/movie483.m3u8,text/plain; charset=utf-8,2210.3,60,none,0,0,False,[],[],,2026-08-15T06:36:53+00:00
轮播 (345源),movie396,https://345.lishuhang.com/movie396.m3u8,http_error,502,https://345.lishuhang.com/movie396.m3u8,text/plain; charset=utf-8,2405.3,60,none,0,0,False,[],[],,2026-08-15T06:36:53+00:00
轮播 (345源),movie318,https://345.lishuhang.com/movie318.m3u8,http_error,502,https://345.lishuhang.com/movie318.m3u8,text/plain; charset=utf-8,2284.8,60,none,0,0,False,[],[],,2026-08-15T06:36:54+00:00
轮播 (345源),movie94,https://345.lishuhang.com/movie94.m3u8,http_error,502,https://345.lishuhang.com/movie94.m3u8,text/plain; charset=utf-8,2505.1,60,none,0,0,False,[],[],,2026-08-15T06:36:55+00:00
轮播 (345源),movie56,https://345.lishuhang.com/movie56.m3u8,http_error,502,https://345.lishuhang.com/movie56.m3u8,text/plain; charset=utf-8,2456.0,60,none,0,0,False,[],[],,2026-08-15T06:36:55+00:00
轮播 (345源),movie26,https://345.lishuhang.com/movie26.m3u8,http_error,502,https://345.lishuhang.com/movie26.m3u8,text/plain; charset=utf-8,2176.2,60,none,0,0,False,[],[],,2026-08-15T06:36:56+00:00
轮播 (345源),movie257,https://345.lishuhang.com/movie257.m3u8,http_error,502,https://345.lishuhang.com/movie257.m3u8,text/plain; charset=utf-8,2455.9,60,none,0,0,False,[],[],,2026-08-15T06:36:56+00:00
轮播 (345源),movie76,https://345.lishuhang.com/movie76.m3u8,http_error,502,https://345.lishuhang.com/movie76.m3u8,text/plain; charset=utf-8,2944.1,60,none,0,0,False,[],[],,2026-08-15T06:36:56+00:00
轮播 (345源),movie540,https://345.lishuhang.com/movie540.m3u8,http_error,502,https://345.lishuhang.com/movie540.m3u8,text/plain; charset=utf-8,2957.1,60,none,0,0,False,[],[],,2026-08-15T06:36:56+00:00
轮播 (345源),movie298,https://345.lishuhang.com/movie298.m3u8,http_error,502,https://345.lishuhang.com/movie298.m3u8,text/plain; charset=utf-8,2400.3,60,none,0,0,False,[],[],,2026-08-15T06:36:56+00:00
轮播 (345源),movie266,https://345.lishuhang.com/movie266.m3u8,http_error,502,https://345.lishuhang.com/movie266.m3u8,text/plain; charset=utf-8,2985.5,60,none,0,0,False,[],[],,2026-08-15T06:36:56+00:00
轮播 (345源),movie49,https://345.lishuhang.com/movie49.m3u8,http_error,502,https://345.lishuhang.com/movie49.m3u8,text/plain; charset=utf-8,2538.5,60,none,0,0,False,[],[],,2026-08-15T06:36:57+00:00
轮播 (345源),movie335,https://345.lishuhang.com/movie335.m3u8,http_error,502,https://345.lishuhang.com/movie335.m3u8,text/plain; charset=utf-8,3533.9,60,none,0,0,False,[],[],,2026-08-15T06:36:58+00:00
轮播 (345源),movie482,https://345.lishuhang.com/movie482.m3u8,http_error,502,https://345.lishuhang.com/movie482.m3u8,text/plain; charset=utf-8,2503.8,60,none,0,0,False,[],[],,2026-08-15T06:36:58+00:00
轮播 (345源),fjitv109,https://345.lishuhang.com/fjitv109.m3u8,http_error,502,https://345.lishuhang.com/fjitv109.m3u8,text/plain; charset=utf-8,2459.9,60,none,0,0,False,[],[],,2026-08-15T06:36:58+00:00
轮播 (345源),fjitv109,https://345.lishuhang.com/fjitv182.m3u8,http_error,502,https://345.lishuhang.com/fjitv182.m3u8,text/plain; charset=utf-8,3119.4,60,none,0,0,False,[],[],,2026-08-15T06:36:58+00:00
轮播 (345源),fjitv109,https://345.lishuhang.com/hlitv93.m3u8,http_error,502,https://345.lishuhang.com/hlitv93.m3u8,text/plain; charset=utf-8,2554.1,60,none,0,0,False,[],[],,2026-08-15T06:36:59+00:00
轮播 (345源),movie498,https://345.lishuhang.com/movie498.m3u8,http_error,502,https://345.lishuhang.com/movie498.m3u8,text/plain; charset=utf-8,2924.0,60,none,0,0,False,[],[],,2026-08-15T06:36:59+00:00
轮播 (345源),movie128,https://345.lishuhang.com/movie128.m3u8,http_error,502,https://345.lishuhang.com/movie128.m3u8,text/plain; charset=utf-8,2953.9,60,none,0,0,False,[],[],,2026-08-15T06:36:59+00:00
轮播 (345源),movie319,https://345.lishuhang.com/movie319.m3u8,http_error,502,https://345.lishuhang.com/movie319.m3u8,text/plain; charset=utf-8,2457.7,60,none,0,0,False,[],[],,2026-08-15T06:37:00+00:00
轮播 (345源),movie230,https://345.lishuhang.com/movie230.m3u8,http_error,502,https://345.lishuhang.com/movie230.m3u8,text/plain; charset=utf-8,2922.9,60,none,0,0,False,[],[],,2026-08-15T06:37:00+00:00
轮播 (345源),movie505,https://345.lishuhang.com/movie505.m3u8,http_error,502,https://345.lishuhang.com/movie505.m3u8,text/plain; charset=utf-8,2814.0,60,none,0,0,False,[],[],,2026-08-15T06:37:01+00:00
轮播 (345源),movie177,https://345.lishuhang.com/movie177.m3u8,http_error,502,https://345.lishuhang.com/movie177.m3u8,text/plain; charset=utf-8,2362.4,60,none,0,0,False,[],[],,2026-08-15T06:37:01+00:00
轮播 (345源),migu94,https://345.lishuhang.com/migu94.m3u8,http_error,502,https://345.lishuhang.com/migu94.m3u8,text/plain; charset=utf-8,2424.4,60,none,0,0,False,[],[],,2026-08-15T06:37:01+00:00
轮播 (345源),migu94,https://345.lishuhang.com/ty22.m3u8,http_error,502,https://345.lishuhang.com/ty22.m3u8,text/plain; charset=utf-8,2503.2,60,none,0,0,False,[],[],,2026-08-15T06:37:01+00:00
轮播 (345源),movie415,https://345.lishuhang.com/movie415.m3u8,http_error,502,https://345.lishuhang.com/movie415.m3u8,text/plain; charset=utf-8,3081.6,60,none,0,0,False,[],[],,2026-08-15T06:37:02+00:00
轮播 (345源),movie37,https://345.lishuhang.com/movie37.m3u8,http_error,502,https://345.lishuhang.com/movie37.m3u8,text/plain; charset=utf-8,2471.2,60,none,0,0,False,[],[],,2026-08-15T06:37:02+00:00
轮播 (345源),movie182,https://345.lishuhang.com/movie182.m3u8,http_error,502,https://345.lishuhang.com/movie182.m3u8,text/plain; charset=utf-8,2395.7,60,none,0,0,False,[],[],,2026-08-15T06:37:02+00:00
轮播 (345源),movie44,https://345.lishuhang.com/movie44.m3u8,http_error,502,https://345.lishuhang.com/movie44.m3u8,text/plain; charset=utf-8,2250.1,60,none,0,0,False,[],[],,2026-08-15T06:37:03+00:00
轮播 (345源),movie185,https://345.lishuhang.com/movie185.m3u8,http_error,502,https://345.lishuhang.com/movie185.m3u8,text/plain; charset=utf-8,2440.2,60,none,0,0,False,[],[],,2026-08-15T06:37:03+00:00
轮播 (345源),movie132,https://345.lishuhang.com/movie132.m3u8,http_error,502,https://345.lishuhang.com/movie132.m3u8,text/plain; charset=utf-8,3643.7,60,none,0,0,False,[],[],,2026-08-15T06:37:04+00:00
轮播 (345源),movie351,https://345.lishuhang.com/movie351.m3u8,http_error,502,https://345.lishuhang.com/movie351.m3u8,text/plain; charset=utf-8,2888.8,60,none,0,0,False,[],[],,2026-08-15T06:37:04+00:00
轮播 (345源),movie12,https://345.lishuhang.com/movie12.m3u8,http_error,502,https://345.lishuhang.com/movie12.m3u8,text/plain; charset=utf-8,2591.9,60,none,0,0,False,[],[],,2026-08-15T06:37:04+00:00
轮播 (345源),movie297,https://345.lishuhang.com/movie297.m3u8,http_error,502,https://345.lishuhang.com/movie297.m3u8,text/plain; charset=utf-8,2553.7,60,none,0,0,False,[],[],,2026-08-15T06:37:05+00:00
轮播 (345源),movie331,https://345.lishuhang.com/movie331.m3u8,http_error,502,https://345.lishuhang.com/movie331.m3u8,text/plain; charset=utf-8,2314.9,60,none,0,0,False,[],[],,2026-08-15T06:37:05+00:00
轮播 (345源),movie21,https://345.lishuhang.com/movie21.m3u8,http_error,502,https://345.lishuhang.com/movie21.m3u8,text/plain; charset=utf-8,2962.5,60,none,0,0,False,[],[],,2026-08-15T06:37:05+00:00
轮播 (345源),movie502,https://345.lishuhang.com/movie502.m3u8,http_error,502,https://345.lishuhang.com/movie502.m3u8,text/plain; charset=utf-8,2512.5,60,none,0,0,False,[],[],,2026-08-15T06:37:06+00:00
轮播 (345源),movie326,https://345.lishuhang.com/movie326.m3u8,http_error,502,https://345.lishuhang.com/movie326.m3u8,text/plain; charset=utf-8,2394.6,60,none,0,0,False,[],[],,2026-08-15T06:37:06+00:00
央视频 (ysp源),CCTV1,https://345.lishuhang.com/yspc01.m3u8,http_error,502,https://345.lishuhang.com/yspc01.m3u8,text/plain; charset=utf-8,2679.7,48,none,0,0,False,[],[],,2026-08-15T06:37:07+00:00
央视频 (ysp源),CCTV2,https://345.lishuhang.com/yspc02.m3u8,http_error,502,https://345.lishuhang.com/yspc02.m3u8,text/plain; charset=utf-8,2984.8,48,none,0,0,False,[],[],,2026-08-15T06:37:07+00:00
央视频 (ysp源),CCTV3,https://345.lishuhang.com/yspc03.m3u8,http_error,502,https://345.lishuhang.com/yspc03.m3u8,text/plain; charset=utf-8,2727.7,48,none,0,0,False,[],[],,2026-08-15T06:37:07+00:00
央视频 (ysp源),CCTV4,https://345.lishuhang.com/yspc04.m3u8,http_error,502,https://345.lishuhang.com/yspc04.m3u8,text/plain; charset=utf-8,2380.1,48,none,0,0,False,[],[],,2026-08-15T06:37:07+00:00
央视频 (ysp源),CCTV6,https://345.lishuhang.com/yspc07.m3u8,http_error,502,https://345.lishuhang.com/yspc07.m3u8,text/plain; charset=utf-8,3879.0,48,none,0,0,False,[],[],,2026-08-15T06:37:07+00:00
央视频 (ysp源),CCTV7,https://345.lishuhang.com/yspc08.m3u8,http_error,502,https://345.lishuhang.com/yspc08.m3u8,text/plain; charset=utf-8,2290.1,48,none,0,0,False,[],[],,2026-08-15T06:37:08+00:00
央视频 (ysp源),CCTV8,https://345.lishuhang.com/yspc09.m3u8,http_error,502,https://345.lishuhang.com/yspc09.m3u8,text/plain; charset=utf-8,2872.0,48,none,0,0,False,[],[],,2026-08-15T06:37:08+00:00
央视频 (ysp源),CCTV9,https://345.lishuhang.com/yspc10.m3u8,http_error,502,https://345.lishuhang.com/yspc10.m3u8,text/plain; charset=utf-8,3075.0,48,none,0,0,False,[],[],,2026-08-15T06:37:08+00:00
央视频 (ysp源),CCTV10,https://345.lishuhang.com/yspc11.m3u8,http_error,502,https://345.lishuhang.com/yspc11.m3u8,text/plain; charset=utf-8,2187.6,48,none,0,0,False,[],[],,2026-08-15T06:37:09+00:00
央视频 (ysp源),CCTV11,https://345.lishuhang.com/yspc12.m3u8,http_error,502,https://345.lishuhang.com/yspc12.m3u8,text/plain; charset=utf-8,2231.0,48,none,0,0,False,[],[],,2026-08-15T06:37:09+00:00
央视频 (ysp源),CCTV12,https://345.lishuhang.com/yspc13.m3u8,http_error,502,https://345.lishuhang.com/yspc13.m3u8,text/plain; charset=utf-8,2616.9,48,none,0,0,False,[],[],,2026-08-15T06:37:10+00:00
央视频 (ysp源),CCTV13,https://345.lishuhang.com/yspc14.m3u8,http_error,502,https://345.lishuhang.com/yspc14.m3u8,text/plain; charset=utf-8,4312.9,48,none,0,0,False,[],[],,2026-08-15T06:37:10+00:00
央视频 (ysp源),CCTV14,https://345.lishuhang.com/yspc15.m3u8,http_error,502,https://345.lishuhang.com/yspc15.m3u8,text/plain; charset=utf-8,3004.3,48,none,0,0,False,[],[],,2026-08-15T06:37:10+00:00
央视频 (ysp源),CCTV15,https://345.lishuhang.com/yspc16.m3u8,transport_ok,200,https://345.lishuhang.com/yspc16.m3u8?media=1,application/vnd.apple.mpegurl,3709.4,662,master+media,2,2,False,"[200, 200]","[3740.8, 4304.0]",,2026-08-15T06:37:11+00:00
央视频 (ysp源),CCTV17,https://345.lishuhang.com/yspc17.m3u8,transport_ok,200,https://345.lishuhang.com/yspc17.m3u8?media=1,application/vnd.apple.mpegurl,3864.1,662,master+media,2,2,False,"[200, 200]","[2263.8, 6459.3]",,2026-08-15T06:37:11+00:00
央视频 (ysp源),北京卫视,https://345.lishuhang.com/yspw01.m3u8,transport_ok,200,https://345.lishuhang.com/yspw01.m3u8?media=1,application/vnd.apple.mpegurl,4965.1,662,master+media,2,2,False,"[200, 200]","[6275.5, 5846.6]",,2026-08-15T06:37:11+00:00
央视频 (ysp源),江苏卫视,https://345.lishuhang.com/yspw02.m3u8,transport_ok,200,https://345.lishuhang.com/yspw02.m3u8?media=1,application/vnd.apple.mpegurl,3614.0,662,master+media,2,2,False,"[200, 200]","[4111.4, 6004.6]",,2026-08-15T06:37:11+00:00
央视频 (ysp源),东方卫视,https://345.lishuhang.com/yspw03.m3u8,transport_ok,200,https://345.lishuhang.com/yspw03.m3u8?media=1,application/vnd.apple.mpegurl,3176.9,662,master+media,2,2,False,"[200, 200]","[4378.7, 7083.5]",,2026-08-15T06:37:12+00:00
央视频 (ysp源),浙江卫视,https://345.lishuhang.com/yspw04.m3u8,transport_ok,200,https://345.lishuhang.com/yspw04.m3u8?media=1,application/vnd.apple.mpegurl,3777.8,662,master+media,2,2,False,"[200, 200]","[3001.7, 7566.7]",,2026-08-15T06:37:12+00:00
央视频 (ysp源),湖南卫视,https://345.lishuhang.com/yspw05.m3u8,transport_ok,200,https://345.lishuhang.com/yspw05.m3u8?media=1,application/vnd.apple.mpegurl,5943.1,662,master+media,2,2,False,"[200, 200]","[4605.5, 5539.4]",,2026-08-15T06:37:13+00:00
央视频 (ysp源),湖北卫视,https://345.lishuhang.com/yspw06.m3u8,transport_ok,200,https://345.lishuhang.com/yspw06.m3u8?media=1,application/vnd.apple.mpegurl,6557.9,662,master+media,2,2,False,"[200, 200]","[5129.2, 5859.8]",,2026-08-15T06:37:14+00:00
央视频 (ysp源),广东卫视,https://345.lishuhang.com/yspw07.m3u8,transport_ok,200,https://345.lishuhang.com/yspw07.m3u8?media=1,application/vnd.apple.mpegurl,3635.9,662,master+media,2,2,False,"[200, 200]","[4063.8, 7178.7]",,2026-08-15T06:37:23+00:00
央视频 (ysp源),广西卫视,https://345.lishuhang.com/yspw08.m3u8,transport_ok,200,https://345.lishuhang.com/yspw08.m3u8?media=1,application/vnd.apple.mpegurl,3704.9,662,master+media,2,2,False,"[200, 200]","[4650.9, 4551.4]",,2026-08-15T06:37:24+00:00
央视频 (ysp源),黑龙江卫视,https://345.lishuhang.com/yspw09.m3u8,transport_ok,200,https://345.lishuhang.com/yspw09.m3u8?media=1,application/vnd.apple.mpegurl,4860.5,662,master+media,2,2,False,"[200, 200]","[5184.6, 15026.2]",,2026-08-15T06:37:25+00:00
央视频 (ysp源),海南卫视,https://345.lishuhang.com/yspw10.m3u8,transport_ok,200,https://345.lishuhang.com/yspw10.m3u8?media=1,application/vnd.apple.mpegurl,3845.4,662,master+media,2,2,False,"[200, 200]","[4274.2, 5881.5]",,2026-08-15T06:37:26+00:00
央视频 (ysp源),重庆卫视,https://345.lishuhang.com/yspw11.m3u8,transport_ok,200,https://345.lishuhang.com/yspw11.m3u8?media=1,application/vnd.apple.mpegurl,4156.5,662,master+media,2,2,False,"[200, 200]","[2286.0, 7392.8]",,2026-08-15T06:37:27+00:00
央视频 (ysp源),深圳卫视,https://345.lishuhang.com/yspw12.m3u8,transport_ok,200,https://345.lishuhang.com/yspw12.m3u8?media=1,application/vnd.apple.mpegurl,3363.9,662,master+media,2,2,False,"[200, 200]","[3780.7, 6414.5]",,2026-08-15T06:37:28+00:00
央视频 (ysp源),四川卫视,https://345.lishuhang.com/yspw13.m3u8,http_error,502,https://345.lishuhang.com/yspw13.m3u8,text/plain; charset=utf-8,2571.7,48,none,0,0,False,[],[],,2026-08-15T06:37:29+00:00
央视频 (ysp源),河南卫视,https://345.lishuhang.com/yspw14.m3u8,transport_ok,200,https://345.lishuhang.com/yspw14.m3u8?media=1,application/vnd.apple.mpegurl,4453.1,662,master+media,2,2,False,"[200, 200]","[3818.9, 6286.3]",,2026-08-15T06:37:31+00:00
央视频 (ysp源),福建东南卫视,https://345.lishuhang.com/yspw15.m3u8,transport_ok,200,https://345.lishuhang.com/yspw15.m3u8?media=1,application/vnd.apple.mpegurl,4052.7,662,master+media,2,2,False,"[200, 200]","[3785.5, 6269.5]",,2026-08-15T06:37:32+00:00
央视频 (ysp源),贵州卫视,https://345.lishuhang.com/yspw16.m3u8,transport_ok,200,https://345.lishuhang.com/yspw16.m3u8?media=1,application/vnd.apple.mpegurl,5078.7,662,master+media,2,2,False,"[200, 200]","[4392.3, 5007.3]",,2026-08-15T06:37:37+00:00
央视频 (ysp源),江西卫视,https://345.lishuhang.com/yspw17.m3u8,transport_ok,200,https://345.lishuhang.com/yspw17.m3u8?media=1,application/vnd.apple.mpegurl,3517.7,662,master+media,2,2,False,"[200, 200]","[3798.9, 5372.7]",,2026-08-15T06:37:38+00:00
央视频 (ysp源),辽宁卫视,https://345.lishuhang.com/yspw18.m3u8,transport_ok,200,https://345.lishuhang.com/yspw18.m3u8?media=1,application/vnd.apple.mpegurl,4011.7,662,master+media,2,2,False,"[200, 200]","[4057.6, 12125.1]",,2026-08-15T06:37:40+00:00
央视频 (ysp源),安徽卫视,https://345.lishuhang.com/yspw19.m3u8,transport_ok,200,https://345.lishuhang.com/yspw19.m3u8?media=1,application/vnd.apple.mpegurl,3069.6,662,master+media,2,2,False,"[200, 200]","[3893.2, 6183.1]",,2026-08-15T06:37:40+00:00
央视频 (ysp源),河北卫视,https://345.lishuhang.com/yspw20.m3u8,transport_ok,200,https://345.lishuhang.com/yspw20.m3u8?media=1,application/vnd.apple.mpegurl,3158.1,662,master+media,2,2,False,"[200, 200]","[4285.4, 5971.8]",,2026-08-15T06:37:42+00:00
央视频 (ysp源),山东卫视,https://345.lishuhang.com/yspw21.m3u8,transport_ok,200,https://345.lishuhang.com/yspw21.m3u8?media=1,application/vnd.apple.mpegurl,4232.0,662,master+media,2,2,False,"[200, 200]","[2612.8, 6715.5]",,2026-08-15T06:37:46+00:00
央视频 (ysp源),天津卫视,https://345.lishuhang.com/yspw22.m3u8,transport_ok,200,https://345.lishuhang.com/yspw22.m3u8?media=1,application/vnd.apple.mpegurl,3301.9,1010,master+media,2,2,False,"[200, 200]","[4400.7, 6352.7]",,2026-08-15T06:37:46+00:00
央视频 (ysp源),吉林卫视,https://345.lishuhang.com/yspw23.m3u8,transport_ok,200,https://345.lishuhang.com/yspw23.m3u8?media=1,application/vnd.apple.mpegurl,6417.2,662,master+media,2,2,False,"[200, 200]","[4786.1, 8652.2]",,2026-08-15T06:37:50+00:00
央视频 (ysp源),陕西卫视,https://345.lishuhang.com/yspw24.m3u8,transport_ok,200,https://345.lishuhang.com/yspw24.m3u8?media=1,application/vnd.apple.mpegurl,3821.5,662,master+media,2,2,False,"[200, 200]","[4786.0, 6170.6]",,2026-08-15T06:37:50+00:00
央视频 (ysp源),宁夏卫视,https://345.lishuhang.com/yspw25.m3u8,transport_ok,200,https://345.lishuhang.com/yspw25.m3u8?media=1,application/vnd.apple.mpegurl,4119.4,662,master+media,2,2,False,"[200, 200]","[4551.9, 5706.5]",,2026-08-15T06:37:51+00:00
央视频 (ysp源),内蒙古卫视,https://345.lishuhang.com/yspw26.m3u8,transport_ok,200,https://345.lishuhang.com/yspw26.m3u8?media=1,application/vnd.apple.mpegurl,3724.8,662,master+media,2,2,False,"[200, 200]","[3129.1, 4997.8]",,2026-08-15T06:37:54+00:00
央视频 (ysp源),云南卫视,https://345.lishuhang.com/yspw27.m3u8,transport_ok,200,https://345.lishuhang.com/yspw27.m3u8?media=1,application/vnd.apple.mpegurl,3905.1,662,master+media,2,2,False,"[200, 200]","[4180.2, 8570.7]",,2026-08-15T06:37:55+00:00
央视频 (ysp源),山西卫视,https://345.lishuhang.com/yspw28.m3u8,transport_ok,200,https://345.lishuhang.com/yspw28.m3u8?media=1,application/vnd.apple.mpegurl,3752.8,662,master+media,2,2,False,"[200, 200]","[6338.0, 5790.7]",,2026-08-15T06:37:59+00:00
央视频 (ysp源),青海卫视,https://345.lishuhang.com/yspw29.m3u8,transport_ok,200,https://345.lishuhang.com/yspw29.m3u8?media=1,application/vnd.apple.mpegurl,4451.3,662,master+media,2,2,False,"[200, 200]","[2531.3, 7020.8]",,2026-08-15T06:38:00+00:00
央视频 (ysp源),西藏卫视,https://345.lishuhang.com/yspw30.m3u8,transport_ok,200,https://345.lishuhang.com/yspw30.m3u8?media=1,application/vnd.apple.mpegurl,3652.8,662,master+media,2,2,False,"[200, 200]","[4193.9, 6098.1]",,2026-08-15T06:38:01+00:00
央视频 (ysp源),新疆卫视,https://345.lishuhang.com/yspw31.m3u8,transport_ok,200,https://345.lishuhang.com/yspw31.m3u8?media=1,application/vnd.apple.mpegurl,4615.7,1010,master+media,2,2,False,"[200, 200]","[4559.7, 4361.2]",,2026-08-15T06:38:05+00:00
学习强国 (xuexi源),江西卫视,https://345.lishuhang.com/xuexi_06219123.m3u8,http_error,502,https://345.lishuhang.com/xuexi_06219123.m3u8,text/plain; charset=utf-8,4322.8,90,none,0,0,False,[],[],,2026-08-15T06:38:05+00:00
学习强国 (xuexi源),浙江卫视,https://345.lishuhang.com/xuexi_0b093694.m3u8,http_error,502,https://345.lishuhang.com/xuexi_0b093694.m3u8,text/plain; charset=utf-8,3427.3,92,none,0,0,False,[],[],,2026-08-15T06:38:05+00:00
学习强国 (xuexi源),吉林卫视,https://345.lishuhang.com/xuexi_0bb93494.m3u8,http_error,502,https://345.lishuhang.com/xuexi_0bb93494.m3u8,text/plain; charset=utf-8,3415.8,93,none,0,0,False,[],[],,2026-08-15T06:38:09+00:00
学习强国 (xuexi源),山东卫视,https://345.lishuhang.com/xuexi_15d651d2.m3u8,http_error,502,https://345.lishuhang.com/xuexi_15d651d2.m3u8,text/plain; charset=utf-8,3163.0,97,none,0,0,False,[],[],,2026-08-15T06:38:10+00:00
学习强国 (xuexi源),兵团卫视,https://345.lishuhang.com/xuexi_16bcdb12.m3u8,http_error,502,https://345.lishuhang.com/xuexi_16bcdb12.m3u8,text/plain; charset=utf-8,3403.0,96,none,0,0,False,[],[],,2026-08-15T06:38:10+00:00
学习强国 (xuexi源),辽宁卫视,https://345.lishuhang.com/xuexi_196d1fb7.m3u8,http_error,502,https://345.lishuhang.com/xuexi_196d1fb7.m3u8,text/plain; charset=utf-8,3134.5,97,none,0,0,False,[],[],,2026-08-15T06:38:12+00:00
学习强国 (xuexi源),康巴卫视,https://345.lishuhang.com/xuexi_2e1b591d.m3u8,http_error,502,https://345.lishuhang.com/xuexi_2e1b591d.m3u8,text/plain; charset=utf-8,5987.3,44,none,0,0,False,[],[],,2026-08-15T06:38:12+00:00
学习强国 (xuexi源),海峡卫视,https://345.lishuhang.com/xuexi_2eb43b20.m3u8,http_error,502,https://345.lishuhang.com/xuexi_2eb43b20.m3u8,text/plain; charset=utf-8,2730.4,96,none,0,0,False,[],[],,2026-08-15T06:38:13+00:00
学习强国 (xuexi源),内蒙古蒙语卫视,https://345.lishuhang.com/xuexi_3072aafb.m3u8,http_error,502,https://345.lishuhang.com/xuexi_3072aafb.m3u8,text/plain; charset=utf-8,5750.4,44,none,0,0,False,[],[],,2026-08-15T06:38:14+00:00
学习强国 (xuexi源),山西卫视,https://345.lishuhang.com/xuexi_39c3c722.m3u8,http_error,502,https://345.lishuhang.com/xuexi_39c3c722.m3u8,text/plain; charset=utf-8,2528.5,95,none,0,0,False,[],[],,2026-08-15T06:38:14+00:00
学习强国 (xuexi源),河北卫视,https://345.lishuhang.com/xuexi_39f6908c.m3u8,http_error,502,https://345.lishuhang.com/xuexi_39f6908c.m3u8,text/plain; charset=utf-8,4649.2,44,none,0,0,False,[],[],,2026-08-15T06:38:14+00:00
学习强国 (xuexi源),CETV1教育综合,https://345.lishuhang.com/xuexi_416c4a41.m3u8,http_error,502,https://345.lishuhang.com/xuexi_416c4a41.m3u8,text/plain; charset=utf-8,2587.3,96,none,0,0,False,[],[],,2026-08-15T06:38:15+00:00
学习强国 (xuexi源),河南卫视,https://345.lishuhang.com/xuexi_47ebcda8.m3u8,http_error,502,https://345.lishuhang.com/xuexi_47ebcda8.m3u8,text/plain; charset=utf-8,2930.6,97,none,0,0,False,[],[],,2026-08-15T06:38:15+00:00
学习强国 (xuexi源),青海卫视,https://345.lishuhang.com/xuexi_49718a9c.m3u8,http_error,502,https://345.lishuhang.com/xuexi_49718a9c.m3u8,text/plain; charset=utf-8,5895.7,44,none,0,0,False,[],[],,2026-08-15T06:38:16+00:00
学习强国 (xuexi源),海南卫视,https://345.lishuhang.com/xuexi_54e5f81a.m3u8,http_error,502,https://345.lishuhang.com/xuexi_54e5f81a.m3u8,text/plain; charset=utf-8,3378.7,44,none,0,0,False,[],[],,2026-08-15T06:38:17+00:00
学习强国 (xuexi源),安徽卫视,https://345.lishuhang.com/xuexi_633fd677.m3u8,http_error,502,https://345.lishuhang.com/xuexi_633fd677.m3u8,text/plain; charset=utf-8,3042.9,95,none,0,0,False,[],[],,2026-08-15T06:38:18+00:00
学习强国 (xuexi源),陕西卫视,https://345.lishuhang.com/xuexi_63fbcee7.m3u8,http_error,502,https://345.lishuhang.com/xuexi_63fbcee7.m3u8,text/plain; charset=utf-8,3191.1,97,none,0,0,False,[],[],,2026-08-15T06:38:18+00:00
学习强国 (xuexi源),广东卫视,https://345.lishuhang.com/xuexi_6766ec77.m3u8,http_error,502,https://345.lishuhang.com/xuexi_6766ec77.m3u8,text/plain; charset=utf-8,2279.3,96,none,0,0,False,[],[],,2026-08-15T06:38:18+00:00
学习强国 (xuexi源),东南卫视,https://345.lishuhang.com/xuexi_74cd6a04.m3u8,http_error,502,https://345.lishuhang.com/xuexi_74cd6a04.m3u8,text/plain; charset=utf-8,2761.5,96,none,0,0,False,[],[],,2026-08-15T06:38:19+00:00
学习强国 (xuexi源),内蒙古卫视,https://345.lishuhang.com/xuexi_74dd173b.m3u8,http_error,502,https://345.lishuhang.com/xuexi_74dd173b.m3u8,text/plain; charset=utf-8,3613.3,44,none,0,0,False,[],[],,2026-08-15T06:38:19+00:00
学习强国 (xuexi源),宁夏卫视,https://345.lishuhang.com/xuexi_782bc32a.m3u8,http_error,502,https://345.lishuhang.com/xuexi_782bc32a.m3u8,text/plain; charset=utf-8,5238.1,44,none,0,0,False,[],[],,2026-08-15T06:38:19+00:00
学习强国 (xuexi源),重庆卫视,https://345.lishuhang.com/xuexi_8751b623.m3u8,http_error,502,https://345.lishuhang.com/xuexi_8751b623.m3u8,text/plain; charset=utf-8,3494.1,95,none,0,0,False,[],[],,2026-08-15T06:38:20+00:00
学习强国 (xuexi源),湖北卫视,https://345.lishuhang.com/xuexi_894c6f10.m3u8,http_error,502,https://345.lishuhang.com/xuexi_894c6f10.m3u8,text/plain; charset=utf-8,2684.6,96,none,0,0,False,[],[],,2026-08-15T06:38:21+00:00
学习强国 (xuexi源),四川卫视,https://345.lishuhang.com/xuexi_90edcdb6.m3u8,http_error,502,https://345.lishuhang.com/xuexi_90edcdb6.m3u8,text/plain; charset=utf-8,2196.8,97,none,0,0,False,[],[],,2026-08-15T06:38:21+00:00
学习强国 (xuexi源),新疆卫视,https://345.lishuhang.com/xuexi_95b30ad2.m3u8,http_error,502,https://345.lishuhang.com/xuexi_95b30ad2.m3u8,text/plain; charset=utf-8,3061.9,97,none,0,0,False,[],[],,2026-08-15T06:38:21+00:00
学习强国 (xuexi源),延边卫视,https://345.lishuhang.com/xuexi_9e532e80.m3u8,http_error,502,https://345.lishuhang.com/xuexi_9e532e80.m3u8,text/plain; charset=utf-8,2693.1,96,none,0,0,False,[],[],,2026-08-15T06:38:21+00:00
学习强国 (xuexi源),东方卫视,https://345.lishuhang.com/xuexi_b03d633a.m3u8,http_error,502,https://345.lishuhang.com/xuexi_b03d633a.m3u8,text/plain; charset=utf-8,3745.3,44,none,0,0,False,[],[],,2026-08-15T06:38:22+00:00
学习强国 (xuexi源),北京卫视,https://345.lishuhang.com/xuexi_b2e730bc.m3u8,http_error,502,https://345.lishuhang.com/xuexi_b2e730bc.m3u8,text/plain; charset=utf-8,3055.1,44,none,0,0,False,[],[],,2026-08-15T06:38:23+00:00
学习强国 (xuexi源),大湾区卫视,https://345.lishuhang.com/xuexi_b3b303ac.m3u8,http_error,502,https://345.lishuhang.com/xuexi_b3b303ac.m3u8,text/plain; charset=utf-8,5858.8,44,none,0,0,False,[],[],,2026-08-15T06:38:23+00:00
学习强国 (xuexi源),西藏卫视,https://345.lishuhang.com/xuexi_c52bd0a9.m3u8,http_error,502,https://345.lishuhang.com/xuexi_c52bd0a9.m3u8,text/plain; charset=utf-8,2965.8,97,none,0,0,False,[],[],,2026-08-15T06:38:23+00:00
学习强国 (xuexi源),青海安多卫视,https://345.lishuhang.com/xuexi_c6d8fd41.m3u8,http_error,502,https://345.lishuhang.com/xuexi_c6d8fd41.m3u8,text/plain; charset=utf-8,2445.8,96,none,0,0,False,[],[],,2026-08-15T06:38:24+00:00
学习强国 (xuexi源),西藏藏语卫视,https://345.lishuhang.com/xuexi_c6f0ce26.m3u8,http_error,502,https://345.lishuhang.com/xuexi_c6f0ce26.m3u8,text/plain; charset=utf-8,2392.4,96,none,0,0,False,[],[],,2026-08-15T06:38:24+00:00
学习强国 (xuexi源),黑龙江卫视,https://345.lishuhang.com/xuexi_c77741c7.m3u8,http_error,502,https://345.lishuhang.com/xuexi_c77741c7.m3u8,text/plain; charset=utf-8,2485.5,97,none,0,0,False,[],[],,2026-08-15T06:38:24+00:00
学习强国 (xuexi源),广西卫视,https://345.lishuhang.com/xuexi_d45e1b2d.m3u8,http_error,502,https://345.lishuhang.com/xuexi_d45e1b2d.m3u8,text/plain; charset=utf-8,5608.5,44,none,0,0,False,[],[],,2026-08-15T06:38:25+00:00
学习强国 (xuexi源),贵州卫视,https://345.lishuhang.com/xuexi_d6fc64f8.m3u8,http_error,502,https://345.lishuhang.com/xuexi_d6fc64f8.m3u8,text/plain; charset=utf-8,2446.7,97,none,0,0,False,[],[],,2026-08-15T06:38:25+00:00
学习强国 (xuexi源),甘肃卫视,https://345.lishuhang.com/xuexi_dc13ed51.m3u8,http_error,502,https://345.lishuhang.com/xuexi_dc13ed51.m3u8,text/plain; charset=utf-8,2485.2,96,none,0,0,False,[],[],,2026-08-15T06:38:26+00:00
学习强国 (xuexi源),天津卫视,https://345.lishuhang.com/xuexi_f34309e5.m3u8,http_error,502,https://345.lishuhang.com/xuexi_f34309e5.m3u8,text/plain; charset=utf-8,2244.7,97,none,0,0,False,[],[],,2026-08-15T06:38:26+00:00
学习强国 (xuexi源),江苏卫视,https://345.lishuhang.com/xuexi_f485de42.m3u8,http_error,502,https://345.lishuhang.com/xuexi_f485de42.m3u8,text/plain; charset=utf-8,2759.9,96,none,0,0,False,[],[],,2026-08-15T06:38:26+00:00
学习强国 (xuexi源),云南卫视,https://345.lishuhang.com/xuexi_f79e9c26.m3u8,http_error,502,https://345.lishuhang.com/xuexi_f79e9c26.m3u8,text/plain; charset=utf-8,2399.6,96,none,0,0,False,[],[],,2026-08-15T06:38:27+00:00
学习强国 (xuexi源),深圳卫视,https://345.lishuhang.com/xuexi_f9a9f782.m3u8,http_error,502,https://345.lishuhang.com/xuexi_f9a9f782.m3u8,text/plain; charset=utf-8,2460.6,95,none,0,0,False,[],[],,2026-08-15T06:38:27+00:00
