section,name,url,classification,status,final_url,content_type,playlist_latency_ms,playlist_bytes,manifest_level,segment_attempted,segment_ok,encrypted_hint,segment_statuses,segment_latency_ms,error,checked_at
345-cctv,fjitv1,https://345.lishuhang.com/fjitv1.m3u8,http_error,502,https://345.lishuhang.com/fjitv1.m3u8,text/plain; charset=utf-8,1726.9,72,none,0,0,False,[],[],,2026-08-15T14:39:30+00:00
345-cctv,fjitv1,https://345.lishuhang.com/fjitv57.m3u8,http_error,502,https://345.lishuhang.com/fjitv57.m3u8,text/plain; charset=utf-8,1662.1,72,none,0,0,False,[],[],,2026-08-15T14:39:30+00:00
345-cctv,fjitv1,https://345.lishuhang.com/fjitv131.m3u8,http_error,502,https://345.lishuhang.com/fjitv131.m3u8,text/plain; charset=utf-8,2069.1,72,none,0,0,False,[],[],,2026-08-15T14:39:30+00:00
345-cctv,fjitv1,https://345.lishuhang.com/fjitv147.m3u8,http_error,502,https://345.lishuhang.com/fjitv147.m3u8,text/plain; charset=utf-8,1191.9,72,none,0,0,False,[],[],,2026-08-15T14:39:30+00:00
345-cctv,fjitv1,https://345.lishuhang.com/fjitv205.m3u8,http_error,502,https://345.lishuhang.com/fjitv205.m3u8,text/plain; charset=utf-8,1984.6,72,none,0,0,False,[],[],,2026-08-15T14:39:30+00:00
345-cctv,fjitv1,https://345.lishuhang.com/fjitv241.m3u8,http_error,502,https://345.lishuhang.com/fjitv241.m3u8,text/plain; charset=utf-8,1684.3,72,none,0,0,False,[],[],,2026-08-15T14:39:30+00:00
345-cctv,fjitv1,https://345.lishuhang.com/fjitv257.m3u8,http_error,502,https://345.lishuhang.com/fjitv257.m3u8,text/plain; charset=utf-8,1785.7,72,none,0,0,False,[],[],,2026-08-15T14:39:30+00:00
345-cctv,fjitv1,https://345.lishuhang.com/fjitv274.m3u8,http_error,502,https://345.lishuhang.com/fjitv274.m3u8,text/plain; charset=utf-8,5957.2,72,none,0,0,False,[],[],,2026-08-15T14:39:30+00:00
345-cctv,fjitv1,https://345.lishuhang.com/fjitv281.m3u8,http_error,502,https://345.lishuhang.com/fjitv281.m3u8,text/plain; charset=utf-8,1764.6,72,none,0,0,False,[],[],,2026-08-15T14:39:30+00:00
345-cctv,fjitv1,https://345.lishuhang.com/fjitv300.m3u8,http_error,502,https://345.lishuhang.com/fjitv300.m3u8,text/plain; charset=utf-8,5707.0,72,none,0,0,False,[],[],,2026-08-15T14:39:30+00:00
345-cctv,fjitv1,https://345.lishuhang.com/hlitv1.m3u8,request_exception,,,,,0,none,0,0,False,[],[],"HTTPSConnectionPool(host='345.lishuhang.com', port=443): Read timed out. (read timeout=8.0)",2026-08-15T14:39:30+00:00
345-cctv,fjitv1,https://345.lishuhang.com/hlitv19.m3u8,request_exception,,,,,0,none,0,0,False,[],[],"HTTPSConnectionPool(host='345.lishuhang.com', port=443): Read timed out. (read timeout=8.0)",2026-08-15T14:39:30+00:00
345-cctv,fjitv1,https://345.lishuhang.com/hlitv120.m3u8,request_exception,,,,,0,none,0,0,False,[],[],"HTTPSConnectionPool(host='345.lishuhang.com', port=443): Read timed out. (read timeout=8.0)",2026-08-15T14:39:30+00:00
345-cctv,fjitv1,https://345.lishuhang.com/hlitv124.m3u8,request_exception,,,,,0,none,0,0,False,[],[],"HTTPSConnectionPool(host='345.lishuhang.com', port=443): Read timed out. (read timeout=8.0)",2026-08-15T14:39:30+00:00
345-cctv,fjitv1,https://345.lishuhang.com/ipv61.m3u8,http_error,502,https://345.lishuhang.com/ipv61.m3u8,text/plain; charset=utf-8,1635.4,87,none,0,0,False,[],[],,2026-08-15T14:39:30+00:00
345-cctv,fjitv1,https://345.lishuhang.com/itv7.m3u8,not_hls,200,https://345.lishuhang.com/itv7.m3u8,application/vnd.apple.mpegurl,2287.5,3,none,0,0,False,[],[],,2026-08-15T14:39:30+00:00
345-cctv,fjitv1,https://345.lishuhang.com/migu1.m3u8,http_error,502,https://345.lishuhang.com/migu1.m3u8,text/plain; charset=utf-8,5169.9,102,none,0,0,False,[],[],,2026-08-15T14:39:32+00:00
345-cctv,fjitv1,https://345.lishuhang.com/ys1.m3u8,transport_ok,200,https://345.lishuhang.com/ys1.m3u8,application/vnd.apple.mpegurl,6653.7,479,media,1,1,False,[200],[5024.5],,2026-08-15T14:39:32+00:00
345-cctv,fjitv10,https://345.lishuhang.com/fjitv10.m3u8,http_error,502,https://345.lishuhang.com/fjitv10.m3u8,text/plain; charset=utf-8,4618.4,72,none,0,0,False,[],[],,2026-08-15T14:39:32+00:00
345-cctv,fjitv10,https://345.lishuhang.com/fjitv62.m3u8,http_error,502,https://345.lishuhang.com/fjitv62.m3u8,text/plain; charset=utf-8,4585.9,72,none,0,0,False,[],[],,2026-08-15T14:39:32+00:00
345-cctv,fjitv10,https://345.lishuhang.com/fjitv133.m3u8,http_error,502,https://345.lishuhang.com/fjitv133.m3u8,text/plain; charset=utf-8,4441.3,72,none,0,0,False,[],[],,2026-08-15T14:39:32+00:00
345-cctv,fjitv10,https://345.lishuhang.com/fjitv214.m3u8,http_error,502,https://345.lishuhang.com/fjitv214.m3u8,text/plain; charset=utf-8,4459.4,72,none,0,0,False,[],[],,2026-08-15T14:39:32+00:00
345-cctv,fjitv10,https://345.lishuhang.com/fjitv240.m3u8,http_error,502,https://345.lishuhang.com/fjitv240.m3u8,text/plain; charset=utf-8,4396.8,72,none,0,0,False,[],[],,2026-08-15T14:39:32+00:00
345-cctv,fjitv10,https://345.lishuhang.com/fjitv273.m3u8,http_error,502,https://345.lishuhang.com/fjitv273.m3u8,text/plain; charset=utf-8,4228.6,72,none,0,0,False,[],[],,2026-08-15T14:39:32+00:00
345-cctv,fjitv10,https://345.lishuhang.com/hlitv10.m3u8,request_exception,,,,,0,none,0,0,False,[],[],"HTTPSConnectionPool(host='345.lishuhang.com', port=443): Read timed out. (read timeout=8.0)",2026-08-15T14:39:32+00:00
345-cctv,fjitv10,https://345.lishuhang.com/hlitv144.m3u8,request_exception,,,,,0,none,0,0,False,[],[],"HTTPSConnectionPool(host='345.lishuhang.com', port=443): Read timed out. (read timeout=8.0)",2026-08-15T14:39:33+00:00
345-cctv,fjitv10,https://345.lishuhang.com/ipv611.m3u8,http_error,502,https://345.lishuhang.com/ipv611.m3u8,text/plain; charset=utf-8,2789.3,87,none,0,0,False,[],[],,2026-08-15T14:39:36+00:00
345-cctv,fjitv10,https://345.lishuhang.com/itv17.m3u8,not_hls,200,https://345.lishuhang.com/itv17.m3u8,application/vnd.apple.mpegurl,4606.9,3,none,0,0,False,[],[],,2026-08-15T14:39:36+00:00
345-cctv,fjitv10,https://345.lishuhang.com/migu13.m3u8,http_error,502,https://345.lishuhang.com/migu13.m3u8,text/plain; charset=utf-8,3580.6,102,none,0,0,False,[],[],,2026-08-15T14:39:36+00:00
345-cctv,fjitv10,https://345.lishuhang.com/ys11.m3u8,transport_ok,200,https://345.lishuhang.com/ys11.m3u8,application/vnd.apple.mpegurl,5787.3,289,media,1,1,False,[200],[4118.6],,2026-08-15T14:39:36+00:00
345-cctv,fjitv63,https://345.lishuhang.com/fjitv63.m3u8,http_error,502,https://345.lishuhang.com/fjitv63.m3u8,text/plain; charset=utf-8,3290.3,72,none,0,0,False,[],[],,2026-08-15T14:39:37+00:00
345-cctv,fjitv63,https://345.lishuhang.com/fjitv134.m3u8,http_error,502,https://345.lishuhang.com/fjitv134.m3u8,text/plain; charset=utf-8,3413.1,72,none,0,0,False,[],[],,2026-08-15T14:39:37+00:00
345-cctv,fjitv63,https://345.lishuhang.com/fjitv242.m3u8,http_error,502,https://345.lishuhang.com/fjitv242.m3u8,text/plain; charset=utf-8,3210.8,72,none,0,0,False,[],[],,2026-08-15T14:39:37+00:00
345-cctv,fjitv63,https://345.lishuhang.com/hlitv11.m3u8,request_exception,,,,,0,none,0,0,False,[],[],"HTTPSConnectionPool(host='345.lishuhang.com', port=443): Read timed out. (read timeout=8.0)",2026-08-15T14:39:37+00:00
345-cctv,fjitv63,https://345.lishuhang.com/hlitv136.m3u8,request_exception,,,,,0,none,0,0,False,[],[],"HTTPSConnectionPool(host='345.lishuhang.com', port=443): Read timed out. (read timeout=8.0)",2026-08-15T14:39:37+00:00
345-cctv,fjitv63,https://345.lishuhang.com/hlitv138.m3u8,request_exception,,,,,0,none,0,0,False,[],[],"HTTPSConnectionPool(host='345.lishuhang.com', port=443): Read timed out. (read timeout=8.0)",2026-08-15T14:39:39+00:00
345-cctv,fjitv63,https://345.lishuhang.com/ipv612.m3u8,http_error,502,https://345.lishuhang.com/ipv612.m3u8,text/plain; charset=utf-8,2937.2,87,none,0,0,False,[],[],,2026-08-15T14:39:39+00:00
345-cctv,fjitv63,https://345.lishuhang.com/itv18.m3u8,not_hls,200,https://345.lishuhang.com/itv18.m3u8,application/vnd.apple.mpegurl,4208.6,3,none,0,0,False,[],[],,2026-08-15T14:39:39+00:00
345-cctv,fjitv63,https://345.lishuhang.com/migu14.m3u8,http_error,502,https://345.lishuhang.com/migu14.m3u8,text/plain; charset=utf-8,3531.8,102,none,0,0,False,[],[],,2026-08-15T14:39:39+00:00
345-cctv,fjitv63,https://345.lishuhang.com/ys12.m3u8,http_error,502,https://345.lishuhang.com/ys12.m3u8,text/plain; charset=utf-8,6493.1,75,none,0,0,False,[],[],,2026-08-15T14:39:39+00:00
345-cctv,fjitv11,https://345.lishuhang.com/fjitv11.m3u8,http_error,502,https://345.lishuhang.com/fjitv11.m3u8,text/plain; charset=utf-8,3150.8,72,none,0,0,False,[],[],,2026-08-15T14:39:40+00:00
345-cctv,fjitv11,https://345.lishuhang.com/fjitv64.m3u8,http_error,502,https://345.lishuhang.com/fjitv64.m3u8,text/plain; charset=utf-8,3479.3,72,none,0,0,False,[],[],,2026-08-15T14:39:40+00:00
345-cctv,fjitv11,https://345.lishuhang.com/fjitv135.m3u8,http_error,502,https://345.lishuhang.com/fjitv135.m3u8,text/plain; charset=utf-8,3408.9,72,none,0,0,False,[],[],,2026-08-15T14:39:40+00:00
345-cctv,fjitv11,https://345.lishuhang.com/fjitv215.m3u8,http_error,502,https://345.lishuhang.com/fjitv215.m3u8,text/plain; charset=utf-8,3618.3,72,none,0,0,False,[],[],,2026-08-15T14:39:40+00:00
345-cctv,fjitv11,https://345.lishuhang.com/fjitv247.m3u8,http_error,502,https://345.lishuhang.com/fjitv247.m3u8,text/plain; charset=utf-8,3459.4,72,none,0,0,False,[],[],,2026-08-15T14:39:41+00:00
345-cctv,fjitv11,https://345.lishuhang.com/fjitv259.m3u8,http_error,502,https://345.lishuhang.com/fjitv259.m3u8,text/plain; charset=utf-8,3458.6,72,none,0,0,False,[],[],,2026-08-15T14:39:42+00:00
345-cctv,fjitv11,https://345.lishuhang.com/hlitv12.m3u8,request_exception,,,,,0,none,0,0,False,[],[],"HTTPSConnectionPool(host='345.lishuhang.com', port=443): Read timed out. (read timeout=8.0)",2026-08-15T14:39:42+00:00
345-cctv,fjitv11,https://345.lishuhang.com/hlitv145.m3u8,request_exception,,,,,0,none,0,0,False,[],[],"HTTPSConnectionPool(host='345.lishuhang.com', port=443): Read timed out. (read timeout=8.0)",2026-08-15T14:39:43+00:00
345-cctv,fjitv11,https://345.lishuhang.com/ipv613.m3u8,http_error,502,https://345.lishuhang.com/ipv613.m3u8,text/plain; charset=utf-8,2805.0,87,none,0,0,False,[],[],,2026-08-15T14:39:43+00:00
345-cctv,fjitv11,https://345.lishuhang.com/itv19.m3u8,not_hls,200,https://345.lishuhang.com/itv19.m3u8,application/vnd.apple.mpegurl,4708.9,3,none,0,0,False,[],[],,2026-08-15T14:39:43+00:00
345-cctv,fjitv11,https://345.lishuhang.com/migu15.m3u8,http_error,502,https://345.lishuhang.com/migu15.m3u8,text/plain; charset=utf-8,3450.4,102,none,0,0,False,[],[],,2026-08-15T14:39:43+00:00
345-cctv,fjitv11,https://345.lishuhang.com/ys13.m3u8,transport_ok,200,https://345.lishuhang.com/ys13.m3u8,application/vnd.apple.mpegurl,4918.2,288,media,1,1,False,[200],[3524.9],,2026-08-15T14:39:43+00:00
345-cctv,fjitv65,https://345.lishuhang.com/fjitv65.m3u8,http_error,502,https://345.lishuhang.com/fjitv65.m3u8,text/plain; charset=utf-8,3427.4,72,none,0,0,False,[],[],,2026-08-15T14:39:43+00:00
345-cctv,fjitv65,https://345.lishuhang.com/fjitv136.m3u8,http_error,502,https://345.lishuhang.com/fjitv136.m3u8,text/plain; charset=utf-8,3418.1,72,none,0,0,False,[],[],,2026-08-15T14:39:44+00:00
345-cctv,fjitv65,https://345.lishuhang.com/fjitv244.m3u8,http_error,502,https://345.lishuhang.com/fjitv244.m3u8,text/plain; charset=utf-8,3138.4,72,none,0,0,False,[],[],,2026-08-15T14:39:44+00:00
345-cctv,fjitv65,https://345.lishuhang.com/hlitv13.m3u8,request_exception,,,,,0,none,0,0,False,[],[],"HTTPSConnectionPool(host='345.lishuhang.com', port=443): Read timed out. (read timeout=8.0)",2026-08-15T14:39:44+00:00
345-cctv,fjitv65,https://345.lishuhang.com/ipv614.m3u8,http_error,502,https://345.lishuhang.com/ipv614.m3u8,text/plain; charset=utf-8,2776.9,87,none,0,0,False,[],[],,2026-08-15T14:39:45+00:00
345-cctv,fjitv65,https://345.lishuhang.com/itv20.m3u8,not_hls,200,https://345.lishuhang.com/itv20.m3u8,application/vnd.apple.mpegurl,4293.2,3,none,0,0,False,[],[],,2026-08-15T14:39:46+00:00
345-cctv,fjitv65,https://345.lishuhang.com/migu16.m3u8,http_error,502,https://345.lishuhang.com/migu16.m3u8,text/plain; charset=utf-8,3509.3,102,none,0,0,False,[],[],,2026-08-15T14:39:46+00:00
345-cctv,fjitv65,https://345.lishuhang.com/ys14.m3u8,transport_ok,200,https://345.lishuhang.com/ys14.m3u8,application/vnd.apple.mpegurl,5104.0,484,media,1,1,False,[200],[4089.5],,2026-08-15T14:39:46+00:00
345-cctv,fjitv12,https://345.lishuhang.com/fjitv12.m3u8,http_error,502,https://345.lishuhang.com/fjitv12.m3u8,text/plain; charset=utf-8,3492.0,72,none,0,0,False,[],[],,2026-08-15T14:39:46+00:00
345-cctv,fjitv12,https://345.lishuhang.com/fjitv66.m3u8,http_error,502,https://345.lishuhang.com/fjitv66.m3u8,text/plain; charset=utf-8,3380.1,72,none,0,0,False,[],[],,2026-08-15T14:39:46+00:00
345-cctv,fjitv12,https://345.lishuhang.com/fjitv138.m3u8,http_error,502,https://345.lishuhang.com/fjitv138.m3u8,text/plain; charset=utf-8,3270.8,72,none,0,0,False,[],[],,2026-08-15T14:39:47+00:00
345-cctv,fjitv12,https://345.lishuhang.com/fjitv216.m3u8,http_error,502,https://345.lishuhang.com/fjitv216.m3u8,text/plain; charset=utf-8,3377.8,72,none,0,0,False,[],[],,2026-08-15T14:39:47+00:00
345-cctv,fjitv12,https://345.lishuhang.com/fjitv243.m3u8,http_error,502,https://345.lishuhang.com/fjitv243.m3u8,text/plain; charset=utf-8,3159.4,72,none,0,0,False,[],[],,2026-08-15T14:39:47+00:00
345-cctv,fjitv12,https://345.lishuhang.com/hlitv14.m3u8,request_exception,,,,,0,none,0,0,False,[],[],"HTTPSConnectionPool(host='345.lishuhang.com', port=443): Read timed out. (read timeout=8.0)",2026-08-15T14:39:47+00:00
345-cctv,fjitv12,https://345.lishuhang.com/hlitv146.m3u8,request_exception,,,,,0,none,0,0,False,[],[],"HTTPSConnectionPool(host='345.lishuhang.com', port=443): Read timed out. (read timeout=8.0)",2026-08-15T14:39:48+00:00
345-cctv,fjitv12,https://345.lishuhang.com/ipv615.m3u8,http_error,502,https://345.lishuhang.com/ipv615.m3u8,text/plain; charset=utf-8,2813.8,87,none,0,0,False,[],[],,2026-08-15T14:39:48+00:00
345-cctv,fjitv12,https://345.lishuhang.com/itv21.m3u8,not_hls,200,https://345.lishuhang.com/itv21.m3u8,application/vnd.apple.mpegurl,4851.9,3,none,0,0,False,[],[],,2026-08-15T14:39:49+00:00
345-cctv,fjitv12,https://345.lishuhang.com/migu17.m3u8,http_error,502,https://345.lishuhang.com/migu17.m3u8,text/plain; charset=utf-8,3677.7,102,none,0,0,False,[],[],,2026-08-15T14:39:49+00:00
345-cctv,fjitv12,https://345.lishuhang.com/ys15.m3u8,request_exception,,,,,0,none,0,0,False,[],[],"HTTPSConnectionPool(host='345.lishuhang.com', port=443): Read timed out. (read timeout=8.0)",2026-08-15T14:39:50+00:00
345-cctv,fjitv67,https://345.lishuhang.com/fjitv67.m3u8,http_error,502,https://345.lishuhang.com/fjitv67.m3u8,text/plain; charset=utf-8,3224.4,72,none,0,0,False,[],[],,2026-08-15T14:39:50+00:00
345-cctv,fjitv67,https://345.lishuhang.com/fjitv137.m3u8,http_error,502,https://345.lishuhang.com/fjitv137.m3u8,text/plain; charset=utf-8,3316.7,72,none,0,0,False,[],[],,2026-08-15T14:39:50+00:00
345-cctv,fjitv67,https://345.lishuhang.com/fjitv248.m3u8,http_error,502,https://345.lishuhang.com/fjitv248.m3u8,text/plain; charset=utf-8,3512.1,72,none,0,0,False,[],[],,2026-08-15T14:39:50+00:00
345-cctv,fjitv67,https://345.lishuhang.com/hlitv15.m3u8,request_exception,,,,,0,none,0,0,False,[],[],"HTTPSConnectionPool(host='345.lishuhang.com', port=443): Read timed out. (read timeout=8.0)",2026-08-15T14:39:50+00:00
345-cctv,fjitv67,https://345.lishuhang.com/hlitv135.m3u8,request_exception,,,,,0,none,0,0,False,[],[],"HTTPSConnectionPool(host='345.lishuhang.com', port=443): Read timed out. (read timeout=8.0)",2026-08-15T14:39:50+00:00
345-cctv,fjitv67,https://345.lishuhang.com/hlitv137.m3u8,request_exception,,,,,0,none,0,0,False,[],[],"HTTPSConnectionPool(host='345.lishuhang.com', port=443): Read timed out. (read timeout=8.0)",2026-08-15T14:39:51+00:00
345-cctv,fjitv67,https://345.lishuhang.com/hlitv140.m3u8,request_exception,,,,,0,none,0,0,False,[],[],"HTTPSConnectionPool(host='345.lishuhang.com', port=443): Read timed out. (read timeout=8.0)",2026-08-15T14:39:52+00:00
345-cctv,fjitv67,https://345.lishuhang.com/ipv616.m3u8,http_error,502,https://345.lishuhang.com/ipv616.m3u8,text/plain; charset=utf-8,2661.5,87,none,0,0,False,[],[],,2026-08-15T14:39:52+00:00
345-cctv,fjitv67,https://345.lishuhang.com/itv22.m3u8,not_hls,200,https://345.lishuhang.com/itv22.m3u8,application/vnd.apple.mpegurl,7422.8,3,none,0,0,False,[],[],,2026-08-15T14:39:52+00:00
345-cctv,fjitv67,https://345.lishuhang.com/migu18.m3u8,http_error,502,https://345.lishuhang.com/migu18.m3u8,text/plain; charset=utf-8,3762.7,102,none,0,0,False,[],[],,2026-08-15T14:39:53+00:00
345-cctv,fjitv67,https://345.lishuhang.com/ys16.m3u8,transport_ok,200,https://345.lishuhang.com/ys16.m3u8,application/vnd.apple.mpegurl,4903.5,289,media,1,1,False,[200],[4364.8],,2026-08-15T14:39:53+00:00
345-cctv,itv23,https://345.lishuhang.com/itv23.m3u8,not_hls,200,https://345.lishuhang.com/itv23.m3u8,application/vnd.apple.mpegurl,7938.7,3,none,0,0,False,[],[],,2026-08-15T14:39:53+00:00
345-cctv,itv23,https://345.lishuhang.com/ty7.m3u8,http_error,502,https://345.lishuhang.com/ty7.m3u8,text/plain; charset=utf-8,6721.5,75,none,0,0,False,[],[],,2026-08-15T14:39:53+00:00
345-cctv,itv23,https://345.lishuhang.com/ys17.m3u8,http_error,502,https://345.lishuhang.com/ys17.m3u8,text/plain; charset=utf-8,6886.2,75,none,0,0,False,[],[],,2026-08-15T14:39:53+00:00
345-cctv,ipv617,https://345.lishuhang.com/ipv617.m3u8,http_error,502,https://345.lishuhang.com/ipv617.m3u8,text/plain; charset=utf-8,2992.5,87,none,0,0,False,[],[],,2026-08-15T14:39:54+00:00
345-cctv,ipv617,https://345.lishuhang.com/itv24.m3u8,not_hls,200,https://345.lishuhang.com/itv24.m3u8,application/vnd.apple.mpegurl,7752.9,3,none,0,0,False,[],[],,2026-08-15T14:39:55+00:00
345-cctv,ipv617,https://345.lishuhang.com/migu20.m3u8,http_error,502,https://345.lishuhang.com/migu20.m3u8,text/plain; charset=utf-8,3368.3,102,none,0,0,False,[],[],,2026-08-15T14:39:56+00:00
345-cctv,ipv617,https://345.lishuhang.com/ys18.m3u8,request_exception,,,,,0,none,0,0,False,[],[],"HTTPSConnectionPool(host='345.lishuhang.com', port=443): Read timed out. (read timeout=8.0)",2026-08-15T14:39:57+00:00
345-cctv,fjitv2,https://345.lishuhang.com/fjitv2.m3u8,http_error,502,https://345.lishuhang.com/fjitv2.m3u8,text/plain; charset=utf-8,3439.6,72,none,0,0,False,[],[],,2026-08-15T14:39:57+00:00
345-cctv,fjitv2,https://345.lishuhang.com/fjitv58.m3u8,http_error,502,https://345.lishuhang.com/fjitv58.m3u8,text/plain; charset=utf-8,3447.0,72,none,0,0,False,[],[],,2026-08-15T14:39:57+00:00
345-cctv,fjitv2,https://345.lishuhang.com/fjitv124.m3u8,http_error,502,https://345.lishuhang.com/fjitv124.m3u8,text/plain; charset=utf-8,3431.0,72,none,0,0,False,[],[],,2026-08-15T14:39:58+00:00
345-cctv,fjitv2,https://345.lishuhang.com/fjitv206.m3u8,http_error,502,https://345.lishuhang.com/fjitv206.m3u8,text/plain; charset=utf-8,3494.5,72,none,0,0,False,[],[],,2026-08-15T14:39:59+00:00
345-cctv,fjitv2,https://345.lishuhang.com/fjitv249.m3u8,http_error,502,https://345.lishuhang.com/fjitv249.m3u8,text/plain; charset=utf-8,3279.0,72,none,0,0,False,[],[],,2026-08-15T14:40:00+00:00
345-cctv,fjitv2,https://345.lishuhang.com/hlitv2.m3u8,request_exception,,,,,0,none,0,0,False,[],[],"HTTPSConnectionPool(host='345.lishuhang.com', port=443): Read timed out. (read timeout=8.0)",2026-08-15T14:40:00+00:00
345-cctv,fjitv2,https://345.lishuhang.com/ipv62.m3u8,http_error,502,https://345.lishuhang.com/ipv62.m3u8,text/plain; charset=utf-8,2863.3,87,none,0,0,False,[],[],,2026-08-15T14:40:00+00:00
345-cctv,fjitv2,https://345.lishuhang.com/itv8.m3u8,not_hls,200,https://345.lishuhang.com/itv8.m3u8,application/vnd.apple.mpegurl,5070.1,3,none,0,0,False,[],[],,2026-08-15T14:40:00+00:00
345-cctv,fjitv2,https://345.lishuhang.com/migu2.m3u8,http_error,502,https://345.lishuhang.com/migu2.m3u8,text/plain; charset=utf-8,3515.2,102,none,0,0,False,[],[],,2026-08-15T14:40:00+00:00
345-cctv,fjitv2,https://345.lishuhang.com/ys2.m3u8,transport_ok,200,https://345.lishuhang.com/ys2.m3u8,application/vnd.apple.mpegurl,5573.2,480,media,1,1,False,[200],[4534.3],,2026-08-15T14:40:00+00:00
345-cctv,fjitv3,https://345.lishuhang.com/fjitv3.m3u8,http_error,502,https://345.lishuhang.com/fjitv3.m3u8,text/plain; charset=utf-8,3456.0,72,none,0,0,False,[],[],,2026-08-15T14:40:00+00:00
345-cctv,fjitv3,https://345.lishuhang.com/fjitv28.m3u8,http_error,502,https://345.lishuhang.com/fjitv28.m3u8,text/plain; charset=utf-8,3460.5,72,none,0,0,False,[],[],,2026-08-15T14:40:01+00:00
345-cctv,fjitv3,https://345.lishuhang.com/fjitv191.m3u8,http_error,502,https://345.lishuhang.com/fjitv191.m3u8,text/plain; charset=utf-8,3499.7,72,none,0,0,False,[],[],,2026-08-15T14:40:01+00:00
345-cctv,fjitv3,https://345.lishuhang.com/hlitv3.m3u8,request_exception,,,,,0,none,0,0,False,[],[],"HTTPSConnectionPool(host='345.lishuhang.com', port=443): Read timed out. (read timeout=8.0)",2026-08-15T14:40:01+00:00
345-cctv,fjitv3,https://345.lishuhang.com/hlitv20.m3u8,request_exception,,,,,0,none,0,0,False,[],[],"HTTPSConnectionPool(host='345.lishuhang.com', port=443): Read timed out. (read timeout=8.0)",2026-08-15T14:40:01+00:00
345-cctv,fjitv3,https://345.lishuhang.com/ipv63.m3u8,http_error,502,https://345.lishuhang.com/ipv63.m3u8,text/plain; charset=utf-8,2536.9,87,none,0,0,False,[],[],,2026-08-15T14:40:02+00:00
345-cctv,fjitv3,https://345.lishuhang.com/itv9.m3u8,http_error,502,https://345.lishuhang.com/itv9.m3u8,text/plain; charset=utf-8,4465.7,102,none,0,0,False,[],[],,2026-08-15T14:40:02+00:00
345-cctv,fjitv3,https://345.lishuhang.com/migu3.m3u8,http_error,502,https://345.lishuhang.com/migu3.m3u8,text/plain; charset=utf-8,3431.8,102,none,0,0,False,[],[],,2026-08-15T14:40:02+00:00
345-cctv,fjitv3,https://345.lishuhang.com/ys3.m3u8,transport_ok,200,https://345.lishuhang.com/ys3.m3u8,application/vnd.apple.mpegurl,5933.8,478,media,1,1,False,[200],[5070.0],,2026-08-15T14:40:03+00:00
345-cctv,fjitv59,https://345.lishuhang.com/fjitv59.m3u8,http_error,502,https://345.lishuhang.com/fjitv59.m3u8,text/plain; charset=utf-8,3490.6,72,none,0,0,False,[],[],,2026-08-15T14:40:03+00:00
345-cctv,fjitv59,https://345.lishuhang.com/fjitv126.m3u8,http_error,502,https://345.lishuhang.com/fjitv126.m3u8,text/plain; charset=utf-8,3445.1,72,none,0,0,False,[],[],,2026-08-15T14:40:03+00:00
345-cctv,fjitv59,https://345.lishuhang.com/fjitv246.m3u8,http_error,502,https://345.lishuhang.com/fjitv246.m3u8,text/plain; charset=utf-8,3373.3,72,none,0,0,False,[],[],,2026-08-15T14:40:04+00:00
345-cctv,fjitv59,https://345.lishuhang.com/hlitv4.m3u8,request_exception,,,,,0,none,0,0,False,[],[],"HTTPSConnectionPool(host='345.lishuhang.com', port=443): Read timed out. (read timeout=8.0)",2026-08-15T14:40:04+00:00
345-cctv,fjitv59,https://345.lishuhang.com/hlitv139.m3u8,request_exception,,,,,0,none,0,0,False,[],[],"HTTPSConnectionPool(host='345.lishuhang.com', port=443): Read timed out. (read timeout=8.0)",2026-08-15T14:40:04+00:00
345-cctv,fjitv59,https://345.lishuhang.com/ipv64.m3u8,http_error,502,https://345.lishuhang.com/ipv64.m3u8,text/plain; charset=utf-8,2522.1,87,none,0,0,False,[],[],,2026-08-15T14:40:04+00:00
345-cctv,fjitv59,https://345.lishuhang.com/itv10.m3u8,not_hls,200,https://345.lishuhang.com/itv10.m3u8,application/vnd.apple.mpegurl,4810.9,3,none,0,0,False,[],[],,2026-08-15T14:40:04+00:00
345-cctv,fjitv59,https://345.lishuhang.com/itv27.m3u8,http_error,502,https://345.lishuhang.com/itv27.m3u8,text/plain; charset=utf-8,4135.5,102,none,0,0,False,[],[],,2026-08-15T14:40:05+00:00
345-cctv,fjitv59,https://345.lishuhang.com/itv28.m3u8,http_error,502,https://345.lishuhang.com/itv28.m3u8,text/plain; charset=utf-8,4104.8,102,none,0,0,False,[],[],,2026-08-15T14:40:06+00:00
345-cctv,fjitv59,https://345.lishuhang.com/migu4.m3u8,http_error,502,https://345.lishuhang.com/migu4.m3u8,text/plain; charset=utf-8,3728.1,102,none,0,0,False,[],[],,2026-08-15T14:40:06+00:00
345-cctv,fjitv59,https://345.lishuhang.com/migu5.m3u8,http_error,502,https://345.lishuhang.com/migu5.m3u8,text/plain; charset=utf-8,3546.3,102,none,0,0,False,[],[],,2026-08-15T14:40:06+00:00
345-cctv,fjitv59,https://345.lishuhang.com/migu6.m3u8,http_error,502,https://345.lishuhang.com/migu6.m3u8,text/plain; charset=utf-8,3468.5,102,none,0,0,False,[],[],,2026-08-15T14:40:06+00:00
345-cctv,fjitv59,https://345.lishuhang.com/ys4.m3u8,transport_ok,200,https://345.lishuhang.com/ys4.m3u8,application/vnd.apple.mpegurl,5199.7,480,media,1,1,False,[200],[2828.1],,2026-08-15T14:40:07+00:00
345-cctv,fjitv59,https://345.lishuhang.com/ys21.m3u8,http_error,502,https://345.lishuhang.com/ys21.m3u8,text/plain; charset=utf-8,3935.7,102,none,0,0,False,[],[],,2026-08-15T14:40:07+00:00
345-cctv,fjitv59,https://345.lishuhang.com/ys22.m3u8,http_error,502,https://345.lishuhang.com/ys22.m3u8,text/plain; charset=utf-8,3827.6,102,none,0,0,False,[],[],,2026-08-15T14:40:07+00:00
345-cctv,itv25,https://345.lishuhang.com/itv25.m3u8,not_hls,200,https://345.lishuhang.com/itv25.m3u8,application/vnd.apple.mpegurl,5533.0,3,none,0,0,False,[],[],,2026-08-15T14:40:09+00:00
345-cctv,itv25,https://345.lishuhang.com/ys19.m3u8,not_hls,200,https://345.lishuhang.com/ys19.m3u8,application/vnd.apple.mpegurl,5480.4,3,none,0,0,False,[],[],,2026-08-15T14:40:09+00:00
345-cctv,fjitv4,https://345.lishuhang.com/fjitv4.m3u8,http_error,502,https://345.lishuhang.com/fjitv4.m3u8,text/plain; charset=utf-8,3331.3,72,none,0,0,False,[],[],,2026-08-15T14:40:10+00:00
345-cctv,fjitv4,https://345.lishuhang.com/fjitv29.m3u8,http_error,502,https://345.lishuhang.com/fjitv29.m3u8,text/plain; charset=utf-8,3547.0,72,none,0,0,False,[],[],,2026-08-15T14:40:10+00:00
345-cctv,fjitv4,https://345.lishuhang.com/fjitv250.m3u8,http_error,502,https://345.lishuhang.com/fjitv250.m3u8,text/plain; charset=utf-8,3524.9,72,none,0,0,False,[],[],,2026-08-15T14:40:10+00:00
345-cctv,fjitv4,https://345.lishuhang.com/fjitv282.m3u8,http_error,502,https://345.lishuhang.com/fjitv282.m3u8,text/plain; charset=utf-8,3449.4,72,none,0,0,False,[],[],,2026-08-15T14:40:10+00:00
345-cctv,fjitv4,https://345.lishuhang.com/fjitv283.m3u8,http_error,502,https://345.lishuhang.com/fjitv283.m3u8,text/plain; charset=utf-8,3690.3,72,none,0,0,False,[],[],,2026-08-15T14:40:10+00:00
345-cctv,fjitv4,https://345.lishuhang.com/hlitv5.m3u8,request_exception,,,,,0,none,0,0,False,[],[],"HTTPSConnectionPool(host='345.lishuhang.com', port=443): Read timed out. (read timeout=8.0)",2026-08-15T14:40:10+00:00
345-cctv,fjitv4,https://345.lishuhang.com/hlitv104.m3u8,request_exception,,,,,0,none,0,0,False,[],[],"HTTPSConnectionPool(host='345.lishuhang.com', port=443): Read timed out. (read timeout=8.0)",2026-08-15T14:40:11+00:00
345-cctv,fjitv4,https://345.lishuhang.com/hlitv125.m3u8,request_exception,,,,,0,none,0,0,False,[],[],"HTTPSConnectionPool(host='345.lishuhang.com', port=443): Read timed out. (read timeout=8.0)",2026-08-15T14:40:11+00:00
345-cctv,fjitv4,https://345.lishuhang.com/itv11.m3u8,not_hls,200,https://345.lishuhang.com/itv11.m3u8,application/vnd.apple.mpegurl,4914.6,3,none,0,0,False,[],[],,2026-08-15T14:40:11+00:00
345-cctv,fjitv4,https://345.lishuhang.com/migu7.m3u8,http_error,502,https://345.lishuhang.com/migu7.m3u8,text/plain; charset=utf-8,3691.2,102,none,0,0,False,[],[],,2026-08-15T14:40:11+00:00
345-cctv,fjitv4,https://345.lishuhang.com/ty1.m3u8,transport_ok,200,https://345.lishuhang.com/ty1.m3u8,application/vnd.apple.mpegurl,5759.7,478,media,1,1,False,[200],[4382.4],,2026-08-15T14:40:13+00:00
345-cctv,fjitv4,https://345.lishuhang.com/ys5.m3u8,transport_ok,200,https://345.lishuhang.com/ys5.m3u8,application/vnd.apple.mpegurl,5904.9,478,media,1,1,False,[200],[4280.1],,2026-08-15T14:40:13+00:00
345-cctv,fjitv5,https://345.lishuhang.com/fjitv5.m3u8,http_error,502,https://345.lishuhang.com/fjitv5.m3u8,text/plain; charset=utf-8,3253.7,72,none,0,0,False,[],[],,2026-08-15T14:40:13+00:00
345-cctv,fjitv5,https://345.lishuhang.com/fjitv30.m3u8,http_error,502,https://345.lishuhang.com/fjitv30.m3u8,text/plain; charset=utf-8,3604.0,72,none,0,0,False,[],[],,2026-08-15T14:40:13+00:00
345-cctv,fjitv5,https://345.lishuhang.com/fjitv140.m3u8,http_error,502,https://345.lishuhang.com/fjitv140.m3u8,text/plain; charset=utf-8,3277.2,72,none,0,0,False,[],[],,2026-08-15T14:40:14+00:00
345-cctv,fjitv5,https://345.lishuhang.com/fjitv222.m3u8,http_error,502,https://345.lishuhang.com/fjitv222.m3u8,text/plain; charset=utf-8,3221.5,72,none,0,0,False,[],[],,2026-08-15T14:40:14+00:00
345-cctv,fjitv5,https://345.lishuhang.com/hlitv17.m3u8,request_exception,,,,,0,none,0,0,False,[],[],"HTTPSConnectionPool(host='345.lishuhang.com', port=443): Read timed out. (read timeout=8.0)",2026-08-15T14:40:14+00:00
345-cctv,fjitv5,https://345.lishuhang.com/hlitv103.m3u8,request_exception,,,,,0,none,0,0,False,[],[],"HTTPSConnectionPool(host='345.lishuhang.com', port=443): Read timed out. (read timeout=8.0)",2026-08-15T14:40:14+00:00
345-cctv,fjitv5,https://345.lishuhang.com/ipv66.m3u8,http_error,502,https://345.lishuhang.com/ipv66.m3u8,text/plain; charset=utf-8,2828.3,87,none,0,0,False,[],[],,2026-08-15T14:40:15+00:00
345-cctv,fjitv5,https://345.lishuhang.com/itv12.m3u8,not_hls,200,https://345.lishuhang.com/itv12.m3u8,application/vnd.apple.mpegurl,4441.0,3,none,0,0,False,[],[],,2026-08-15T14:40:15+00:00
345-cctv,fjitv5,https://345.lishuhang.com/migu8.m3u8,http_error,502,https://345.lishuhang.com/migu8.m3u8,text/plain; charset=utf-8,3657.6,102,none,0,0,False,[],[],,2026-08-15T14:40:15+00:00
345-cctv,fjitv5,https://345.lishuhang.com/ty2.m3u8,transport_ok,200,https://345.lishuhang.com/ty2.m3u8,application/vnd.apple.mpegurl,5502.9,481,media,1,1,False,[200],[5285.1],,2026-08-15T14:40:15+00:00
345-cctv,fjitv5,https://345.lishuhang.com/ys6.m3u8,transport_ok,200,https://345.lishuhang.com/ys6.m3u8,application/vnd.apple.mpegurl,5545.0,475,media,1,1,False,[200],[3939.0],,2026-08-15T14:40:16+00:00
345-cctv,fjitv6,https://345.lishuhang.com/fjitv6.m3u8,http_error,502,https://345.lishuhang.com/fjitv6.m3u8,text/plain; charset=utf-8,3314.7,72,none,0,0,False,[],[],,2026-08-15T14:40:17+00:00
345-cctv,fjitv6,https://345.lishuhang.com/fjitv31.m3u8,http_error,502,https://345.lishuhang.com/fjitv31.m3u8,text/plain; charset=utf-8,3213.4,72,none,0,0,False,[],[],,2026-08-15T14:40:17+00:00
345-cctv,fjitv6,https://345.lishuhang.com/hlitv6.m3u8,request_exception,,,,,0,none,0,0,False,[],[],"HTTPSConnectionPool(host='345.lishuhang.com', port=443): Read timed out. (read timeout=8.0)",2026-08-15T14:40:17+00:00
345-cctv,fjitv6,https://345.lishuhang.com/hlitv21.m3u8,request_exception,,,,,0,none,0,0,False,[],[],"HTTPSConnectionPool(host='345.lishuhang.com', port=443): Read timed out. (read timeout=8.0)",2026-08-15T14:40:17+00:00
345-cctv,fjitv6,https://345.lishuhang.com/ipv67.m3u8,http_error,502,https://345.lishuhang.com/ipv67.m3u8,text/plain; charset=utf-8,2867.8,87,none,0,0,False,[],[],,2026-08-15T14:40:17+00:00
345-cctv,fjitv6,https://345.lishuhang.com/itv13.m3u8,request_exception,,,,,0,none,0,0,False,[],[],"HTTPSConnectionPool(host='345.lishuhang.com', port=443): Read timed out. (read timeout=8.0)",2026-08-15T14:40:18+00:00
345-cctv,fjitv6,https://345.lishuhang.com/migu9.m3u8,http_error,502,https://345.lishuhang.com/migu9.m3u8,text/plain; charset=utf-8,3685.9,102,none,0,0,False,[],[],,2026-08-15T14:40:19+00:00
345-cctv,fjitv6,https://345.lishuhang.com/ys7.m3u8,transport_ok,200,https://345.lishuhang.com/ys7.m3u8,application/vnd.apple.mpegurl,4922.3,472,media,1,1,False,[200],[3659.5],,2026-08-15T14:40:20+00:00
345-cctv,fjitv7,https://345.lishuhang.com/fjitv7.m3u8,http_error,502,https://345.lishuhang.com/fjitv7.m3u8,text/plain; charset=utf-8,3436.8,72,none,0,0,False,[],[],,2026-08-15T14:40:20+00:00
345-cctv,fjitv7,https://345.lishuhang.com/fjitv60.m3u8,http_error,502,https://345.lishuhang.com/fjitv60.m3u8,text/plain; charset=utf-8,3281.8,72,none,0,0,False,[],[],,2026-08-15T14:40:20+00:00
345-cctv,fjitv7,https://345.lishuhang.com/fjitv129.m3u8,http_error,502,https://345.lishuhang.com/fjitv129.m3u8,text/plain; charset=utf-8,3304.9,72,none,0,0,False,[],[],,2026-08-15T14:40:20+00:00
345-cctv,fjitv7,https://345.lishuhang.com/fjitv210.m3u8,http_error,502,https://345.lishuhang.com/fjitv210.m3u8,text/plain; charset=utf-8,3643.9,72,none,0,0,False,[],[],,2026-08-15T14:40:21+00:00
345-cctv,fjitv7,https://345.lishuhang.com/fjitv251.m3u8,http_error,502,https://345.lishuhang.com/fjitv251.m3u8,text/plain; charset=utf-8,3681.8,72,none,0,0,False,[],[],,2026-08-15T14:40:21+00:00
345-cctv,fjitv7,https://345.lishuhang.com/hlitv7.m3u8,request_exception,,,,,0,none,0,0,False,[],[],"HTTPSConnectionPool(host='345.lishuhang.com', port=443): Read timed out. (read timeout=8.0)",2026-08-15T14:40:23+00:00
345-cctv,fjitv7,https://345.lishuhang.com/hlitv147.m3u8,request_exception,,,,,0,none,0,0,False,[],[],"HTTPSConnectionPool(host='345.lishuhang.com', port=443): Read timed out. (read timeout=8.0)",2026-08-15T14:40:23+00:00
345-cctv,fjitv7,https://345.lishuhang.com/ipv68.m3u8,http_error,502,https://345.lishuhang.com/ipv68.m3u8,text/plain; charset=utf-8,3306.9,87,none,0,0,False,[],[],,2026-08-15T14:40:24+00:00
345-cctv,fjitv7,https://345.lishuhang.com/itv14.m3u8,not_hls,200,https://345.lishuhang.com/itv14.m3u8,application/vnd.apple.mpegurl,5235.9,3,none,0,0,False,[],[],,2026-08-15T14:40:24+00:00
345-cctv,fjitv7,https://345.lishuhang.com/migu10.m3u8,http_error,502,https://345.lishuhang.com/migu10.m3u8,text/plain; charset=utf-8,4165.0,102,none,0,0,False,[],[],,2026-08-15T14:40:24+00:00
345-cctv,fjitv7,https://345.lishuhang.com/ys8.m3u8,transport_ok,200,https://345.lishuhang.com/ys8.m3u8,application/vnd.apple.mpegurl,5576.1,287,media,1,1,False,[200],[3389.2],,2026-08-15T14:40:24+00:00
345-cctv,fjitv8,https://345.lishuhang.com/fjitv8.m3u8,http_error,502,https://345.lishuhang.com/fjitv8.m3u8,text/plain; charset=utf-8,3751.3,72,none,0,0,False,[],[],,2026-08-15T14:40:24+00:00
345-cctv,fjitv8,https://345.lishuhang.com/fjitv32.m3u8,http_error,502,https://345.lishuhang.com/fjitv32.m3u8,text/plain; charset=utf-8,3617.0,72,none,0,0,False,[],[],,2026-08-15T14:40:24+00:00
345-cctv,fjitv8,https://345.lishuhang.com/hlitv8.m3u8,request_exception,,,,,0,none,0,0,False,[],[],"HTTPSConnectionPool(host='345.lishuhang.com', port=443): Read timed out. (read timeout=8.0)",2026-08-15T14:40:24+00:00
345-cctv,fjitv8,https://345.lishuhang.com/hlitv22.m3u8,request_exception,,,,,0,none,0,0,False,[],[],"HTTPSConnectionPool(host='345.lishuhang.com', port=443): Read timed out. (read timeout=8.0)",2026-08-15T14:40:25+00:00
345-cctv,fjitv8,https://345.lishuhang.com/ipv69.m3u8,http_error,502,https://345.lishuhang.com/ipv69.m3u8,text/plain; charset=utf-8,2930.4,87,none,0,0,False,[],[],,2026-08-15T14:40:25+00:00
345-cctv,fjitv8,https://345.lishuhang.com/itv15.m3u8,http_error,502,https://345.lishuhang.com/itv15.m3u8,text/plain; charset=utf-8,4444.6,102,none,0,0,False,[],[],,2026-08-15T14:40:26+00:00
345-cctv,fjitv8,https://345.lishuhang.com/migu11.m3u8,http_error,502,https://345.lishuhang.com/migu11.m3u8,text/plain; charset=utf-8,4119.0,102,none,0,0,False,[],[],,2026-08-15T14:40:27+00:00
345-cctv,fjitv8,https://345.lishuhang.com/ys9.m3u8,transport_ok,200,https://345.lishuhang.com/ys9.m3u8,application/vnd.apple.mpegurl,5249.1,223,media,1,1,False,[200],[4289.4],,2026-08-15T14:40:27+00:00
345-cctv,itv26,https://345.lishuhang.com/itv26.m3u8,segment_failure,200,https://345.lishuhang.com/itv26.m3u8,application/vnd.apple.mpegurl,7814.0,824,media,1,0,False,[404],[542.2],,2026-08-15T14:40:27+00:00
345-cctv,itv26,https://345.lishuhang.com/ys20.m3u8,segment_failure,200,https://345.lishuhang.com/ys20.m3u8,application/vnd.apple.mpegurl,7302.9,821,media,1,0,False,[404],[515.1],,2026-08-15T14:40:28+00:00
345-cctv,fjitv9,https://345.lishuhang.com/fjitv9.m3u8,http_error,502,https://345.lishuhang.com/fjitv9.m3u8,text/plain; charset=utf-8,3522.6,72,none,0,0,False,[],[],,2026-08-15T14:40:28+00:00
345-cctv,fjitv9,https://345.lishuhang.com/fjitv61.m3u8,http_error,502,https://345.lishuhang.com/fjitv61.m3u8,text/plain; charset=utf-8,3733.3,72,none,0,0,False,[],[],,2026-08-15T14:40:28+00:00
345-cctv,fjitv9,https://345.lishuhang.com/fjitv139.m3u8,http_error,502,https://345.lishuhang.com/fjitv139.m3u8,text/plain; charset=utf-8,3238.8,72,none,0,0,False,[],[],,2026-08-15T14:40:28+00:00
345-cctv,fjitv9,https://345.lishuhang.com/fjitv212.m3u8,http_error,502,https://345.lishuhang.com/fjitv212.m3u8,text/plain; charset=utf-8,3469.8,72,none,0,0,False,[],[],,2026-08-15T14:40:28+00:00
345-cctv,fjitv9,https://345.lishuhang.com/fjitv254.m3u8,http_error,502,https://345.lishuhang.com/fjitv254.m3u8,text/plain; charset=utf-8,3779.2,72,none,0,0,False,[],[],,2026-08-15T14:40:29+00:00
345-cctv,fjitv9,https://345.lishuhang.com/hlitv9.m3u8,request_exception,,,,,0,none,0,0,False,[],[],"HTTPSConnectionPool(host='345.lishuhang.com', port=443): Read timed out. (read timeout=8.0)",2026-08-15T14:40:29+00:00
345-cctv,fjitv9,https://345.lishuhang.com/hlitv149.m3u8,request_exception,,,,,0,none,0,0,False,[],[],"HTTPSConnectionPool(host='345.lishuhang.com', port=443): Read timed out. (read timeout=8.0)",2026-08-15T14:40:30+00:00
345-cctv,fjitv9,https://345.lishuhang.com/ipv610.m3u8,http_error,502,https://345.lishuhang.com/ipv610.m3u8,text/plain; charset=utf-8,3093.6,87,none,0,0,False,[],[],,2026-08-15T14:40:31+00:00
345-cctv,fjitv9,https://345.lishuhang.com/itv16.m3u8,not_hls,200,https://345.lishuhang.com/itv16.m3u8,application/vnd.apple.mpegurl,5003.2,3,none,0,0,False,[],[],,2026-08-15T14:40:31+00:00
345-cctv,fjitv9,https://345.lishuhang.com/migu12.m3u8,http_error,502,https://345.lishuhang.com/migu12.m3u8,text/plain; charset=utf-8,4062.9,102,none,0,0,False,[],[],,2026-08-15T14:40:32+00:00
345-cctv,fjitv9,https://345.lishuhang.com/ys10.m3u8,transport_ok,200,https://345.lishuhang.com/ys10.m3u8,application/vnd.apple.mpegurl,5503.8,354,media,1,1,False,[200],[3368.9],,2026-08-15T14:40:32+00:00
345-cctv,ys39,https://345.lishuhang.com/ys39.m3u8,not_hls,200,https://345.lishuhang.com/ys39.m3u8,application/vnd.apple.mpegurl,4749.0,3,none,0,0,False,[],[],,2026-08-15T14:40:32+00:00
345-cctv,migu24,https://345.lishuhang.com/migu24.m3u8,http_error,502,https://345.lishuhang.com/migu24.m3u8,text/plain; charset=utf-8,3447.2,102,none,0,0,False,[],[],,2026-08-15T14:40:32+00:00
345-cctv,hlitv123,https://345.lishuhang.com/hlitv123.m3u8,request_exception,,,,,0,none,0,0,False,[],[],"HTTPSConnectionPool(host='345.lishuhang.com', port=443): Read timed out. (read timeout=8.0)",2026-08-15T14:40:33+00:00
345-cctv,ys33,https://345.lishuhang.com/ys33.m3u8,not_hls,200,https://345.lishuhang.com/ys33.m3u8,application/vnd.apple.mpegurl,3687.6,3,none,0,0,False,[],[],,2026-08-15T14:40:33+00:00
345-cctv,migu23,https://345.lishuhang.com/migu23.m3u8,http_error,502,https://345.lishuhang.com/migu23.m3u8,text/plain; charset=utf-8,3628.7,102,none,0,0,False,[],[],,2026-08-15T14:40:34+00:00
345-cctv,ys41,https://345.lishuhang.com/ys41.m3u8,not_hls,200,https://345.lishuhang.com/ys41.m3u8,application/vnd.apple.mpegurl,7821.8,3,none,0,0,False,[],[],,2026-08-15T14:40:34+00:00
345-cctv,ys43,https://345.lishuhang.com/ys43.m3u8,not_hls,200,https://345.lishuhang.com/ys43.m3u8,application/vnd.apple.mpegurl,4416.3,3,none,0,0,False,[],[],,2026-08-15T14:40:35+00:00
345-cctv,ys34,https://345.lishuhang.com/ys34.m3u8,not_hls,200,https://345.lishuhang.com/ys34.m3u8,application/vnd.apple.mpegurl,7502.6,3,none,0,0,False,[],[],,2026-08-15T14:40:35+00:00
345-cctv,ys40,https://345.lishuhang.com/ys40.m3u8,not_hls,200,https://345.lishuhang.com/ys40.m3u8,application/vnd.apple.mpegurl,7687.2,3,none,0,0,False,[],[],,2026-08-15T14:40:35+00:00
345-cctv,ys35,https://345.lishuhang.com/ys35.m3u8,not_hls,200,https://345.lishuhang.com/ys35.m3u8,application/vnd.apple.mpegurl,4259.7,3,none,0,0,False,[],[],,2026-08-15T14:40:35+00:00
345-cctv,ys36,https://345.lishuhang.com/ys36.m3u8,not_hls,200,https://345.lishuhang.com/ys36.m3u8,application/vnd.apple.mpegurl,3995.3,3,none,0,0,False,[],[],,2026-08-15T14:40:36+00:00
345-cctv,ty21,https://345.lishuhang.com/ty21.m3u8,not_hls,200,https://345.lishuhang.com/ty21.m3u8,application/vnd.apple.mpegurl,4890.8,3,none,0,0,False,[],[],,2026-08-15T14:40:36+00:00
345-cctv,ty21,https://345.lishuhang.com/ys38.m3u8,not_hls,200,https://345.lishuhang.com/ys38.m3u8,application/vnd.apple.mpegurl,7413.5,3,none,0,0,False,[],[],,2026-08-15T14:40:36+00:00
345-cctv,ys37,https://345.lishuhang.com/ys37.m3u8,not_hls,200,https://345.lishuhang.com/ys37.m3u8,application/vnd.apple.mpegurl,4509.2,3,none,0,0,False,[],[],,2026-08-15T14:40:36+00:00
345-cctv,ys42,https://345.lishuhang.com/ys42.m3u8,not_hls,200,https://345.lishuhang.com/ys42.m3u8,application/vnd.apple.mpegurl,4509.3,3,none,0,0,False,[],[],,2026-08-15T14:40:36+00:00
345-cctv,ipv621,https://345.lishuhang.com/ipv621.m3u8,http_error,502,https://345.lishuhang.com/ipv621.m3u8,text/plain; charset=utf-8,2776.3,87,none,0,0,False,[],[],,2026-08-15T14:40:37+00:00
345-cctv,ipv621,https://345.lishuhang.com/ipv6101.m3u8,http_error,502,https://345.lishuhang.com/ipv6101.m3u8,text/plain; charset=utf-8,2748.4,87,none,0,0,False,[],[],,2026-08-15T14:40:37+00:00
345-cctv,ipv621,https://345.lishuhang.com/itv35.m3u8,request_exception,,,,,0,none,0,0,False,[],[],"HTTPSConnectionPool(host='345.lishuhang.com', port=443): Read timed out. (read timeout=8.0)",2026-08-15T14:40:39+00:00
345-cctv,ipv621,https://345.lishuhang.com/ys29.m3u8,http_error,502,https://345.lishuhang.com/ys29.m3u8,text/plain; charset=utf-8,5154.4,102,none,0,0,False,[],[],,2026-08-15T14:40:39+00:00
345-cctv,ys30,https://345.lishuhang.com/ys30.m3u8,http_error,502,https://345.lishuhang.com/ys30.m3u8,text/plain; charset=utf-8,3599.8,102,none,0,0,False,[],[],,2026-08-15T14:40:39+00:00
345-cctv,ipv6102,https://345.lishuhang.com/ipv6102.m3u8,http_error,502,https://345.lishuhang.com/ipv6102.m3u8,text/plain; charset=utf-8,2925.1,87,none,0,0,False,[],[],,2026-08-15T14:40:40+00:00
345-cctv,ipv6102,https://345.lishuhang.com/ys31.m3u8,http_error,502,https://345.lishuhang.com/ys31.m3u8,text/plain; charset=utf-8,3300.4,102,none,0,0,False,[],[],,2026-08-15T14:40:40+00:00
345-cctv,ipv6103,https://345.lishuhang.com/ipv6103.m3u8,http_error,502,https://345.lishuhang.com/ipv6103.m3u8,text/plain; charset=utf-8,2595.1,87,none,0,0,False,[],[],,2026-08-15T14:40:40+00:00
345-cctv,ipv6103,https://345.lishuhang.com/ys32.m3u8,http_error,502,https://345.lishuhang.com/ys32.m3u8,text/plain; charset=utf-8,3404.1,102,none,0,0,False,[],[],,2026-08-15T14:40:40+00:00
345-cctv,fjitv176,https://345.lishuhang.com/fjitv176.m3u8,http_error,502,https://345.lishuhang.com/fjitv176.m3u8,text/plain; charset=utf-8,3401.9,72,none,0,0,False,[],[],,2026-08-15T14:40:40+00:00
345-cctv,fjitv176,https://345.lishuhang.com/hlitv66.m3u8,request_exception,,,,,0,none,0,0,False,[],[],"HTTPSConnectionPool(host='345.lishuhang.com', port=443): Read timed out. (read timeout=8.0)",2026-08-15T14:40:41+00:00
345-cctv,fjitv176,https://345.lishuhang.com/fjitv102.m3u8,http_error,502,https://345.lishuhang.com/fjitv102.m3u8,text/plain; charset=utf-8,3350.0,72,none,0,0,False,[],[],,2026-08-15T14:40:41+00:00
345-cctv,migu33,https://345.lishuhang.com/migu33.m3u8,http_error,502,https://345.lishuhang.com/migu33.m3u8,text/plain; charset=utf-8,3467.9,102,none,0,0,False,[],[],,2026-08-15T14:40:41+00:00
345-cctv,migu34,https://345.lishuhang.com/migu34.m3u8,http_error,502,https://345.lishuhang.com/migu34.m3u8,text/plain; charset=utf-8,3685.6,102,none,0,0,False,[],[],,2026-08-15T14:40:42+00:00
345-cctv,migu35,https://345.lishuhang.com/migu35.m3u8,http_error,502,https://345.lishuhang.com/migu35.m3u8,text/plain; charset=utf-8,3487.5,102,none,0,0,False,[],[],,2026-08-15T14:40:42+00:00
345-cctv,fjitv69,https://345.lishuhang.com/fjitv69.m3u8,http_error,502,https://345.lishuhang.com/fjitv69.m3u8,text/plain; charset=utf-8,3115.1,72,none,0,0,False,[],[],,2026-08-15T14:40:43+00:00
345-cctv,fjitv69,https://345.lishuhang.com/fjitv141.m3u8,http_error,502,https://345.lishuhang.com/fjitv141.m3u8,text/plain; charset=utf-8,3389.9,72,none,0,0,False,[],[],,2026-08-15T14:40:43+00:00
345-cctv,fjitv69,https://345.lishuhang.com/hlitv18.m3u8,request_exception,,,,,0,none,0,0,False,[],[],"HTTPSConnectionPool(host='345.lishuhang.com', port=443): Read timed out. (read timeout=8.0)",2026-08-15T14:40:43+00:00
345-cctv,fjitv69,https://345.lishuhang.com/ipv618.m3u8,http_error,502,https://345.lishuhang.com/ipv618.m3u8,text/plain; charset=utf-8,2841.4,87,none,0,0,False,[],[],,2026-08-15T14:40:43+00:00
345-cctv,fjitv69,https://345.lishuhang.com/itv29.m3u8,variant_http_error,200,https://345.lishuhang.com/itv29.m3u8,application/vnd.apple.mpegurl,5612.3,468,master,0,0,False,[],[],variant status 400,2026-08-15T14:40:43+00:00
345-cctv,fjitv69,https://345.lishuhang.com/migu25.m3u8,http_error,502,https://345.lishuhang.com/migu25.m3u8,text/plain; charset=utf-8,3633.6,102,none,0,0,False,[],[],,2026-08-15T14:40:43+00:00
345-cctv,fjitv69,https://345.lishuhang.com/ys23.m3u8,variant_http_error,200,https://345.lishuhang.com/ys23.m3u8,application/vnd.apple.mpegurl,5131.6,465,master,0,0,False,[],[],variant status 400,2026-08-15T14:40:43+00:00
345-cctv,itv34,https://345.lishuhang.com/itv34.m3u8,http_error,502,https://345.lishuhang.com/itv34.m3u8,text/plain; charset=utf-8,7032.6,72,none,0,0,False,[],[],,2026-08-15T14:40:43+00:00
345-cctv,itv34,https://345.lishuhang.com/migu30.m3u8,http_error,502,https://345.lishuhang.com/migu30.m3u8,text/plain; charset=utf-8,3670.0,102,none,0,0,False,[],[],,2026-08-15T14:40:44+00:00
345-cctv,itv34,https://345.lishuhang.com/ys28.m3u8,http_error,502,https://345.lishuhang.com/ys28.m3u8,text/plain; charset=utf-8,6469.9,72,none,0,0,False,[],[],,2026-08-15T14:40:44+00:00
345-cctv,itv32,https://345.lishuhang.com/itv32.m3u8,http_error,502,https://345.lishuhang.com/itv32.m3u8,text/plain; charset=utf-8,6117.8,72,none,0,0,False,[],[],,2026-08-15T14:40:44+00:00
345-cctv,itv32,https://345.lishuhang.com/migu28.m3u8,http_error,502,https://345.lishuhang.com/migu28.m3u8,text/plain; charset=utf-8,3351.1,102,none,0,0,False,[],[],,2026-08-15T14:40:44+00:00
345-cctv,itv32,https://345.lishuhang.com/ys26.m3u8,http_error,502,https://345.lishuhang.com/ys26.m3u8,text/plain; charset=utf-8,5285.9,72,none,0,0,False,[],[],,2026-08-15T14:40:46+00:00
345-cctv,hlitv16,https://345.lishuhang.com/hlitv16.m3u8,request_exception,,,,,0,none,0,0,False,[],[],"HTTPSConnectionPool(host='345.lishuhang.com', port=443): Read timed out. (read timeout=8.0)",2026-08-15T14:40:46+00:00
345-cctv,hlitv16,https://345.lishuhang.com/itv30.m3u8,http_error,502,https://345.lishuhang.com/itv30.m3u8,text/plain; charset=utf-8,4411.8,72,none,0,0,False,[],[],,2026-08-15T14:40:46+00:00
345-cctv,hlitv16,https://345.lishuhang.com/migu26.m3u8,http_error,502,https://345.lishuhang.com/migu26.m3u8,text/plain; charset=utf-8,3539.2,102,none,0,0,False,[],[],,2026-08-15T14:40:46+00:00
345-cctv,hlitv16,https://345.lishuhang.com/ys24.m3u8,http_error,502,https://345.lishuhang.com/ys24.m3u8,text/plain; charset=utf-8,4341.0,72,none,0,0,False,[],[],,2026-08-15T14:40:46+00:00
345-cctv,hlitv16,https://345.lishuhang.com/fjitv132.m3u8,http_error,502,https://345.lishuhang.com/fjitv132.m3u8,text/plain; charset=utf-8,3504.6,72,none,0,0,False,[],[],,2026-08-15T14:40:47+00:00
345-cctv,hlitv16,https://345.lishuhang.com/fjitv245.m3u8,http_error,502,https://345.lishuhang.com/fjitv245.m3u8,text/plain; charset=utf-8,3322.7,72,none,0,0,False,[],[],,2026-08-15T14:40:48+00:00
345-cctv,hlitv16,https://345.lishuhang.com/ipv619.m3u8,http_error,502,https://345.lishuhang.com/ipv619.m3u8,text/plain; charset=utf-8,2530.5,87,none,0,0,False,[],[],,2026-08-15T14:40:48+00:00
345-cctv,hlitv16,https://345.lishuhang.com/fjitv68.m3u8,http_error,502,https://345.lishuhang.com/fjitv68.m3u8,text/plain; charset=utf-8,3390.0,72,none,0,0,False,[],[],,2026-08-15T14:40:49+00:00
345-cctv,itv33,https://345.lishuhang.com/itv33.m3u8,http_error,502,https://345.lishuhang.com/itv33.m3u8,text/plain; charset=utf-8,6637.5,72,none,0,0,False,[],[],,2026-08-15T14:40:49+00:00
345-cctv,itv33,https://345.lishuhang.com/migu29.m3u8,http_error,502,https://345.lishuhang.com/migu29.m3u8,text/plain; charset=utf-8,3296.1,102,none,0,0,False,[],[],,2026-08-15T14:40:49+00:00
345-cctv,itv33,https://345.lishuhang.com/ys27.m3u8,http_error,502,https://345.lishuhang.com/ys27.m3u8,text/plain; charset=utf-8,6402.3,72,none,0,0,False,[],[],,2026-08-15T14:40:49+00:00
345-cctv,itv31,https://345.lishuhang.com/itv31.m3u8,http_error,502,https://345.lishuhang.com/itv31.m3u8,text/plain; charset=utf-8,6002.1,72,none,0,0,False,[],[],,2026-08-15T14:40:50+00:00
345-cctv,itv31,https://345.lishuhang.com/migu27.m3u8,http_error,502,https://345.lishuhang.com/migu27.m3u8,text/plain; charset=utf-8,3763.6,102,none,0,0,False,[],[],,2026-08-15T14:40:50+00:00
345-cctv,itv31,https://345.lishuhang.com/ys25.m3u8,http_error,502,https://345.lishuhang.com/ys25.m3u8,text/plain; charset=utf-8,5820.1,72,none,0,0,False,[],[],,2026-08-15T14:40:50+00:00
345-cctv,migu78,https://345.lishuhang.com/migu78.m3u8,http_error,502,https://345.lishuhang.com/migu78.m3u8,text/plain; charset=utf-8,3775.9,102,none,0,0,False,[],[],,2026-08-15T14:40:50+00:00
345-cctv,migu77,https://345.lishuhang.com/migu77.m3u8,http_error,502,https://345.lishuhang.com/migu77.m3u8,text/plain; charset=utf-8,3580.3,102,none,0,0,False,[],[],,2026-08-15T14:40:50+00:00
345-cctv,ipv622,https://345.lishuhang.com/ipv622.m3u8,http_error,502,https://345.lishuhang.com/ipv622.m3u8,text/plain; charset=utf-8,2714.7,87,none,0,0,False,[],[],,2026-08-15T14:40:50+00:00
345-cctv,fjitv260,https://345.lishuhang.com/fjitv260.m3u8,http_error,502,https://345.lishuhang.com/fjitv260.m3u8,text/plain; charset=utf-8,3411.7,72,none,0,0,False,[],[],,2026-08-15T14:40:51+00:00
345-cctv,fjitv260,https://345.lishuhang.com/fjitv261.m3u8,http_error,502,https://345.lishuhang.com/fjitv261.m3u8,text/plain; charset=utf-8,3186.5,72,none,0,0,False,[],[],,2026-08-15T14:40:51+00:00
345-cctv,fjitv260,https://345.lishuhang.com/fjitv262.m3u8,http_error,502,https://345.lishuhang.com/fjitv262.m3u8,text/plain; charset=utf-8,3348.6,72,none,0,0,False,[],[],,2026-08-15T14:40:51+00:00
345-cctv,fjitv260,https://345.lishuhang.com/fjitv263.m3u8,http_error,502,https://345.lishuhang.com/fjitv263.m3u8,text/plain; charset=utf-8,3484.8,72,none,0,0,False,[],[],,2026-08-15T14:40:51+00:00
345-cctv,fjitv260,https://345.lishuhang.com/fjitv264.m3u8,http_error,502,https://345.lishuhang.com/fjitv264.m3u8,text/plain; charset=utf-8,3467.8,72,none,0,0,False,[],[],,2026-08-15T14:40:52+00:00
345-cctv,fjitv260,https://345.lishuhang.com/fjitv265.m3u8,http_error,502,https://345.lishuhang.com/fjitv265.m3u8,text/plain; charset=utf-8,3516.2,72,none,0,0,False,[],[],,2026-08-15T14:40:52+00:00
345-cctv,fjitv260,https://345.lishuhang.com/fjitv267.m3u8,http_error,502,https://345.lishuhang.com/fjitv267.m3u8,text/plain; charset=utf-8,3305.2,72,none,0,0,False,[],[],,2026-08-15T14:40:53+00:00
345-cctv,fjitv260,https://345.lishuhang.com/fjitv269.m3u8,http_error,502,https://345.lishuhang.com/fjitv269.m3u8,text/plain; charset=utf-8,3494.4,72,none,0,0,False,[],[],,2026-08-15T14:40:53+00:00
345-cctv,fjitv260,https://345.lishuhang.com/fjitv271.m3u8,http_error,502,https://345.lishuhang.com/fjitv271.m3u8,text/plain; charset=utf-8,3393.3,72,none,0,0,False,[],[],,2026-08-15T14:40:54+00:00
345-cctv,fjitv260,https://345.lishuhang.com/fjitv272.m3u8,http_error,502,https://345.lishuhang.com/fjitv272.m3u8,text/plain; charset=utf-8,3307.0,72,none,0,0,False,[],[],,2026-08-15T14:40:54+00:00
345-ws,ipv698,https://345.lishuhang.com/ipv698.m3u8,http_error,502,https://345.lishuhang.com/ipv698.m3u8,text/plain; charset=utf-8,2680.5,87,none,0,0,False,[],[],,2026-08-15T14:40:54+00:00
345-ws,ipv698,https://345.lishuhang.com/ws41.m3u8,http_error,502,https://345.lishuhang.com/ws41.m3u8,text/plain; charset=utf-8,3022.7,102,none,0,0,False,[],[],,2026-08-15T14:40:54+00:00
345-ws,fjitv73,https://345.lishuhang.com/fjitv73.m3u8,http_error,502,https://345.lishuhang.com/fjitv73.m3u8,text/plain; charset=utf-8,3165.0,72,none,0,0,False,[],[],,2026-08-15T14:40:54+00:00
345-ws,fjitv73,https://345.lishuhang.com/fjitv151.m3u8,http_error,502,https://345.lishuhang.com/fjitv151.m3u8,text/plain; charset=utf-8,3304.3,72,none,0,0,False,[],[],,2026-08-15T14:40:54+00:00
345-ws,fjitv73,https://345.lishuhang.com/hlitv34.m3u8,request_exception,,,,,0,none,0,0,False,[],[],"HTTPSConnectionPool(host='345.lishuhang.com', port=443): Read timed out. (read timeout=8.0)",2026-08-15T14:40:54+00:00
345-ws,fjitv73,https://345.lishuhang.com/ipv645.m3u8,http_error,502,https://345.lishuhang.com/ipv645.m3u8,text/plain; charset=utf-8,2564.0,87,none,0,0,False,[],[],,2026-08-15T14:40:55+00:00
345-ws,fjitv73,https://345.lishuhang.com/itv45.m3u8,not_hls,200,https://345.lishuhang.com/itv45.m3u8,application/vnd.apple.mpegurl,4736.5,3,none,0,0,False,[],[],,2026-08-15T14:40:55+00:00
345-ws,fjitv73,https://345.lishuhang.com/migu70.m3u8,http_error,502,https://345.lishuhang.com/migu70.m3u8,text/plain; charset=utf-8,3693.2,102,none,0,0,False,[],[],,2026-08-15T14:40:56+00:00
345-ws,fjitv73,https://345.lishuhang.com/ws9.m3u8,http_error,502,https://345.lishuhang.com/ws9.m3u8,text/plain; charset=utf-8,6826.7,75,none,0,0,False,[],[],,2026-08-15T14:40:56+00:00
345-ws,fjitv17,https://345.lishuhang.com/fjitv17.m3u8,http_error,502,https://345.lishuhang.com/fjitv17.m3u8,text/plain; charset=utf-8,3261.9,72,none,0,0,False,[],[],,2026-08-15T14:40:56+00:00
345-ws,fjitv17,https://345.lishuhang.com/fjitv39.m3u8,http_error,502,https://345.lishuhang.com/fjitv39.m3u8,text/plain; charset=utf-8,3209.5,72,none,0,0,False,[],[],,2026-08-15T14:40:56+00:00
345-ws,fjitv17,https://345.lishuhang.com/fjitv146.m3u8,http_error,502,https://345.lishuhang.com/fjitv146.m3u8,text/plain; charset=utf-8,3230.5,72,none,0,0,False,[],[],,2026-08-15T14:40:56+00:00
345-ws,fjitv17,https://345.lishuhang.com/fjitv219.m3u8,http_error,502,https://345.lishuhang.com/fjitv219.m3u8,text/plain; charset=utf-8,3442.0,72,none,0,0,False,[],[],,2026-08-15T14:40:56+00:00
345-ws,fjitv17,https://345.lishuhang.com/hlitv30.m3u8,request_exception,,,,,0,none,0,0,False,[],[],"HTTPSConnectionPool(host='345.lishuhang.com', port=443): Read timed out. (read timeout=8.0)",2026-08-15T14:40:57+00:00
345-ws,fjitv17,https://345.lishuhang.com/hlitv61.m3u8,request_exception,,,,,0,none,0,0,False,[],[],"HTTPSConnectionPool(host='345.lishuhang.com', port=443): Read timed out. (read timeout=8.0)",2026-08-15T14:40:57+00:00
345-ws,fjitv17,https://345.lishuhang.com/hlitv114.m3u8,request_exception,,,,,0,none,0,0,False,[],[],"HTTPSConnectionPool(host='345.lishuhang.com', port=443): Read timed out. (read timeout=8.0)",2026-08-15T14:40:57+00:00
345-ws,fjitv17,https://345.lishuhang.com/ipv635.m3u8,http_error,502,https://345.lishuhang.com/ipv635.m3u8,text/plain; charset=utf-8,2662.8,87,none,0,0,False,[],[],,2026-08-15T14:40:57+00:00
345-ws,fjitv17,https://345.lishuhang.com/ipv668.m3u8,http_error,502,https://345.lishuhang.com/ipv668.m3u8,text/plain; charset=utf-8,2789.6,87,none,0,0,False,[],[],,2026-08-15T14:40:57+00:00
345-ws,fjitv17,https://345.lishuhang.com/itv40.m3u8,not_hls,200,https://345.lishuhang.com/itv40.m3u8,application/vnd.apple.mpegurl,4832.9,3,none,0,0,False,[],[],,2026-08-15T14:40:57+00:00
345-ws,fjitv17,https://345.lishuhang.com/migu41.m3u8,http_error,502,https://345.lishuhang.com/migu41.m3u8,text/plain; charset=utf-8,3576.7,102,none,0,0,False,[],[],,2026-08-15T14:40:57+00:00
345-ws,fjitv17,https://345.lishuhang.com/ws4.m3u8,http_error,502,https://345.lishuhang.com/ws4.m3u8,text/plain; charset=utf-8,6652.8,75,none,0,0,False,[],[],,2026-08-15T14:40:58+00:00
345-ws,fjitv88,https://345.lishuhang.com/fjitv88.m3u8,http_error,502,https://345.lishuhang.com/fjitv88.m3u8,text/plain; charset=utf-8,3533.6,72,none,0,0,False,[],[],,2026-08-15T14:40:59+00:00
345-ws,fjitv88,https://345.lishuhang.com/fjitv170.m3u8,http_error,502,https://345.lishuhang.com/fjitv170.m3u8,text/plain; charset=utf-8,3400.6,72,none,0,0,False,[],[],,2026-08-15T14:40:59+00:00
345-ws,fjitv88,https://345.lishuhang.com/hlitv50.m3u8,request_exception,,,,,0,none,0,0,False,[],[],"HTTPSConnectionPool(host='345.lishuhang.com', port=443): Read timed out. (read timeout=8.0)",2026-08-15T14:40:59+00:00
345-ws,fjitv88,https://345.lishuhang.com/ipv689.m3u8,http_error,502,https://345.lishuhang.com/ipv689.m3u8,text/plain; charset=utf-8,2554.3,87,none,0,0,False,[],[],,2026-08-15T14:40:59+00:00
345-ws,fjitv88,https://345.lishuhang.com/itv62.m3u8,request_exception,,,,,0,none,0,0,False,[],[],"HTTPSConnectionPool(host='345.lishuhang.com', port=443): Read timed out. (read timeout=8.0)",2026-08-15T14:41:00+00:00
345-ws,fjitv88,https://345.lishuhang.com/migu60.m3u8,http_error,502,https://345.lishuhang.com/migu60.m3u8,text/plain; charset=utf-8,3387.9,102,none,0,0,False,[],[],,2026-08-15T14:41:00+00:00
345-ws,fjitv88,https://345.lishuhang.com/ws26.m3u8,http_error,502,https://345.lishuhang.com/ws26.m3u8,text/plain; charset=utf-8,4502.0,102,none,0,0,False,[],[],,2026-08-15T14:41:00+00:00
345-ws,ipv696,https://345.lishuhang.com/ipv696.m3u8,http_error,502,https://345.lishuhang.com/ipv696.m3u8,text/plain; charset=utf-8,2784.4,87,none,0,0,False,[],[],,2026-08-15T14:41:00+00:00
345-ws,ipv696,https://345.lishuhang.com/itv66.m3u8,http_error,502,https://345.lishuhang.com/itv66.m3u8,text/plain; charset=utf-8,6975.6,72,none,0,0,False,[],[],,2026-08-15T14:41:01+00:00
345-ws,ipv696,https://345.lishuhang.com/migu71.m3u8,http_error,502,https://345.lishuhang.com/migu71.m3u8,text/plain; charset=utf-8,3551.9,102,none,0,0,False,[],[],,2026-08-15T14:41:02+00:00
345-ws,ipv696,https://345.lishuhang.com/ws30.m3u8,http_error,502,https://345.lishuhang.com/ws30.m3u8,text/plain; charset=utf-8,4712.0,102,none,0,0,False,[],[],,2026-08-15T14:41:02+00:00
345-ws,fjitv93,https://345.lishuhang.com/fjitv93.m3u8,http_error,502,https://345.lishuhang.com/fjitv93.m3u8,text/plain; charset=utf-8,3311.5,72,none,0,0,False,[],[],,2026-08-15T14:41:03+00:00
345-ws,fjitv93,https://345.lishuhang.com/fjitv163.m3u8,http_error,502,https://345.lishuhang.com/fjitv163.m3u8,text/plain; charset=utf-8,3334.1,72,none,0,0,False,[],[],,2026-08-15T14:41:03+00:00
345-ws,fjitv93,https://345.lishuhang.com/hlitv48.m3u8,request_exception,,,,,0,none,0,0,False,[],[],"HTTPSConnectionPool(host='345.lishuhang.com', port=443): Read timed out. (read timeout=8.0)",2026-08-15T14:41:03+00:00
345-ws,fjitv93,https://345.lishuhang.com/ipv680.m3u8,http_error,502,https://345.lishuhang.com/ipv680.m3u8,text/plain; charset=utf-8,2765.1,87,none,0,0,False,[],[],,2026-08-15T14:41:03+00:00
345-ws,fjitv93,https://345.lishuhang.com/itv63.m3u8,request_exception,,,,,0,none,0,0,False,[],[],"HTTPSConnectionPool(host='345.lishuhang.com', port=443): Read timed out. (read timeout=8.0)",2026-08-15T14:41:03+00:00
345-ws,fjitv93,https://345.lishuhang.com/migu56.m3u8,http_error,502,https://345.lishuhang.com/migu56.m3u8,text/plain; charset=utf-8,3910.2,102,none,0,0,False,[],[],,2026-08-15T14:41:04+00:00
345-ws,fjitv93,https://345.lishuhang.com/ws27.m3u8,http_error,502,https://345.lishuhang.com/ws27.m3u8,text/plain; charset=utf-8,4503.0,102,none,0,0,False,[],[],,2026-08-15T14:41:05+00:00
345-ws,ws40,https://345.lishuhang.com/ws40.m3u8,http_error,502,https://345.lishuhang.com/ws40.m3u8,text/plain; charset=utf-8,2923.8,102,none,0,0,False,[],[],,2026-08-15T14:41:05+00:00
345-ws,hlitv68,https://345.lishuhang.com/hlitv68.m3u8,request_exception,,,,,0,none,0,0,False,[],[],"HTTPSConnectionPool(host='345.lishuhang.com', port=443): Read timed out. (read timeout=8.0)",2026-08-15T14:41:05+00:00
345-ws,hlitv68,https://345.lishuhang.com/ipv663.m3u8,http_error,502,https://345.lishuhang.com/ipv663.m3u8,text/plain; charset=utf-8,2838.7,87,none,0,0,False,[],[],,2026-08-15T14:41:06+00:00
345-ws,hlitv68,https://345.lishuhang.com/itv74.m3u8,request_exception,,,,,0,none,0,0,False,[],[],"HTTPSConnectionPool(host='345.lishuhang.com', port=443): Read timed out. (read timeout=8.0)",2026-08-15T14:41:06+00:00
345-ws,fjitv18,https://345.lishuhang.com/fjitv18.m3u8,http_error,502,https://345.lishuhang.com/fjitv18.m3u8,text/plain; charset=utf-8,3195.7,72,none,0,0,False,[],[],,2026-08-15T14:41:06+00:00
345-ws,fjitv18,https://345.lishuhang.com/fjitv71.m3u8,http_error,502,https://345.lishuhang.com/fjitv71.m3u8,text/plain; charset=utf-8,3378.5,72,none,0,0,False,[],[],,2026-08-15T14:41:07+00:00
345-ws,fjitv18,https://345.lishuhang.com/fjitv144.m3u8,http_error,502,https://345.lishuhang.com/fjitv144.m3u8,text/plain; charset=utf-8,3295.2,72,none,0,0,False,[],[],,2026-08-15T14:41:07+00:00
345-ws,fjitv18,https://345.lishuhang.com/fjitv220.m3u8,http_error,502,https://345.lishuhang.com/fjitv220.m3u8,text/plain; charset=utf-8,3368.3,72,none,0,0,False,[],[],,2026-08-15T14:41:07+00:00
345-ws,fjitv18,https://345.lishuhang.com/hlitv23.m3u8,request_exception,,,,,0,none,0,0,False,[],[],"HTTPSConnectionPool(host='345.lishuhang.com', port=443): Read timed out. (read timeout=8.0)",2026-08-15T14:41:07+00:00
345-ws,fjitv18,https://345.lishuhang.com/hlitv65.m3u8,request_exception,,,,,0,none,0,0,False,[],[],"HTTPSConnectionPool(host='345.lishuhang.com', port=443): Read timed out. (read timeout=8.0)",2026-08-15T14:41:08+00:00
345-ws,fjitv18,https://345.lishuhang.com/hlitv115.m3u8,request_exception,,,,,0,none,0,0,False,[],[],"HTTPSConnectionPool(host='345.lishuhang.com', port=443): Read timed out. (read timeout=8.0)",2026-08-15T14:41:08+00:00
345-ws,fjitv18,https://345.lishuhang.com/hlitv142.m3u8,request_exception,,,,,0,none,0,0,False,[],[],"HTTPSConnectionPool(host='345.lishuhang.com', port=443): Read timed out. (read timeout=8.0)",2026-08-15T14:41:08+00:00
345-ws,fjitv18,https://345.lishuhang.com/ipv626.m3u8,http_error,502,https://345.lishuhang.com/ipv626.m3u8,text/plain; charset=utf-8,2807.4,87,none,0,0,False,[],[],,2026-08-15T14:41:09+00:00
345-ws,fjitv18,https://345.lishuhang.com/ipv655.m3u8,http_error,502,https://345.lishuhang.com/ipv655.m3u8,text/plain; charset=utf-8,2789.6,87,none,0,0,False,[],[],,2026-08-15T14:41:09+00:00
345-ws,fjitv18,https://345.lishuhang.com/itv41.m3u8,not_hls,200,https://345.lishuhang.com/itv41.m3u8,application/vnd.apple.mpegurl,4896.2,3,none,0,0,False,[],[],,2026-08-15T14:41:09+00:00
345-ws,fjitv18,https://345.lishuhang.com/migu40.m3u8,http_error,502,https://345.lishuhang.com/migu40.m3u8,text/plain; charset=utf-8,3509.2,102,none,0,0,False,[],[],,2026-08-15T14:41:09+00:00
345-ws,fjitv18,https://345.lishuhang.com/ws5.m3u8,http_error,502,https://345.lishuhang.com/ws5.m3u8,text/plain; charset=utf-8,7148.6,75,none,0,0,False,[],[],,2026-08-15T14:41:10+00:00
345-ws,itv91,https://345.lishuhang.com/itv91.m3u8,request_exception,,,,,0,none,0,0,False,[],[],"HTTPSConnectionPool(host='345.lishuhang.com', port=443): Read timed out. (read timeout=8.0)",2026-08-15T14:41:10+00:00
345-ws,fjitv178,https://345.lishuhang.com/fjitv178.m3u8,http_error,502,https://345.lishuhang.com/fjitv178.m3u8,text/plain; charset=utf-8,3435.1,72,none,0,0,False,[],[],,2026-08-15T14:41:10+00:00
345-ws,ipv686,https://345.lishuhang.com/ipv686.m3u8,http_error,502,https://345.lishuhang.com/ipv686.m3u8,text/plain; charset=utf-8,2759.4,87,none,0,0,False,[],[],,2026-08-15T14:41:10+00:00
345-ws,ipv686,https://345.lishuhang.com/itv184.m3u8,http_error,502,https://345.lishuhang.com/itv184.m3u8,text/plain; charset=utf-8,6897.7,75,none,0,0,False,[],[],,2026-08-15T14:41:11+00:00
345-ws,ipv686,https://345.lishuhang.com/ws38.m3u8,http_error,502,https://345.lishuhang.com/ws38.m3u8,text/plain; charset=utf-8,3288.7,102,none,0,0,False,[],[],,2026-08-15T14:41:12+00:00
345-ws,fjitv86,https://345.lishuhang.com/fjitv86.m3u8,http_error,502,https://345.lishuhang.com/fjitv86.m3u8,text/plain; charset=utf-8,3351.6,72,none,0,0,False,[],[],,2026-08-15T14:41:12+00:00
345-ws,fjitv86,https://345.lishuhang.com/fjitv168.m3u8,http_error,502,https://345.lishuhang.com/fjitv168.m3u8,text/plain; charset=utf-8,3507.3,72,none,0,0,False,[],[],,2026-08-15T14:41:13+00:00
345-ws,fjitv86,https://345.lishuhang.com/hlitv51.m3u8,request_exception,,,,,0,none,0,0,False,[],[],"HTTPSConnectionPool(host='345.lishuhang.com', port=443): Read timed out. (read timeout=8.0)",2026-08-15T14:41:13+00:00
345-ws,fjitv86,https://345.lishuhang.com/ipv651.m3u8,http_error,502,https://345.lishuhang.com/ipv651.m3u8,text/plain; charset=utf-8,2480.3,87,none,0,0,False,[],[],,2026-08-15T14:41:13+00:00
345-ws,fjitv86,https://345.lishuhang.com/ipv676.m3u8,http_error,502,https://345.lishuhang.com/ipv676.m3u8,text/plain; charset=utf-8,2406.4,87,none,0,0,False,[],[],,2026-08-15T14:41:13+00:00
345-ws,fjitv86,https://345.lishuhang.com/itv57.m3u8,request_exception,,,,,0,none,0,0,False,[],[],"HTTPSConnectionPool(host='345.lishuhang.com', port=443): Read timed out. (read timeout=8.0)",2026-08-15T14:41:14+00:00
345-ws,fjitv86,https://345.lishuhang.com/migu65.m3u8,http_error,502,https://345.lishuhang.com/migu65.m3u8,text/plain; charset=utf-8,3718.1,102,none,0,0,False,[],[],,2026-08-15T14:41:15+00:00
345-ws,fjitv86,https://345.lishuhang.com/ws21.m3u8,http_error,502,https://345.lishuhang.com/ws21.m3u8,text/plain; charset=utf-8,4935.7,102,none,0,0,False,[],[],,2026-08-15T14:41:15+00:00
345-ws,itv95,https://345.lishuhang.com/itv95.m3u8,request_exception,,,,,0,none,0,0,False,[],[],"HTTPSConnectionPool(host='345.lishuhang.com', port=443): Read timed out. (read timeout=8.0)",2026-08-15T14:41:16+00:00
345-ws,fjitv74,https://345.lishuhang.com/fjitv74.m3u8,http_error,502,https://345.lishuhang.com/fjitv74.m3u8,text/plain; charset=utf-8,3342.3,72,none,0,0,False,[],[],,2026-08-15T14:41:16+00:00
345-ws,fjitv74,https://345.lishuhang.com/fjitv153.m3u8,http_error,502,https://345.lishuhang.com/fjitv153.m3u8,text/plain; charset=utf-8,3288.3,72,none,0,0,False,[],[],,2026-08-15T14:41:16+00:00
345-ws,fjitv74,https://345.lishuhang.com/hlitv35.m3u8,request_exception,,,,,0,none,0,0,False,[],[],"HTTPSConnectionPool(host='345.lishuhang.com', port=443): Read timed out. (read timeout=8.0)",2026-08-15T14:41:16+00:00
345-ws,fjitv74,https://345.lishuhang.com/ipv646.m3u8,http_error,502,https://345.lishuhang.com/ipv646.m3u8,text/plain; charset=utf-8,2875.2,87,none,0,0,False,[],[],,2026-08-15T14:41:16+00:00
345-ws,fjitv74,https://345.lishuhang.com/ipv682.m3u8,http_error,502,https://345.lishuhang.com/ipv682.m3u8,text/plain; charset=utf-8,2743.6,87,none,0,0,False,[],[],,2026-08-15T14:41:17+00:00
345-ws,fjitv74,https://345.lishuhang.com/itv53.m3u8,not_hls,200,https://345.lishuhang.com/itv53.m3u8,application/vnd.apple.mpegurl,8060.0,3,none,0,0,False,[],[],,2026-08-15T14:41:17+00:00
345-ws,fjitv74,https://345.lishuhang.com/migu51.m3u8,http_error,502,https://345.lishuhang.com/migu51.m3u8,text/plain; charset=utf-8,3521.3,102,none,0,0,False,[],[],,2026-08-15T14:41:17+00:00
345-ws,fjitv74,https://345.lishuhang.com/ws17.m3u8,request_exception,,,,,0,none,0,0,False,[],[],"HTTPSConnectionPool(host='345.lishuhang.com', port=443): Read timed out. (read timeout=8.0)",2026-08-15T14:41:18+00:00
345-ws,itv72,https://345.lishuhang.com/itv72.m3u8,request_exception,,,,,0,none,0,0,False,[],[],"HTTPSConnectionPool(host='345.lishuhang.com', port=443): Read timed out. (read timeout=8.0)",2026-08-15T14:41:18+00:00
345-ws,itv72,https://345.lishuhang.com/migu49.m3u8,http_error,502,https://345.lishuhang.com/migu49.m3u8,text/plain; charset=utf-8,3643.9,102,none,0,0,False,[],[],,2026-08-15T14:41:18+00:00
345-ws,itv72,https://345.lishuhang.com/ws36.m3u8,http_error,502,https://345.lishuhang.com/ws36.m3u8,text/plain; charset=utf-8,3635.9,102,none,0,0,False,[],[],,2026-08-15T14:41:19+00:00
345-ws,fjitv20,https://345.lishuhang.com/fjitv20.m3u8,http_error,502,https://345.lishuhang.com/fjitv20.m3u8,text/plain; charset=utf-8,3538.8,72,none,0,0,False,[],[],,2026-08-15T14:41:19+00:00
345-ws,fjitv20,https://345.lishuhang.com/fjitv37.m3u8,http_error,502,https://345.lishuhang.com/fjitv37.m3u8,text/plain; charset=utf-8,3281.7,72,none,0,0,False,[],[],,2026-08-15T14:41:19+00:00
345-ws,fjitv20,https://345.lishuhang.com/fjitv148.m3u8,http_error,502,https://345.lishuhang.com/fjitv148.m3u8,text/plain; charset=utf-8,3164.1,72,none,0,0,False,[],[],,2026-08-15T14:41:19+00:00
345-ws,fjitv20,https://345.lishuhang.com/fjitv224.m3u8,http_error,502,https://345.lishuhang.com/fjitv224.m3u8,text/plain; charset=utf-8,3506.0,72,none,0,0,False,[],[],,2026-08-15T14:41:19+00:00
345-ws,fjitv20,https://345.lishuhang.com/hlitv31.m3u8,request_exception,,,,,0,none,0,0,False,[],[],"HTTPSConnectionPool(host='345.lishuhang.com', port=443): Read timed out. (read timeout=8.0)",2026-08-15T14:41:20+00:00
345-ws,fjitv20,https://345.lishuhang.com/hlitv62.m3u8,request_exception,,,,,0,none,0,0,False,[],[],"HTTPSConnectionPool(host='345.lishuhang.com', port=443): Read timed out. (read timeout=8.0)",2026-08-15T14:41:20+00:00
345-ws,fjitv20,https://345.lishuhang.com/hlitv116.m3u8,request_exception,,,,,0,none,0,0,False,[],[],"HTTPSConnectionPool(host='345.lishuhang.com', port=443): Read timed out. (read timeout=8.0)",2026-08-15T14:41:21+00:00
345-ws,fjitv20,https://345.lishuhang.com/hlitv154.m3u8,request_exception,,,,,0,none,0,0,False,[],[],"HTTPSConnectionPool(host='345.lishuhang.com', port=443): Read timed out. (read timeout=8.0)",2026-08-15T14:41:22+00:00
345-ws,fjitv20,https://345.lishuhang.com/ipv641.m3u8,http_error,502,https://345.lishuhang.com/ipv641.m3u8,text/plain; charset=utf-8,2844.4,87,none,0,0,False,[],[],,2026-08-15T14:41:22+00:00
345-ws,fjitv20,https://345.lishuhang.com/ipv683.m3u8,http_error,502,https://345.lishuhang.com/ipv683.m3u8,text/plain; charset=utf-8,2919.6,87,none,0,0,False,[],[],,2026-08-15T14:41:22+00:00
345-ws,fjitv20,https://345.lishuhang.com/itv54.m3u8,segment_failure,200,https://345.lishuhang.com/itv54.m3u8,application/vnd.apple.mpegurl,8158.8,851,media,1,0,False,[404],[524.6],,2026-08-15T14:41:22+00:00
345-ws,fjitv20,https://345.lishuhang.com/migu68.m3u8,http_error,502,https://345.lishuhang.com/migu68.m3u8,text/plain; charset=utf-8,3601.1,102,none,0,0,False,[],[],,2026-08-15T14:41:23+00:00
345-ws,fjitv20,https://345.lishuhang.com/ws18.m3u8,http_error,502,https://345.lishuhang.com/ws18.m3u8,text/plain; charset=utf-8,6414.4,75,none,0,0,False,[],[],,2026-08-15T14:41:23+00:00
345-ws,fjitv83,https://345.lishuhang.com/fjitv83.m3u8,http_error,502,https://345.lishuhang.com/fjitv83.m3u8,text/plain; charset=utf-8,3384.8,72,none,0,0,False,[],[],,2026-08-15T14:41:23+00:00
345-ws,fjitv83,https://345.lishuhang.com/fjitv166.m3u8,http_error,502,https://345.lishuhang.com/fjitv166.m3u8,text/plain; charset=utf-8,3343.8,72,none,0,0,False,[],[],,2026-08-15T14:41:24+00:00
345-ws,fjitv83,https://345.lishuhang.com/hlitv46.m3u8,request_exception,,,,,0,none,0,0,False,[],[],"HTTPSConnectionPool(host='345.lishuhang.com', port=443): Read timed out. (read timeout=8.0)",2026-08-15T14:41:25+00:00
345-ws,fjitv83,https://345.lishuhang.com/ipv693.m3u8,http_error,502,https://345.lishuhang.com/ipv693.m3u8,text/plain; charset=utf-8,2519.7,87,none,0,0,False,[],[],,2026-08-15T14:41:25+00:00
345-ws,fjitv83,https://345.lishuhang.com/itv69.m3u8,request_exception,,,,,0,none,0,0,False,[],[],"HTTPSConnectionPool(host='345.lishuhang.com', port=443): Read timed out. (read timeout=8.0)",2026-08-15T14:41:25+00:00
345-ws,fjitv83,https://345.lishuhang.com/migu58.m3u8,http_error,502,https://345.lishuhang.com/migu58.m3u8,text/plain; charset=utf-8,3624.7,102,none,0,0,False,[],[],,2026-08-15T14:41:25+00:00
345-ws,fjitv83,https://345.lishuhang.com/ws33.m3u8,request_exception,,,,,0,none,0,0,False,[],[],"HTTPSConnectionPool(host='345.lishuhang.com', port=443): Read timed out. (read timeout=8.0)",2026-08-15T14:41:26+00:00
345-ws,hlitv73,https://345.lishuhang.com/hlitv73.m3u8,request_exception,,,,,0,none,0,0,False,[],[],"HTTPSConnectionPool(host='345.lishuhang.com', port=443): Read timed out. (read timeout=8.0)",2026-08-15T14:41:26+00:00
345-ws,hlitv73,https://345.lishuhang.com/ws39.m3u8,http_error,502,https://345.lishuhang.com/ws39.m3u8,text/plain; charset=utf-8,3268.4,102,none,0,0,False,[],[],,2026-08-15T14:41:26+00:00
345-ws,fjitv13,https://345.lishuhang.com/fjitv13.m3u8,http_error,502,https://345.lishuhang.com/fjitv13.m3u8,text/plain; charset=utf-8,3152.0,72,none,0,0,False,[],[],,2026-08-15T14:41:27+00:00
345-ws,fjitv13,https://345.lishuhang.com/fjitv70.m3u8,http_error,502,https://345.lishuhang.com/fjitv70.m3u8,text/plain; charset=utf-8,3003.4,72,none,0,0,False,[],[],,2026-08-15T14:41:28+00:00
345-ws,fjitv13,https://345.lishuhang.com/fjitv161.m3u8,http_error,502,https://345.lishuhang.com/fjitv161.m3u8,text/plain; charset=utf-8,3190.8,72,none,0,0,False,[],[],,2026-08-15T14:41:28+00:00
345-ws,fjitv13,https://345.lishuhang.com/fjitv226.m3u8,http_error,502,https://345.lishuhang.com/fjitv226.m3u8,text/plain; charset=utf-8,3380.1,72,none,0,0,False,[],[],,2026-08-15T14:41:28+00:00
345-ws,fjitv13,https://345.lishuhang.com/hlitv45.m3u8,request_exception,,,,,0,none,0,0,False,[],[],"HTTPSConnectionPool(host='345.lishuhang.com', port=443): Read timed out. (read timeout=8.0)",2026-08-15T14:41:29+00:00
345-ws,fjitv13,https://345.lishuhang.com/hlitv141.m3u8,request_exception,,,,,0,none,0,0,False,[],[],"HTTPSConnectionPool(host='345.lishuhang.com', port=443): Read timed out. (read timeout=8.0)",2026-08-15T14:41:29+00:00
345-ws,fjitv13,https://345.lishuhang.com/ipv636.m3u8,http_error,502,https://345.lishuhang.com/ipv636.m3u8,text/plain; charset=utf-8,2597.7,87,none,0,0,False,[],[],,2026-08-15T14:41:30+00:00
345-ws,fjitv13,https://345.lishuhang.com/ipv670.m3u8,http_error,502,https://345.lishuhang.com/ipv670.m3u8,text/plain; charset=utf-8,2503.7,87,none,0,0,False,[],[],,2026-08-15T14:41:30+00:00
345-ws,fjitv13,https://345.lishuhang.com/itv44.m3u8,not_hls,200,https://345.lishuhang.com/itv44.m3u8,application/vnd.apple.mpegurl,4350.8,3,none,0,0,False,[],[],,2026-08-15T14:41:30+00:00
345-ws,fjitv13,https://345.lishuhang.com/migu42.m3u8,http_error,502,https://345.lishuhang.com/migu42.m3u8,text/plain; charset=utf-8,3850.6,102,none,0,0,False,[],[],,2026-08-15T14:41:30+00:00
345-ws,fjitv13,https://345.lishuhang.com/ws8.m3u8,http_error,502,https://345.lishuhang.com/ws8.m3u8,text/plain; charset=utf-8,6716.8,75,none,0,0,False,[],[],,2026-08-15T14:41:31+00:00
345-ws,fjitv22,https://345.lishuhang.com/fjitv22.m3u8,http_error,502,https://345.lishuhang.com/fjitv22.m3u8,text/plain; charset=utf-8,3498.3,72,none,0,0,False,[],[],,2026-08-15T14:41:31+00:00
345-ws,fjitv22,https://345.lishuhang.com/fjitv42.m3u8,http_error,502,https://345.lishuhang.com/fjitv42.m3u8,text/plain; charset=utf-8,3470.7,72,none,0,0,False,[],[],,2026-08-15T14:41:31+00:00
345-ws,fjitv22,https://345.lishuhang.com/hlitv44.m3u8,request_exception,,,,,0,none,0,0,False,[],[],"HTTPSConnectionPool(host='345.lishuhang.com', port=443): Read timed out. (read timeout=8.0)",2026-08-15T14:41:31+00:00
345-ws,fjitv22,https://345.lishuhang.com/hlitv64.m3u8,request_exception,,,,,0,none,0,0,False,[],[],"HTTPSConnectionPool(host='345.lishuhang.com', port=443): Read timed out. (read timeout=8.0)",2026-08-15T14:41:31+00:00
345-ws,fjitv22,https://345.lishuhang.com/hlitv118.m3u8,request_exception,,,,,0,none,0,0,False,[],[],"HTTPSConnectionPool(host='345.lishuhang.com', port=443): Read timed out. (read timeout=8.0)",2026-08-15T14:41:32+00:00
345-ws,fjitv22,https://345.lishuhang.com/hlitv151.m3u8,request_exception,,,,,0,none,0,0,False,[],[],"HTTPSConnectionPool(host='345.lishuhang.com', port=443): Read timed out. (read timeout=8.0)",2026-08-15T14:41:32+00:00
345-ws,fjitv22,https://345.lishuhang.com/ipv643.m3u8,http_error,502,https://345.lishuhang.com/ipv643.m3u8,text/plain; charset=utf-8,2544.2,87,none,0,0,False,[],[],,2026-08-15T14:41:32+00:00
345-ws,fjitv22,https://345.lishuhang.com/ipv672.m3u8,http_error,502,https://345.lishuhang.com/ipv672.m3u8,text/plain; charset=utf-8,2589.3,87,none,0,0,False,[],[],,2026-08-15T14:41:34+00:00
345-ws,fjitv22,https://345.lishuhang.com/itv52.m3u8,not_hls,200,https://345.lishuhang.com/itv52.m3u8,application/vnd.apple.mpegurl,4693.4,3,none,0,0,False,[],[],,2026-08-15T14:41:34+00:00
345-ws,fjitv22,https://345.lishuhang.com/migu53.m3u8,http_error,502,https://345.lishuhang.com/migu53.m3u8,text/plain; charset=utf-8,3577.5,102,none,0,0,False,[],[],,2026-08-15T14:41:34+00:00
345-ws,fjitv22,https://345.lishuhang.com/ws16.m3u8,request_exception,,,,,0,none,0,0,False,[],[],"HTTPSConnectionPool(host='345.lishuhang.com', port=443): Read timed out. (read timeout=8.0)",2026-08-15T14:41:35+00:00
345-ws,hlitv69,https://345.lishuhang.com/hlitv69.m3u8,request_exception,,,,,0,none,0,0,False,[],[],"HTTPSConnectionPool(host='345.lishuhang.com', port=443): Read timed out. (read timeout=8.0)",2026-08-15T14:41:35+00:00
345-ws,fjitv78,https://345.lishuhang.com/fjitv78.m3u8,http_error,502,https://345.lishuhang.com/fjitv78.m3u8,text/plain; charset=utf-8,3343.9,72,none,0,0,False,[],[],,2026-08-15T14:41:35+00:00
345-ws,fjitv78,https://345.lishuhang.com/fjitv157.m3u8,http_error,502,https://345.lishuhang.com/fjitv157.m3u8,text/plain; charset=utf-8,3543.2,72,none,0,0,False,[],[],,2026-08-15T14:41:35+00:00
345-ws,fjitv78,https://345.lishuhang.com/hlitv38.m3u8,request_exception,,,,,0,none,0,0,False,[],[],"HTTPSConnectionPool(host='345.lishuhang.com', port=443): Read timed out. (read timeout=8.0)",2026-08-15T14:41:36+00:00
345-ws,fjitv78,https://345.lishuhang.com/ipv684.m3u8,http_error,502,https://345.lishuhang.com/ipv684.m3u8,text/plain; charset=utf-8,2531.0,87,none,0,0,False,[],[],,2026-08-15T14:41:36+00:00
345-ws,fjitv78,https://345.lishuhang.com/itv64.m3u8,request_exception,,,,,0,none,0,0,False,[],[],"HTTPSConnectionPool(host='345.lishuhang.com', port=443): Read timed out. (read timeout=8.0)",2026-08-15T14:41:37+00:00
345-ws,fjitv78,https://345.lishuhang.com/migu67.m3u8,http_error,502,https://345.lishuhang.com/migu67.m3u8,text/plain; charset=utf-8,3357.0,102,none,0,0,False,[],[],,2026-08-15T14:41:37+00:00
345-ws,fjitv78,https://345.lishuhang.com/ws28.m3u8,request_exception,,,,,0,none,0,0,False,[],[],"HTTPSConnectionPool(host='345.lishuhang.com', port=443): Read timed out. (read timeout=8.0)",2026-08-15T14:41:38+00:00
345-ws,fjitv21,https://345.lishuhang.com/fjitv21.m3u8,http_error,502,https://345.lishuhang.com/fjitv21.m3u8,text/plain; charset=utf-8,3514.3,72,none,0,0,False,[],[],,2026-08-15T14:41:38+00:00
345-ws,fjitv21,https://345.lishuhang.com/fjitv44.m3u8,http_error,502,https://345.lishuhang.com/fjitv44.m3u8,text/plain; charset=utf-8,3436.8,72,none,0,0,False,[],[],,2026-08-15T14:41:38+00:00
345-ws,fjitv21,https://345.lishuhang.com/fjitv142.m3u8,http_error,502,https://345.lishuhang.com/fjitv142.m3u8,text/plain; charset=utf-8,3438.1,72,none,0,0,False,[],[],,2026-08-15T14:41:39+00:00
345-ws,fjitv21,https://345.lishuhang.com/fjitv225.m3u8,http_error,502,https://345.lishuhang.com/fjitv225.m3u8,text/plain; charset=utf-8,3224.9,72,none,0,0,False,[],[],,2026-08-15T14:41:39+00:00
345-ws,fjitv21,https://345.lishuhang.com/hlitv25.m3u8,request_exception,,,,,0,none,0,0,False,[],[],"HTTPSConnectionPool(host='345.lishuhang.com', port=443): Read timed out. (read timeout=8.0)",2026-08-15T14:41:39+00:00
345-ws,fjitv21,https://345.lishuhang.com/hlitv55.m3u8,request_exception,,,,,0,none,0,0,False,[],[],"HTTPSConnectionPool(host='345.lishuhang.com', port=443): Read timed out. (read timeout=8.0)",2026-08-15T14:41:39+00:00
345-ws,fjitv21,https://345.lishuhang.com/hlitv113.m3u8,request_exception,,,,,0,none,0,0,False,[],[],"HTTPSConnectionPool(host='345.lishuhang.com', port=443): Read timed out. (read timeout=8.0)",2026-08-15T14:41:41+00:00
345-ws,fjitv21,https://345.lishuhang.com/hlitv150.m3u8,request_exception,,,,,0,none,0,0,False,[],[],"HTTPSConnectionPool(host='345.lishuhang.com', port=443): Read timed out. (read timeout=8.0)",2026-08-15T14:41:41+00:00
345-ws,fjitv21,https://345.lishuhang.com/ipv640.m3u8,http_error,502,https://345.lishuhang.com/ipv640.m3u8,text/plain; charset=utf-8,2689.3,87,none,0,0,False,[],[],,2026-08-15T14:41:41+00:00
345-ws,fjitv21,https://345.lishuhang.com/ipv671.m3u8,http_error,502,https://345.lishuhang.com/ipv671.m3u8,text/plain; charset=utf-8,2755.7,87,none,0,0,False,[],[],,2026-08-15T14:41:42+00:00
345-ws,fjitv21,https://345.lishuhang.com/itv43.m3u8,not_hls,200,https://345.lishuhang.com/itv43.m3u8,application/vnd.apple.mpegurl,4810.7,3,none,0,0,False,[],[],,2026-08-15T14:41:42+00:00
345-ws,fjitv21,https://345.lishuhang.com/migu47.m3u8,http_error,502,https://345.lishuhang.com/migu47.m3u8,text/plain; charset=utf-8,3602.2,102,none,0,0,False,[],[],,2026-08-15T14:41:42+00:00
345-ws,fjitv21,https://345.lishuhang.com/ws7.m3u8,http_error,502,https://345.lishuhang.com/ws7.m3u8,text/plain; charset=utf-8,6928.0,75,none,0,0,False,[],[],,2026-08-15T14:41:42+00:00
345-ws,fjitv75,https://345.lishuhang.com/fjitv75.m3u8,http_error,502,https://345.lishuhang.com/fjitv75.m3u8,text/plain; charset=utf-8,3118.5,72,none,0,0,False,[],[],,2026-08-15T14:41:42+00:00
345-ws,fjitv75,https://345.lishuhang.com/fjitv154.m3u8,http_error,502,https://345.lishuhang.com/fjitv154.m3u8,text/plain; charset=utf-8,3442.4,72,none,0,0,False,[],[],,2026-08-15T14:41:42+00:00
345-ws,fjitv75,https://345.lishuhang.com/hlitv36.m3u8,request_exception,,,,,0,none,0,0,False,[],[],"HTTPSConnectionPool(host='345.lishuhang.com', port=443): Read timed out. (read timeout=8.0)",2026-08-15T14:41:44+00:00
345-ws,fjitv75,https://345.lishuhang.com/ipv650.m3u8,http_error,502,https://345.lishuhang.com/ipv650.m3u8,text/plain; charset=utf-8,2783.4,87,none,0,0,False,[],[],,2026-08-15T14:41:44+00:00
345-ws,fjitv75,https://345.lishuhang.com/ipv677.m3u8,http_error,502,https://345.lishuhang.com/ipv677.m3u8,text/plain; charset=utf-8,2548.5,87,none,0,0,False,[],[],,2026-08-15T14:41:44+00:00
345-ws,fjitv75,https://345.lishuhang.com/itv58.m3u8,not_hls,200,https://345.lishuhang.com/itv58.m3u8,application/vnd.apple.mpegurl,4248.4,3,none,0,0,False,[],[],,2026-08-15T14:41:44+00:00
345-ws,fjitv75,https://345.lishuhang.com/migu50.m3u8,http_error,502,https://345.lishuhang.com/migu50.m3u8,text/plain; charset=utf-8,3521.5,102,none,0,0,False,[],[],,2026-08-15T14:41:45+00:00
345-ws,fjitv75,https://345.lishuhang.com/ws22.m3u8,http_error,502,https://345.lishuhang.com/ws22.m3u8,text/plain; charset=utf-8,4262.7,102,none,0,0,False,[],[],,2026-08-15T14:41:45+00:00
345-ws,fjitv91,https://345.lishuhang.com/fjitv91.m3u8,http_error,502,https://345.lishuhang.com/fjitv91.m3u8,text/plain; charset=utf-8,3437.1,72,none,0,0,False,[],[],,2026-08-15T14:41:46+00:00
345-ws,fjitv91,https://345.lishuhang.com/fjitv173.m3u8,http_error,502,https://345.lishuhang.com/fjitv173.m3u8,text/plain; charset=utf-8,3361.9,72,none,0,0,False,[],[],,2026-08-15T14:41:46+00:00
345-ws,fjitv91,https://345.lishuhang.com/hlitv74.m3u8,request_exception,,,,,0,none,0,0,False,[],[],"HTTPSConnectionPool(host='345.lishuhang.com', port=443): Read timed out. (read timeout=8.0)",2026-08-15T14:41:47+00:00
345-ws,fjitv91,https://345.lishuhang.com/itv71.m3u8,http_error,502,https://345.lishuhang.com/itv71.m3u8,text/plain; charset=utf-8,3572.1,72,none,0,0,False,[],[],,2026-08-15T14:41:47+00:00
345-ws,fjitv91,https://345.lishuhang.com/ws35.m3u8,http_error,502,https://345.lishuhang.com/ws35.m3u8,text/plain; charset=utf-8,3349.6,102,none,0,0,False,[],[],,2026-08-15T14:41:47+00:00
345-ws,ipv697,https://345.lishuhang.com/ipv697.m3u8,http_error,502,https://345.lishuhang.com/ipv697.m3u8,text/plain; charset=utf-8,2858.2,87,none,0,0,False,[],[],,2026-08-15T14:41:47+00:00
345-ws,ipv697,https://345.lishuhang.com/itv70.m3u8,http_error,502,https://345.lishuhang.com/itv70.m3u8,text/plain; charset=utf-8,5722.8,72,none,0,0,False,[],[],,2026-08-15T14:41:48+00:00
345-ws,ipv697,https://345.lishuhang.com/ws34.m3u8,http_error,502,https://345.lishuhang.com/ws34.m3u8,text/plain; charset=utf-8,4345.4,102,none,0,0,False,[],[],,2026-08-15T14:41:49+00:00
345-ws,fjitv87,https://345.lishuhang.com/fjitv87.m3u8,http_error,502,https://345.lishuhang.com/fjitv87.m3u8,text/plain; charset=utf-8,3509.3,72,none,0,0,False,[],[],,2026-08-15T14:41:49+00:00
345-ws,fjitv87,https://345.lishuhang.com/fjitv169.m3u8,http_error,502,https://345.lishuhang.com/fjitv169.m3u8,text/plain; charset=utf-8,3385.2,72,none,0,0,False,[],[],,2026-08-15T14:41:49+00:00
345-ws,fjitv87,https://345.lishuhang.com/hlitv49.m3u8,request_exception,,,,,0,none,0,0,False,[],[],"HTTPSConnectionPool(host='345.lishuhang.com', port=443): Read timed out. (read timeout=8.0)",2026-08-15T14:41:49+00:00
345-ws,fjitv87,https://345.lishuhang.com/ipv687.m3u8,http_error,502,https://345.lishuhang.com/ipv687.m3u8,text/plain; charset=utf-8,2674.0,87,none,0,0,False,[],[],,2026-08-15T14:41:49+00:00
345-ws,fjitv87,https://345.lishuhang.com/itv67.m3u8,segment_failure,200,https://345.lishuhang.com/itv67.m3u8,application/vnd.apple.mpegurl,5386.2,851,media,1,0,False,[404],[499.2],,2026-08-15T14:41:49+00:00
345-ws,fjitv87,https://345.lishuhang.com/migu55.m3u8,http_error,502,https://345.lishuhang.com/migu55.m3u8,text/plain; charset=utf-8,3412.2,102,none,0,0,False,[],[],,2026-08-15T14:41:49+00:00
345-ws,fjitv87,https://345.lishuhang.com/ws31.m3u8,request_exception,,,,,0,none,0,0,False,[],[],"HTTPSConnectionPool(host='345.lishuhang.com', port=443): Read timed out. (read timeout=8.0)",2026-08-15T14:41:50+00:00
345-ws,fjitv90,https://345.lishuhang.com/fjitv90.m3u8,http_error,502,https://345.lishuhang.com/fjitv90.m3u8,text/plain; charset=utf-8,3253.6,72,none,0,0,False,[],[],,2026-08-15T14:41:50+00:00
345-ws,fjitv90,https://345.lishuhang.com/fjitv172.m3u8,http_error,502,https://345.lishuhang.com/fjitv172.m3u8,text/plain; charset=utf-8,3859.2,72,none,0,0,False,[],[],,2026-08-15T14:41:50+00:00
345-ws,fjitv90,https://345.lishuhang.com/hlitv53.m3u8,request_exception,,,,,0,none,0,0,False,[],[],"HTTPSConnectionPool(host='345.lishuhang.com', port=443): Read timed out. (read timeout=8.0)",2026-08-15T14:41:50+00:00
345-ws,fjitv14,https://345.lishuhang.com/fjitv14.m3u8,http_error,502,https://345.lishuhang.com/fjitv14.m3u8,text/plain; charset=utf-8,3538.0,72,none,0,0,False,[],[],,2026-08-15T14:41:51+00:00
345-ws,fjitv14,https://345.lishuhang.com/fjitv43.m3u8,http_error,502,https://345.lishuhang.com/fjitv43.m3u8,text/plain; charset=utf-8,3376.7,72,none,0,0,False,[],[],,2026-08-15T14:41:51+00:00
345-ws,fjitv14,https://345.lishuhang.com/fjitv164.m3u8,http_error,502,https://345.lishuhang.com/fjitv164.m3u8,text/plain; charset=utf-8,3378.0,72,none,0,0,False,[],[],,2026-08-15T14:41:52+00:00
345-ws,fjitv14,https://345.lishuhang.com/fjitv213.m3u8,http_error,502,https://345.lishuhang.com/fjitv213.m3u8,text/plain; charset=utf-8,3516.3,72,none,0,0,False,[],[],,2026-08-15T14:41:52+00:00
345-ws,fjitv14,https://345.lishuhang.com/hlitv27.m3u8,request_exception,,,,,0,none,0,0,False,[],[],"HTTPSConnectionPool(host='345.lishuhang.com', port=443): Read timed out. (read timeout=8.0)",2026-08-15T14:41:52+00:00
345-ws,fjitv14,https://345.lishuhang.com/hlitv58.m3u8,request_exception,,,,,0,none,0,0,False,[],[],"HTTPSConnectionPool(host='345.lishuhang.com', port=443): Read timed out. (read timeout=8.0)",2026-08-15T14:41:52+00:00
345-ws,fjitv14,https://345.lishuhang.com/hlitv112.m3u8,request_exception,,,,,0,none,0,0,False,[],[],"HTTPSConnectionPool(host='345.lishuhang.com', port=443): Read timed out. (read timeout=8.0)",2026-08-15T14:41:53+00:00
345-ws,fjitv14,https://345.lishuhang.com/ipv634.m3u8,http_error,502,https://345.lishuhang.com/ipv634.m3u8,text/plain; charset=utf-8,2834.9,87,none,0,0,False,[],[],,2026-08-15T14:41:53+00:00
345-ws,fjitv14,https://345.lishuhang.com/ipv667.m3u8,http_error,502,https://345.lishuhang.com/ipv667.m3u8,text/plain; charset=utf-8,2646.5,87,none,0,0,False,[],[],,2026-08-15T14:41:53+00:00
345-ws,fjitv14,https://345.lishuhang.com/itv38.m3u8,not_hls,200,https://345.lishuhang.com/itv38.m3u8,application/vnd.apple.mpegurl,7626.9,3,none,0,0,False,[],[],,2026-08-15T14:41:54+00:00
345-ws,fjitv14,https://345.lishuhang.com/migu46.m3u8,http_error,502,https://345.lishuhang.com/migu46.m3u8,text/plain; charset=utf-8,3374.8,102,none,0,0,False,[],[],,2026-08-15T14:41:54+00:00
345-ws,fjitv14,https://345.lishuhang.com/ws2.m3u8,http_error,502,https://345.lishuhang.com/ws2.m3u8,text/plain; charset=utf-8,6069.4,75,none,0,0,False,[],[],,2026-08-15T14:41:54+00:00
345-ws,fjitv40,https://345.lishuhang.com/fjitv40.m3u8,http_error,502,https://345.lishuhang.com/fjitv40.m3u8,text/plain; charset=utf-8,3215.9,72,none,0,0,False,[],[],,2026-08-15T14:41:54+00:00
345-ws,fjitv40,https://345.lishuhang.com/fjitv41.m3u8,http_error,502,https://345.lishuhang.com/fjitv41.m3u8,text/plain; charset=utf-8,3370.5,72,none,0,0,False,[],[],,2026-08-15T14:41:55+00:00
345-ws,fjitv40,https://345.lishuhang.com/fjitv152.m3u8,http_error,502,https://345.lishuhang.com/fjitv152.m3u8,text/plain; charset=utf-8,3365.7,72,none,0,0,False,[],[],,2026-08-15T14:41:55+00:00
345-ws,fjitv40,https://345.lishuhang.com/fjitv175.m3u8,http_error,502,https://345.lishuhang.com/fjitv175.m3u8,text/plain; charset=utf-8,3178.6,72,none,0,0,False,[],[],,2026-08-15T14:41:56+00:00
345-ws,fjitv40,https://345.lishuhang.com/hlitv29.m3u8,request_exception,,,,,0,none,0,0,False,[],[],"HTTPSConnectionPool(host='345.lishuhang.com', port=443): Read timed out. (read timeout=8.0)",2026-08-15T14:41:56+00:00
345-ws,fjitv40,https://345.lishuhang.com/hlitv56.m3u8,request_exception,,,,,0,none,0,0,False,[],[],"HTTPSConnectionPool(host='345.lishuhang.com', port=443): Read timed out. (read timeout=8.0)",2026-08-15T14:41:56+00:00
345-ws,fjitv40,https://345.lishuhang.com/ipv648.m3u8,http_error,502,https://345.lishuhang.com/ipv648.m3u8,text/plain; charset=utf-8,2547.2,87,none,0,0,False,[],[],,2026-08-15T14:41:56+00:00
345-ws,fjitv40,https://345.lishuhang.com/ipv690.m3u8,http_error,502,https://345.lishuhang.com/ipv690.m3u8,text/plain; charset=utf-8,2797.7,87,none,0,0,False,[],[],,2026-08-15T14:41:58+00:00
345-ws,fjitv40,https://345.lishuhang.com/itv49.m3u8,not_hls,200,https://345.lishuhang.com/itv49.m3u8,application/vnd.apple.mpegurl,4444.8,3,none,0,0,False,[],[],,2026-08-15T14:41:58+00:00
345-ws,fjitv40,https://345.lishuhang.com/migu63.m3u8,http_error,502,https://345.lishuhang.com/migu63.m3u8,text/plain; charset=utf-8,3423.7,102,none,0,0,False,[],[],,2026-08-15T14:41:58+00:00
345-ws,fjitv40,https://345.lishuhang.com/ws13.m3u8,request_exception,,,,,0,none,0,0,False,[],[],"HTTPSConnectionPool(host='345.lishuhang.com', port=443): Read timed out. (read timeout=8.0)",2026-08-15T14:41:58+00:00
345-ws,fjitv155,https://345.lishuhang.com/fjitv155.m3u8,http_error,502,https://345.lishuhang.com/fjitv155.m3u8,text/plain; charset=utf-8,3274.8,72,none,0,0,False,[],[],,2026-08-15T14:41:59+00:00
345-ws,fjitv155,https://345.lishuhang.com/hlitv37.m3u8,request_exception,,,,,0,none,0,0,False,[],[],"HTTPSConnectionPool(host='345.lishuhang.com', port=443): Read timed out. (read timeout=8.0)",2026-08-15T14:41:59+00:00
345-ws,fjitv155,https://345.lishuhang.com/ipv647.m3u8,http_error,502,https://345.lishuhang.com/ipv647.m3u8,text/plain; charset=utf-8,2895.7,87,none,0,0,False,[],[],,2026-08-15T14:41:59+00:00
345-ws,fjitv155,https://345.lishuhang.com/ipv678.m3u8,http_error,502,https://345.lishuhang.com/ipv678.m3u8,text/plain; charset=utf-8,2452.4,87,none,0,0,False,[],[],,2026-08-15T14:41:59+00:00
345-ws,fjitv155,https://345.lishuhang.com/itv46.m3u8,not_hls,200,https://345.lishuhang.com/itv46.m3u8,application/vnd.apple.mpegurl,7814.4,3,none,0,0,False,[],[],,2026-08-15T14:42:00+00:00
345-ws,fjitv155,https://345.lishuhang.com/migu69.m3u8,http_error,502,https://345.lishuhang.com/migu69.m3u8,text/plain; charset=utf-8,3747.4,102,none,0,0,False,[],[],,2026-08-15T14:42:00+00:00
345-ws,fjitv155,https://345.lishuhang.com/ws10.m3u8,http_error,502,https://345.lishuhang.com/ws10.m3u8,text/plain; charset=utf-8,4017.7,102,none,0,0,False,[],[],,2026-08-15T14:42:00+00:00
345-ws,fjitv80,https://345.lishuhang.com/fjitv80.m3u8,http_error,502,https://345.lishuhang.com/fjitv80.m3u8,text/plain; charset=utf-8,3137.3,72,none,0,0,False,[],[],,2026-08-15T14:42:01+00:00
345-ws,fjitv80,https://345.lishuhang.com/fjitv160.m3u8,http_error,502,https://345.lishuhang.com/fjitv160.m3u8,text/plain; charset=utf-8,3008.1,72,none,0,0,False,[],[],,2026-08-15T14:42:02+00:00
345-ws,fjitv80,https://345.lishuhang.com/fjitv201.m3u8,http_error,502,https://345.lishuhang.com/fjitv201.m3u8,text/plain; charset=utf-8,3466.2,72,none,0,0,False,[],[],,2026-08-15T14:42:02+00:00
345-ws,fjitv80,https://345.lishuhang.com/ipv649.m3u8,http_error,502,https://345.lishuhang.com/ipv649.m3u8,text/plain; charset=utf-8,2866.3,87,none,0,0,False,[],[],,2026-08-15T14:42:02+00:00
345-ws,fjitv80,https://345.lishuhang.com/ipv674.m3u8,http_error,502,https://345.lishuhang.com/ipv674.m3u8,text/plain; charset=utf-8,2839.0,87,none,0,0,False,[],[],,2026-08-15T14:42:02+00:00
345-ws,fjitv80,https://345.lishuhang.com/itv59.m3u8,not_hls,200,https://345.lishuhang.com/itv59.m3u8,application/vnd.apple.mpegurl,6933.7,3,none,0,0,False,[],[],,2026-08-15T14:42:02+00:00
345-ws,fjitv80,https://345.lishuhang.com/migu52.m3u8,http_error,502,https://345.lishuhang.com/migu52.m3u8,text/plain; charset=utf-8,3844.9,102,none,0,0,False,[],[],,2026-08-15T14:42:02+00:00
345-ws,fjitv80,https://345.lishuhang.com/ws23.m3u8,http_error,502,https://345.lishuhang.com/ws23.m3u8,text/plain; charset=utf-8,3522.6,102,none,0,0,False,[],[],,2026-08-15T14:42:02+00:00
345-ws,fjitv15,https://345.lishuhang.com/fjitv15.m3u8,http_error,502,https://345.lishuhang.com/fjitv15.m3u8,text/plain; charset=utf-8,3223.0,72,none,0,0,False,[],[],,2026-08-15T14:42:03+00:00
345-ws,fjitv15,https://345.lishuhang.com/fjitv36.m3u8,http_error,502,https://345.lishuhang.com/fjitv36.m3u8,text/plain; charset=utf-8,3325.0,72,none,0,0,False,[],[],,2026-08-15T14:42:04+00:00
345-ws,fjitv15,https://345.lishuhang.com/fjitv143.m3u8,http_error,502,https://345.lishuhang.com/fjitv143.m3u8,text/plain; charset=utf-8,3154.2,72,none,0,0,False,[],[],,2026-08-15T14:42:04+00:00
345-ws,fjitv15,https://345.lishuhang.com/fjitv217.m3u8,http_error,502,https://345.lishuhang.com/fjitv217.m3u8,text/plain; charset=utf-8,2997.8,72,none,0,0,False,[],[],,2026-08-15T14:42:04+00:00
345-ws,fjitv15,https://345.lishuhang.com/hlitv26.m3u8,request_exception,,,,,0,none,0,0,False,[],[],"HTTPSConnectionPool(host='345.lishuhang.com', port=443): Read timed out. (read timeout=8.0)",2026-08-15T14:42:05+00:00
345-ws,fjitv15,https://345.lishuhang.com/hlitv57.m3u8,request_exception,,,,,0,none,0,0,False,[],[],"HTTPSConnectionPool(host='345.lishuhang.com', port=443): Read timed out. (read timeout=8.0)",2026-08-15T14:42:05+00:00
345-ws,fjitv15,https://345.lishuhang.com/hlitv111.m3u8,request_exception,,,,,0,none,0,0,False,[],[],"HTTPSConnectionPool(host='345.lishuhang.com', port=443): Read timed out. (read timeout=8.0)",2026-08-15T14:42:05+00:00
345-ws,fjitv15,https://345.lishuhang.com/ipv633.m3u8,http_error,502,https://345.lishuhang.com/ipv633.m3u8,text/plain; charset=utf-8,2777.0,87,none,0,0,False,[],[],,2026-08-15T14:42:05+00:00
345-ws,fjitv15,https://345.lishuhang.com/ipv665.m3u8,http_error,502,https://345.lishuhang.com/ipv665.m3u8,text/plain; charset=utf-8,2766.8,87,none,0,0,False,[],[],,2026-08-15T14:42:06+00:00
345-ws,fjitv15,https://345.lishuhang.com/itv39.m3u8,not_hls,200,https://345.lishuhang.com/itv39.m3u8,application/vnd.apple.mpegurl,4719.2,3,none,0,0,False,[],[],,2026-08-15T14:42:06+00:00
345-ws,fjitv15,https://345.lishuhang.com/migu39.m3u8,http_error,502,https://345.lishuhang.com/migu39.m3u8,text/plain; charset=utf-8,3393.4,102,none,0,0,False,[],[],,2026-08-15T14:42:06+00:00
345-ws,fjitv15,https://345.lishuhang.com/ws3.m3u8,http_error,502,https://345.lishuhang.com/ws3.m3u8,text/plain; charset=utf-8,6900.5,75,none,0,0,False,[],[],,2026-08-15T14:42:06+00:00
345-ws,ipv652,https://345.lishuhang.com/ipv652.m3u8,http_error,502,https://345.lishuhang.com/ipv652.m3u8,text/plain; charset=utf-8,2846.2,87,none,0,0,False,[],[],,2026-08-15T14:42:06+00:00
345-ws,ipv652,https://345.lishuhang.com/ipv699.m3u8,http_error,502,https://345.lishuhang.com/ipv699.m3u8,text/plain; charset=utf-8,2814.6,87,none,0,0,False,[],[],,2026-08-15T14:42:07+00:00
345-ws,ipv652,https://345.lishuhang.com/itv51.m3u8,not_hls,200,https://345.lishuhang.com/itv51.m3u8,application/vnd.apple.mpegurl,4148.2,3,none,0,0,False,[],[],,2026-08-15T14:42:07+00:00
345-ws,ipv652,https://345.lishuhang.com/migu57.m3u8,http_error,502,https://345.lishuhang.com/migu57.m3u8,text/plain; charset=utf-8,3453.4,102,none,0,0,False,[],[],,2026-08-15T14:42:08+00:00
345-ws,ipv652,https://345.lishuhang.com/ws15.m3u8,http_error,502,https://345.lishuhang.com/ws15.m3u8,text/plain; charset=utf-8,4674.5,102,none,0,0,False,[],[],,2026-08-15T14:42:08+00:00
345-ws,fjitv33,https://345.lishuhang.com/fjitv33.m3u8,http_error,502,https://345.lishuhang.com/fjitv33.m3u8,text/plain; charset=utf-8,3479.8,72,none,0,0,False,[],[],,2026-08-15T14:42:08+00:00
345-ws,fjitv33,https://345.lishuhang.com/fjitv82.m3u8,http_error,502,https://345.lishuhang.com/fjitv82.m3u8,text/plain; charset=utf-8,3323.5,72,none,0,0,False,[],[],,2026-08-15T14:42:08+00:00
345-ws,fjitv33,https://345.lishuhang.com/fjitv165.m3u8,http_error,502,https://345.lishuhang.com/fjitv165.m3u8,text/plain; charset=utf-8,3452.5,72,none,0,0,False,[],[],,2026-08-15T14:42:08+00:00
345-ws,fjitv33,https://345.lishuhang.com/fjitv221.m3u8,http_error,502,https://345.lishuhang.com/fjitv221.m3u8,text/plain; charset=utf-8,3356.6,72,none,0,0,False,[],[],,2026-08-15T14:42:09+00:00
345-ws,fjitv33,https://345.lishuhang.com/hlitv28.m3u8,request_exception,,,,,0,none,0,0,False,[],[],"HTTPSConnectionPool(host='345.lishuhang.com', port=443): Read timed out. (read timeout=8.0)",2026-08-15T14:42:09+00:00
345-ws,fjitv33,https://345.lishuhang.com/hlitv59.m3u8,request_exception,,,,,0,none,0,0,False,[],[],"HTTPSConnectionPool(host='345.lishuhang.com', port=443): Read timed out. (read timeout=8.0)",2026-08-15T14:42:09+00:00
345-ws,fjitv33,https://345.lishuhang.com/hlitv117.m3u8,request_exception,,,,,0,none,0,0,False,[],[],"HTTPSConnectionPool(host='345.lishuhang.com', port=443): Read timed out. (read timeout=8.0)",2026-08-15T14:42:09+00:00
345-ws,fjitv33,https://345.lishuhang.com/hlitv153.m3u8,request_exception,,,,,0,none,0,0,False,[],[],"HTTPSConnectionPool(host='345.lishuhang.com', port=443): Read timed out. (read timeout=8.0)",2026-08-15T14:42:10+00:00
345-ws,fjitv33,https://345.lishuhang.com/ipv639.m3u8,http_error,502,https://345.lishuhang.com/ipv639.m3u8,text/plain; charset=utf-8,2600.1,87,none,0,0,False,[],[],,2026-08-15T14:42:11+00:00
345-ws,fjitv33,https://345.lishuhang.com/ipv673.m3u8,http_error,502,https://345.lishuhang.com/ipv673.m3u8,text/plain; charset=utf-8,2620.5,87,none,0,0,False,[],[],,2026-08-15T14:42:11+00:00
345-ws,fjitv33,https://345.lishuhang.com/itv42.m3u8,not_hls,200,https://345.lishuhang.com/itv42.m3u8,application/vnd.apple.mpegurl,5127.6,3,none,0,0,False,[],[],,2026-08-15T14:42:12+00:00
345-ws,fjitv33,https://345.lishuhang.com/migu48.m3u8,http_error,502,https://345.lishuhang.com/migu48.m3u8,text/plain; charset=utf-8,3860.4,102,none,0,0,False,[],[],,2026-08-15T14:42:12+00:00
345-ws,fjitv33,https://345.lishuhang.com/ws6.m3u8,http_error,502,https://345.lishuhang.com/ws6.m3u8,text/plain; charset=utf-8,7367.4,75,none,0,0,False,[],[],,2026-08-15T14:42:12+00:00
345-ws,fjitv34,https://345.lishuhang.com/fjitv34.m3u8,http_error,502,https://345.lishuhang.com/fjitv34.m3u8,text/plain; charset=utf-8,3351.1,72,none,0,0,False,[],[],,2026-08-15T14:42:12+00:00
345-ws,fjitv34,https://345.lishuhang.com/fjitv35.m3u8,http_error,502,https://345.lishuhang.com/fjitv35.m3u8,text/plain; charset=utf-8,3325.8,72,none,0,0,False,[],[],,2026-08-15T14:42:12+00:00
345-ws,fjitv34,https://345.lishuhang.com/fjitv76.m3u8,http_error,502,https://345.lishuhang.com/fjitv76.m3u8,text/plain; charset=utf-8,3180.7,72,none,0,0,False,[],[],,2026-08-15T14:42:13+00:00
345-ws,fjitv34,https://345.lishuhang.com/fjitv158.m3u8,http_error,502,https://345.lishuhang.com/fjitv158.m3u8,text/plain; charset=utf-8,3497.9,72,none,0,0,False,[],[],,2026-08-15T14:42:13+00:00
345-ws,fjitv34,https://345.lishuhang.com/fjitv228.m3u8,http_error,502,https://345.lishuhang.com/fjitv228.m3u8,text/plain; charset=utf-8,3261.6,72,none,0,0,False,[],[],,2026-08-15T14:42:13+00:00
345-ws,fjitv34,https://345.lishuhang.com/fjitv301.m3u8,http_error,502,https://345.lishuhang.com/fjitv301.m3u8,text/plain; charset=utf-8,3522.0,72,none,0,0,False,[],[],,2026-08-15T14:42:14+00:00
345-ws,fjitv34,https://345.lishuhang.com/hlitv41.m3u8,request_exception,,,,,0,none,0,0,False,[],[],"HTTPSConnectionPool(host='345.lishuhang.com', port=443): Read timed out. (read timeout=8.0)",2026-08-15T14:42:15+00:00
345-ws,fjitv34,https://345.lishuhang.com/hlitv63.m3u8,request_exception,,,,,0,none,0,0,False,[],[],"HTTPSConnectionPool(host='345.lishuhang.com', port=443): Read timed out. (read timeout=8.0)",2026-08-15T14:42:15+00:00
345-ws,fjitv34,https://345.lishuhang.com/hlitv119.m3u8,request_exception,,,,,0,none,0,0,False,[],[],"HTTPSConnectionPool(host='345.lishuhang.com', port=443): Read timed out. (read timeout=8.0)",2026-08-15T14:42:15+00:00
345-ws,fjitv34,https://345.lishuhang.com/ipv642.m3u8,http_error,502,https://345.lishuhang.com/ipv642.m3u8,text/plain; charset=utf-8,2801.6,87,none,0,0,False,[],[],,2026-08-15T14:42:15+00:00
345-ws,fjitv34,https://345.lishuhang.com/ipv669.m3u8,http_error,502,https://345.lishuhang.com/ipv669.m3u8,text/plain; charset=utf-8,2687.5,87,none,0,0,False,[],[],,2026-08-15T14:42:15+00:00
345-ws,fjitv34,https://345.lishuhang.com/itv48.m3u8,request_exception,,,,,0,none,0,0,False,[],[],"HTTPSConnectionPool(host='345.lishuhang.com', port=443): Read timed out. (read timeout=8.0)",2026-08-15T14:42:15+00:00
345-ws,fjitv34,https://345.lishuhang.com/migu43.m3u8,http_error,502,https://345.lishuhang.com/migu43.m3u8,text/plain; charset=utf-8,3573.9,102,none,0,0,False,[],[],,2026-08-15T14:42:16+00:00
345-ws,fjitv34,https://345.lishuhang.com/ws12.m3u8,request_exception,,,,,0,none,0,0,False,[],[],"HTTPSConnectionPool(host='345.lishuhang.com', port=443): Read timed out. (read timeout=8.0)",2026-08-15T14:42:16+00:00
345-ws,fjitv16,https://345.lishuhang.com/fjitv16.m3u8,http_error,502,https://345.lishuhang.com/fjitv16.m3u8,text/plain; charset=utf-8,3342.1,72,none,0,0,False,[],[],,2026-08-15T14:42:16+00:00
345-ws,fjitv16,https://345.lishuhang.com/fjitv38.m3u8,http_error,502,https://345.lishuhang.com/fjitv38.m3u8,text/plain; charset=utf-8,3418.9,72,none,0,0,False,[],[],,2026-08-15T14:42:17+00:00
345-ws,fjitv16,https://345.lishuhang.com/fjitv145.m3u8,http_error,502,https://345.lishuhang.com/fjitv145.m3u8,text/plain; charset=utf-8,3316.6,72,none,0,0,False,[],[],,2026-08-15T14:42:17+00:00
345-ws,fjitv16,https://345.lishuhang.com/fjitv218.m3u8,http_error,502,https://345.lishuhang.com/fjitv218.m3u8,text/plain; charset=utf-8,3237.8,72,none,0,0,False,[],[],,2026-08-15T14:42:18+00:00
345-ws,fjitv16,https://345.lishuhang.com/fjitv231.m3u8,http_error,502,https://345.lishuhang.com/fjitv231.m3u8,text/plain; charset=utf-8,3514.7,72,none,0,0,False,[],[],,2026-08-15T14:42:18+00:00
345-ws,fjitv16,https://345.lishuhang.com/fjitv315.m3u8,http_error,502,https://345.lishuhang.com/fjitv315.m3u8,text/plain; charset=utf-8,3336.6,72,none,0,0,False,[],[],,2026-08-15T14:42:19+00:00
345-ws,fjitv16,https://345.lishuhang.com/hlitv24.m3u8,request_exception,,,,,0,none,0,0,False,[],[],"HTTPSConnectionPool(host='345.lishuhang.com', port=443): Read timed out. (read timeout=8.0)",2026-08-15T14:42:19+00:00
345-ws,fjitv16,https://345.lishuhang.com/hlitv60.m3u8,request_exception,,,,,0,none,0,0,False,[],[],"HTTPSConnectionPool(host='345.lishuhang.com', port=443): Read timed out. (read timeout=8.0)",2026-08-15T14:42:19+00:00
345-ws,fjitv16,https://345.lishuhang.com/ipv632.m3u8,http_error,502,https://345.lishuhang.com/ipv632.m3u8,text/plain; charset=utf-8,2774.4,87,none,0,0,False,[],[],,2026-08-15T14:42:19+00:00
345-ws,fjitv16,https://345.lishuhang.com/ipv666.m3u8,http_error,502,https://345.lishuhang.com/ipv666.m3u8,text/plain; charset=utf-8,2773.3,87,none,0,0,False,[],[],,2026-08-15T14:42:19+00:00
345-ws,fjitv16,https://345.lishuhang.com/itv37.m3u8,not_hls,200,https://345.lishuhang.com/itv37.m3u8,application/vnd.apple.mpegurl,4802.1,3,none,0,0,False,[],[],,2026-08-15T14:42:20+00:00
345-ws,fjitv16,https://345.lishuhang.com/migu38.m3u8,http_error,502,https://345.lishuhang.com/migu38.m3u8,text/plain; charset=utf-8,3313.1,102,none,0,0,False,[],[],,2026-08-15T14:42:20+00:00
345-ws,fjitv16,https://345.lishuhang.com/ws1.m3u8,transport_ok,200,https://345.lishuhang.com/ws1.m3u8,application/vnd.apple.mpegurl,5151.4,475,media,1,1,False,[200],[3687.5],,2026-08-15T14:42:20+00:00
345-ws,itv252,https://345.lishuhang.com/itv252.m3u8,http_error,502,https://345.lishuhang.com/itv252.m3u8,text/plain; charset=utf-8,7622.9,72,none,0,0,False,[],[],,2026-08-15T14:42:20+00:00
345-ws,itv253,https://345.lishuhang.com/itv253.m3u8,request_exception,,,,,0,none,0,0,False,[],[],"HTTPSConnectionPool(host='345.lishuhang.com', port=443): Read timed out. (read timeout=8.0)",2026-08-15T14:42:21+00:00
345-ws,fjitv81,https://345.lishuhang.com/fjitv81.m3u8,http_error,502,https://345.lishuhang.com/fjitv81.m3u8,text/plain; charset=utf-8,3418.1,72,none,0,0,False,[],[],,2026-08-15T14:42:22+00:00
345-ws,fjitv81,https://345.lishuhang.com/fjitv162.m3u8,http_error,502,https://345.lishuhang.com/fjitv162.m3u8,text/plain; charset=utf-8,3413.7,72,none,0,0,False,[],[],,2026-08-15T14:42:22+00:00
345-ws,fjitv81,https://345.lishuhang.com/hlitv47.m3u8,request_exception,,,,,0,none,0,0,False,[],[],"HTTPSConnectionPool(host='345.lishuhang.com', port=443): Read timed out. (read timeout=8.0)",2026-08-15T14:42:22+00:00
345-ws,fjitv81,https://345.lishuhang.com/ipv694.m3u8,http_error,502,https://345.lishuhang.com/ipv694.m3u8,text/plain; charset=utf-8,2851.0,87,none,0,0,False,[],[],,2026-08-15T14:42:22+00:00
345-ws,fjitv81,https://345.lishuhang.com/itv60.m3u8,request_exception,,,,,0,none,0,0,False,[],[],"HTTPSConnectionPool(host='345.lishuhang.com', port=443): Read timed out. (read timeout=8.0)",2026-08-15T14:42:23+00:00
345-ws,fjitv81,https://345.lishuhang.com/migu59.m3u8,http_error,502,https://345.lishuhang.com/migu59.m3u8,text/plain; charset=utf-8,3758.9,102,none,0,0,False,[],[],,2026-08-15T14:42:24+00:00
345-ws,fjitv81,https://345.lishuhang.com/ws24.m3u8,http_error,502,https://345.lishuhang.com/ws24.m3u8,text/plain; charset=utf-8,4837.0,102,none,0,0,False,[],[],,2026-08-15T14:42:24+00:00
345-ws,ipv691,https://345.lishuhang.com/ipv691.m3u8,http_error,502,https://345.lishuhang.com/ipv691.m3u8,text/plain; charset=utf-8,2536.7,87,none,0,0,False,[],[],,2026-08-15T14:42:24+00:00
345-ws,fjitv89,https://345.lishuhang.com/fjitv89.m3u8,http_error,502,https://345.lishuhang.com/fjitv89.m3u8,text/plain; charset=utf-8,3298.6,72,none,0,0,False,[],[],,2026-08-15T14:42:25+00:00
345-ws,fjitv89,https://345.lishuhang.com/fjitv171.m3u8,http_error,502,https://345.lishuhang.com/fjitv171.m3u8,text/plain; charset=utf-8,3415.1,72,none,0,0,False,[],[],,2026-08-15T14:42:25+00:00
345-ws,fjitv89,https://345.lishuhang.com/hlitv52.m3u8,request_exception,,,,,0,none,0,0,False,[],[],"HTTPSConnectionPool(host='345.lishuhang.com', port=443): Read timed out. (read timeout=8.0)",2026-08-15T14:42:25+00:00
345-ws,fjitv89,https://345.lishuhang.com/ipv679.m3u8,http_error,502,https://345.lishuhang.com/ipv679.m3u8,text/plain; charset=utf-8,2490.7,87,none,0,0,False,[],[],,2026-08-15T14:42:25+00:00
345-ws,fjitv89,https://345.lishuhang.com/itv68.m3u8,request_exception,,,,,0,none,0,0,False,[],[],"HTTPSConnectionPool(host='345.lishuhang.com', port=443): Read timed out. (read timeout=8.0)",2026-08-15T14:42:25+00:00
345-ws,fjitv89,https://345.lishuhang.com/migu54.m3u8,http_error,502,https://345.lishuhang.com/migu54.m3u8,text/plain; charset=utf-8,3626.8,102,none,0,0,False,[],[],,2026-08-15T14:42:26+00:00
345-ws,fjitv89,https://345.lishuhang.com/ws32.m3u8,http_error,502,https://345.lishuhang.com/ws32.m3u8,text/plain; charset=utf-8,4518.2,102,none,0,0,False,[],[],,2026-08-15T14:42:27+00:00
345-ws,fjitv77,https://345.lishuhang.com/fjitv77.m3u8,http_error,502,https://345.lishuhang.com/fjitv77.m3u8,text/plain; charset=utf-8,3537.6,72,none,0,0,False,[],[],,2026-08-15T14:42:28+00:00
345-ws,fjitv77,https://345.lishuhang.com/fjitv156.m3u8,http_error,502,https://345.lishuhang.com/fjitv156.m3u8,text/plain; charset=utf-8,3295.5,72,none,0,0,False,[],[],,2026-08-15T14:42:28+00:00
345-ws,fjitv77,https://345.lishuhang.com/hlitv40.m3u8,request_exception,,,,,0,none,0,0,False,[],[],"HTTPSConnectionPool(host='345.lishuhang.com', port=443): Read timed out. (read timeout=8.0)",2026-08-15T14:42:28+00:00
345-ws,fjitv77,https://345.lishuhang.com/ipv653.m3u8,http_error,502,https://345.lishuhang.com/ipv653.m3u8,text/plain; charset=utf-8,2665.5,87,none,0,0,False,[],[],,2026-08-15T14:42:28+00:00
345-ws,fjitv77,https://345.lishuhang.com/ipv692.m3u8,http_error,502,https://345.lishuhang.com/ipv692.m3u8,text/plain; charset=utf-8,2720.1,87,none,0,0,False,[],[],,2026-08-15T14:42:28+00:00
345-ws,fjitv77,https://345.lishuhang.com/itv56.m3u8,not_hls,200,https://345.lishuhang.com/itv56.m3u8,application/vnd.apple.mpegurl,4970.4,3,none,0,0,False,[],[],,2026-08-15T14:42:29+00:00
345-ws,fjitv77,https://345.lishuhang.com/migu62.m3u8,http_error,502,https://345.lishuhang.com/migu62.m3u8,text/plain; charset=utf-8,3686.2,102,none,0,0,False,[],[],,2026-08-15T14:42:29+00:00
345-ws,fjitv77,https://345.lishuhang.com/ws20.m3u8,http_error,502,https://345.lishuhang.com/ws20.m3u8,text/plain; charset=utf-8,4673.4,102,none,0,0,False,[],[],,2026-08-15T14:42:29+00:00
345-ws,fjitv23,https://345.lishuhang.com/fjitv23.m3u8,http_error,502,https://345.lishuhang.com/fjitv23.m3u8,text/plain; charset=utf-8,3424.4,72,none,0,0,False,[],[],,2026-08-15T14:42:29+00:00
345-ws,fjitv23,https://345.lishuhang.com/fjitv85.m3u8,http_error,502,https://345.lishuhang.com/fjitv85.m3u8,text/plain; charset=utf-8,3236.7,72,none,0,0,False,[],[],,2026-08-15T14:42:30+00:00
345-ws,fjitv23,https://345.lishuhang.com/fjitv150.m3u8,http_error,502,https://345.lishuhang.com/fjitv150.m3u8,text/plain; charset=utf-8,3417.7,72,none,0,0,False,[],[],,2026-08-15T14:42:31+00:00
345-ws,fjitv23,https://345.lishuhang.com/fjitv227.m3u8,http_error,502,https://345.lishuhang.com/fjitv227.m3u8,text/plain; charset=utf-8,3365.1,72,none,0,0,False,[],[],,2026-08-15T14:42:31+00:00
345-ws,fjitv23,https://345.lishuhang.com/hlitv33.m3u8,request_exception,,,,,0,none,0,0,False,[],[],"HTTPSConnectionPool(host='345.lishuhang.com', port=443): Read timed out. (read timeout=8.0)",2026-08-15T14:42:31+00:00
345-ws,fjitv23,https://345.lishuhang.com/ipv638.m3u8,http_error,502,https://345.lishuhang.com/ipv638.m3u8,text/plain; charset=utf-8,2501.8,87,none,0,0,False,[],[],,2026-08-15T14:42:31+00:00
345-ws,fjitv23,https://345.lishuhang.com/ipv685.m3u8,http_error,502,https://345.lishuhang.com/ipv685.m3u8,text/plain; charset=utf-8,2691.1,87,none,0,0,False,[],[],,2026-08-15T14:42:31+00:00
345-ws,fjitv23,https://345.lishuhang.com/itv50.m3u8,not_hls,200,https://345.lishuhang.com/itv50.m3u8,application/vnd.apple.mpegurl,4892.4,3,none,0,0,False,[],[],,2026-08-15T14:42:32+00:00
345-ws,fjitv23,https://345.lishuhang.com/migu44.m3u8,http_error,502,https://345.lishuhang.com/migu44.m3u8,text/plain; charset=utf-8,3705.0,102,none,0,0,False,[],[],,2026-08-15T14:42:32+00:00
345-ws,fjitv23,https://345.lishuhang.com/ws14.m3u8,request_exception,,,,,0,none,0,0,False,[],[],"HTTPSConnectionPool(host='345.lishuhang.com', port=443): Read timed out. (read timeout=8.0)",2026-08-15T14:42:33+00:00
345-ws,fjitv24,https://345.lishuhang.com/fjitv24.m3u8,http_error,502,https://345.lishuhang.com/fjitv24.m3u8,text/plain; charset=utf-8,3482.7,72,none,0,0,False,[],[],,2026-08-15T14:42:33+00:00
345-ws,fjitv24,https://345.lishuhang.com/fjitv72.m3u8,http_error,502,https://345.lishuhang.com/fjitv72.m3u8,text/plain; charset=utf-8,3441.3,72,none,0,0,False,[],[],,2026-08-15T14:42:33+00:00
345-ws,fjitv24,https://345.lishuhang.com/fjitv149.m3u8,http_error,502,https://345.lishuhang.com/fjitv149.m3u8,text/plain; charset=utf-8,3392.8,72,none,0,0,False,[],[],,2026-08-15T14:42:33+00:00
345-ws,fjitv24,https://345.lishuhang.com/fjitv229.m3u8,http_error,502,https://345.lishuhang.com/fjitv229.m3u8,text/plain; charset=utf-8,3748.1,72,none,0,0,False,[],[],,2026-08-15T14:42:34+00:00
345-ws,fjitv24,https://345.lishuhang.com/hlitv32.m3u8,request_exception,,,,,0,none,0,0,False,[],[],"HTTPSConnectionPool(host='345.lishuhang.com', port=443): Read timed out. (read timeout=8.0)",2026-08-15T14:42:34+00:00
345-ws,fjitv24,https://345.lishuhang.com/ipv644.m3u8,http_error,502,https://345.lishuhang.com/ipv644.m3u8,text/plain; charset=utf-8,2623.7,87,none,0,0,False,[],[],,2026-08-15T14:42:34+00:00
345-ws,fjitv24,https://345.lishuhang.com/ipv695.m3u8,http_error,502,https://345.lishuhang.com/ipv695.m3u8,text/plain; charset=utf-8,2716.9,87,none,0,0,False,[],[],,2026-08-15T14:42:34+00:00
345-ws,fjitv24,https://345.lishuhang.com/itv55.m3u8,not_hls,200,https://345.lishuhang.com/itv55.m3u8,application/vnd.apple.mpegurl,4820.3,3,none,0,0,False,[],[],,2026-08-15T14:42:34+00:00
345-ws,fjitv24,https://345.lishuhang.com/migu64.m3u8,http_error,502,https://345.lishuhang.com/migu64.m3u8,text/plain; charset=utf-8,3712.4,102,none,0,0,False,[],[],,2026-08-15T14:42:35+00:00
345-ws,fjitv24,https://345.lishuhang.com/ws19.m3u8,request_exception,,,,,0,none,0,0,False,[],[],"HTTPSConnectionPool(host='345.lishuhang.com', port=443): Read timed out. (read timeout=8.0)",2026-08-15T14:42:35+00:00
345-ws,fjitv103,https://345.lishuhang.com/fjitv103.m3u8,http_error,502,https://345.lishuhang.com/fjitv103.m3u8,text/plain; charset=utf-8,3364.3,72,none,0,0,False,[],[],,2026-08-15T14:42:35+00:00
345-ws,fjitv103,https://345.lishuhang.com/fjitv177.m3u8,http_error,502,https://345.lishuhang.com/fjitv177.m3u8,text/plain; charset=utf-8,3401.6,72,none,0,0,False,[],[],,2026-08-15T14:42:36+00:00
345-ws,fjitv103,https://345.lishuhang.com/fjitv294.m3u8,http_error,502,https://345.lishuhang.com/fjitv294.m3u8,text/plain; charset=utf-8,3271.2,72,none,0,0,False,[],[],,2026-08-15T14:42:36+00:00
345-ws,fjitv103,https://345.lishuhang.com/fjitv312.m3u8,http_error,502,https://345.lishuhang.com/fjitv312.m3u8,text/plain; charset=utf-8,3440.4,72,none,0,0,False,[],[],,2026-08-15T14:42:36+00:00
345-ws,fjitv103,https://345.lishuhang.com/hlitv67.m3u8,request_exception,,,,,0,none,0,0,False,[],[],"HTTPSConnectionPool(host='345.lishuhang.com', port=443): Read timed out. (read timeout=8.0)",2026-08-15T14:42:36+00:00
345-ws,fjitv103,https://345.lishuhang.com/itv254.m3u8,segment_failure,200,https://345.lishuhang.com/itv254.m3u8,application/vnd.apple.mpegurl,5757.7,405,media,1,0,False,[400],[470.0],,2026-08-15T14:42:36+00:00
345-ws,fjitv270,https://345.lishuhang.com/fjitv270.m3u8,http_error,502,https://345.lishuhang.com/fjitv270.m3u8,text/plain; charset=utf-8,3279.1,72,none,0,0,False,[],[],,2026-08-15T14:42:37+00:00
345-ws,fjitv270,https://345.lishuhang.com/fjitv308.m3u8,http_error,502,https://345.lishuhang.com/fjitv308.m3u8,text/plain; charset=utf-8,3087.9,72,none,0,0,False,[],[],,2026-08-15T14:42:37+00:00
345-ws,fjitv270,https://345.lishuhang.com/ipv624.m3u8,http_error,502,https://345.lishuhang.com/ipv624.m3u8,text/plain; charset=utf-8,2802.2,87,none,0,0,False,[],[],,2026-08-15T14:42:37+00:00
345-ws,fjitv270,https://345.lishuhang.com/itv255.m3u8,http_error,502,https://345.lishuhang.com/itv255.m3u8,text/plain; charset=utf-8,8601.3,72,none,0,0,False,[],[],,2026-08-15T14:42:38+00:00
345-ws,fjitv84,https://345.lishuhang.com/fjitv84.m3u8,http_error,502,https://345.lishuhang.com/fjitv84.m3u8,text/plain; charset=utf-8,3456.8,72,none,0,0,False,[],[],,2026-08-15T14:42:38+00:00
345-ws,fjitv84,https://345.lishuhang.com/fjitv167.m3u8,http_error,502,https://345.lishuhang.com/fjitv167.m3u8,text/plain; charset=utf-8,3230.2,72,none,0,0,False,[],[],,2026-08-15T14:42:39+00:00
345-ws,fjitv84,https://345.lishuhang.com/hlitv39.m3u8,request_exception,,,,,0,none,0,0,False,[],[],"HTTPSConnectionPool(host='345.lishuhang.com', port=443): Read timed out. (read timeout=8.0)",2026-08-15T14:42:39+00:00
345-ws,fjitv84,https://345.lishuhang.com/ipv675.m3u8,http_error,502,https://345.lishuhang.com/ipv675.m3u8,text/plain; charset=utf-8,2856.4,87,none,0,0,False,[],[],,2026-08-15T14:42:39+00:00
345-ws,fjitv84,https://345.lishuhang.com/itv65.m3u8,request_exception,,,,,0,none,0,0,False,[],[],"HTTPSConnectionPool(host='345.lishuhang.com', port=443): Read timed out. (read timeout=8.0)",2026-08-15T14:42:39+00:00
345-ws,fjitv84,https://345.lishuhang.com/migu66.m3u8,http_error,502,https://345.lishuhang.com/migu66.m3u8,text/plain; charset=utf-8,3627.3,102,none,0,0,False,[],[],,2026-08-15T14:42:40+00:00
345-ws,fjitv84,https://345.lishuhang.com/ws29.m3u8,http_error,502,https://345.lishuhang.com/ws29.m3u8,text/plain; charset=utf-8,4801.3,102,none,0,0,False,[],[],,2026-08-15T14:42:40+00:00
345-ws,fjitv79,https://345.lishuhang.com/fjitv79.m3u8,http_error,502,https://345.lishuhang.com/fjitv79.m3u8,text/plain; charset=utf-8,3407.5,72,none,0,0,False,[],[],,2026-08-15T14:42:40+00:00
345-ws,fjitv79,https://345.lishuhang.com/fjitv159.m3u8,http_error,502,https://345.lishuhang.com/fjitv159.m3u8,text/plain; charset=utf-8,3170.8,72,none,0,0,False,[],[],,2026-08-15T14:42:40+00:00
345-ws,fjitv79,https://345.lishuhang.com/hlitv42.m3u8,request_exception,,,,,0,none,0,0,False,[],[],"HTTPSConnectionPool(host='345.lishuhang.com', port=443): Read timed out. (read timeout=8.0)",2026-08-15T14:42:41+00:00
345-ws,fjitv79,https://345.lishuhang.com/ipv681.m3u8,http_error,502,https://345.lishuhang.com/ipv681.m3u8,text/plain; charset=utf-8,2683.6,87,none,0,0,False,[],[],,2026-08-15T14:42:42+00:00
345-ws,fjitv79,https://345.lishuhang.com/itv61.m3u8,request_exception,,,,,0,none,0,0,False,[],[],"HTTPSConnectionPool(host='345.lishuhang.com', port=443): Read timed out. (read timeout=8.0)",2026-08-15T14:42:42+00:00
345-ws,fjitv79,https://345.lishuhang.com/migu61.m3u8,http_error,502,https://345.lishuhang.com/migu61.m3u8,text/plain; charset=utf-8,3597.9,102,none,0,0,False,[],[],,2026-08-15T14:42:42+00:00
345-ws,fjitv79,https://345.lishuhang.com/ws25.m3u8,http_error,502,https://345.lishuhang.com/ws25.m3u8,text/plain; charset=utf-8,4730.1,102,none,0,0,False,[],[],,2026-08-15T14:42:42+00:00
345-ws,fjitv19,https://345.lishuhang.com/fjitv19.m3u8,http_error,502,https://345.lishuhang.com/fjitv19.m3u8,text/plain; charset=utf-8,3220.7,72,none,0,0,False,[],[],,2026-08-15T14:42:43+00:00
345-ws,fjitv19,https://345.lishuhang.com/fjitv92.m3u8,http_error,502,https://345.lishuhang.com/fjitv92.m3u8,text/plain; charset=utf-8,3386.9,72,none,0,0,False,[],[],,2026-08-15T14:42:43+00:00
345-ws,fjitv19,https://345.lishuhang.com/fjitv174.m3u8,http_error,502,https://345.lishuhang.com/fjitv174.m3u8,text/plain; charset=utf-8,3540.4,72,none,0,0,False,[],[],,2026-08-15T14:42:43+00:00
345-ws,fjitv19,https://345.lishuhang.com/fjitv223.m3u8,http_error,502,https://345.lishuhang.com/fjitv223.m3u8,text/plain; charset=utf-8,3393.6,72,none,0,0,False,[],[],,2026-08-15T14:42:43+00:00
345-ws,fjitv19,https://345.lishuhang.com/hlitv54.m3u8,request_exception,,,,,0,none,0,0,False,[],[],"HTTPSConnectionPool(host='345.lishuhang.com', port=443): Read timed out. (read timeout=8.0)",2026-08-15T14:42:43+00:00
345-ws,fjitv19,https://345.lishuhang.com/hlitv72.m3u8,request_exception,,,,,0,none,0,0,False,[],[],"HTTPSConnectionPool(host='345.lishuhang.com', port=443): Read timed out. (read timeout=8.0)",2026-08-15T14:42:44+00:00
345-ws,fjitv19,https://345.lishuhang.com/ipv637.m3u8,http_error,502,https://345.lishuhang.com/ipv637.m3u8,text/plain; charset=utf-8,2471.9,87,none,0,0,False,[],[],,2026-08-15T14:42:45+00:00
345-ws,fjitv19,https://345.lishuhang.com/ipv688.m3u8,http_error,502,https://345.lishuhang.com/ipv688.m3u8,text/plain; charset=utf-8,2801.9,87,none,0,0,False,[],[],,2026-08-15T14:42:45+00:00
345-ws,fjitv19,https://345.lishuhang.com/itv47.m3u8,not_hls,200,https://345.lishuhang.com/itv47.m3u8,application/vnd.apple.mpegurl,4799.0,3,none,0,0,False,[],[],,2026-08-15T14:42:46+00:00
345-ws,fjitv19,https://345.lishuhang.com/migu45.m3u8,http_error,502,https://345.lishuhang.com/migu45.m3u8,text/plain; charset=utf-8,3512.4,102,none,0,0,False,[],[],,2026-08-15T14:42:46+00:00
345-ws,fjitv19,https://345.lishuhang.com/ws11.m3u8,http_error,502,https://345.lishuhang.com/ws11.m3u8,text/plain; charset=utf-8,7118.7,75,none,0,0,False,[],[],,2026-08-15T14:42:46+00:00
345-gt,gt76,https://345.lishuhang.com/gt76.m3u8,segment_failure,200,https://345.lishuhang.com/gt76.m3u8,application/vnd.apple.mpegurl,4863.4,471,media,1,0,False,[502],[4428.8],,2026-08-15T14:42:47+00:00
345-gt,gt76,https://345.lishuhang.com/ty24.m3u8,segment_failure,200,https://345.lishuhang.com/ty24.m3u8,application/vnd.apple.mpegurl,4626.6,477,media,1,0,False,[502],[2624.7],,2026-08-15T14:42:47+00:00
345-gt,gt77,https://345.lishuhang.com/gt77.m3u8,transport_ok,200,https://345.lishuhang.com/gt77.m3u8,application/vnd.apple.mpegurl,4919.4,482,media,1,1,False,[200],[3854.4],,2026-08-15T14:42:47+00:00
345-gt,gt77,https://345.lishuhang.com/ty25.m3u8,segment_failure,200,https://345.lishuhang.com/ty25.m3u8,application/vnd.apple.mpegurl,4122.0,471,media,1,0,False,[502],[2860.0],,2026-08-15T14:42:47+00:00
345-gt,gt24,https://345.lishuhang.com/gt24.m3u8,transport_ok,200,https://345.lishuhang.com/gt24.m3u8,application/vnd.apple.mpegurl,5296.0,486,media,1,1,False,[200],[5884.5],,2026-08-15T14:42:47+00:00
345-gt,gt22,https://345.lishuhang.com/gt22.m3u8,transport_ok,200,https://345.lishuhang.com/gt22.m3u8,application/vnd.apple.mpegurl,4702.8,483,media,1,1,False,[200],[6859.2],,2026-08-15T14:42:47+00:00
345-gt,gt23,https://345.lishuhang.com/gt23.m3u8,segment_failure,200,https://345.lishuhang.com/gt23.m3u8,application/vnd.apple.mpegurl,4798.4,477,media,1,0,False,[502],[2828.8],,2026-08-15T14:42:48+00:00
345-gt,gt17,https://345.lishuhang.com/gt17.m3u8,transport_ok,200,https://345.lishuhang.com/gt17.m3u8,application/vnd.apple.mpegurl,4209.3,483,media,1,1,False,[200],[5899.2],,2026-08-15T14:42:49+00:00
345-gt,gt16,https://345.lishuhang.com/gt16.m3u8,http_error,502,https://345.lishuhang.com/gt16.m3u8,text/plain; charset=utf-8,2910.2,86,none,0,0,False,[],[],,2026-08-15T14:42:49+00:00
345-gt,gt18,https://345.lishuhang.com/gt18.m3u8,http_error,502,https://345.lishuhang.com/gt18.m3u8,text/plain; charset=utf-8,2864.4,86,none,0,0,False,[],[],,2026-08-15T14:42:49+00:00
345-gt,ty52,https://345.lishuhang.com/ty52.m3u8,http_error,502,https://345.lishuhang.com/ty52.m3u8,text/plain; charset=utf-8,2797.2,86,none,0,0,False,[],[],,2026-08-15T14:42:50+00:00
345-gt,gt8,https://345.lishuhang.com/gt8.m3u8,transport_ok,200,https://345.lishuhang.com/gt8.m3u8,application/vnd.apple.mpegurl,5578.4,487,media,1,1,False,[200],[3503.9],,2026-08-15T14:42:51+00:00
345-gt,gt56,https://345.lishuhang.com/gt56.m3u8,transport_ok,200,https://345.lishuhang.com/gt56.m3u8,application/vnd.apple.mpegurl,4988.2,477,media,1,1,False,[200],[7845.1],,2026-08-15T14:42:52+00:00
345-gt,gt55,https://345.lishuhang.com/gt55.m3u8,transport_ok,200,https://345.lishuhang.com/gt55.m3u8,application/vnd.apple.mpegurl,4565.9,483,media,1,1,False,[200],[6204.5],,2026-08-15T14:42:52+00:00
345-gt,movie7,https://345.lishuhang.com/movie7.m3u8,request_exception,,,,,0,none,0,0,False,[],[],"HTTPSConnectionPool(host='345.lishuhang.com', port=443): Read timed out. (read timeout=8.0)",2026-08-15T14:42:52+00:00
345-gt,gt6,https://345.lishuhang.com/gt6.m3u8,transport_ok,200,https://345.lishuhang.com/gt6.m3u8,application/vnd.apple.mpegurl,6059.2,478,media,1,1,False,[200],[11633.8],,2026-08-15T14:42:53+00:00
345-gt,gt9,https://345.lishuhang.com/gt9.m3u8,transport_ok,200,https://345.lishuhang.com/gt9.m3u8,application/vnd.apple.mpegurl,5691.8,481,media,1,1,False,[200],[8334.7],,2026-08-15T14:42:53+00:00
345-gt,gt5,https://345.lishuhang.com/gt5.m3u8,transport_ok,200,https://345.lishuhang.com/gt5.m3u8,application/vnd.apple.mpegurl,6792.7,478,media,1,1,False,[200],[10209.1],,2026-08-15T14:42:54+00:00
345-gt,gt19,https://345.lishuhang.com/gt19.m3u8,transport_ok,200,https://345.lishuhang.com/gt19.m3u8,application/vnd.apple.mpegurl,6025.1,483,media,1,1,False,[200],[13469.6],,2026-08-15T14:42:54+00:00
345-gt,gt20,https://345.lishuhang.com/gt20.m3u8,transport_ok,200,https://345.lishuhang.com/gt20.m3u8,application/vnd.apple.mpegurl,5451.3,480,media,1,1,False,[200],[6233.6],,2026-08-15T14:42:54+00:00
345-gt,gt48,https://345.lishuhang.com/gt48.m3u8,transport_ok,200,https://345.lishuhang.com/gt48.m3u8,application/vnd.apple.mpegurl,5313.1,483,media,1,1,False,[200],[9704.0],,2026-08-15T14:42:54+00:00
345-gt,gt44,https://345.lishuhang.com/gt44.m3u8,transport_ok,200,https://345.lishuhang.com/gt44.m3u8,application/vnd.apple.mpegurl,5064.5,486,media,1,1,False,[200],[9662.5],,2026-08-15T14:42:56+00:00
345-gt,gt45,https://345.lishuhang.com/gt45.m3u8,transport_ok,200,https://345.lishuhang.com/gt45.m3u8,application/vnd.apple.mpegurl,4798.9,486,media,1,1,False,[200],[9536.3],,2026-08-15T14:42:56+00:00
345-gt,gt43,https://345.lishuhang.com/gt43.m3u8,transport_ok,200,https://345.lishuhang.com/gt43.m3u8,application/vnd.apple.mpegurl,5142.8,483,media,1,1,False,[200],[11969.2],,2026-08-15T14:42:56+00:00
345-gt,gt60,https://345.lishuhang.com/gt60.m3u8,transport_ok,200,https://345.lishuhang.com/gt60.m3u8,application/vnd.apple.mpegurl,5623.6,486,media,1,1,False,[200],[10003.9],,2026-08-15T14:42:58+00:00
345-gt,gt46,https://345.lishuhang.com/gt46.m3u8,http_error,502,https://345.lishuhang.com/gt46.m3u8,text/plain; charset=utf-8,5700.4,75,none,0,0,False,[],[],,2026-08-15T14:42:59+00:00
345-gt,gt1,https://345.lishuhang.com/gt1.m3u8,segment_failure,200,https://345.lishuhang.com/gt1.m3u8,application/vnd.apple.mpegurl,7089.8,478,media,1,0,False,[502],[4069.8],,2026-08-15T14:42:59+00:00
345-gt,gt1,https://345.lishuhang.com/fjitv55.m3u8,http_error,502,https://345.lishuhang.com/fjitv55.m3u8,text/plain; charset=utf-8,7067.6,72,none,0,0,False,[],[],,2026-08-15T14:43:00+00:00
345-gt,gt1,https://345.lishuhang.com/fjitv203.m3u8,request_exception,,,,,0,none,0,0,False,[],[],"HTTPSConnectionPool(host='345.lishuhang.com', port=443): Read timed out. (read timeout=5.0)",2026-08-15T14:43:02+00:00
345-gt,gt1,https://345.lishuhang.com/fjitv122.m3u8,http_error,502,https://345.lishuhang.com/fjitv122.m3u8,text/plain; charset=utf-8,9522.0,72,none,0,0,False,[],[],,2026-08-15T14:43:03+00:00
345-gt,gt1,https://345.lishuhang.com/hlitv98.m3u8,request_exception,,,,,0,none,0,0,False,[],[],"HTTPSConnectionPool(host='345.lishuhang.com', port=443): Read timed out. (read timeout=5.0)",2026-08-15T14:43:04+00:00
345-gt,gt2,https://345.lishuhang.com/gt2.m3u8,request_exception,,,,,0,none,0,0,False,[],[],"HTTPSConnectionPool(host='345.lishuhang.com', port=443): Read timed out. (read timeout=5.0)",2026-08-15T14:43:05+00:00
345-gt,gt2,https://345.lishuhang.com/hlitv100.m3u8,request_exception,,,,,0,none,0,0,False,[],[],"HTTPSConnectionPool(host='345.lishuhang.com', port=443): Read timed out. (read timeout=5.0)",2026-08-15T14:43:06+00:00
345-gt,gt2,https://345.lishuhang.com/fjitv56.m3u8,request_exception,,,,,0,none,0,0,False,[],[],"HTTPSConnectionPool(host='345.lishuhang.com', port=443): Read timed out. (read timeout=5.0)",2026-08-15T14:43:07+00:00
345-gt,gt2,https://345.lishuhang.com/fjitv204.m3u8,request_exception,,,,,0,none,0,0,False,[],[],"HTTPSConnectionPool(host='345.lishuhang.com', port=443): Read timed out. (read timeout=5.0)",2026-08-15T14:43:07+00:00
345-gt,gt2,https://345.lishuhang.com/fjitv121.m3u8,request_exception,,,,,0,none,0,0,False,[],[],"HTTPSConnectionPool(host='345.lishuhang.com', port=443): Read timed out. (read timeout=5.0)",2026-08-15T14:43:07+00:00
345-gt,gt3,https://345.lishuhang.com/gt3.m3u8,request_exception,,,,,0,none,0,0,False,[],[],"HTTPSConnectionPool(host='345.lishuhang.com', port=443): Read timed out. (read timeout=5.0)",2026-08-15T14:43:09+00:00
345-gt,gt63,https://345.lishuhang.com/gt63.m3u8,transport_ok,200,https://345.lishuhang.com/gt63.m3u8,application/vnd.apple.mpegurl,7075.7,471,media,1,1,False,[200],[7774.4],,2026-08-15T14:43:09+00:00
345-gt,gt51,https://345.lishuhang.com/gt51.m3u8,transport_ok,200,https://345.lishuhang.com/gt51.m3u8,application/vnd.apple.mpegurl,6945.0,465,media,1,1,False,[200],[3723.8],,2026-08-15T14:43:10+00:00
345-gt,ty50,https://345.lishuhang.com/ty50.m3u8,http_error,502,https://345.lishuhang.com/ty50.m3u8,text/plain; charset=utf-8,5507.3,86,none,0,0,False,[],[],,2026-08-15T14:43:10+00:00
345-gt,ty51,https://345.lishuhang.com/ty51.m3u8,http_error,502,https://345.lishuhang.com/ty51.m3u8,text/plain; charset=utf-8,5089.8,86,none,0,0,False,[],[],,2026-08-15T14:43:10+00:00
345-gt,ty49,https://345.lishuhang.com/ty49.m3u8,http_error,502,https://345.lishuhang.com/ty49.m3u8,text/plain; charset=utf-8,5157.9,86,none,0,0,False,[],[],,2026-08-15T14:43:10+00:00
345-gt,ty47,https://345.lishuhang.com/ty47.m3u8,http_error,502,https://345.lishuhang.com/ty47.m3u8,text/plain; charset=utf-8,5128.4,86,none,0,0,False,[],[],,2026-08-15T14:43:11+00:00
345-gt,ty48,https://345.lishuhang.com/ty48.m3u8,http_error,502,https://345.lishuhang.com/ty48.m3u8,text/plain; charset=utf-8,5020.7,86,none,0,0,False,[],[],,2026-08-15T14:43:11+00:00
345-gt,ty45,https://345.lishuhang.com/ty45.m3u8,http_error,502,https://345.lishuhang.com/ty45.m3u8,text/plain; charset=utf-8,4888.7,86,none,0,0,False,[],[],,2026-08-15T14:43:11+00:00
345-gt,ty46,https://345.lishuhang.com/ty46.m3u8,http_error,502,https://345.lishuhang.com/ty46.m3u8,text/plain; charset=utf-8,3875.0,86,none,0,0,False,[],[],,2026-08-15T14:43:12+00:00
345-gt,ty44,https://345.lishuhang.com/ty44.m3u8,http_error,502,https://345.lishuhang.com/ty44.m3u8,text/plain; charset=utf-8,3713.0,86,none,0,0,False,[],[],,2026-08-15T14:43:12+00:00
345-gt,gt61,https://345.lishuhang.com/gt61.m3u8,transport_ok,200,https://345.lishuhang.com/gt61.m3u8,application/vnd.apple.mpegurl,4875.2,416,media,1,1,False,[200],[7363.8],,2026-08-15T14:43:12+00:00
345-gt,gt47,https://345.lishuhang.com/gt47.m3u8,transport_ok,200,https://345.lishuhang.com/gt47.m3u8,application/vnd.apple.mpegurl,4671.3,480,media,1,1,False,[200],[4904.6],,2026-08-15T14:43:13+00:00
345-gt,gt53,https://345.lishuhang.com/gt53.m3u8,transport_ok,200,https://345.lishuhang.com/gt53.m3u8,application/vnd.apple.mpegurl,4668.7,483,media,1,1,False,[200],[11149.7],,2026-08-15T14:43:13+00:00
345-gt,gt54,https://345.lishuhang.com/gt54.m3u8,transport_ok,200,https://345.lishuhang.com/gt54.m3u8,application/vnd.apple.mpegurl,4390.6,483,media,1,1,False,[200],[8586.8],,2026-08-15T14:43:13+00:00
345-gt,ty41,https://345.lishuhang.com/ty41.m3u8,http_error,502,https://345.lishuhang.com/ty41.m3u8,text/plain; charset=utf-8,2800.1,86,none,0,0,False,[],[],,2026-08-15T14:43:14+00:00
345-gt,gt62,https://345.lishuhang.com/gt62.m3u8,transport_ok,200,https://345.lishuhang.com/gt62.m3u8,application/vnd.apple.mpegurl,3917.0,486,media,1,1,False,[200],[5182.4],,2026-08-15T14:43:14+00:00
345-gt,gt50,https://345.lishuhang.com/gt50.m3u8,request_exception,,,,,0,none,0,0,False,[],[],"HTTPSConnectionPool(host='345.lishuhang.com', port=443): Read timed out. (read timeout=8.0)",2026-08-15T14:43:15+00:00
345-gt,gt26,https://345.lishuhang.com/gt26.m3u8,transport_ok,200,https://345.lishuhang.com/gt26.m3u8,application/vnd.apple.mpegurl,3914.0,486,media,1,1,False,[200],[6685.0],,2026-08-15T14:43:15+00:00
345-gt,gt27,https://345.lishuhang.com/gt27.m3u8,transport_ok,200,https://345.lishuhang.com/gt27.m3u8,application/vnd.apple.mpegurl,3887.5,484,media,1,1,False,[200],[6924.4],,2026-08-15T14:43:15+00:00
345-gt,gt41,https://345.lishuhang.com/gt41.m3u8,request_exception,,,,,0,none,0,0,False,[],[],"HTTPSConnectionPool(host='345.lishuhang.com', port=443): Read timed out. (read timeout=8.0)",2026-08-15T14:43:16+00:00
345-gt,gt38,https://345.lishuhang.com/gt38.m3u8,http_error,502,https://345.lishuhang.com/gt38.m3u8,text/plain; charset=utf-8,3295.1,72,none,0,0,False,[],[],,2026-08-15T14:43:16+00:00
345-gt,gt40,https://345.lishuhang.com/gt40.m3u8,http_error,502,https://345.lishuhang.com/gt40.m3u8,text/plain; charset=utf-8,3746.0,72,none,0,0,False,[],[],,2026-08-15T14:43:16+00:00
345-gt,gt37,https://345.lishuhang.com/gt37.m3u8,http_error,502,https://345.lishuhang.com/gt37.m3u8,text/plain; charset=utf-8,3987.6,72,none,0,0,False,[],[],,2026-08-15T14:43:16+00:00
345-gt,gt36,https://345.lishuhang.com/gt36.m3u8,http_error,502,https://345.lishuhang.com/gt36.m3u8,text/plain; charset=utf-8,3640.6,72,none,0,0,False,[],[],,2026-08-15T14:43:16+00:00
345-gt,gt39,https://345.lishuhang.com/gt39.m3u8,http_error,502,https://345.lishuhang.com/gt39.m3u8,text/plain; charset=utf-8,3929.9,72,none,0,0,False,[],[],,2026-08-15T14:43:17+00:00
345-gt,gt35,https://345.lishuhang.com/gt35.m3u8,http_error,502,https://345.lishuhang.com/gt35.m3u8,text/plain; charset=utf-8,6388.1,102,none,0,0,False,[],[],,2026-08-15T14:43:19+00:00
345-gt,gt79,https://345.lishuhang.com/gt79.m3u8,transport_ok,200,https://345.lishuhang.com/gt79.m3u8,application/vnd.apple.mpegurl,7377.8,486,media,1,1,False,[200],[3867.2],,2026-08-15T14:43:20+00:00
345-gt,gt79,https://345.lishuhang.com/ty28.m3u8,transport_ok,200,https://345.lishuhang.com/ty28.m3u8,application/vnd.apple.mpegurl,7624.6,486,media,1,1,False,[200],[5824.1],,2026-08-15T14:43:20+00:00
345-gt,gt80,https://345.lishuhang.com/gt80.m3u8,transport_ok,200,https://345.lishuhang.com/gt80.m3u8,application/vnd.apple.mpegurl,7632.2,477,media,1,1,False,[200],[7524.6],,2026-08-15T14:43:20+00:00
345-gt,gt80,https://345.lishuhang.com/ty29.m3u8,transport_ok,200,https://345.lishuhang.com/ty29.m3u8,application/vnd.apple.mpegurl,7736.7,486,media,1,1,False,[200],[8314.2],,2026-08-15T14:43:20+00:00
345-gt,gt81,https://345.lishuhang.com/gt81.m3u8,http_error,502,https://345.lishuhang.com/gt81.m3u8,text/plain; charset=utf-8,6100.2,86,none,0,0,False,[],[],,2026-08-15T14:43:21+00:00
345-gt,gt81,https://345.lishuhang.com/ty30.m3u8,http_error,502,https://345.lishuhang.com/ty30.m3u8,text/plain; charset=utf-8,5312.7,86,none,0,0,False,[],[],,2026-08-15T14:43:22+00:00
345-gt,gt82,https://345.lishuhang.com/gt82.m3u8,http_error,502,https://345.lishuhang.com/gt82.m3u8,text/plain; charset=utf-8,4457.3,86,none,0,0,False,[],[],,2026-08-15T14:43:23+00:00
345-gt,gt82,https://345.lishuhang.com/ty31.m3u8,http_error,502,https://345.lishuhang.com/ty31.m3u8,text/plain; charset=utf-8,4191.0,86,none,0,0,False,[],[],,2026-08-15T14:43:24+00:00
345-gt,gt73,https://345.lishuhang.com/gt73.m3u8,transport_ok,200,https://345.lishuhang.com/gt73.m3u8,application/vnd.apple.mpegurl,5065.8,480,media,1,1,False,[200],[10602.1],,2026-08-15T14:43:25+00:00
345-gt,gt73,https://345.lishuhang.com/ty23.m3u8,transport_ok,200,https://345.lishuhang.com/ty23.m3u8,application/vnd.apple.mpegurl,6137.8,352,media,1,1,False,[200],[11949.7],,2026-08-15T14:43:25+00:00
345-gt,gt74,https://345.lishuhang.com/gt74.m3u8,transport_ok,200,https://345.lishuhang.com/gt74.m3u8,application/vnd.apple.mpegurl,5091.7,492,media,1,1,False,[200],[9813.9],,2026-08-15T14:43:25+00:00
345-gt,gt75,https://345.lishuhang.com/gt75.m3u8,transport_ok,200,https://345.lishuhang.com/gt75.m3u8,application/vnd.apple.mpegurl,4727.9,486,media,1,1,False,[200],[10433.4],,2026-08-15T14:43:26+00:00
345-gt,gt52,https://345.lishuhang.com/gt52.m3u8,transport_ok,200,https://345.lishuhang.com/gt52.m3u8,application/vnd.apple.mpegurl,4152.3,416,media,1,1,False,[200],[8124.4],,2026-08-15T14:43:26+00:00
345-gt,ty43,https://345.lishuhang.com/ty43.m3u8,http_error,502,https://345.lishuhang.com/ty43.m3u8,text/plain; charset=utf-8,3065.6,86,none,0,0,False,[],[],,2026-08-15T14:43:26+00:00
345-gt,gt49,https://345.lishuhang.com/gt49.m3u8,transport_ok,200,https://345.lishuhang.com/gt49.m3u8,application/vnd.apple.mpegurl,4724.4,477,media,1,1,False,[200],[11128.9],,2026-08-15T14:43:26+00:00
345-gt,movie108,https://345.lishuhang.com/movie108.m3u8,http_error,502,https://345.lishuhang.com/movie108.m3u8,text/plain; charset=utf-8,7712.6,72,none,0,0,False,[],[],,2026-08-15T14:43:27+00:00
345-gt,movie15,https://345.lishuhang.com/movie15.m3u8,http_error,502,https://345.lishuhang.com/movie15.m3u8,text/plain; charset=utf-8,7567.7,72,none,0,0,False,[],[],,2026-08-15T14:43:27+00:00
345-gt,gt30,https://345.lishuhang.com/gt30.m3u8,http_error,502,https://345.lishuhang.com/gt30.m3u8,text/plain; charset=utf-8,5588.3,72,none,0,0,False,[],[],,2026-08-15T14:43:28+00:00
345-gt,gt12,https://345.lishuhang.com/gt12.m3u8,transport_ok,200,https://345.lishuhang.com/gt12.m3u8,application/vnd.apple.mpegurl,6549.4,352,media,1,1,False,[200],[9029.2],,2026-08-15T14:43:29+00:00
345-gt,gt11,https://345.lishuhang.com/gt11.m3u8,transport_ok,200,https://345.lishuhang.com/gt11.m3u8,application/vnd.apple.mpegurl,7175.7,477,media,1,1,False,[200],[8850.2],,2026-08-15T14:43:29+00:00
345-gt,movie367,https://345.lishuhang.com/movie367.m3u8,http_error,502,https://345.lishuhang.com/movie367.m3u8,text/plain; charset=utf-8,9286.7,72,none,0,0,False,[],[],,2026-08-15T14:43:29+00:00
345-local,fjitv253,https://345.lishuhang.com/fjitv253.m3u8,http_error,502,https://345.lishuhang.com/fjitv253.m3u8,text/plain; charset=utf-8,8119.6,72,none,0,0,False,[],[],,2026-08-15T14:43:31+00:00
345-local,fjitv255,https://345.lishuhang.com/fjitv255.m3u8,http_error,502,https://345.lishuhang.com/fjitv255.m3u8,text/plain; charset=utf-8,8497.9,72,none,0,0,False,[],[],,2026-08-15T14:43:33+00:00
345-local,fjitv256,https://345.lishuhang.com/fjitv256.m3u8,http_error,502,https://345.lishuhang.com/fjitv256.m3u8,text/plain; charset=utf-8,8450.1,72,none,0,0,False,[],[],,2026-08-15T14:43:33+00:00
345-local,fjitv258,https://345.lishuhang.com/fjitv258.m3u8,http_error,502,https://345.lishuhang.com/fjitv258.m3u8,text/plain; charset=utf-8,8160.1,72,none,0,0,False,[],[],,2026-08-15T14:43:34+00:00
345-local,fjitv266,https://345.lishuhang.com/fjitv266.m3u8,http_error,502,https://345.lishuhang.com/fjitv266.m3u8,text/plain; charset=utf-8,8366.6,72,none,0,0,False,[],[],,2026-08-15T14:43:35+00:00
345-local,fjitv268,https://345.lishuhang.com/fjitv268.m3u8,request_exception,,,,,0,none,0,0,False,[],[],"HTTPSConnectionPool(host='345.lishuhang.com', port=443): Read timed out. (read timeout=5.0)",2026-08-15T14:43:35+00:00
345-local,fjitv278,https://345.lishuhang.com/fjitv278.m3u8,request_exception,,,,,0,none,0,0,False,[],[],"HTTPSConnectionPool(host='345.lishuhang.com', port=443): Read timed out. (read timeout=5.0)",2026-08-15T14:43:36+00:00
345-local,fjitv279,https://345.lishuhang.com/fjitv279.m3u8,http_error,502,https://345.lishuhang.com/fjitv279.m3u8,text/plain; charset=utf-8,6840.9,72,none,0,0,False,[],[],,2026-08-15T14:43:38+00:00
345-local,fjitv280,https://345.lishuhang.com/fjitv280.m3u8,http_error,502,https://345.lishuhang.com/fjitv280.m3u8,text/plain; charset=utf-8,6390.8,72,none,0,0,False,[],[],,2026-08-15T14:43:39+00:00
345-local,fjitv180,https://345.lishuhang.com/fjitv180.m3u8,http_error,502,https://345.lishuhang.com/fjitv180.m3u8,text/plain; charset=utf-8,6450.4,72,none,0,0,False,[],[],,2026-08-15T14:43:39+00:00
345-local,migu88,https://345.lishuhang.com/migu88.m3u8,http_error,502,https://345.lishuhang.com/migu88.m3u8,text/plain; charset=utf-8,5526.2,102,none,0,0,False,[],[],,2026-08-15T14:43:40+00:00
345-local,itv203,https://345.lishuhang.com/itv203.m3u8,request_exception,,,,,0,none,0,0,False,[],[],"HTTPSConnectionPool(host='345.lishuhang.com', port=443): Read timed out. (read timeout=8.0)",2026-08-15T14:43:40+00:00
345-local,itv201,https://345.lishuhang.com/itv201.m3u8,http_error,502,https://345.lishuhang.com/itv201.m3u8,text/plain; charset=utf-8,6096.5,72,none,0,0,False,[],[],,2026-08-15T14:43:40+00:00
345-local,itv199,https://345.lishuhang.com/itv199.m3u8,http_error,502,https://345.lishuhang.com/itv199.m3u8,text/plain; charset=utf-8,9922.6,72,none,0,0,False,[],[],,2026-08-15T14:43:41+00:00
345-local,migu83,https://345.lishuhang.com/migu83.m3u8,http_error,502,https://345.lishuhang.com/migu83.m3u8,text/plain; charset=utf-8,4981.6,102,none,0,0,False,[],[],,2026-08-15T14:43:42+00:00
345-local,itv200,https://345.lishuhang.com/itv200.m3u8,http_error,502,https://345.lishuhang.com/itv200.m3u8,text/plain; charset=utf-8,4529.0,72,none,0,0,False,[],[],,2026-08-15T14:43:42+00:00
345-local,itv204,https://345.lishuhang.com/itv204.m3u8,http_error,502,https://345.lishuhang.com/itv204.m3u8,text/plain; charset=utf-8,4436.6,72,none,0,0,False,[],[],,2026-08-15T14:43:42+00:00
345-local,itv204,https://345.lishuhang.com/migu86.m3u8,http_error,502,https://345.lishuhang.com/migu86.m3u8,text/plain; charset=utf-8,4210.4,102,none,0,0,False,[],[],,2026-08-15T14:43:42+00:00
345-local,itv326,https://345.lishuhang.com/itv326.m3u8,http_error,502,https://345.lishuhang.com/itv326.m3u8,text/plain; charset=utf-8,5648.9,72,none,0,0,False,[],[],,2026-08-15T14:43:43+00:00
345-local,migu85,https://345.lishuhang.com/migu85.m3u8,http_error,502,https://345.lishuhang.com/migu85.m3u8,text/plain; charset=utf-8,3866.6,102,none,0,0,False,[],[],,2026-08-15T14:43:43+00:00
345-local,itv108,https://345.lishuhang.com/itv108.m3u8,request_exception,,,,,0,none,0,0,False,[],[],"HTTPSConnectionPool(host='345.lishuhang.com', port=443): Read timed out. (read timeout=8.0)",2026-08-15T14:43:43+00:00
345-local,itv107,https://345.lishuhang.com/itv107.m3u8,request_exception,,,,,0,none,0,0,False,[],[],"HTTPSConnectionPool(host='345.lishuhang.com', port=443): Read timed out. (read timeout=8.0)",2026-08-15T14:43:44+00:00
345-local,itv276,https://345.lishuhang.com/itv276.m3u8,request_exception,,,,,0,none,0,0,False,[],[],"HTTPSConnectionPool(host='345.lishuhang.com', port=443): Read timed out. (read timeout=8.0)",2026-08-15T14:43:45+00:00
345-local,itv372,https://345.lishuhang.com/itv372.m3u8,http_error,502,https://345.lishuhang.com/itv372.m3u8,text/plain; charset=utf-8,3860.4,72,none,0,0,False,[],[],,2026-08-15T14:43:45+00:00
345-local,itv330,https://345.lishuhang.com/itv330.m3u8,request_exception,,,,,0,none,0,0,False,[],[],"HTTPSConnectionPool(host='345.lishuhang.com', port=443): Read timed out. (read timeout=8.0)",2026-08-15T14:43:45+00:00
345-local,itv329,https://345.lishuhang.com/itv329.m3u8,request_exception,,,,,0,none,0,0,False,[],[],"HTTPSConnectionPool(host='345.lishuhang.com', port=443): Read timed out. (read timeout=8.0)",2026-08-15T14:43:45+00:00
345-local,itv122,https://345.lishuhang.com/itv122.m3u8,request_exception,,,,,0,none,0,0,False,[],[],"HTTPSConnectionPool(host='345.lishuhang.com', port=443): Read timed out. (read timeout=8.0)",2026-08-15T14:43:46+00:00
345-local,migu90,https://345.lishuhang.com/migu90.m3u8,http_error,502,https://345.lishuhang.com/migu90.m3u8,text/plain; charset=utf-8,3380.1,102,none,0,0,False,[],[],,2026-08-15T14:43:46+00:00
345-local,itv128,https://345.lishuhang.com/itv128.m3u8,request_exception,,,,,0,none,0,0,False,[],[],"HTTPSConnectionPool(host='345.lishuhang.com', port=443): Read timed out. (read timeout=8.0)",2026-08-15T14:43:46+00:00
345-local,itv339,https://345.lishuhang.com/itv339.m3u8,request_exception,,,,,0,none,0,0,False,[],[],"HTTPSConnectionPool(host='345.lishuhang.com', port=443): Read timed out. (read timeout=8.0)",2026-08-15T14:43:46+00:00
345-local,itv3,https://345.lishuhang.com/itv3.m3u8,http_error,502,https://345.lishuhang.com/itv3.m3u8,text/plain; charset=utf-8,3930.8,72,none,0,0,False,[],[],,2026-08-15T14:43:46+00:00
345-local,itv3,https://345.lishuhang.com/migu91.m3u8,http_error,502,https://345.lishuhang.com/migu91.m3u8,text/plain; charset=utf-8,3352.4,102,none,0,0,False,[],[],,2026-08-15T14:43:47+00:00
345-local,itv3,https://345.lishuhang.com/ty5.m3u8,http_error,502,https://345.lishuhang.com/ty5.m3u8,text/plain; charset=utf-8,5011.0,75,none,0,0,False,[],[],,2026-08-15T14:43:47+00:00
345-local,itv142,https://345.lishuhang.com/itv142.m3u8,request_exception,,,,,0,none,0,0,False,[],[],"HTTPSConnectionPool(host='345.lishuhang.com', port=443): Read timed out. (read timeout=8.0)",2026-08-15T14:43:48+00:00
345-local,fjitv107,https://345.lishuhang.com/fjitv107.m3u8,http_error,502,https://345.lishuhang.com/fjitv107.m3u8,text/plain; charset=utf-8,3385.2,72,none,0,0,False,[],[],,2026-08-15T14:43:49+00:00
345-local,fjitv107,https://345.lishuhang.com/fjitv181.m3u8,http_error,502,https://345.lishuhang.com/fjitv181.m3u8,text/plain; charset=utf-8,3350.7,72,none,0,0,False,[],[],,2026-08-15T14:43:50+00:00
345-local,fjitv107,https://345.lishuhang.com/hlitv70.m3u8,request_exception,,,,,0,none,0,0,False,[],[],"HTTPSConnectionPool(host='345.lishuhang.com', port=443): Read timed out. (read timeout=8.0)",2026-08-15T14:43:50+00:00
345-local,itv244,https://345.lishuhang.com/itv244.m3u8,request_exception,,,,,0,none,0,0,False,[],[],"HTTPSConnectionPool(host='345.lishuhang.com', port=443): Read timed out. (read timeout=8.0)",2026-08-15T14:43:50+00:00
345-local,itv125,https://345.lishuhang.com/itv125.m3u8,request_exception,,,,,0,none,0,0,False,[],[],"HTTPSConnectionPool(host='345.lishuhang.com', port=443): Read timed out. (read timeout=8.0)",2026-08-15T14:43:51+00:00
345-local,itv127,https://345.lishuhang.com/itv127.m3u8,request_exception,,,,,0,none,0,0,False,[],[],"HTTPSConnectionPool(host='345.lishuhang.com', port=443): Read timed out. (read timeout=8.0)",2026-08-15T14:43:52+00:00
345-local,itv332,https://345.lishuhang.com/itv332.m3u8,request_exception,,,,,0,none,0,0,False,[],[],"HTTPSConnectionPool(host='345.lishuhang.com', port=443): Read timed out. (read timeout=8.0)",2026-08-15T14:43:52+00:00
345-local,itv333,https://345.lishuhang.com/itv333.m3u8,request_exception,,,,,0,none,0,0,False,[],[],"HTTPSConnectionPool(host='345.lishuhang.com', port=443): Read timed out. (read timeout=8.0)",2026-08-15T14:43:52+00:00
345-local,itv331,https://345.lishuhang.com/itv331.m3u8,request_exception,,,,,0,none,0,0,False,[],[],"HTTPSConnectionPool(host='345.lishuhang.com', port=443): Read timed out. (read timeout=8.0)",2026-08-15T14:43:53+00:00
345-local,itv375,https://345.lishuhang.com/itv375.m3u8,http_error,502,https://345.lishuhang.com/itv375.m3u8,text/plain; charset=utf-8,5036.2,72,none,0,0,False,[],[],,2026-08-15T14:43:53+00:00
345-local,itv376,https://345.lishuhang.com/itv376.m3u8,http_error,502,https://345.lishuhang.com/itv376.m3u8,text/plain; charset=utf-8,4370.0,72,none,0,0,False,[],[],,2026-08-15T14:43:54+00:00
345-local,itv379,https://345.lishuhang.com/itv379.m3u8,http_error,502,https://345.lishuhang.com/itv379.m3u8,text/plain; charset=utf-8,4177.5,72,none,0,0,False,[],[],,2026-08-15T14:43:55+00:00
345-local,itv380,https://345.lishuhang.com/itv380.m3u8,http_error,502,https://345.lishuhang.com/itv380.m3u8,text/plain; charset=utf-8,3921.0,72,none,0,0,False,[],[],,2026-08-15T14:43:55+00:00
345-local,itv377,https://345.lishuhang.com/itv377.m3u8,http_error,502,https://345.lishuhang.com/itv377.m3u8,text/plain; charset=utf-8,3597.8,72,none,0,0,False,[],[],,2026-08-15T14:43:55+00:00
345-local,itv374,https://345.lishuhang.com/itv374.m3u8,http_error,502,https://345.lishuhang.com/itv374.m3u8,text/plain; charset=utf-8,3289.7,72,none,0,0,False,[],[],,2026-08-15T14:43:56+00:00
345-local,itv378,https://345.lishuhang.com/itv378.m3u8,http_error,502,https://345.lishuhang.com/itv378.m3u8,text/plain; charset=utf-8,3414.0,72,none,0,0,False,[],[],,2026-08-15T14:43:56+00:00
345-local,itv381,https://345.lishuhang.com/itv381.m3u8,request_exception,,,,,0,none,0,0,False,[],[],"HTTPSConnectionPool(host='345.lishuhang.com', port=443): Read timed out. (read timeout=8.0)",2026-08-15T14:43:56+00:00
345-local,fjitv97,https://345.lishuhang.com/fjitv97.m3u8,http_error,502,https://345.lishuhang.com/fjitv97.m3u8,text/plain; charset=utf-8,3487.4,72,none,0,0,False,[],[],,2026-08-15T14:43:58+00:00
345-local,fjitv97,https://345.lishuhang.com/fjitv235.m3u8,http_error,502,https://345.lishuhang.com/fjitv235.m3u8,text/plain; charset=utf-8,3284.0,72,none,0,0,False,[],[],,2026-08-15T14:43:58+00:00
345-local,fjitv97,https://345.lishuhang.com/itv1.m3u8,http_error,502,https://345.lishuhang.com/itv1.m3u8,text/plain; charset=utf-8,3574.7,72,none,0,0,False,[],[],,2026-08-15T14:43:59+00:00
345-local,fjitv97,https://345.lishuhang.com/migu93.m3u8,http_error,502,https://345.lishuhang.com/migu93.m3u8,text/plain; charset=utf-8,3842.5,102,none,0,0,False,[],[],,2026-08-15T14:43:59+00:00
345-local,fjitv97,https://345.lishuhang.com/ty4.m3u8,http_error,502,https://345.lishuhang.com/ty4.m3u8,text/plain; charset=utf-8,4252.3,75,none,0,0,False,[],[],,2026-08-15T14:43:59+00:00
345-local,itv109,https://345.lishuhang.com/itv109.m3u8,request_exception,,,,,0,none,0,0,False,[],[],"HTTPSConnectionPool(host='345.lishuhang.com', port=443): Read timed out. (read timeout=8.0)",2026-08-15T14:43:59+00:00
345-local,ipv628,https://345.lishuhang.com/ipv628.m3u8,http_error,502,https://345.lishuhang.com/ipv628.m3u8,text/plain; charset=utf-8,2882.5,87,none,0,0,False,[],[],,2026-08-15T14:43:59+00:00
345-local,ipv628,https://345.lishuhang.com/ipv658.m3u8,http_error,502,https://345.lishuhang.com/ipv658.m3u8,text/plain; charset=utf-8,2671.5,87,none,0,0,False,[],[],,2026-08-15T14:44:00+00:00
345-local,ipv628,https://345.lishuhang.com/itv77.m3u8,http_error,502,https://345.lishuhang.com/itv77.m3u8,text/plain; charset=utf-8,4537.7,72,none,0,0,False,[],[],,2026-08-15T14:44:00+00:00
345-local,ipv627,https://345.lishuhang.com/ipv627.m3u8,http_error,502,https://345.lishuhang.com/ipv627.m3u8,text/plain; charset=utf-8,2857.3,87,none,0,0,False,[],[],,2026-08-15T14:44:00+00:00
345-local,ipv627,https://345.lishuhang.com/ipv656.m3u8,http_error,502,https://345.lishuhang.com/ipv656.m3u8,text/plain; charset=utf-8,2808.7,87,none,0,0,False,[],[],,2026-08-15T14:44:00+00:00
345-local,ipv627,https://345.lishuhang.com/itv82.m3u8,http_error,502,https://345.lishuhang.com/itv82.m3u8,text/plain; charset=utf-8,3921.0,72,none,0,0,False,[],[],,2026-08-15T14:44:02+00:00
345-local,ipv629,https://345.lishuhang.com/ipv629.m3u8,http_error,502,https://345.lishuhang.com/ipv629.m3u8,text/plain; charset=utf-8,2823.3,87,none,0,0,False,[],[],,2026-08-15T14:44:02+00:00
345-local,ipv629,https://345.lishuhang.com/ipv662.m3u8,http_error,502,https://345.lishuhang.com/ipv662.m3u8,text/plain; charset=utf-8,2899.0,87,none,0,0,False,[],[],,2026-08-15T14:44:02+00:00
345-local,ipv629,https://345.lishuhang.com/itv75.m3u8,http_error,502,https://345.lishuhang.com/itv75.m3u8,text/plain; charset=utf-8,4100.2,72,none,0,0,False,[],[],,2026-08-15T14:44:02+00:00
345-local,ipv660,https://345.lishuhang.com/ipv660.m3u8,http_error,502,https://345.lishuhang.com/ipv660.m3u8,text/plain; charset=utf-8,2465.6,87,none,0,0,False,[],[],,2026-08-15T14:44:02+00:00
345-local,ipv660,https://345.lishuhang.com/itv76.m3u8,http_error,502,https://345.lishuhang.com/itv76.m3u8,text/plain; charset=utf-8,4246.8,72,none,0,0,False,[],[],,2026-08-15T14:44:02+00:00
345-local,ipv657,https://345.lishuhang.com/ipv657.m3u8,http_error,502,https://345.lishuhang.com/ipv657.m3u8,text/plain; charset=utf-8,2493.6,87,none,0,0,False,[],[],,2026-08-15T14:44:02+00:00
345-local,ipv657,https://345.lishuhang.com/itv81.m3u8,http_error,502,https://345.lishuhang.com/itv81.m3u8,text/plain; charset=utf-8,4023.2,72,none,0,0,False,[],[],,2026-08-15T14:44:02+00:00
345-local,migu79,https://345.lishuhang.com/migu79.m3u8,http_error,502,https://345.lishuhang.com/migu79.m3u8,text/plain; charset=utf-8,3540.9,102,none,0,0,False,[],[],,2026-08-15T14:44:03+00:00
345-local,migu79,https://345.lishuhang.com/ipv630.m3u8,http_error,502,https://345.lishuhang.com/ipv630.m3u8,text/plain; charset=utf-8,2676.9,87,none,0,0,False,[],[],,2026-08-15T14:44:03+00:00
345-local,migu79,https://345.lishuhang.com/itv79.m3u8,http_error,502,https://345.lishuhang.com/itv79.m3u8,text/plain; charset=utf-8,3683.9,72,none,0,0,False,[],[],,2026-08-15T14:44:03+00:00
345-local,migu79,https://345.lishuhang.com/fjitv25.m3u8,http_error,502,https://345.lishuhang.com/fjitv25.m3u8,text/plain; charset=utf-8,3519.2,72,none,0,0,False,[],[],,2026-08-15T14:44:03+00:00
345-local,migu79,https://345.lishuhang.com/hlitv143.m3u8,request_exception,,,,,0,none,0,0,False,[],[],"HTTPSConnectionPool(host='345.lishuhang.com', port=443): Read timed out. (read timeout=8.0)",2026-08-15T14:44:03+00:00
345-local,ipv659,https://345.lishuhang.com/ipv659.m3u8,http_error,502,https://345.lishuhang.com/ipv659.m3u8,text/plain; charset=utf-8,2565.7,87,none,0,0,False,[],[],,2026-08-15T14:44:04+00:00
345-local,ipv659,https://345.lishuhang.com/itv78.m3u8,http_error,502,https://345.lishuhang.com/itv78.m3u8,text/plain; charset=utf-8,3731.3,72,none,0,0,False,[],[],,2026-08-15T14:44:04+00:00
345-local,ipv661,https://345.lishuhang.com/ipv661.m3u8,http_error,502,https://345.lishuhang.com/ipv661.m3u8,text/plain; charset=utf-8,2855.0,87,none,0,0,False,[],[],,2026-08-15T14:44:05+00:00
345-local,ipv661,https://345.lishuhang.com/itv80.m3u8,http_error,502,https://345.lishuhang.com/itv80.m3u8,text/plain; charset=utf-8,3960.4,72,none,0,0,False,[],[],,2026-08-15T14:44:05+00:00
345-local,itv301,https://345.lishuhang.com/itv301.m3u8,request_exception,,,,,0,none,0,0,False,[],[],"HTTPSConnectionPool(host='345.lishuhang.com', port=443): Read timed out. (read timeout=8.0)",2026-08-15T14:44:05+00:00
345-local,itv302,https://345.lishuhang.com/itv302.m3u8,request_exception,,,,,0,none,0,0,False,[],[],"HTTPSConnectionPool(host='345.lishuhang.com', port=443): Read timed out. (read timeout=8.0)",2026-08-15T14:44:05+00:00
345-local,itv300,https://345.lishuhang.com/itv300.m3u8,request_exception,,,,,0,none,0,0,False,[],[],"HTTPSConnectionPool(host='345.lishuhang.com', port=443): Read timed out. (read timeout=8.0)",2026-08-15T14:44:06+00:00
345-local,itv97,https://345.lishuhang.com/itv97.m3u8,http_error,502,https://345.lishuhang.com/itv97.m3u8,text/plain; charset=utf-8,4805.3,75,none,0,0,False,[],[],,2026-08-15T14:44:06+00:00
345-local,itv97,https://345.lishuhang.com/ty19.m3u8,http_error,502,https://345.lishuhang.com/ty19.m3u8,text/plain; charset=utf-8,4030.8,72,none,0,0,False,[],[],,2026-08-15T14:44:06+00:00
345-local,itv143,https://345.lishuhang.com/itv143.m3u8,request_exception,,,,,0,none,0,0,False,[],[],"HTTPSConnectionPool(host='345.lishuhang.com', port=443): Read timed out. (read timeout=8.0)",2026-08-15T14:44:06+00:00
345-local,fjitv104,https://345.lishuhang.com/fjitv104.m3u8,http_error,502,https://345.lishuhang.com/fjitv104.m3u8,text/plain; charset=utf-8,3433.6,72,none,0,0,False,[],[],,2026-08-15T14:44:06+00:00
345-local,itv185,https://345.lishuhang.com/itv185.m3u8,http_error,502,https://345.lishuhang.com/itv185.m3u8,text/plain; charset=utf-8,3525.8,72,none,0,0,False,[],[],,2026-08-15T14:44:06+00:00
345-local,itv187,https://345.lishuhang.com/itv187.m3u8,http_error,502,https://345.lishuhang.com/itv187.m3u8,text/plain; charset=utf-8,3503.1,72,none,0,0,False,[],[],,2026-08-15T14:44:07+00:00
345-local,itv186,https://345.lishuhang.com/itv186.m3u8,http_error,502,https://345.lishuhang.com/itv186.m3u8,text/plain; charset=utf-8,9448.5,75,none,0,0,False,[],[],,2026-08-15T14:44:07+00:00
345-local,itv365,https://345.lishuhang.com/itv365.m3u8,request_exception,,,,,0,none,0,0,False,[],[],"HTTPSConnectionPool(host='345.lishuhang.com', port=443): Read timed out. (read timeout=8.0)",2026-08-15T14:44:07+00:00
345-local,itv134,https://345.lishuhang.com/itv134.m3u8,request_exception,,,,,0,none,0,0,False,[],[],"HTTPSConnectionPool(host='345.lishuhang.com', port=443): Read timed out. (read timeout=8.0)",2026-08-15T14:44:07+00:00
345-local,itv147,https://345.lishuhang.com/itv147.m3u8,request_exception,,,,,0,none,0,0,False,[],[],"HTTPSConnectionPool(host='345.lishuhang.com', port=443): Read timed out. (read timeout=8.0)",2026-08-15T14:44:08+00:00
345-local,hlitv71,https://345.lishuhang.com/hlitv71.m3u8,request_exception,,,,,0,none,0,0,False,[],[],"HTTPSConnectionPool(host='345.lishuhang.com', port=443): Read timed out. (read timeout=8.0)",2026-08-15T14:44:09+00:00
345-local,hlitv71,https://345.lishuhang.com/itv207.m3u8,http_error,502,https://345.lishuhang.com/itv207.m3u8,text/plain; charset=utf-8,3272.2,72,none,0,0,False,[],[],,2026-08-15T14:44:09+00:00
345-local,hlitv71,https://345.lishuhang.com/migu89.m3u8,http_error,502,https://345.lishuhang.com/migu89.m3u8,text/plain; charset=utf-8,3574.8,102,none,0,0,False,[],[],,2026-08-15T14:44:10+00:00
345-local,itv148,https://345.lishuhang.com/itv148.m3u8,request_exception,,,,,0,none,0,0,False,[],[],"HTTPSConnectionPool(host='345.lishuhang.com', port=443): Read timed out. (read timeout=8.0)",2026-08-15T14:44:10+00:00
345-local,itv150,https://345.lishuhang.com/itv150.m3u8,request_exception,,,,,0,none,0,0,False,[],[],"HTTPSConnectionPool(host='345.lishuhang.com', port=443): Read timed out. (read timeout=8.0)",2026-08-15T14:44:10+00:00
345-local,itv149,https://345.lishuhang.com/itv149.m3u8,request_exception,,,,,0,none,0,0,False,[],[],"HTTPSConnectionPool(host='345.lishuhang.com', port=443): Read timed out. (read timeout=8.0)",2026-08-15T14:44:10+00:00
345-local,itv211,https://345.lishuhang.com/itv211.m3u8,request_exception,,,,,0,none,0,0,False,[],[],"HTTPSConnectionPool(host='345.lishuhang.com', port=443): Read timed out. (read timeout=8.0)",2026-08-15T14:44:11+00:00
345-local,itv291,https://345.lishuhang.com/itv291.m3u8,http_error,502,https://345.lishuhang.com/itv291.m3u8,text/plain; charset=utf-8,4164.2,72,none,0,0,False,[],[],,2026-08-15T14:44:12+00:00
345-local,itv287,https://345.lishuhang.com/itv287.m3u8,http_error,502,https://345.lishuhang.com/itv287.m3u8,text/plain; charset=utf-8,3526.8,72,none,0,0,False,[],[],,2026-08-15T14:44:13+00:00
345-local,itv288,https://345.lishuhang.com/itv288.m3u8,http_error,502,https://345.lishuhang.com/itv288.m3u8,text/plain; charset=utf-8,3399.6,72,none,0,0,False,[],[],,2026-08-15T14:44:13+00:00
345-local,itv289,https://345.lishuhang.com/itv289.m3u8,http_error,502,https://345.lishuhang.com/itv289.m3u8,text/plain; charset=utf-8,3469.8,72,none,0,0,False,[],[],,2026-08-15T14:44:15+00:00
345-local,itv290,https://345.lishuhang.com/itv290.m3u8,http_error,502,https://345.lishuhang.com/itv290.m3u8,text/plain; charset=utf-8,3236.1,72,none,0,0,False,[],[],,2026-08-15T14:44:15+00:00
345-local,itv292,https://345.lishuhang.com/itv292.m3u8,http_error,502,https://345.lishuhang.com/itv292.m3u8,text/plain; charset=utf-8,3415.7,72,none,0,0,False,[],[],,2026-08-15T14:44:16+00:00
345-local,migu80,https://345.lishuhang.com/migu80.m3u8,http_error,502,https://345.lishuhang.com/migu80.m3u8,text/plain; charset=utf-8,3659.2,102,none,0,0,False,[],[],,2026-08-15T14:44:16+00:00
345-local,migu80,https://345.lishuhang.com/ty14.m3u8,http_error,502,https://345.lishuhang.com/ty14.m3u8,text/plain; charset=utf-8,3476.7,102,none,0,0,False,[],[],,2026-08-15T14:44:16+00:00
345-local,itv385,https://345.lishuhang.com/itv385.m3u8,http_error,502,https://345.lishuhang.com/itv385.m3u8,text/plain; charset=utf-8,4672.7,72,none,0,0,False,[],[],,2026-08-15T14:44:16+00:00
345-local,itv144,https://345.lishuhang.com/itv144.m3u8,request_exception,,,,,0,none,0,0,False,[],[],"HTTPSConnectionPool(host='345.lishuhang.com', port=443): Read timed out. (read timeout=8.0)",2026-08-15T14:44:16+00:00
345-local,itv370,https://345.lishuhang.com/itv370.m3u8,http_error,502,https://345.lishuhang.com/itv370.m3u8,text/plain; charset=utf-8,3488.6,72,none,0,0,False,[],[],,2026-08-15T14:44:17+00:00
345-local,itv371,https://345.lishuhang.com/itv371.m3u8,http_error,502,https://345.lishuhang.com/itv371.m3u8,text/plain; charset=utf-8,3464.3,72,none,0,0,False,[],[],,2026-08-15T14:44:17+00:00
345-local,fjitv276,https://345.lishuhang.com/fjitv276.m3u8,http_error,502,https://345.lishuhang.com/fjitv276.m3u8,text/plain; charset=utf-8,3123.5,72,none,0,0,False,[],[],,2026-08-15T14:44:17+00:00
345-local,fjitv277,https://345.lishuhang.com/fjitv277.m3u8,http_error,502,https://345.lishuhang.com/fjitv277.m3u8,text/plain; charset=utf-8,3423.2,72,none,0,0,False,[],[],,2026-08-15T14:44:18+00:00
345-local,itv227,https://345.lishuhang.com/itv227.m3u8,http_error,502,https://345.lishuhang.com/itv227.m3u8,text/plain; charset=utf-8,5554.3,72,none,0,0,False,[],[],,2026-08-15T14:44:18+00:00
345-local,itv228,https://345.lishuhang.com/itv228.m3u8,http_error,502,https://345.lishuhang.com/itv228.m3u8,text/plain; charset=utf-8,5031.9,72,none,0,0,False,[],[],,2026-08-15T14:44:18+00:00
345-local,itv229,https://345.lishuhang.com/itv229.m3u8,http_error,502,https://345.lishuhang.com/itv229.m3u8,text/plain; charset=utf-8,4971.9,72,none,0,0,False,[],[],,2026-08-15T14:44:19+00:00
345-local,itv278,https://345.lishuhang.com/itv278.m3u8,http_error,502,https://345.lishuhang.com/itv278.m3u8,text/plain; charset=utf-8,9217.1,72,none,0,0,False,[],[],,2026-08-15T14:44:19+00:00
345-local,itv277,https://345.lishuhang.com/itv277.m3u8,http_error,502,https://345.lishuhang.com/itv277.m3u8,text/plain; charset=utf-8,9945.3,72,none,0,0,False,[],[],,2026-08-15T14:44:20+00:00
345-local,itv268,https://345.lishuhang.com/itv268.m3u8,http_error,502,https://345.lishuhang.com/itv268.m3u8,text/plain; charset=utf-8,5264.9,72,none,0,0,False,[],[],,2026-08-15T14:44:20+00:00
345-local,fjitv106,https://345.lishuhang.com/fjitv106.m3u8,http_error,502,https://345.lishuhang.com/fjitv106.m3u8,text/plain; charset=utf-8,3528.8,72,none,0,0,False,[],[],,2026-08-15T14:44:20+00:00
345-local,fjitv106,https://345.lishuhang.com/ipv6104.m3u8,http_error,502,https://345.lishuhang.com/ipv6104.m3u8,text/plain; charset=utf-8,2925.6,87,none,0,0,False,[],[],,2026-08-15T14:44:20+00:00
345-local,itv266,https://345.lishuhang.com/itv266.m3u8,http_error,502,https://345.lishuhang.com/itv266.m3u8,text/plain; charset=utf-8,4971.3,72,none,0,0,False,[],[],,2026-08-15T14:44:20+00:00
345-local,itv267,https://345.lishuhang.com/itv267.m3u8,http_error,502,https://345.lishuhang.com/itv267.m3u8,text/plain; charset=utf-8,4780.7,72,none,0,0,False,[],[],,2026-08-15T14:44:20+00:00
345-local,itv265,https://345.lishuhang.com/itv265.m3u8,http_error,502,https://345.lishuhang.com/itv265.m3u8,text/plain; charset=utf-8,4700.2,72,none,0,0,False,[],[],,2026-08-15T14:44:20+00:00
345-local,itv353,https://345.lishuhang.com/itv353.m3u8,http_error,502,https://345.lishuhang.com/itv353.m3u8,text/plain; charset=utf-8,4355.3,72,none,0,0,False,[],[],,2026-08-15T14:44:21+00:00
345-local,itv311,https://345.lishuhang.com/itv311.m3u8,request_exception,,,,,0,none,0,0,False,[],[],"HTTPSConnectionPool(host='345.lishuhang.com', port=443): Read timed out. (read timeout=8.0)",2026-08-15T14:44:21+00:00
345-local,itv310,https://345.lishuhang.com/itv310.m3u8,http_error,502,https://345.lishuhang.com/itv310.m3u8,text/plain; charset=utf-8,8340.0,75,none,0,0,False,[],[],,2026-08-15T14:44:21+00:00
345-local,itv4,https://345.lishuhang.com/itv4.m3u8,transport_ok,200,https://345.lishuhang.com/itv4.m3u8,application/vnd.apple.mpegurl,4735.3,486,media,1,1,False,[200],[5544.2],,2026-08-15T14:44:21+00:00
345-local,itv4,https://345.lishuhang.com/ty3.m3u8,transport_ok,200,https://345.lishuhang.com/ty3.m3u8,application/vnd.apple.mpegurl,4555.1,481,media,1,1,False,[200],[6953.7],,2026-08-15T14:44:23+00:00
345-local,itv86,https://345.lishuhang.com/itv86.m3u8,request_exception,,,,,0,none,0,0,False,[],[],"HTTPSConnectionPool(host='345.lishuhang.com', port=443): Read timed out. (read timeout=8.0)",2026-08-15T14:44:23+00:00
345-local,itv87,https://345.lishuhang.com/itv87.m3u8,request_exception,,,,,0,none,0,0,False,[],[],"HTTPSConnectionPool(host='345.lishuhang.com', port=443): Read timed out. (read timeout=8.0)",2026-08-15T14:44:23+00:00
345-local,itv94,https://345.lishuhang.com/itv94.m3u8,request_exception,,,,,0,none,0,0,False,[],[],"HTTPSConnectionPool(host='345.lishuhang.com', port=443): Read timed out. (read timeout=8.0)",2026-08-15T14:44:24+00:00
345-local,itv93,https://345.lishuhang.com/itv93.m3u8,request_exception,,,,,0,none,0,0,False,[],[],"HTTPSConnectionPool(host='345.lishuhang.com', port=443): Read timed out. (read timeout=8.0)",2026-08-15T14:44:24+00:00
345-local,itv89,https://345.lishuhang.com/itv89.m3u8,http_error,502,https://345.lishuhang.com/itv89.m3u8,text/plain; charset=utf-8,3642.4,72,none,0,0,False,[],[],,2026-08-15T14:44:25+00:00
345-local,itv85,https://345.lishuhang.com/itv85.m3u8,request_exception,,,,,0,none,0,0,False,[],[],"HTTPSConnectionPool(host='345.lishuhang.com', port=443): Read timed out. (read timeout=8.0)",2026-08-15T14:44:25+00:00
345-local,itv5,https://345.lishuhang.com/itv5.m3u8,transport_ok,200,https://345.lishuhang.com/itv5.m3u8,application/vnd.apple.mpegurl,4139.9,486,media,1,1,False,[200],[7570.0],,2026-08-15T14:44:25+00:00
345-local,itv5,https://345.lishuhang.com/itv84.m3u8,transport_ok,200,https://345.lishuhang.com/itv84.m3u8,application/vnd.apple.mpegurl,4252.2,491,media,1,1,False,[200],[7754.2],,2026-08-15T14:44:25+00:00
345-local,itv5,https://345.lishuhang.com/ws37.m3u8,transport_ok,200,https://345.lishuhang.com/ws37.m3u8,application/vnd.apple.mpegurl,4085.6,486,media,1,1,False,[200],[7413.9],,2026-08-15T14:44:25+00:00
345-local,itv90,https://345.lishuhang.com/itv90.m3u8,request_exception,,,,,0,none,0,0,False,[],[],"HTTPSConnectionPool(host='345.lishuhang.com', port=443): Read timed out. (read timeout=8.0)",2026-08-15T14:44:26+00:00
345-local,itv92,https://345.lishuhang.com/itv92.m3u8,http_error,502,https://345.lishuhang.com/itv92.m3u8,text/plain; charset=utf-8,4684.0,72,none,0,0,False,[],[],,2026-08-15T14:44:28+00:00
345-local,itv324,https://345.lishuhang.com/itv324.m3u8,request_exception,,,,,0,none,0,0,False,[],[],"HTTPSConnectionPool(host='345.lishuhang.com', port=443): Read timed out. (read timeout=8.0)",2026-08-15T14:44:29+00:00
345-local,itv117,https://345.lishuhang.com/itv117.m3u8,request_exception,,,,,0,none,0,0,False,[],[],"HTTPSConnectionPool(host='345.lishuhang.com', port=443): Read timed out. (read timeout=8.0)",2026-08-15T14:44:29+00:00
345-local,itv323,https://345.lishuhang.com/itv323.m3u8,request_exception,,,,,0,none,0,0,False,[],[],"HTTPSConnectionPool(host='345.lishuhang.com', port=443): Read timed out. (read timeout=8.0)",2026-08-15T14:44:30+00:00
345-local,itv104,https://345.lishuhang.com/itv104.m3u8,http_error,502,https://345.lishuhang.com/itv104.m3u8,text/plain; charset=utf-8,7236.5,72,none,0,0,False,[],[],,2026-08-15T14:44:31+00:00
345-local,itv101,https://345.lishuhang.com/itv101.m3u8,http_error,502,https://345.lishuhang.com/itv101.m3u8,text/plain; charset=utf-8,6261.7,75,none,0,0,False,[],[],,2026-08-15T14:44:32+00:00
345-local,itv99,https://345.lishuhang.com/itv99.m3u8,http_error,502,https://345.lishuhang.com/itv99.m3u8,text/plain; charset=utf-8,6102.4,75,none,0,0,False,[],[],,2026-08-15T14:44:33+00:00
345-local,itv102,https://345.lishuhang.com/itv102.m3u8,http_error,502,https://345.lishuhang.com/itv102.m3u8,text/plain; charset=utf-8,5533.3,72,none,0,0,False,[],[],,2026-08-15T14:44:33+00:00
345-local,itv98,https://345.lishuhang.com/itv98.m3u8,http_error,502,https://345.lishuhang.com/itv98.m3u8,text/plain; charset=utf-8,6031.6,75,none,0,0,False,[],[],,2026-08-15T14:44:33+00:00
345-local,itv103,https://345.lishuhang.com/itv103.m3u8,http_error,502,https://345.lishuhang.com/itv103.m3u8,text/plain; charset=utf-8,5570.1,72,none,0,0,False,[],[],,2026-08-15T14:44:34+00:00
345-local,itv103,https://345.lishuhang.com/ty20.m3u8,http_error,502,https://345.lishuhang.com/ty20.m3u8,text/plain; charset=utf-8,5620.8,72,none,0,0,False,[],[],,2026-08-15T14:44:34+00:00
345-local,itv100,https://345.lishuhang.com/itv100.m3u8,http_error,502,https://345.lishuhang.com/itv100.m3u8,text/plain; charset=utf-8,4900.7,72,none,0,0,False,[],[],,2026-08-15T14:44:35+00:00
345-local,itv325,https://345.lishuhang.com/itv325.m3u8,http_error,502,https://345.lishuhang.com/itv325.m3u8,text/plain; charset=utf-8,4167.1,72,none,0,0,False,[],[],,2026-08-15T14:44:35+00:00
345-local,itv121,https://345.lishuhang.com/itv121.m3u8,request_exception,,,,,0,none,0,0,False,[],[],"HTTPSConnectionPool(host='345.lishuhang.com', port=443): Read timed out. (read timeout=8.0)",2026-08-15T14:44:36+00:00
345-local,itv280,https://345.lishuhang.com/itv280.m3u8,request_exception,,,,,0,none,0,0,False,[],[],"HTTPSConnectionPool(host='345.lishuhang.com', port=443): Read timed out. (read timeout=8.0)",2026-08-15T14:44:37+00:00
345-local,itv279,https://345.lishuhang.com/itv279.m3u8,request_exception,,,,,0,none,0,0,False,[],[],"HTTPSConnectionPool(host='345.lishuhang.com', port=443): Read timed out. (read timeout=8.0)",2026-08-15T14:44:37+00:00
345-local,itv338,https://345.lishuhang.com/itv338.m3u8,http_error,502,https://345.lishuhang.com/itv338.m3u8,text/plain; charset=utf-8,4733.4,72,none,0,0,False,[],[],,2026-08-15T14:44:37+00:00
345-local,itv112,https://345.lishuhang.com/itv112.m3u8,request_exception,,,,,0,none,0,0,False,[],[],"HTTPSConnectionPool(host='345.lishuhang.com', port=443): Read timed out. (read timeout=8.0)",2026-08-15T14:44:38+00:00
345-local,itv119,https://345.lishuhang.com/itv119.m3u8,request_exception,,,,,0,none,0,0,False,[],[],"HTTPSConnectionPool(host='345.lishuhang.com', port=443): Read timed out. (read timeout=8.0)",2026-08-15T14:44:38+00:00
345-local,itv131,https://345.lishuhang.com/itv131.m3u8,request_exception,,,,,0,none,0,0,False,[],[],"HTTPSConnectionPool(host='345.lishuhang.com', port=443): Read timed out. (read timeout=8.0)",2026-08-15T14:44:38+00:00
345-local,itv271,https://345.lishuhang.com/itv271.m3u8,request_exception,,,,,0,none,0,0,False,[],[],"HTTPSConnectionPool(host='345.lishuhang.com', port=443): Read timed out. (read timeout=8.0)",2026-08-15T14:44:39+00:00
345-local,itv270,https://345.lishuhang.com/itv270.m3u8,request_exception,,,,,0,none,0,0,False,[],[],"HTTPSConnectionPool(host='345.lishuhang.com', port=443): Read timed out. (read timeout=8.0)",2026-08-15T14:44:39+00:00
345-local,itv322,https://345.lishuhang.com/itv322.m3u8,request_exception,,,,,0,none,0,0,False,[],[],"HTTPSConnectionPool(host='345.lishuhang.com', port=443): Read timed out. (read timeout=8.0)",2026-08-15T14:44:39+00:00
345-local,itv321,https://345.lishuhang.com/itv321.m3u8,request_exception,,,,,0,none,0,0,False,[],[],"HTTPSConnectionPool(host='345.lishuhang.com', port=443): Read timed out. (read timeout=8.0)",2026-08-15T14:44:39+00:00
345-local,itv130,https://345.lishuhang.com/itv130.m3u8,request_exception,,,,,0,none,0,0,False,[],[],"HTTPSConnectionPool(host='345.lishuhang.com', port=443): Read timed out. (read timeout=8.0)",2026-08-15T14:44:39+00:00
345-local,itv118,https://345.lishuhang.com/itv118.m3u8,request_exception,,,,,0,none,0,0,False,[],[],"HTTPSConnectionPool(host='345.lishuhang.com', port=443): Read timed out. (read timeout=8.0)",2026-08-15T14:44:39+00:00
345-local,itv129,https://345.lishuhang.com/itv129.m3u8,request_exception,,,,,0,none,0,0,False,[],[],"HTTPSConnectionPool(host='345.lishuhang.com', port=443): Read timed out. (read timeout=8.0)",2026-08-15T14:44:39+00:00
345-local,itv297,https://345.lishuhang.com/itv297.m3u8,http_error,502,https://345.lishuhang.com/itv297.m3u8,text/plain; charset=utf-8,3479.4,72,none,0,0,False,[],[],,2026-08-15T14:44:40+00:00
345-local,itv298,https://345.lishuhang.com/itv298.m3u8,http_error,502,https://345.lishuhang.com/itv298.m3u8,text/plain; charset=utf-8,3258.3,72,none,0,0,False,[],[],,2026-08-15T14:44:40+00:00
345-local,itv296,https://345.lishuhang.com/itv296.m3u8,http_error,502,https://345.lishuhang.com/itv296.m3u8,text/plain; charset=utf-8,3494.0,72,none,0,0,False,[],[],,2026-08-15T14:44:42+00:00
345-local,itv299,https://345.lishuhang.com/itv299.m3u8,http_error,502,https://345.lishuhang.com/itv299.m3u8,text/plain; charset=utf-8,5369.2,72,none,0,0,False,[],[],,2026-08-15T14:44:43+00:00
345-local,itv344,https://345.lishuhang.com/itv344.m3u8,request_exception,,,,,0,none,0,0,False,[],[],"HTTPSConnectionPool(host='345.lishuhang.com', port=443): Read timed out. (read timeout=8.0)",2026-08-15T14:44:43+00:00
345-local,itv343,https://345.lishuhang.com/itv343.m3u8,request_exception,,,,,0,none,0,0,False,[],[],"HTTPSConnectionPool(host='345.lishuhang.com', port=443): Read timed out. (read timeout=8.0)",2026-08-15T14:44:45+00:00
345-local,itv242,https://345.lishuhang.com/itv242.m3u8,segment_failure,200,https://345.lishuhang.com/itv242.m3u8,application/vnd.apple.mpegurl,3859.3,407,media,1,0,False,[400],[509.7],,2026-08-15T14:44:46+00:00
345-local,itv135,https://345.lishuhang.com/itv135.m3u8,request_exception,,,,,0,none,0,0,False,[],[],"HTTPSConnectionPool(host='345.lishuhang.com', port=443): Read timed out. (read timeout=8.0)",2026-08-15T14:44:47+00:00
345-local,itv240,https://345.lishuhang.com/itv240.m3u8,http_error,502,https://345.lishuhang.com/itv240.m3u8,text/plain; charset=utf-8,7401.0,72,none,0,0,False,[],[],,2026-08-15T14:44:47+00:00
345-local,itv239,https://345.lishuhang.com/itv239.m3u8,http_error,502,https://345.lishuhang.com/itv239.m3u8,text/plain; charset=utf-8,7953.7,72,none,0,0,False,[],[],,2026-08-15T14:44:48+00:00
345-local,itv363,https://345.lishuhang.com/itv363.m3u8,http_error,502,https://345.lishuhang.com/itv363.m3u8,text/plain; charset=utf-8,4354.6,72,none,0,0,False,[],[],,2026-08-15T14:44:48+00:00
345-local,itv364,https://345.lishuhang.com/itv364.m3u8,http_error,502,https://345.lishuhang.com/itv364.m3u8,text/plain; charset=utf-8,4149.8,72,none,0,0,False,[],[],,2026-08-15T14:44:48+00:00
345-local,itv359,https://345.lishuhang.com/itv359.m3u8,http_error,502,https://345.lishuhang.com/itv359.m3u8,text/plain; charset=utf-8,3947.3,72,none,0,0,False,[],[],,2026-08-15T14:44:48+00:00
345-local,itv358,https://345.lishuhang.com/itv358.m3u8,http_error,502,https://345.lishuhang.com/itv358.m3u8,text/plain; charset=utf-8,3699.9,72,none,0,0,False,[],[],,2026-08-15T14:44:49+00:00
345-local,itv357,https://345.lishuhang.com/itv357.m3u8,http_error,502,https://345.lishuhang.com/itv357.m3u8,text/plain; charset=utf-8,3594.3,72,none,0,0,False,[],[],,2026-08-15T14:44:49+00:00
345-local,itv356,https://345.lishuhang.com/itv356.m3u8,http_error,502,https://345.lishuhang.com/itv356.m3u8,text/plain; charset=utf-8,3541.4,72,none,0,0,False,[],[],,2026-08-15T14:44:49+00:00
345-local,itv362,https://345.lishuhang.com/itv362.m3u8,http_error,502,https://345.lishuhang.com/itv362.m3u8,text/plain; charset=utf-8,3259.8,72,none,0,0,False,[],[],,2026-08-15T14:44:49+00:00
345-local,itv360,https://345.lishuhang.com/itv360.m3u8,http_error,502,https://345.lishuhang.com/itv360.m3u8,text/plain; charset=utf-8,3238.9,72,none,0,0,False,[],[],,2026-08-15T14:44:49+00:00
345-local,itv361,https://345.lishuhang.com/itv361.m3u8,http_error,502,https://345.lishuhang.com/itv361.m3u8,text/plain; charset=utf-8,3521.1,72,none,0,0,False,[],[],,2026-08-15T14:44:49+00:00
345-local,itv192,https://345.lishuhang.com/itv192.m3u8,request_exception,,,,,0,none,0,0,False,[],[],"HTTPSConnectionPool(host='345.lishuhang.com', port=443): Read timed out. (read timeout=8.0)",2026-08-15T14:44:49+00:00
345-local,itv2,https://345.lishuhang.com/itv2.m3u8,http_error,502,https://345.lishuhang.com/itv2.m3u8,text/plain; charset=utf-8,3815.4,72,none,0,0,False,[],[],,2026-08-15T14:44:51+00:00
345-local,itv2,https://345.lishuhang.com/ty6.m3u8,http_error,502,https://345.lishuhang.com/ty6.m3u8,text/plain; charset=utf-8,4086.1,72,none,0,0,False,[],[],,2026-08-15T14:44:52+00:00
345-local,fjitv296,https://345.lishuhang.com/fjitv296.m3u8,http_error,502,https://345.lishuhang.com/fjitv296.m3u8,text/plain; charset=utf-8,1745.6,72,none,0,0,False,[],[],,2026-08-15T14:44:52+00:00
345-local,fjitv296,https://345.lishuhang.com/fjitv306.m3u8,http_error,502,https://345.lishuhang.com/fjitv306.m3u8,text/plain; charset=utf-8,2182.1,72,none,0,0,False,[],[],,2026-08-15T14:44:52+00:00
345-local,fjitv296,https://345.lishuhang.com/fjitv307.m3u8,http_error,502,https://345.lishuhang.com/fjitv307.m3u8,text/plain; charset=utf-8,6746.2,72,none,0,0,False,[],[],,2026-08-15T14:44:52+00:00
345-local,fjitv296,https://345.lishuhang.com/fjitv310.m3u8,http_error,502,https://345.lishuhang.com/fjitv310.m3u8,text/plain; charset=utf-8,1947.9,72,none,0,0,False,[],[],,2026-08-15T14:44:52+00:00
345-local,fjitv296,https://345.lishuhang.com/fjitv311.m3u8,http_error,502,https://345.lishuhang.com/fjitv311.m3u8,text/plain; charset=utf-8,1316.1,72,none,0,0,False,[],[],,2026-08-15T14:44:52+00:00
345-local,fjitv314,https://345.lishuhang.com/fjitv314.m3u8,http_error,502,https://345.lishuhang.com/fjitv314.m3u8,text/plain; charset=utf-8,7885.2,72,none,0,0,False,[],[],,2026-08-15T14:44:52+00:00
345-local,fjitv314,https://345.lishuhang.com/fjitv316.m3u8,http_error,502,https://345.lishuhang.com/fjitv316.m3u8,text/plain; charset=utf-8,3356.5,72,none,0,0,False,[],[],,2026-08-15T14:44:53+00:00
345-local,itv340,https://345.lishuhang.com/itv340.m3u8,request_exception,,,,,0,none,0,0,False,[],[],"HTTPSConnectionPool(host='345.lishuhang.com', port=443): Read timed out. (read timeout=8.0)",2026-08-15T14:44:53+00:00
345-local,itv373,https://345.lishuhang.com/itv373.m3u8,request_exception,,,,,0,none,0,0,False,[],[],"HTTPSConnectionPool(host='345.lishuhang.com', port=443): Read timed out. (read timeout=8.0)",2026-08-15T14:44:53+00:00
345-local,itv190,https://345.lishuhang.com/itv190.m3u8,http_error,502,https://345.lishuhang.com/itv190.m3u8,text/plain; charset=utf-8,7091.0,75,none,0,0,False,[],[],,2026-08-15T14:44:54+00:00
345-local,itv123,https://345.lishuhang.com/itv123.m3u8,request_exception,,,,,0,none,0,0,False,[],[],"HTTPSConnectionPool(host='345.lishuhang.com', port=443): Read timed out. (read timeout=8.0)",2026-08-15T14:44:54+00:00
345-local,itv232,https://345.lishuhang.com/itv232.m3u8,http_error,502,https://345.lishuhang.com/itv232.m3u8,text/plain; charset=utf-8,6306.7,72,none,0,0,False,[],[],,2026-08-15T14:44:54+00:00
345-local,itv225,https://345.lishuhang.com/itv225.m3u8,request_exception,,,,,0,none,0,0,False,[],[],"HTTPSConnectionPool(host='345.lishuhang.com', port=443): Read timed out. (read timeout=8.0)",2026-08-15T14:44:54+00:00
345-local,itv224,https://345.lishuhang.com/itv224.m3u8,request_exception,,,,,0,none,0,0,False,[],[],"HTTPSConnectionPool(host='345.lishuhang.com', port=443): Read timed out. (read timeout=8.0)",2026-08-15T14:44:55+00:00
345-local,itv222,https://345.lishuhang.com/itv222.m3u8,request_exception,,,,,0,none,0,0,False,[],[],"HTTPSConnectionPool(host='345.lishuhang.com', port=443): Read timed out. (read timeout=8.0)",2026-08-15T14:44:55+00:00
345-local,itv223,https://345.lishuhang.com/itv223.m3u8,request_exception,,,,,0,none,0,0,False,[],[],"HTTPSConnectionPool(host='345.lishuhang.com', port=443): Read timed out. (read timeout=8.0)",2026-08-15T14:44:55+00:00
345-local,itv221,https://345.lishuhang.com/itv221.m3u8,request_exception,,,,,0,none,0,0,False,[],[],"HTTPSConnectionPool(host='345.lishuhang.com', port=443): Read timed out. (read timeout=8.0)",2026-08-15T14:44:56+00:00
345-local,itv220,https://345.lishuhang.com/itv220.m3u8,not_hls,200,https://345.lishuhang.com/itv220.m3u8,application/vnd.apple.mpegurl,6266.2,6395,none,0,0,False,[],[],,2026-08-15T14:44:56+00:00
345-local,itv219,https://345.lishuhang.com/itv219.m3u8,not_hls,200,https://345.lishuhang.com/itv219.m3u8,application/vnd.apple.mpegurl,5960.2,6395,none,0,0,False,[],[],,2026-08-15T14:44:56+00:00
345-local,itv241,https://345.lishuhang.com/itv241.m3u8,segment_failure,200,https://345.lishuhang.com/itv241.m3u8,application/vnd.apple.mpegurl,4962.6,410,media,1,0,False,[400],[494.1],,2026-08-15T14:44:57+00:00
345-local,itv336,https://345.lishuhang.com/itv336.m3u8,http_error,502,https://345.lishuhang.com/itv336.m3u8,text/plain; charset=utf-8,5152.2,72,none,0,0,False,[],[],,2026-08-15T14:44:59+00:00
345-local,itv282,https://345.lishuhang.com/itv282.m3u8,request_exception,,,,,0,none,0,0,False,[],[],"HTTPSConnectionPool(host='345.lishuhang.com', port=443): Read timed out. (read timeout=8.0)",2026-08-15T14:44:59+00:00
345-local,itv281,https://345.lishuhang.com/itv281.m3u8,request_exception,,,,,0,none,0,0,False,[],[],"HTTPSConnectionPool(host='345.lishuhang.com', port=443): Read timed out. (read timeout=8.0)",2026-08-15T14:45:00+00:00
345-local,itv351,https://345.lishuhang.com/itv351.m3u8,http_error,502,https://345.lishuhang.com/itv351.m3u8,text/plain; charset=utf-8,4062.0,72,none,0,0,False,[],[],,2026-08-15T14:45:01+00:00
345-local,itv293,https://345.lishuhang.com/itv293.m3u8,segment_failure,200,https://345.lishuhang.com/itv293.m3u8,application/vnd.apple.mpegurl,8397.5,409,media,1,0,False,[400],[495.4],,2026-08-15T14:45:01+00:00
345-local,itv193,https://345.lishuhang.com/itv193.m3u8,request_exception,,,,,0,none,0,0,False,[],[],"HTTPSConnectionPool(host='345.lishuhang.com', port=443): Read timed out. (read timeout=8.0)",2026-08-15T14:45:02+00:00
345-local,itv106,https://345.lishuhang.com/itv106.m3u8,request_exception,,,,,0,none,0,0,False,[],[],"HTTPSConnectionPool(host='345.lishuhang.com', port=443): Read timed out. (read timeout=8.0)",2026-08-15T14:45:02+00:00
345-local,itv105,https://345.lishuhang.com/itv105.m3u8,request_exception,,,,,0,none,0,0,False,[],[],"HTTPSConnectionPool(host='345.lishuhang.com', port=443): Read timed out. (read timeout=8.0)",2026-08-15T14:45:02+00:00
345-local,fjitv101,https://345.lishuhang.com/fjitv101.m3u8,http_error,502,https://345.lishuhang.com/fjitv101.m3u8,text/plain; charset=utf-8,3156.8,72,none,0,0,False,[],[],,2026-08-15T14:45:03+00:00
345-local,fjitv101,https://345.lishuhang.com/fjitv239.m3u8,http_error,502,https://345.lishuhang.com/fjitv239.m3u8,text/plain; charset=utf-8,3446.2,72,none,0,0,False,[],[],,2026-08-15T14:45:03+00:00
345-local,itv317,https://345.lishuhang.com/itv317.m3u8,http_error,502,https://345.lishuhang.com/itv317.m3u8,text/plain; charset=utf-8,5887.7,72,none,0,0,False,[],[],,2026-08-15T14:45:04+00:00
345-local,itv318,https://345.lishuhang.com/itv318.m3u8,http_error,502,https://345.lishuhang.com/itv318.m3u8,text/plain; charset=utf-8,5726.3,72,none,0,0,False,[],[],,2026-08-15T14:45:04+00:00
345-local,itv316,https://345.lishuhang.com/itv316.m3u8,http_error,502,https://345.lishuhang.com/itv316.m3u8,text/plain; charset=utf-8,5689.9,72,none,0,0,False,[],[],,2026-08-15T14:45:04+00:00
345-local,itv269,https://345.lishuhang.com/itv269.m3u8,http_error,502,https://345.lishuhang.com/itv269.m3u8,text/plain; charset=utf-8,3888.9,72,none,0,0,False,[],[],,2026-08-15T14:45:04+00:00
345-local,itv216,https://345.lishuhang.com/itv216.m3u8,http_error,502,https://345.lishuhang.com/itv216.m3u8,text/plain; charset=utf-8,4928.3,72,none,0,0,False,[],[],,2026-08-15T14:45:05+00:00
345-local,itv213,https://345.lishuhang.com/itv213.m3u8,http_error,502,https://345.lishuhang.com/itv213.m3u8,text/plain; charset=utf-8,4931.8,72,none,0,0,False,[],[],,2026-08-15T14:45:05+00:00
345-local,itv212,https://345.lishuhang.com/itv212.m3u8,http_error,502,https://345.lishuhang.com/itv212.m3u8,text/plain; charset=utf-8,4089.5,72,none,0,0,False,[],[],,2026-08-15T14:45:05+00:00
345-local,itv214,https://345.lishuhang.com/itv214.m3u8,http_error,502,https://345.lishuhang.com/itv214.m3u8,text/plain; charset=utf-8,3576.7,72,none,0,0,False,[],[],,2026-08-15T14:45:06+00:00
345-local,itv218,https://345.lishuhang.com/itv218.m3u8,http_error,502,https://345.lishuhang.com/itv218.m3u8,text/plain; charset=utf-8,3478.2,72,none,0,0,False,[],[],,2026-08-15T14:45:06+00:00
345-local,itv217,https://345.lishuhang.com/itv217.m3u8,http_error,502,https://345.lishuhang.com/itv217.m3u8,text/plain; charset=utf-8,3435.9,72,none,0,0,False,[],[],,2026-08-15T14:45:07+00:00
345-local,itv215,https://345.lishuhang.com/itv215.m3u8,http_error,502,https://345.lishuhang.com/itv215.m3u8,text/plain; charset=utf-8,3533.2,72,none,0,0,False,[],[],,2026-08-15T14:45:08+00:00
345-local,itv210,https://345.lishuhang.com/itv210.m3u8,http_error,502,https://345.lishuhang.com/itv210.m3u8,text/plain; charset=utf-8,7544.8,72,none,0,0,False,[],[],,2026-08-15T14:45:09+00:00
345-local,itv124,https://345.lishuhang.com/itv124.m3u8,request_exception,,,,,0,none,0,0,False,[],[],"HTTPSConnectionPool(host='345.lishuhang.com', port=443): Read timed out. (read timeout=8.0)",2026-08-15T14:45:09+00:00
345-local,itv335,https://345.lishuhang.com/itv335.m3u8,http_error,502,https://345.lishuhang.com/itv335.m3u8,text/plain; charset=utf-8,4823.8,72,none,0,0,False,[],[],,2026-08-15T14:45:09+00:00
345-local,itv233,https://345.lishuhang.com/itv233.m3u8,request_exception,,,,,0,none,0,0,False,[],[],"HTTPSConnectionPool(host='345.lishuhang.com', port=443): Read timed out. (read timeout=8.0)",2026-08-15T14:45:09+00:00
345-local,fjitv100,https://345.lishuhang.com/fjitv100.m3u8,http_error,502,https://345.lishuhang.com/fjitv100.m3u8,text/plain; charset=utf-8,3470.4,72,none,0,0,False,[],[],,2026-08-15T14:45:10+00:00
345-local,fjitv100,https://345.lishuhang.com/fjitv238.m3u8,http_error,502,https://345.lishuhang.com/fjitv238.m3u8,text/plain; charset=utf-8,3505.3,72,none,0,0,False,[],[],,2026-08-15T14:45:10+00:00
345-local,fjitv100,https://345.lishuhang.com/migu92.m3u8,http_error,502,https://345.lishuhang.com/migu92.m3u8,text/plain; charset=utf-8,3679.3,102,none,0,0,False,[],[],,2026-08-15T14:45:10+00:00
345-local,fjitv100,https://345.lishuhang.com/ty13.m3u8,http_error,502,https://345.lishuhang.com/ty13.m3u8,text/plain; charset=utf-8,3852.1,72,none,0,0,False,[],[],,2026-08-15T14:45:10+00:00
345-local,itv259,https://345.lishuhang.com/itv259.m3u8,request_exception,,,,,0,none,0,0,False,[],[],"HTTPSConnectionPool(host='345.lishuhang.com', port=443): Read timed out. (read timeout=8.0)",2026-08-15T14:45:10+00:00
345-local,itv257,https://345.lishuhang.com/itv257.m3u8,request_exception,,,,,0,none,0,0,False,[],[],"HTTPSConnectionPool(host='345.lishuhang.com', port=443): Read timed out. (read timeout=8.0)",2026-08-15T14:45:10+00:00
345-local,itv260,https://345.lishuhang.com/itv260.m3u8,request_exception,,,,,0,none,0,0,False,[],[],"HTTPSConnectionPool(host='345.lishuhang.com', port=443): Read timed out. (read timeout=8.0)",2026-08-15T14:45:10+00:00
345-local,itv256,https://345.lishuhang.com/itv256.m3u8,http_error,502,https://345.lishuhang.com/itv256.m3u8,text/plain; charset=utf-8,5634.8,72,none,0,0,False,[],[],,2026-08-15T14:45:10+00:00
345-local,itv258,https://345.lishuhang.com/itv258.m3u8,http_error,502,https://345.lishuhang.com/itv258.m3u8,text/plain; charset=utf-8,4415.8,72,none,0,0,False,[],[],,2026-08-15T14:45:12+00:00
345-local,itv231,https://345.lishuhang.com/itv231.m3u8,http_error,502,https://345.lishuhang.com/itv231.m3u8,text/plain; charset=utf-8,3407.4,72,none,0,0,False,[],[],,2026-08-15T14:45:12+00:00
345-local,itv230,https://345.lishuhang.com/itv230.m3u8,http_error,502,https://345.lishuhang.com/itv230.m3u8,text/plain; charset=utf-8,3463.3,72,none,0,0,False,[],[],,2026-08-15T14:45:12+00:00
345-local,itv285,https://345.lishuhang.com/itv285.m3u8,http_error,502,https://345.lishuhang.com/itv285.m3u8,text/plain; charset=utf-8,3206.4,72,none,0,0,False,[],[],,2026-08-15T14:45:12+00:00
345-local,itv283,https://345.lishuhang.com/itv283.m3u8,http_error,502,https://345.lishuhang.com/itv283.m3u8,text/plain; charset=utf-8,3260.9,72,none,0,0,False,[],[],,2026-08-15T14:45:13+00:00
345-local,itv284,https://345.lishuhang.com/itv284.m3u8,http_error,502,https://345.lishuhang.com/itv284.m3u8,text/plain; charset=utf-8,3420.9,72,none,0,0,False,[],[],,2026-08-15T14:45:13+00:00
345-local,itv136,https://345.lishuhang.com/itv136.m3u8,request_exception,,,,,0,none,0,0,False,[],[],"HTTPSConnectionPool(host='345.lishuhang.com', port=443): Read timed out. (read timeout=8.0)",2026-08-15T14:45:13+00:00
345-local,fjitv105,https://345.lishuhang.com/fjitv105.m3u8,http_error,502,https://345.lishuhang.com/fjitv105.m3u8,text/plain; charset=utf-8,3373.5,72,none,0,0,False,[],[],,2026-08-15T14:45:14+00:00
345-local,fjitv105,https://345.lishuhang.com/fjitv179.m3u8,http_error,502,https://345.lishuhang.com/fjitv179.m3u8,text/plain; charset=utf-8,3368.6,72,none,0,0,False,[],[],,2026-08-15T14:45:14+00:00
345-local,fjitv275,https://345.lishuhang.com/fjitv275.m3u8,http_error,502,https://345.lishuhang.com/fjitv275.m3u8,text/plain; charset=utf-8,3423.0,72,none,0,0,False,[],[],,2026-08-15T14:45:15+00:00
345-local,fjitv275,https://345.lishuhang.com/itv197.m3u8,http_error,502,https://345.lishuhang.com/itv197.m3u8,text/plain; charset=utf-8,5893.8,75,none,0,0,False,[],[],,2026-08-15T14:45:16+00:00
345-local,itv140,https://345.lishuhang.com/itv140.m3u8,request_exception,,,,,0,none,0,0,False,[],[],"HTTPSConnectionPool(host='345.lishuhang.com', port=443): Read timed out. (read timeout=8.0)",2026-08-15T14:45:16+00:00
345-local,itv349,https://345.lishuhang.com/itv349.m3u8,http_error,502,https://345.lishuhang.com/itv349.m3u8,text/plain; charset=utf-8,3383.7,72,none,0,0,False,[],[],,2026-08-15T14:45:16+00:00
345-local,itv235,https://345.lishuhang.com/itv235.m3u8,http_error,502,https://345.lishuhang.com/itv235.m3u8,text/plain; charset=utf-8,6077.3,72,none,0,0,False,[],[],,2026-08-15T14:45:16+00:00
345-local,itv234,https://345.lishuhang.com/itv234.m3u8,http_error,502,https://345.lishuhang.com/itv234.m3u8,text/plain; charset=utf-8,6117.3,72,none,0,0,False,[],[],,2026-08-15T14:45:16+00:00
345-local,itv337,https://345.lishuhang.com/itv337.m3u8,http_error,502,https://345.lishuhang.com/itv337.m3u8,text/plain; charset=utf-8,3294.9,72,none,0,0,False,[],[],,2026-08-15T14:45:17+00:00
345-local,itv327,https://345.lishuhang.com/itv327.m3u8,request_exception,,,,,0,none,0,0,False,[],[],"HTTPSConnectionPool(host='345.lishuhang.com', port=443): Read timed out. (read timeout=8.0)",2026-08-15T14:45:17+00:00
345-local,fjitv252,https://345.lishuhang.com/fjitv252.m3u8,http_error,502,https://345.lishuhang.com/fjitv252.m3u8,text/plain; charset=utf-8,3515.4,72,none,0,0,False,[],[],,2026-08-15T14:45:17+00:00
345-local,itv306,https://345.lishuhang.com/itv306.m3u8,http_error,502,https://345.lishuhang.com/itv306.m3u8,text/plain; charset=utf-8,4994.6,72,none,0,0,False,[],[],,2026-08-15T14:45:17+00:00
345-local,itv305,https://345.lishuhang.com/itv305.m3u8,http_error,502,https://345.lishuhang.com/itv305.m3u8,text/plain; charset=utf-8,5781.1,72,none,0,0,False,[],[],,2026-08-15T14:45:19+00:00
345-local,itv367,https://345.lishuhang.com/itv367.m3u8,http_error,502,https://345.lishuhang.com/itv367.m3u8,text/plain; charset=utf-8,3448.7,72,none,0,0,False,[],[],,2026-08-15T14:45:19+00:00
345-local,itv369,https://345.lishuhang.com/itv369.m3u8,http_error,502,https://345.lishuhang.com/itv369.m3u8,text/plain; charset=utf-8,3240.9,72,none,0,0,False,[],[],,2026-08-15T14:45:19+00:00
345-local,itv368,https://345.lishuhang.com/itv368.m3u8,http_error,502,https://345.lishuhang.com/itv368.m3u8,text/plain; charset=utf-8,3390.3,72,none,0,0,False,[],[],,2026-08-15T14:45:19+00:00
345-local,itv366,https://345.lishuhang.com/itv366.m3u8,http_error,502,https://345.lishuhang.com/itv366.m3u8,text/plain; charset=utf-8,3437.5,72,none,0,0,False,[],[],,2026-08-15T14:45:20+00:00
345-local,itv194,https://345.lishuhang.com/itv194.m3u8,http_error,502,https://345.lishuhang.com/itv194.m3u8,text/plain; charset=utf-8,3471.5,72,none,0,0,False,[],[],,2026-08-15T14:45:20+00:00
345-local,itv183,https://345.lishuhang.com/itv183.m3u8,request_exception,,,,,0,none,0,0,False,[],[],"HTTPSConnectionPool(host='345.lishuhang.com', port=443): Read timed out. (read timeout=8.0)",2026-08-15T14:45:20+00:00
345-local,itv181,https://345.lishuhang.com/itv181.m3u8,request_exception,,,,,0,none,0,0,False,[],[],"HTTPSConnectionPool(host='345.lishuhang.com', port=443): Read timed out. (read timeout=8.0)",2026-08-15T14:45:20+00:00
345-local,itv182,https://345.lishuhang.com/itv182.m3u8,request_exception,,,,,0,none,0,0,False,[],[],"HTTPSConnectionPool(host='345.lishuhang.com', port=443): Read timed out. (read timeout=8.0)",2026-08-15T14:45:21+00:00
345-local,itv180,https://345.lishuhang.com/itv180.m3u8,request_exception,,,,,0,none,0,0,False,[],[],"HTTPSConnectionPool(host='345.lishuhang.com', port=443): Read timed out. (read timeout=8.0)",2026-08-15T14:45:21+00:00
345-local,itv386,https://345.lishuhang.com/itv386.m3u8,http_error,502,https://345.lishuhang.com/itv386.m3u8,text/plain; charset=utf-8,4732.8,72,none,0,0,False,[],[],,2026-08-15T14:45:22+00:00
345-local,itv198,https://345.lishuhang.com/itv198.m3u8,http_error,502,https://345.lishuhang.com/itv198.m3u8,text/plain; charset=utf-8,3549.3,72,none,0,0,False,[],[],,2026-08-15T14:45:22+00:00
345-local,itv198,https://345.lishuhang.com/migu84.m3u8,http_error,502,https://345.lishuhang.com/migu84.m3u8,text/plain; charset=utf-8,4037.6,102,none,0,0,False,[],[],,2026-08-15T14:45:22+00:00
345-local,itv113,https://345.lishuhang.com/itv113.m3u8,request_exception,,,,,0,none,0,0,False,[],[],"HTTPSConnectionPool(host='345.lishuhang.com', port=443): Read timed out. (read timeout=8.0)",2026-08-15T14:45:22+00:00
345-local,itv350,https://345.lishuhang.com/itv350.m3u8,request_exception,,,,,0,none,0,0,False,[],[],"HTTPSConnectionPool(host='345.lishuhang.com', port=443): Read timed out. (read timeout=8.0)",2026-08-15T14:45:22+00:00
345-local,fjitv26,https://345.lishuhang.com/fjitv26.m3u8,http_error,502,https://345.lishuhang.com/fjitv26.m3u8,text/plain; charset=utf-8,3478.1,72,none,0,0,False,[],[],,2026-08-15T14:45:23+00:00
345-local,itv226,https://345.lishuhang.com/itv226.m3u8,segment_failure,200,https://345.lishuhang.com/itv226.m3u8,application/vnd.apple.mpegurl,7433.3,1394,media,1,0,False,[400],[485.4],,2026-08-15T14:45:23+00:00
345-local,itv294,https://345.lishuhang.com/itv294.m3u8,http_error,502,https://345.lishuhang.com/itv294.m3u8,text/plain; charset=utf-8,4672.2,72,none,0,0,False,[],[],,2026-08-15T14:45:23+00:00
345-local,itv137,https://345.lishuhang.com/itv137.m3u8,request_exception,,,,,0,none,0,0,False,[],[],"HTTPSConnectionPool(host='345.lishuhang.com', port=443): Read timed out. (read timeout=8.0)",2026-08-15T14:45:23+00:00
345-local,itv341,https://345.lishuhang.com/itv341.m3u8,http_error,502,https://345.lishuhang.com/itv341.m3u8,text/plain; charset=utf-8,3393.3,72,none,0,0,False,[],[],,2026-08-15T14:45:25+00:00
345-local,itv237,https://345.lishuhang.com/itv237.m3u8,http_error,502,https://345.lishuhang.com/itv237.m3u8,text/plain; charset=utf-8,6282.8,72,none,0,0,False,[],[],,2026-08-15T14:45:26+00:00
345-local,itv238,https://345.lishuhang.com/itv238.m3u8,http_error,502,https://345.lishuhang.com/itv238.m3u8,text/plain; charset=utf-8,5695.6,72,none,0,0,False,[],[],,2026-08-15T14:45:26+00:00
345-local,itv236,https://345.lishuhang.com/itv236.m3u8,http_error,502,https://345.lishuhang.com/itv236.m3u8,text/plain; charset=utf-8,8116.8,75,none,0,0,False,[],[],,2026-08-15T14:45:26+00:00
345-local,itv342,https://345.lishuhang.com/itv342.m3u8,http_error,502,https://345.lishuhang.com/itv342.m3u8,text/plain; charset=utf-8,3553.2,72,none,0,0,False,[],[],,2026-08-15T14:45:26+00:00
345-local,fjitv289,https://345.lishuhang.com/fjitv289.m3u8,http_error,502,https://345.lishuhang.com/fjitv289.m3u8,text/plain; charset=utf-8,3344.0,72,none,0,0,False,[],[],,2026-08-15T14:45:26+00:00
345-local,itv115,https://345.lishuhang.com/itv115.m3u8,request_exception,,,,,0,none,0,0,False,[],[],"HTTPSConnectionPool(host='345.lishuhang.com', port=443): Read timed out. (read timeout=8.0)",2026-08-15T14:45:27+00:00
345-local,fjitv95,https://345.lishuhang.com/fjitv95.m3u8,http_error,502,https://345.lishuhang.com/fjitv95.m3u8,text/plain; charset=utf-8,4608.8,72,none,0,0,False,[],[],,2026-08-15T14:45:28+00:00
345-local,fjitv95,https://345.lishuhang.com/fjitv234.m3u8,http_error,502,https://345.lishuhang.com/fjitv234.m3u8,text/plain; charset=utf-8,3160.7,72,none,0,0,False,[],[],,2026-08-15T14:45:28+00:00
345-local,fjitv95,https://345.lishuhang.com/itv248.m3u8,http_error,502,https://345.lishuhang.com/itv248.m3u8,text/plain; charset=utf-8,3929.8,72,none,0,0,False,[],[],,2026-08-15T14:45:30+00:00
345-local,itv328,https://345.lishuhang.com/itv328.m3u8,segment_failure,200,https://345.lishuhang.com/itv328.m3u8,application/vnd.apple.mpegurl,7715.1,512,media,1,0,False,[400],[521.7],,2026-08-15T14:45:30+00:00
345-local,itv162,https://345.lishuhang.com/itv162.m3u8,request_exception,,,,,0,none,0,0,False,[],[],"HTTPSConnectionPool(host='345.lishuhang.com', port=443): Read timed out. (read timeout=8.0)",2026-08-15T14:45:30+00:00
345-local,itv345,https://345.lishuhang.com/itv345.m3u8,not_hls,200,https://345.lishuhang.com/itv345.m3u8,application/vnd.apple.mpegurl,7934.5,74723,none,0,0,False,[],[],,2026-08-15T14:45:30+00:00
345-local,itv346,https://345.lishuhang.com/itv346.m3u8,not_hls,200,https://345.lishuhang.com/itv346.m3u8,application/vnd.apple.mpegurl,7725.0,75226,none,0,0,False,[],[],,2026-08-15T14:45:31+00:00
345-local,itv275,https://345.lishuhang.com/itv275.m3u8,http_error,502,https://345.lishuhang.com/itv275.m3u8,text/plain; charset=utf-8,6071.7,72,none,0,0,False,[],[],,2026-08-15T14:45:31+00:00
345-local,itv273,https://345.lishuhang.com/itv273.m3u8,http_error,502,https://345.lishuhang.com/itv273.m3u8,text/plain; charset=utf-8,5991.4,72,none,0,0,False,[],[],,2026-08-15T14:45:31+00:00
345-local,itv274,https://345.lishuhang.com/itv274.m3u8,http_error,502,https://345.lishuhang.com/itv274.m3u8,text/plain; charset=utf-8,5893.7,72,none,0,0,False,[],[],,2026-08-15T14:45:31+00:00
345-local,itv295,https://345.lishuhang.com/itv295.m3u8,http_error,502,https://345.lishuhang.com/itv295.m3u8,text/plain; charset=utf-8,6738.1,72,none,0,0,False,[],[],,2026-08-15T14:45:32+00:00
345-local,itv315,https://345.lishuhang.com/itv315.m3u8,http_error,502,https://345.lishuhang.com/itv315.m3u8,text/plain; charset=utf-8,5107.8,72,none,0,0,False,[],[],,2026-08-15T14:45:32+00:00
345-local,itv314,https://345.lishuhang.com/itv314.m3u8,http_error,502,https://345.lishuhang.com/itv314.m3u8,text/plain; charset=utf-8,4482.5,72,none,0,0,False,[],[],,2026-08-15T14:45:32+00:00
345-local,itv138,https://345.lishuhang.com/itv138.m3u8,request_exception,,,,,0,none,0,0,False,[],[],"HTTPSConnectionPool(host='345.lishuhang.com', port=443): Read timed out. (read timeout=8.0)",2026-08-15T14:45:33+00:00
345-local,itv347,https://345.lishuhang.com/itv347.m3u8,http_error,502,https://345.lishuhang.com/itv347.m3u8,text/plain; charset=utf-8,4106.3,72,none,0,0,False,[],[],,2026-08-15T14:45:33+00:00
345-local,itv348,https://345.lishuhang.com/itv348.m3u8,http_error,502,https://345.lishuhang.com/itv348.m3u8,text/plain; charset=utf-8,3355.9,72,none,0,0,False,[],[],,2026-08-15T14:45:33+00:00
345-local,itv304,https://345.lishuhang.com/itv304.m3u8,http_error,502,https://345.lishuhang.com/itv304.m3u8,text/plain; charset=utf-8,3734.0,72,none,0,0,False,[],[],,2026-08-15T14:45:34+00:00
345-local,itv303,https://345.lishuhang.com/itv303.m3u8,http_error,502,https://345.lishuhang.com/itv303.m3u8,text/plain; charset=utf-8,3410.4,72,none,0,0,False,[],[],,2026-08-15T14:45:34+00:00
345-local,itv132,https://345.lishuhang.com/itv132.m3u8,request_exception,,,,,0,none,0,0,False,[],[],"HTTPSConnectionPool(host='345.lishuhang.com', port=443): Read timed out. (read timeout=8.0)",2026-08-15T14:45:37+00:00
345-local,itv384,https://345.lishuhang.com/itv384.m3u8,http_error,502,https://345.lishuhang.com/itv384.m3u8,text/plain; charset=utf-8,3297.8,72,none,0,0,False,[],[],,2026-08-15T14:45:37+00:00
345-local,itv383,https://345.lishuhang.com/itv383.m3u8,http_error,502,https://345.lishuhang.com/itv383.m3u8,text/plain; charset=utf-8,3495.3,72,none,0,0,False,[],[],,2026-08-15T14:45:37+00:00
345-local,itv382,https://345.lishuhang.com/itv382.m3u8,http_error,502,https://345.lishuhang.com/itv382.m3u8,text/plain; charset=utf-8,3427.1,72,none,0,0,False,[],[],,2026-08-15T14:45:37+00:00
345-local,itv243,https://345.lishuhang.com/itv243.m3u8,http_error,502,https://345.lishuhang.com/itv243.m3u8,text/plain; charset=utf-8,5517.4,72,none,0,0,False,[],[],,2026-08-15T14:45:37+00:00
345-local,itv262,https://345.lishuhang.com/itv262.m3u8,http_error,502,https://345.lishuhang.com/itv262.m3u8,text/plain; charset=utf-8,4722.8,72,none,0,0,False,[],[],,2026-08-15T14:45:37+00:00
345-local,itv261,https://345.lishuhang.com/itv261.m3u8,http_error,502,https://345.lishuhang.com/itv261.m3u8,text/plain; charset=utf-8,4589.0,72,none,0,0,False,[],[],,2026-08-15T14:45:37+00:00
345-local,itv263,https://345.lishuhang.com/itv263.m3u8,http_error,502,https://345.lishuhang.com/itv263.m3u8,text/plain; charset=utf-8,4636.8,72,none,0,0,False,[],[],,2026-08-15T14:45:37+00:00
345-local,itv191,https://345.lishuhang.com/itv191.m3u8,http_error,502,https://345.lishuhang.com/itv191.m3u8,text/plain; charset=utf-8,8705.1,72,none,0,0,False,[],[],,2026-08-15T14:45:38+00:00
345-local,itv116,https://345.lishuhang.com/itv116.m3u8,request_exception,,,,,0,none,0,0,False,[],[],"HTTPSConnectionPool(host='345.lishuhang.com', port=443): Read timed out. (read timeout=8.0)",2026-08-15T14:45:38+00:00
345-local,itv110,https://345.lishuhang.com/itv110.m3u8,request_exception,,,,,0,none,0,0,False,[],[],"HTTPSConnectionPool(host='345.lishuhang.com', port=443): Read timed out. (read timeout=8.0)",2026-08-15T14:45:38+00:00
345-local,itv111,https://345.lishuhang.com/itv111.m3u8,request_exception,,,,,0,none,0,0,False,[],[],"HTTPSConnectionPool(host='345.lishuhang.com', port=443): Read timed out. (read timeout=8.0)",2026-08-15T14:45:38+00:00
345-local,itv133,https://345.lishuhang.com/itv133.m3u8,request_exception,,,,,0,none,0,0,False,[],[],"HTTPSConnectionPool(host='345.lishuhang.com', port=443): Read timed out. (read timeout=8.0)",2026-08-15T14:45:38+00:00
345-local,itv313,https://345.lishuhang.com/itv313.m3u8,http_error,502,https://345.lishuhang.com/itv313.m3u8,text/plain; charset=utf-8,3388.9,72,none,0,0,False,[],[],,2026-08-15T14:45:38+00:00
345-local,itv312,https://345.lishuhang.com/itv312.m3u8,http_error,502,https://345.lishuhang.com/itv312.m3u8,text/plain; charset=utf-8,3580.6,72,none,0,0,False,[],[],,2026-08-15T14:45:40+00:00
345-local,itv388,https://345.lishuhang.com/itv388.m3u8,http_error,502,https://345.lishuhang.com/itv388.m3u8,text/plain; charset=utf-8,5556.7,72,none,0,0,False,[],[],,2026-08-15T14:45:40+00:00
345-local,itv387,https://345.lishuhang.com/itv387.m3u8,http_error,502,https://345.lishuhang.com/itv387.m3u8,text/plain; charset=utf-8,5324.7,72,none,0,0,False,[],[],,2026-08-15T14:45:40+00:00
345-local,itv352,https://345.lishuhang.com/itv352.m3u8,http_error,502,https://345.lishuhang.com/itv352.m3u8,text/plain; charset=utf-8,3144.6,72,none,0,0,False,[],[],,2026-08-15T14:45:40+00:00
345-local,itv334,https://345.lishuhang.com/itv334.m3u8,request_exception,,,,,0,none,0,0,False,[],[],"HTTPSConnectionPool(host='345.lishuhang.com', port=443): Read timed out. (read timeout=8.0)",2026-08-15T14:45:42+00:00
345-local,itv320,https://345.lishuhang.com/itv320.m3u8,http_error,502,https://345.lishuhang.com/itv320.m3u8,text/plain; charset=utf-8,5808.1,72,none,0,0,False,[],[],,2026-08-15T14:45:42+00:00
345-local,itv319,https://345.lishuhang.com/itv319.m3u8,not_hls,200,https://345.lishuhang.com/itv319.m3u8,application/vnd.apple.mpegurl,8522.1,110744,none,0,0,False,[],[],,2026-08-15T14:45:42+00:00
345-local,itv141,https://345.lishuhang.com/itv141.m3u8,request_exception,,,,,0,none,0,0,False,[],[],"HTTPSConnectionPool(host='345.lishuhang.com', port=443): Read timed out. (read timeout=8.0)",2026-08-15T14:45:42+00:00
345-local,itv96,https://345.lishuhang.com/itv96.m3u8,http_error,502,https://345.lishuhang.com/itv96.m3u8,text/plain; charset=utf-8,3682.0,72,none,0,0,False,[],[],,2026-08-15T14:45:42+00:00
345-local,itv126,https://345.lishuhang.com/itv126.m3u8,request_exception,,,,,0,none,0,0,False,[],[],"HTTPSConnectionPool(host='345.lishuhang.com', port=443): Read timed out. (read timeout=8.0)",2026-08-15T14:45:42+00:00
345-local,itv189,https://345.lishuhang.com/itv189.m3u8,not_hls,200,https://345.lishuhang.com/itv189.m3u8,application/vnd.apple.mpegurl,6258.9,1852,none,0,0,False,[],[],,2026-08-15T14:45:44+00:00
345-local,itv188,https://345.lishuhang.com/itv188.m3u8,not_hls,200,https://345.lishuhang.com/itv188.m3u8,application/vnd.apple.mpegurl,6214.7,1852,none,0,0,False,[],[],,2026-08-15T14:45:44+00:00
345-loop,movie60,https://345.lishuhang.com/movie60.m3u8,http_error,502,https://345.lishuhang.com/movie60.m3u8,text/plain; charset=utf-8,7281.8,72,none,0,0,False,[],[],,2026-08-15T14:45:46+00:00
345-loop,movie312,https://345.lishuhang.com/movie312.m3u8,http_error,502,https://345.lishuhang.com/movie312.m3u8,text/plain; charset=utf-8,7669.9,72,none,0,0,False,[],[],,2026-08-15T14:45:46+00:00
345-loop,movie172,https://345.lishuhang.com/movie172.m3u8,http_error,502,https://345.lishuhang.com/movie172.m3u8,text/plain; charset=utf-8,6440.3,72,none,0,0,False,[],[],,2026-08-15T14:45:46+00:00
345-loop,movie135,https://345.lishuhang.com/movie135.m3u8,http_error,502,https://345.lishuhang.com/movie135.m3u8,text/plain; charset=utf-8,7173.3,72,none,0,0,False,[],[],,2026-08-15T14:45:46+00:00
345-loop,movie135,https://345.lishuhang.com/movie149.m3u8,http_error,502,https://345.lishuhang.com/movie149.m3u8,text/plain; charset=utf-8,7444.3,72,none,0,0,False,[],[],,2026-08-15T14:45:46+00:00
345-loop,movie317,https://345.lishuhang.com/movie317.m3u8,http_error,502,https://345.lishuhang.com/movie317.m3u8,text/plain; charset=utf-8,6918.0,72,none,0,0,False,[],[],,2026-08-15T14:45:47+00:00
345-loop,movie141,https://345.lishuhang.com/movie141.m3u8,http_error,502,https://345.lishuhang.com/movie141.m3u8,text/plain; charset=utf-8,7625.3,72,none,0,0,False,[],[],,2026-08-15T14:45:48+00:00
345-loop,movie47,https://345.lishuhang.com/movie47.m3u8,http_error,502,https://345.lishuhang.com/movie47.m3u8,text/plain; charset=utf-8,6890.7,72,none,0,0,False,[],[],,2026-08-15T14:45:48+00:00
345-loop,movie47,https://345.lishuhang.com/movie164.m3u8,http_error,502,https://345.lishuhang.com/movie164.m3u8,text/plain; charset=utf-8,7406.2,72,none,0,0,False,[],[],,2026-08-15T14:45:48+00:00
345-loop,movie118,https://345.lishuhang.com/movie118.m3u8,http_error,502,https://345.lishuhang.com/movie118.m3u8,text/plain; charset=utf-8,6894.8,72,none,0,0,False,[],[],,2026-08-15T14:45:48+00:00
345-loop,movie173,https://345.lishuhang.com/movie173.m3u8,http_error,502,https://345.lishuhang.com/movie173.m3u8,text/plain; charset=utf-8,7023.9,72,none,0,0,False,[],[],,2026-08-15T14:45:50+00:00
345-loop,movie223,https://345.lishuhang.com/movie223.m3u8,http_error,502,https://345.lishuhang.com/movie223.m3u8,text/plain; charset=utf-8,7113.8,72,none,0,0,False,[],[],,2026-08-15T14:45:50+00:00
345-loop,movie251,https://345.lishuhang.com/movie251.m3u8,http_error,502,https://345.lishuhang.com/movie251.m3u8,text/plain; charset=utf-8,6378.2,72,none,0,0,False,[],[],,2026-08-15T14:45:50+00:00
345-loop,movie320,https://345.lishuhang.com/movie320.m3u8,http_error,502,https://345.lishuhang.com/movie320.m3u8,text/plain; charset=utf-8,6455.6,72,none,0,0,False,[],[],,2026-08-15T14:45:52+00:00
345-loop,movie241,https://345.lishuhang.com/movie241.m3u8,http_error,502,https://345.lishuhang.com/movie241.m3u8,text/plain; charset=utf-8,6959.9,72,none,0,0,False,[],[],,2026-08-15T14:45:52+00:00
345-loop,movie283,https://345.lishuhang.com/movie283.m3u8,http_error,502,https://345.lishuhang.com/movie283.m3u8,text/plain; charset=utf-8,6722.4,72,none,0,0,False,[],[],,2026-08-15T14:45:52+00:00
345-loop,movie503,https://345.lishuhang.com/movie503.m3u8,http_error,502,https://345.lishuhang.com/movie503.m3u8,text/plain; charset=utf-8,3268.9,102,none,0,0,False,[],[],,2026-08-15T14:45:53+00:00
345-loop,movie119,https://345.lishuhang.com/movie119.m3u8,http_error,502,https://345.lishuhang.com/movie119.m3u8,text/plain; charset=utf-8,7678.6,72,none,0,0,False,[],[],,2026-08-15T14:45:53+00:00
345-loop,hlitv155,https://345.lishuhang.com/hlitv155.m3u8,request_exception,,,,,0,none,0,0,False,[],[],"HTTPSConnectionPool(host='345.lishuhang.com', port=443): Read timed out. (read timeout=8.0)",2026-08-15T14:45:53+00:00
345-loop,hlitv95,https://345.lishuhang.com/hlitv95.m3u8,request_exception,,,,,0,none,0,0,False,[],[],"HTTPSConnectionPool(host='345.lishuhang.com', port=443): Read timed out. (read timeout=8.0)",2026-08-15T14:45:53+00:00
345-loop,hlitv87,https://345.lishuhang.com/hlitv87.m3u8,request_exception,,,,,0,none,0,0,False,[],[],"HTTPSConnectionPool(host='345.lishuhang.com', port=443): Read timed out. (read timeout=8.0)",2026-08-15T14:45:54+00:00
345-loop,hlitv82,https://345.lishuhang.com/hlitv82.m3u8,request_exception,,,,,0,none,0,0,False,[],[],"HTTPSConnectionPool(host='345.lishuhang.com', port=443): Read timed out. (read timeout=8.0)",2026-08-15T14:45:54+00:00
345-loop,hlitv90,https://345.lishuhang.com/hlitv90.m3u8,request_exception,,,,,0,none,0,0,False,[],[],"HTTPSConnectionPool(host='345.lishuhang.com', port=443): Read timed out. (read timeout=8.0)",2026-08-15T14:45:55+00:00
345-loop,hlitv97,https://345.lishuhang.com/hlitv97.m3u8,request_exception,,,,,0,none,0,0,False,[],[],"HTTPSConnectionPool(host='345.lishuhang.com', port=443): Read timed out. (read timeout=8.0)",2026-08-15T14:45:55+00:00
345-loop,hlitv75,https://345.lishuhang.com/hlitv75.m3u8,request_exception,,,,,0,none,0,0,False,[],[],"HTTPSConnectionPool(host='345.lishuhang.com', port=443): Read timed out. (read timeout=8.0)",2026-08-15T14:45:55+00:00
345-loop,hlitv76,https://345.lishuhang.com/hlitv76.m3u8,request_exception,,,,,0,none,0,0,False,[],[],"HTTPSConnectionPool(host='345.lishuhang.com', port=443): Read timed out. (read timeout=8.0)",2026-08-15T14:45:55+00:00
345-loop,hlitv77,https://345.lishuhang.com/hlitv77.m3u8,request_exception,,,,,0,none,0,0,False,[],[],"HTTPSConnectionPool(host='345.lishuhang.com', port=443): Read timed out. (read timeout=8.0)",2026-08-15T14:45:56+00:00
345-loop,hlitv91,https://345.lishuhang.com/hlitv91.m3u8,request_exception,,,,,0,none,0,0,False,[],[],"HTTPSConnectionPool(host='345.lishuhang.com', port=443): Read timed out. (read timeout=8.0)",2026-08-15T14:45:57+00:00
345-loop,hlitv79,https://345.lishuhang.com/hlitv79.m3u8,request_exception,,,,,0,none,0,0,False,[],[],"HTTPSConnectionPool(host='345.lishuhang.com', port=443): Read timed out. (read timeout=8.0)",2026-08-15T14:45:57+00:00
345-loop,hlitv94,https://345.lishuhang.com/hlitv94.m3u8,request_exception,,,,,0,none,0,0,False,[],[],"HTTPSConnectionPool(host='345.lishuhang.com', port=443): Read timed out. (read timeout=8.0)",2026-08-15T14:45:57+00:00
345-loop,hlitv78,https://345.lishuhang.com/hlitv78.m3u8,request_exception,,,,,0,none,0,0,False,[],[],"HTTPSConnectionPool(host='345.lishuhang.com', port=443): Read timed out. (read timeout=8.0)",2026-08-15T14:45:58+00:00
345-loop,hlitv156,https://345.lishuhang.com/hlitv156.m3u8,request_exception,,,,,0,none,0,0,False,[],[],"HTTPSConnectionPool(host='345.lishuhang.com', port=443): Read timed out. (read timeout=8.0)",2026-08-15T14:45:59+00:00
345-loop,hlitv85,https://345.lishuhang.com/hlitv85.m3u8,request_exception,,,,,0,none,0,0,False,[],[],"HTTPSConnectionPool(host='345.lishuhang.com', port=443): Read timed out. (read timeout=8.0)",2026-08-15T14:45:59+00:00
345-loop,hlitv99,https://345.lishuhang.com/hlitv99.m3u8,request_exception,,,,,0,none,0,0,False,[],[],"HTTPSConnectionPool(host='345.lishuhang.com', port=443): Read timed out. (read timeout=8.0)",2026-08-15T14:46:01+00:00
345-loop,hlitv133,https://345.lishuhang.com/hlitv133.m3u8,request_exception,,,,,0,none,0,0,False,[],[],"HTTPSConnectionPool(host='345.lishuhang.com', port=443): Read timed out. (read timeout=8.0)",2026-08-15T14:46:03+00:00
345-loop,hlitv83,https://345.lishuhang.com/hlitv83.m3u8,request_exception,,,,,0,none,0,0,False,[],[],"HTTPSConnectionPool(host='345.lishuhang.com', port=443): Read timed out. (read timeout=8.0)",2026-08-15T14:46:03+00:00
345-loop,hlitv89,https://345.lishuhang.com/hlitv89.m3u8,request_exception,,,,,0,none,0,0,False,[],[],"HTTPSConnectionPool(host='345.lishuhang.com', port=443): Read timed out. (read timeout=8.0)",2026-08-15T14:46:04+00:00
345-loop,hlitv89,https://345.lishuhang.com/hlitv126.m3u8,request_exception,,,,,0,none,0,0,False,[],[],"HTTPSConnectionPool(host='345.lishuhang.com', port=443): Read timed out. (read timeout=8.0)",2026-08-15T14:46:04+00:00
345-loop,hlitv89,https://345.lishuhang.com/hlitv127.m3u8,request_exception,,,,,0,none,0,0,False,[],[],"HTTPSConnectionPool(host='345.lishuhang.com', port=443): Read timed out. (read timeout=8.0)",2026-08-15T14:46:05+00:00
345-loop,hlitv88,https://345.lishuhang.com/hlitv88.m3u8,request_exception,,,,,0,none,0,0,False,[],[],"HTTPSConnectionPool(host='345.lishuhang.com', port=443): Read timed out. (read timeout=8.0)",2026-08-15T14:46:05+00:00
345-loop,hlitv84,https://345.lishuhang.com/hlitv84.m3u8,request_exception,,,,,0,none,0,0,False,[],[],"HTTPSConnectionPool(host='345.lishuhang.com', port=443): Read timed out. (read timeout=8.0)",2026-08-15T14:46:05+00:00
345-loop,hlitv81,https://345.lishuhang.com/hlitv81.m3u8,request_exception,,,,,0,none,0,0,False,[],[],"HTTPSConnectionPool(host='345.lishuhang.com', port=443): Read timed out. (read timeout=8.0)",2026-08-15T14:46:05+00:00
345-loop,hlitv86,https://345.lishuhang.com/hlitv86.m3u8,request_exception,,,,,0,none,0,0,False,[],[],"HTTPSConnectionPool(host='345.lishuhang.com', port=443): Read timed out. (read timeout=8.0)",2026-08-15T14:46:06+00:00
345-loop,hlitv129,https://345.lishuhang.com/hlitv129.m3u8,request_exception,,,,,0,none,0,0,False,[],[],"HTTPSConnectionPool(host='345.lishuhang.com', port=443): Read timed out. (read timeout=8.0)",2026-08-15T14:46:07+00:00
345-loop,hlitv131,https://345.lishuhang.com/hlitv131.m3u8,request_exception,,,,,0,none,0,0,False,[],[],"HTTPSConnectionPool(host='345.lishuhang.com', port=443): Read timed out. (read timeout=8.0)",2026-08-15T14:46:07+00:00
345-loop,hlitv130,https://345.lishuhang.com/hlitv130.m3u8,request_exception,,,,,0,none,0,0,False,[],[],"HTTPSConnectionPool(host='345.lishuhang.com', port=443): Read timed out. (read timeout=8.0)",2026-08-15T14:46:07+00:00
345-loop,hlitv128,https://345.lishuhang.com/hlitv128.m3u8,request_exception,,,,,0,none,0,0,False,[],[],"HTTPSConnectionPool(host='345.lishuhang.com', port=443): Read timed out. (read timeout=8.0)",2026-08-15T14:46:08+00:00
345-loop,hlitv80,https://345.lishuhang.com/hlitv80.m3u8,request_exception,,,,,0,none,0,0,False,[],[],"HTTPSConnectionPool(host='345.lishuhang.com', port=443): Read timed out. (read timeout=8.0)",2026-08-15T14:46:09+00:00
345-loop,fjitv119,https://345.lishuhang.com/fjitv119.m3u8,http_error,502,https://345.lishuhang.com/fjitv119.m3u8,text/plain; charset=utf-8,3360.4,72,none,0,0,False,[],[],,2026-08-15T14:46:09+00:00
345-loop,fjitv119,https://345.lishuhang.com/fjitv202.m3u8,http_error,502,https://345.lishuhang.com/fjitv202.m3u8,text/plain; charset=utf-8,3485.1,72,none,0,0,False,[],[],,2026-08-15T14:46:11+00:00
345-loop,fjitv114,https://345.lishuhang.com/fjitv114.m3u8,http_error,502,https://345.lishuhang.com/fjitv114.m3u8,text/plain; charset=utf-8,3456.8,72,none,0,0,False,[],[],,2026-08-15T14:46:12+00:00
345-loop,fjitv114,https://345.lishuhang.com/fjitv190.m3u8,http_error,502,https://345.lishuhang.com/fjitv190.m3u8,text/plain; charset=utf-8,3250.8,72,none,0,0,False,[],[],,2026-08-15T14:46:13+00:00
345-loop,fjitv116,https://345.lishuhang.com/fjitv116.m3u8,http_error,502,https://345.lishuhang.com/fjitv116.m3u8,text/plain; charset=utf-8,4159.3,72,none,0,0,False,[],[],,2026-08-15T14:46:13+00:00
345-loop,fjitv116,https://345.lishuhang.com/fjitv197.m3u8,http_error,502,https://345.lishuhang.com/fjitv197.m3u8,text/plain; charset=utf-8,3630.5,72,none,0,0,False,[],[],,2026-08-15T14:46:14+00:00
345-loop,fjitv115,https://345.lishuhang.com/fjitv115.m3u8,http_error,502,https://345.lishuhang.com/fjitv115.m3u8,text/plain; charset=utf-8,3550.9,72,none,0,0,False,[],[],,2026-08-15T14:46:14+00:00
345-loop,fjitv115,https://345.lishuhang.com/fjitv194.m3u8,http_error,502,https://345.lishuhang.com/fjitv194.m3u8,text/plain; charset=utf-8,3666.5,72,none,0,0,False,[],[],,2026-08-15T14:46:14+00:00
345-loop,fjitv46,https://345.lishuhang.com/fjitv46.m3u8,http_error,502,https://345.lishuhang.com/fjitv46.m3u8,text/plain; charset=utf-8,3151.1,72,none,0,0,False,[],[],,2026-08-15T14:46:15+00:00
345-loop,fjitv46,https://345.lishuhang.com/fjitv186.m3u8,http_error,502,https://345.lishuhang.com/fjitv186.m3u8,text/plain; charset=utf-8,3226.2,72,none,0,0,False,[],[],,2026-08-15T14:46:15+00:00
345-loop,fjitv45,https://345.lishuhang.com/fjitv45.m3u8,http_error,502,https://345.lishuhang.com/fjitv45.m3u8,text/plain; charset=utf-8,3453.6,72,none,0,0,False,[],[],,2026-08-15T14:46:15+00:00
345-loop,fjitv45,https://345.lishuhang.com/fjitv185.m3u8,http_error,502,https://345.lishuhang.com/fjitv185.m3u8,text/plain; charset=utf-8,3438.3,72,none,0,0,False,[],[],,2026-08-15T14:46:15+00:00
345-loop,fjitv112,https://345.lishuhang.com/fjitv112.m3u8,http_error,502,https://345.lishuhang.com/fjitv112.m3u8,text/plain; charset=utf-8,3411.8,72,none,0,0,False,[],[],,2026-08-15T14:46:16+00:00
345-loop,fjitv112,https://345.lishuhang.com/fjitv187.m3u8,http_error,502,https://345.lishuhang.com/fjitv187.m3u8,text/plain; charset=utf-8,3489.5,72,none,0,0,False,[],[],,2026-08-15T14:46:16+00:00
345-loop,fjitv117,https://345.lishuhang.com/fjitv117.m3u8,http_error,502,https://345.lishuhang.com/fjitv117.m3u8,text/plain; charset=utf-8,3268.3,72,none,0,0,False,[],[],,2026-08-15T14:46:17+00:00
345-loop,fjitv47,https://345.lishuhang.com/fjitv47.m3u8,http_error,502,https://345.lishuhang.com/fjitv47.m3u8,text/plain; charset=utf-8,3514.6,72,none,0,0,False,[],[],,2026-08-15T14:46:17+00:00
345-loop,fjitv47,https://345.lishuhang.com/fjitv189.m3u8,http_error,502,https://345.lishuhang.com/fjitv189.m3u8,text/plain; charset=utf-8,3535.4,72,none,0,0,False,[],[],,2026-08-15T14:46:17+00:00
345-loop,fjitv49,https://345.lishuhang.com/fjitv49.m3u8,http_error,502,https://345.lishuhang.com/fjitv49.m3u8,text/plain; charset=utf-8,3254.1,72,none,0,0,False,[],[],,2026-08-15T14:46:17+00:00
345-loop,fjitv49,https://345.lishuhang.com/fjitv192.m3u8,http_error,502,https://345.lishuhang.com/fjitv192.m3u8,text/plain; charset=utf-8,3202.1,72,none,0,0,False,[],[],,2026-08-15T14:46:18+00:00
345-loop,fjitv120,https://345.lishuhang.com/fjitv120.m3u8,http_error,502,https://345.lishuhang.com/fjitv120.m3u8,text/plain; charset=utf-8,3451.5,72,none,0,0,False,[],[],,2026-08-15T14:46:18+00:00
345-loop,fjitv53,https://345.lishuhang.com/fjitv53.m3u8,http_error,502,https://345.lishuhang.com/fjitv53.m3u8,text/plain; charset=utf-8,3484.4,72,none,0,0,False,[],[],,2026-08-15T14:46:18+00:00
345-loop,fjitv53,https://345.lishuhang.com/fjitv199.m3u8,http_error,502,https://345.lishuhang.com/fjitv199.m3u8,text/plain; charset=utf-8,3506.3,72,none,0,0,False,[],[],,2026-08-15T14:46:18+00:00
345-loop,fjitv113,https://345.lishuhang.com/fjitv113.m3u8,http_error,502,https://345.lishuhang.com/fjitv113.m3u8,text/plain; charset=utf-8,3262.2,72,none,0,0,False,[],[],,2026-08-15T14:46:18+00:00
345-loop,fjitv113,https://345.lishuhang.com/fjitv188.m3u8,http_error,502,https://345.lishuhang.com/fjitv188.m3u8,text/plain; charset=utf-8,3452.2,72,none,0,0,False,[],[],,2026-08-15T14:46:18+00:00
345-loop,fjitv118,https://345.lishuhang.com/fjitv118.m3u8,http_error,502,https://345.lishuhang.com/fjitv118.m3u8,text/plain; charset=utf-8,3249.5,72,none,0,0,False,[],[],,2026-08-15T14:46:18+00:00
345-loop,fjitv118,https://345.lishuhang.com/fjitv230.m3u8,http_error,502,https://345.lishuhang.com/fjitv230.m3u8,text/plain; charset=utf-8,3195.0,72,none,0,0,False,[],[],,2026-08-15T14:46:18+00:00
345-loop,fjitv293,https://345.lishuhang.com/fjitv293.m3u8,http_error,502,https://345.lishuhang.com/fjitv293.m3u8,text/plain; charset=utf-8,3616.5,72,none,0,0,False,[],[],,2026-08-15T14:46:19+00:00
345-loop,fjitv111,https://345.lishuhang.com/fjitv111.m3u8,http_error,502,https://345.lishuhang.com/fjitv111.m3u8,text/plain; charset=utf-8,3272.6,72,none,0,0,False,[],[],,2026-08-15T14:46:19+00:00
345-loop,fjitv111,https://345.lishuhang.com/fjitv184.m3u8,http_error,502,https://345.lishuhang.com/fjitv184.m3u8,text/plain; charset=utf-8,3437.4,72,none,0,0,False,[],[],,2026-08-15T14:46:19+00:00
345-loop,fjitv200,https://345.lishuhang.com/fjitv200.m3u8,http_error,502,https://345.lishuhang.com/fjitv200.m3u8,text/plain; charset=utf-8,3317.3,72,none,0,0,False,[],[],,2026-08-15T14:46:19+00:00
345-loop,fjitv200,https://345.lishuhang.com/fjitv286.m3u8,http_error,502,https://345.lishuhang.com/fjitv286.m3u8,text/plain; charset=utf-8,3497.9,72,none,0,0,False,[],[],,2026-08-15T14:46:20+00:00
345-loop,fjitv200,https://345.lishuhang.com/fjitv287.m3u8,http_error,502,https://345.lishuhang.com/fjitv287.m3u8,text/plain; charset=utf-8,3506.7,72,none,0,0,False,[],[],,2026-08-15T14:46:20+00:00
345-loop,fjitv54,https://345.lishuhang.com/fjitv54.m3u8,http_error,502,https://345.lishuhang.com/fjitv54.m3u8,text/plain; charset=utf-8,3351.9,72,none,0,0,False,[],[],,2026-08-15T14:46:20+00:00
345-loop,fjitv54,https://345.lishuhang.com/fjitv193.m3u8,http_error,502,https://345.lishuhang.com/fjitv193.m3u8,text/plain; charset=utf-8,3408.6,72,none,0,0,False,[],[],,2026-08-15T14:46:20+00:00
345-loop,fjitv51,https://345.lishuhang.com/fjitv51.m3u8,http_error,502,https://345.lishuhang.com/fjitv51.m3u8,text/plain; charset=utf-8,3101.2,72,none,0,0,False,[],[],,2026-08-15T14:46:21+00:00
345-loop,fjitv51,https://345.lishuhang.com/fjitv196.m3u8,http_error,502,https://345.lishuhang.com/fjitv196.m3u8,text/plain; charset=utf-8,3405.3,72,none,0,0,False,[],[],,2026-08-15T14:46:21+00:00
345-loop,fjitv52,https://345.lishuhang.com/fjitv52.m3u8,http_error,502,https://345.lishuhang.com/fjitv52.m3u8,text/plain; charset=utf-8,3128.2,72,none,0,0,False,[],[],,2026-08-15T14:46:21+00:00
345-loop,fjitv52,https://345.lishuhang.com/fjitv198.m3u8,http_error,502,https://345.lishuhang.com/fjitv198.m3u8,text/plain; charset=utf-8,3480.5,72,none,0,0,False,[],[],,2026-08-15T14:46:21+00:00
345-loop,fjitv50,https://345.lishuhang.com/fjitv50.m3u8,http_error,502,https://345.lishuhang.com/fjitv50.m3u8,text/plain; charset=utf-8,3428.4,72,none,0,0,False,[],[],,2026-08-15T14:46:21+00:00
345-loop,fjitv50,https://345.lishuhang.com/fjitv195.m3u8,http_error,502,https://345.lishuhang.com/fjitv195.m3u8,text/plain; charset=utf-8,3533.3,72,none,0,0,False,[],[],,2026-08-15T14:46:21+00:00
345-loop,fjitv127,https://345.lishuhang.com/fjitv127.m3u8,http_error,502,https://345.lishuhang.com/fjitv127.m3u8,text/plain; charset=utf-8,3264.1,72,none,0,0,False,[],[],,2026-08-15T14:46:21+00:00
345-loop,fjitv127,https://345.lishuhang.com/fjitv208.m3u8,http_error,502,https://345.lishuhang.com/fjitv208.m3u8,text/plain; charset=utf-8,3194.4,72,none,0,0,False,[],[],,2026-08-15T14:46:22+00:00
345-loop,fjitv128,https://345.lishuhang.com/fjitv128.m3u8,http_error,502,https://345.lishuhang.com/fjitv128.m3u8,text/plain; charset=utf-8,3253.5,72,none,0,0,False,[],[],,2026-08-15T14:46:22+00:00
345-loop,fjitv128,https://345.lishuhang.com/fjitv209.m3u8,http_error,502,https://345.lishuhang.com/fjitv209.m3u8,text/plain; charset=utf-8,3254.7,72,none,0,0,False,[],[],,2026-08-15T14:46:22+00:00
345-loop,fjitv130,https://345.lishuhang.com/fjitv130.m3u8,http_error,502,https://345.lishuhang.com/fjitv130.m3u8,text/plain; charset=utf-8,3250.0,72,none,0,0,False,[],[],,2026-08-15T14:46:23+00:00
345-loop,fjitv130,https://345.lishuhang.com/fjitv211.m3u8,http_error,502,https://345.lishuhang.com/fjitv211.m3u8,text/plain; charset=utf-8,3417.1,72,none,0,0,False,[],[],,2026-08-15T14:46:23+00:00
345-loop,fjitv125,https://345.lishuhang.com/fjitv125.m3u8,http_error,502,https://345.lishuhang.com/fjitv125.m3u8,text/plain; charset=utf-8,3308.6,72,none,0,0,False,[],[],,2026-08-15T14:46:23+00:00
345-loop,fjitv125,https://345.lishuhang.com/fjitv207.m3u8,http_error,502,https://345.lishuhang.com/fjitv207.m3u8,text/plain; charset=utf-8,3251.2,72,none,0,0,False,[],[],,2026-08-15T14:46:23+00:00
345-loop,fjitv48,https://345.lishuhang.com/fjitv48.m3u8,http_error,502,https://345.lishuhang.com/fjitv48.m3u8,text/plain; charset=utf-8,3401.0,72,none,0,0,False,[],[],,2026-08-15T14:46:24+00:00
345-loop,movie67,https://345.lishuhang.com/movie67.m3u8,http_error,502,https://345.lishuhang.com/movie67.m3u8,text/plain; charset=utf-8,7262.7,72,none,0,0,False,[],[],,2026-08-15T14:46:24+00:00
345-loop,movie67,https://345.lishuhang.com/movie232.m3u8,http_error,502,https://345.lishuhang.com/movie232.m3u8,text/plain; charset=utf-8,7542.7,72,none,0,0,False,[],[],,2026-08-15T14:46:24+00:00
345-loop,movie287,https://345.lishuhang.com/movie287.m3u8,http_error,502,https://345.lishuhang.com/movie287.m3u8,text/plain; charset=utf-8,8561.5,72,none,0,0,False,[],[],,2026-08-15T14:46:24+00:00
345-loop,movie114,https://345.lishuhang.com/movie114.m3u8,http_error,502,https://345.lishuhang.com/movie114.m3u8,text/plain; charset=utf-8,7362.5,72,none,0,0,False,[],[],,2026-08-15T14:46:24+00:00
345-loop,movie63,https://345.lishuhang.com/movie63.m3u8,http_error,502,https://345.lishuhang.com/movie63.m3u8,text/plain; charset=utf-8,7331.4,72,none,0,0,False,[],[],,2026-08-15T14:46:25+00:00
345-loop,movie109,https://345.lishuhang.com/movie109.m3u8,http_error,502,https://345.lishuhang.com/movie109.m3u8,text/plain; charset=utf-8,5829.5,72,none,0,0,False,[],[],,2026-08-15T14:46:25+00:00
345-loop,fjitv236,https://345.lishuhang.com/fjitv236.m3u8,http_error,502,https://345.lishuhang.com/fjitv236.m3u8,text/plain; charset=utf-8,3484.9,72,none,0,0,False,[],[],,2026-08-15T14:46:25+00:00
345-loop,movie88,https://345.lishuhang.com/movie88.m3u8,http_error,502,https://345.lishuhang.com/movie88.m3u8,text/plain; charset=utf-8,7211.4,72,none,0,0,False,[],[],,2026-08-15T14:46:25+00:00
345-loop,movie103,https://345.lishuhang.com/movie103.m3u8,http_error,502,https://345.lishuhang.com/movie103.m3u8,text/plain; charset=utf-8,7120.3,72,none,0,0,False,[],[],,2026-08-15T14:46:25+00:00
345-loop,movie142,https://345.lishuhang.com/movie142.m3u8,http_error,502,https://345.lishuhang.com/movie142.m3u8,text/plain; charset=utf-8,7316.0,72,none,0,0,False,[],[],,2026-08-15T14:46:25+00:00
345-loop,movie142,https://345.lishuhang.com/movie150.m3u8,http_error,502,https://345.lishuhang.com/movie150.m3u8,text/plain; charset=utf-8,6593.9,72,none,0,0,False,[],[],,2026-08-15T14:46:25+00:00
345-loop,movie186,https://345.lishuhang.com/movie186.m3u8,http_error,502,https://345.lishuhang.com/movie186.m3u8,text/plain; charset=utf-8,7141.4,72,none,0,0,False,[],[],,2026-08-15T14:46:26+00:00
345-loop,movie286,https://345.lishuhang.com/movie286.m3u8,http_error,502,https://345.lishuhang.com/movie286.m3u8,text/plain; charset=utf-8,6077.0,72,none,0,0,False,[],[],,2026-08-15T14:46:26+00:00
345-loop,movie210,https://345.lishuhang.com/movie210.m3u8,http_error,502,https://345.lishuhang.com/movie210.m3u8,text/plain; charset=utf-8,7927.1,72,none,0,0,False,[],[],,2026-08-15T14:46:27+00:00
345-loop,movie90,https://345.lishuhang.com/movie90.m3u8,http_error,502,https://345.lishuhang.com/movie90.m3u8,text/plain; charset=utf-8,6325.5,72,none,0,0,False,[],[],,2026-08-15T14:46:27+00:00
345-loop,movie229,https://345.lishuhang.com/movie229.m3u8,http_error,502,https://345.lishuhang.com/movie229.m3u8,text/plain; charset=utf-8,7747.7,72,none,0,0,False,[],[],,2026-08-15T14:46:27+00:00
345-loop,movie66,https://345.lishuhang.com/movie66.m3u8,http_error,502,https://345.lishuhang.com/movie66.m3u8,text/plain; charset=utf-8,6176.8,72,none,0,0,False,[],[],,2026-08-15T14:46:28+00:00
345-loop,movie336,https://345.lishuhang.com/movie336.m3u8,http_error,502,https://345.lishuhang.com/movie336.m3u8,text/plain; charset=utf-8,5645.8,72,none,0,0,False,[],[],,2026-08-15T14:46:30+00:00
345-loop,movie276,https://345.lishuhang.com/movie276.m3u8,http_error,502,https://345.lishuhang.com/movie276.m3u8,text/plain; charset=utf-8,6962.3,72,none,0,0,False,[],[],,2026-08-15T14:46:31+00:00
345-loop,movie254,https://345.lishuhang.com/movie254.m3u8,http_error,502,https://345.lishuhang.com/movie254.m3u8,text/plain; charset=utf-8,6728.5,72,none,0,0,False,[],[],,2026-08-15T14:46:31+00:00
345-loop,movie532,https://345.lishuhang.com/movie532.m3u8,http_error,502,https://345.lishuhang.com/movie532.m3u8,text/plain; charset=utf-8,3382.8,102,none,0,0,False,[],[],,2026-08-15T14:46:32+00:00
345-loop,movie531,https://345.lishuhang.com/movie531.m3u8,http_error,502,https://345.lishuhang.com/movie531.m3u8,text/plain; charset=utf-8,3150.6,102,none,0,0,False,[],[],,2026-08-15T14:46:32+00:00
345-loop,migu87,https://345.lishuhang.com/migu87.m3u8,http_error,502,https://345.lishuhang.com/migu87.m3u8,text/plain; charset=utf-8,3501.5,102,none,0,0,False,[],[],,2026-08-15T14:46:32+00:00
345-loop,hlitv152,https://345.lishuhang.com/hlitv152.m3u8,request_exception,,,,,0,none,0,0,False,[],[],"HTTPSConnectionPool(host='345.lishuhang.com', port=443): Read timed out. (read timeout=8.0)",2026-08-15T14:46:32+00:00
345-loop,hlitv152,https://345.lishuhang.com/ipv623.m3u8,http_error,502,https://345.lishuhang.com/ipv623.m3u8,text/plain; charset=utf-8,2428.9,87,none,0,0,False,[],[],,2026-08-15T14:46:32+00:00
345-loop,hlitv152,https://345.lishuhang.com/itv202.m3u8,http_error,502,https://345.lishuhang.com/itv202.m3u8,text/plain; charset=utf-8,3228.3,72,none,0,0,False,[],[],,2026-08-15T14:46:32+00:00
345-loop,movie130,https://345.lishuhang.com/movie130.m3u8,http_error,502,https://345.lishuhang.com/movie130.m3u8,text/plain; charset=utf-8,7321.0,72,none,0,0,False,[],[],,2026-08-15T14:46:33+00:00
345-loop,movie130,https://345.lishuhang.com/movie157.m3u8,http_error,502,https://345.lishuhang.com/movie157.m3u8,text/plain; charset=utf-8,7712.5,72,none,0,0,False,[],[],,2026-08-15T14:46:33+00:00
345-loop,movie506,https://345.lishuhang.com/movie506.m3u8,http_error,502,https://345.lishuhang.com/movie506.m3u8,text/plain; charset=utf-8,3471.1,102,none,0,0,False,[],[],,2026-08-15T14:46:33+00:00
345-loop,movie231,https://345.lishuhang.com/movie231.m3u8,http_error,502,https://345.lishuhang.com/movie231.m3u8,text/plain; charset=utf-8,6002.1,72,none,0,0,False,[],[],,2026-08-15T14:46:33+00:00
345-loop,movie545,https://345.lishuhang.com/movie545.m3u8,http_error,502,https://345.lishuhang.com/movie545.m3u8,text/plain; charset=utf-8,3184.6,102,none,0,0,False,[],[],,2026-08-15T14:46:34+00:00
345-loop,movie508,https://345.lishuhang.com/movie508.m3u8,http_error,502,https://345.lishuhang.com/movie508.m3u8,text/plain; charset=utf-8,3193.0,102,none,0,0,False,[],[],,2026-08-15T14:46:34+00:00
345-loop,movie292,https://345.lishuhang.com/movie292.m3u8,http_error,502,https://345.lishuhang.com/movie292.m3u8,text/plain; charset=utf-8,5593.0,72,none,0,0,False,[],[],,2026-08-15T14:46:35+00:00
345-loop,movie397,https://345.lishuhang.com/movie397.m3u8,http_error,502,https://345.lishuhang.com/movie397.m3u8,text/plain; charset=utf-8,4626.1,72,none,0,0,False,[],[],,2026-08-15T14:46:35+00:00
345-loop,movie48,https://345.lishuhang.com/movie48.m3u8,http_error,502,https://345.lishuhang.com/movie48.m3u8,text/plain; charset=utf-8,8033.0,72,none,0,0,False,[],[],,2026-08-15T14:46:35+00:00
345-loop,movie159,https://345.lishuhang.com/movie159.m3u8,http_error,502,https://345.lishuhang.com/movie159.m3u8,text/plain; charset=utf-8,6624.1,72,none,0,0,False,[],[],,2026-08-15T14:46:35+00:00
345-loop,movie161,https://345.lishuhang.com/movie161.m3u8,http_error,502,https://345.lishuhang.com/movie161.m3u8,text/plain; charset=utf-8,6931.0,72,none,0,0,False,[],[],,2026-08-15T14:46:35+00:00
345-loop,movie219,https://345.lishuhang.com/movie219.m3u8,http_error,502,https://345.lishuhang.com/movie219.m3u8,text/plain; charset=utf-8,6753.4,72,none,0,0,False,[],[],,2026-08-15T14:46:35+00:00
345-loop,movie20,https://345.lishuhang.com/movie20.m3u8,http_error,502,https://345.lishuhang.com/movie20.m3u8,text/plain; charset=utf-8,7021.4,72,none,0,0,False,[],[],,2026-08-15T14:46:36+00:00
345-loop,movie206,https://345.lishuhang.com/movie206.m3u8,http_error,502,https://345.lishuhang.com/movie206.m3u8,text/plain; charset=utf-8,8287.9,72,none,0,0,False,[],[],,2026-08-15T14:46:36+00:00
345-loop,movie124,https://345.lishuhang.com/movie124.m3u8,http_error,502,https://345.lishuhang.com/movie124.m3u8,text/plain; charset=utf-8,8495.2,72,none,0,0,False,[],[],,2026-08-15T14:46:38+00:00
345-loop,movie253,https://345.lishuhang.com/movie253.m3u8,http_error,502,https://345.lishuhang.com/movie253.m3u8,text/plain; charset=utf-8,6338.1,72,none,0,0,False,[],[],,2026-08-15T14:46:38+00:00
345-loop,movie65,https://345.lishuhang.com/movie65.m3u8,http_error,502,https://345.lishuhang.com/movie65.m3u8,text/plain; charset=utf-8,6862.2,72,none,0,0,False,[],[],,2026-08-15T14:46:38+00:00
345-loop,movie492,https://345.lishuhang.com/movie492.m3u8,http_error,502,https://345.lishuhang.com/movie492.m3u8,text/plain; charset=utf-8,3409.1,102,none,0,0,False,[],[],,2026-08-15T14:46:38+00:00
345-loop,movie349,https://345.lishuhang.com/movie349.m3u8,http_error,502,https://345.lishuhang.com/movie349.m3u8,text/plain; charset=utf-8,4724.5,72,none,0,0,False,[],[],,2026-08-15T14:46:39+00:00
345-loop,movie207,https://345.lishuhang.com/movie207.m3u8,http_error,502,https://345.lishuhang.com/movie207.m3u8,text/plain; charset=utf-8,7583.5,72,none,0,0,False,[],[],,2026-08-15T14:46:39+00:00
345-loop,movie237,https://345.lishuhang.com/movie237.m3u8,http_error,502,https://345.lishuhang.com/movie237.m3u8,text/plain; charset=utf-8,6034.0,72,none,0,0,False,[],[],,2026-08-15T14:46:40+00:00
345-loop,movie145,https://345.lishuhang.com/movie145.m3u8,http_error,502,https://345.lishuhang.com/movie145.m3u8,text/plain; charset=utf-8,6067.7,72,none,0,0,False,[],[],,2026-08-15T14:46:40+00:00
345-loop,movie145,https://345.lishuhang.com/movie155.m3u8,http_error,502,https://345.lishuhang.com/movie155.m3u8,text/plain; charset=utf-8,6419.8,72,none,0,0,False,[],[],,2026-08-15T14:46:40+00:00
345-loop,movie112,https://345.lishuhang.com/movie112.m3u8,http_error,502,https://345.lishuhang.com/movie112.m3u8,text/plain; charset=utf-8,6679.2,72,none,0,0,False,[],[],,2026-08-15T14:46:42+00:00
345-loop,movie474,https://345.lishuhang.com/movie474.m3u8,http_error,502,https://345.lishuhang.com/movie474.m3u8,text/plain; charset=utf-8,4699.0,72,none,0,0,False,[],[],,2026-08-15T14:46:42+00:00
345-loop,movie475,https://345.lishuhang.com/movie475.m3u8,http_error,502,https://345.lishuhang.com/movie475.m3u8,text/plain; charset=utf-8,4403.9,72,none,0,0,False,[],[],,2026-08-15T14:46:42+00:00
345-loop,movie476,https://345.lishuhang.com/movie476.m3u8,http_error,502,https://345.lishuhang.com/movie476.m3u8,text/plain; charset=utf-8,4646.8,72,none,0,0,False,[],[],,2026-08-15T14:46:42+00:00
345-loop,movie477,https://345.lishuhang.com/movie477.m3u8,http_error,502,https://345.lishuhang.com/movie477.m3u8,text/plain; charset=utf-8,4552.0,72,none,0,0,False,[],[],,2026-08-15T14:46:42+00:00
345-loop,movie78,https://345.lishuhang.com/movie78.m3u8,http_error,502,https://345.lishuhang.com/movie78.m3u8,text/plain; charset=utf-8,7561.0,72,none,0,0,False,[],[],,2026-08-15T14:46:43+00:00
345-loop,movie4,https://345.lishuhang.com/movie4.m3u8,http_error,502,https://345.lishuhang.com/movie4.m3u8,text/plain; charset=utf-8,7538.7,72,none,0,0,False,[],[],,2026-08-15T14:46:43+00:00
345-loop,movie102,https://345.lishuhang.com/movie102.m3u8,http_error,502,https://345.lishuhang.com/movie102.m3u8,text/plain; charset=utf-8,6922.9,72,none,0,0,False,[],[],,2026-08-15T14:46:44+00:00
345-loop,fjitv94,https://345.lishuhang.com/fjitv94.m3u8,http_error,502,https://345.lishuhang.com/fjitv94.m3u8,text/plain; charset=utf-8,3464.4,72,none,0,0,False,[],[],,2026-08-15T14:46:44+00:00
345-loop,fjitv94,https://345.lishuhang.com/fjitv232.m3u8,http_error,502,https://345.lishuhang.com/fjitv232.m3u8,text/plain; charset=utf-8,3183.0,72,none,0,0,False,[],[],,2026-08-15T14:46:45+00:00
345-loop,fjitv94,https://345.lishuhang.com/itv251.m3u8,http_error,502,https://345.lishuhang.com/itv251.m3u8,text/plain; charset=utf-8,5467.6,72,none,0,0,False,[],[],,2026-08-15T14:46:45+00:00
345-loop,fjitv94,https://345.lishuhang.com/ty16.m3u8,http_error,502,https://345.lishuhang.com/ty16.m3u8,text/plain; charset=utf-8,4260.5,72,none,0,0,False,[],[],,2026-08-15T14:46:46+00:00
345-loop,movie225,https://345.lishuhang.com/movie225.m3u8,http_error,502,https://345.lishuhang.com/movie225.m3u8,text/plain; charset=utf-8,7624.8,72,none,0,0,False,[],[],,2026-08-15T14:46:46+00:00
345-loop,movie53,https://345.lishuhang.com/movie53.m3u8,http_error,502,https://345.lishuhang.com/movie53.m3u8,text/plain; charset=utf-8,7466.6,72,none,0,0,False,[],[],,2026-08-15T14:46:46+00:00
345-loop,movie511,https://345.lishuhang.com/movie511.m3u8,http_error,502,https://345.lishuhang.com/movie511.m3u8,text/plain; charset=utf-8,3369.3,102,none,0,0,False,[],[],,2026-08-15T14:46:46+00:00
345-loop,fjitv309,https://345.lishuhang.com/fjitv309.m3u8,http_error,502,https://345.lishuhang.com/fjitv309.m3u8,text/plain; charset=utf-8,3473.6,72,none,0,0,False,[],[],,2026-08-15T14:46:46+00:00
345-loop,movie359,https://345.lishuhang.com/movie359.m3u8,http_error,502,https://345.lishuhang.com/movie359.m3u8,text/plain; charset=utf-8,4699.4,72,none,0,0,False,[],[],,2026-08-15T14:46:47+00:00
345-loop,movie294,https://345.lishuhang.com/movie294.m3u8,http_error,502,https://345.lishuhang.com/movie294.m3u8,text/plain; charset=utf-8,7115.0,72,none,0,0,False,[],[],,2026-08-15T14:46:47+00:00
345-loop,movie488,https://345.lishuhang.com/movie488.m3u8,http_error,502,https://345.lishuhang.com/movie488.m3u8,text/plain; charset=utf-8,3484.8,102,none,0,0,False,[],[],,2026-08-15T14:46:47+00:00
345-loop,movie462,https://345.lishuhang.com/movie462.m3u8,http_error,502,https://345.lishuhang.com/movie462.m3u8,text/plain; charset=utf-8,4603.6,72,none,0,0,False,[],[],,2026-08-15T14:46:47+00:00
345-loop,movie52,https://345.lishuhang.com/movie52.m3u8,http_error,502,https://345.lishuhang.com/movie52.m3u8,text/plain; charset=utf-8,7160.2,72,none,0,0,False,[],[],,2026-08-15T14:46:47+00:00
345-loop,movie52,https://345.lishuhang.com/movie195.m3u8,http_error,502,https://345.lishuhang.com/movie195.m3u8,text/plain; charset=utf-8,7547.9,72,none,0,0,False,[],[],,2026-08-15T14:46:48+00:00
345-loop,movie25,https://345.lishuhang.com/movie25.m3u8,http_error,502,https://345.lishuhang.com/movie25.m3u8,text/plain; charset=utf-8,6956.0,72,none,0,0,False,[],[],,2026-08-15T14:46:48+00:00
345-loop,movie99,https://345.lishuhang.com/movie99.m3u8,http_error,502,https://345.lishuhang.com/movie99.m3u8,text/plain; charset=utf-8,7875.0,72,none,0,0,False,[],[],,2026-08-15T14:46:50+00:00
345-loop,movie344,https://345.lishuhang.com/movie344.m3u8,http_error,502,https://345.lishuhang.com/movie344.m3u8,text/plain; charset=utf-8,4261.5,72,none,0,0,False,[],[],,2026-08-15T14:46:50+00:00
345-loop,movie8,https://345.lishuhang.com/movie8.m3u8,http_error,502,https://345.lishuhang.com/movie8.m3u8,text/plain; charset=utf-8,6667.5,72,none,0,0,False,[],[],,2026-08-15T14:46:50+00:00
345-loop,movie389,https://345.lishuhang.com/movie389.m3u8,http_error,502,https://345.lishuhang.com/movie389.m3u8,text/plain; charset=utf-8,4249.9,72,none,0,0,False,[],[],,2026-08-15T14:46:50+00:00
345-loop,movie194,https://345.lishuhang.com/movie194.m3u8,http_error,502,https://345.lishuhang.com/movie194.m3u8,text/plain; charset=utf-8,8363.4,72,none,0,0,False,[],[],,2026-08-15T14:46:50+00:00
345-loop,movie36,https://345.lishuhang.com/movie36.m3u8,http_error,502,https://345.lishuhang.com/movie36.m3u8,text/plain; charset=utf-8,8489.6,72,none,0,0,False,[],[],,2026-08-15T14:46:51+00:00
345-loop,movie64,https://345.lishuhang.com/movie64.m3u8,http_error,502,https://345.lishuhang.com/movie64.m3u8,text/plain; charset=utf-8,5535.0,72,none,0,0,False,[],[],,2026-08-15T14:46:51+00:00
345-loop,movie551,https://345.lishuhang.com/movie551.m3u8,http_error,502,https://345.lishuhang.com/movie551.m3u8,text/plain; charset=utf-8,3058.2,102,none,0,0,False,[],[],,2026-08-15T14:46:51+00:00
345-loop,movie526,https://345.lishuhang.com/movie526.m3u8,http_error,502,https://345.lishuhang.com/movie526.m3u8,text/plain; charset=utf-8,3468.5,102,none,0,0,False,[],[],,2026-08-15T14:46:51+00:00
345-loop,fjitv99,https://345.lishuhang.com/fjitv99.m3u8,http_error,502,https://345.lishuhang.com/fjitv99.m3u8,text/plain; charset=utf-8,3178.6,72,none,0,0,False,[],[],,2026-08-15T14:46:51+00:00
345-loop,fjitv99,https://345.lishuhang.com/fjitv237.m3u8,http_error,502,https://345.lishuhang.com/fjitv237.m3u8,text/plain; charset=utf-8,3235.3,72,none,0,0,False,[],[],,2026-08-15T14:46:54+00:00
345-loop,fjitv99,https://345.lishuhang.com/itv208.m3u8,http_error,502,https://345.lishuhang.com/itv208.m3u8,text/plain; charset=utf-8,3627.3,72,none,0,0,False,[],[],,2026-08-15T14:46:54+00:00
345-loop,movie471,https://345.lishuhang.com/movie471.m3u8,http_error,502,https://345.lishuhang.com/movie471.m3u8,text/plain; charset=utf-8,4677.5,72,none,0,0,False,[],[],,2026-08-15T14:46:54+00:00
345-loop,movie472,https://345.lishuhang.com/movie472.m3u8,http_error,502,https://345.lishuhang.com/movie472.m3u8,text/plain; charset=utf-8,4589.3,72,none,0,0,False,[],[],,2026-08-15T14:46:54+00:00
345-loop,movie337,https://345.lishuhang.com/movie337.m3u8,http_error,502,https://345.lishuhang.com/movie337.m3u8,text/plain; charset=utf-8,4539.0,72,none,0,0,False,[],[],,2026-08-15T14:46:54+00:00
345-loop,movie46,https://345.lishuhang.com/movie46.m3u8,http_error,502,https://345.lishuhang.com/movie46.m3u8,text/plain; charset=utf-8,6599.7,72,none,0,0,False,[],[],,2026-08-15T14:46:55+00:00
345-loop,movie107,https://345.lishuhang.com/movie107.m3u8,http_error,502,https://345.lishuhang.com/movie107.m3u8,text/plain; charset=utf-8,6446.0,72,none,0,0,False,[],[],,2026-08-15T14:46:55+00:00
345-loop,movie54,https://345.lishuhang.com/movie54.m3u8,http_error,502,https://345.lishuhang.com/movie54.m3u8,text/plain; charset=utf-8,9563.3,72,none,0,0,False,[],[],,2026-08-15T14:46:55+00:00
345-loop,movie197,https://345.lishuhang.com/movie197.m3u8,http_error,502,https://345.lishuhang.com/movie197.m3u8,text/plain; charset=utf-8,7551.3,72,none,0,0,False,[],[],,2026-08-15T14:46:55+00:00
345-loop,movie529,https://345.lishuhang.com/movie529.m3u8,http_error,502,https://345.lishuhang.com/movie529.m3u8,text/plain; charset=utf-8,3382.3,102,none,0,0,False,[],[],,2026-08-15T14:46:55+00:00
345-loop,movie89,https://345.lishuhang.com/movie89.m3u8,http_error,502,https://345.lishuhang.com/movie89.m3u8,text/plain; charset=utf-8,8049.3,72,none,0,0,False,[],[],,2026-08-15T14:46:55+00:00
345-loop,movie374,https://345.lishuhang.com/movie374.m3u8,http_error,502,https://345.lishuhang.com/movie374.m3u8,text/plain; charset=utf-8,4318.6,72,none,0,0,False,[],[],,2026-08-15T14:46:56+00:00
345-loop,movie18,https://345.lishuhang.com/movie18.m3u8,http_error,502,https://345.lishuhang.com/movie18.m3u8,text/plain; charset=utf-8,7527.8,72,none,0,0,False,[],[],,2026-08-15T14:46:57+00:00
345-loop,movie18,https://345.lishuhang.com/movie523.m3u8,http_error,502,https://345.lishuhang.com/movie523.m3u8,text/plain; charset=utf-8,3017.9,102,none,0,0,False,[],[],,2026-08-15T14:46:57+00:00
345-loop,movie220,https://345.lishuhang.com/movie220.m3u8,http_error,502,https://345.lishuhang.com/movie220.m3u8,text/plain; charset=utf-8,9541.1,72,none,0,0,False,[],[],,2026-08-15T14:46:57+00:00
345-loop,movie70,https://345.lishuhang.com/movie70.m3u8,http_error,502,https://345.lishuhang.com/movie70.m3u8,text/plain; charset=utf-8,6164.5,72,none,0,0,False,[],[],,2026-08-15T14:46:58+00:00
345-loop,movie218,https://345.lishuhang.com/movie218.m3u8,http_error,502,https://345.lishuhang.com/movie218.m3u8,text/plain; charset=utf-8,7210.3,72,none,0,0,False,[],[],,2026-08-15T14:46:58+00:00
345-loop,movie140,https://345.lishuhang.com/movie140.m3u8,http_error,502,https://345.lishuhang.com/movie140.m3u8,text/plain; charset=utf-8,8464.4,72,none,0,0,False,[],[],,2026-08-15T14:46:59+00:00
345-loop,movie140,https://345.lishuhang.com/movie151.m3u8,http_error,502,https://345.lishuhang.com/movie151.m3u8,text/plain; charset=utf-8,8137.0,72,none,0,0,False,[],[],,2026-08-15T14:46:59+00:00
345-loop,movie120,https://345.lishuhang.com/movie120.m3u8,http_error,502,https://345.lishuhang.com/movie120.m3u8,text/plain; charset=utf-8,8326.6,72,none,0,0,False,[],[],,2026-08-15T14:46:59+00:00
345-loop,movie14,https://345.lishuhang.com/movie14.m3u8,http_error,502,https://345.lishuhang.com/movie14.m3u8,text/plain; charset=utf-8,5970.3,72,none,0,0,False,[],[],,2026-08-15T14:46:59+00:00
345-loop,movie350,https://345.lishuhang.com/movie350.m3u8,http_error,502,https://345.lishuhang.com/movie350.m3u8,text/plain; charset=utf-8,4676.5,72,none,0,0,False,[],[],,2026-08-15T14:46:59+00:00
345-loop,movie115,https://345.lishuhang.com/movie115.m3u8,http_error,502,https://345.lishuhang.com/movie115.m3u8,text/plain; charset=utf-8,7024.1,72,none,0,0,False,[],[],,2026-08-15T14:47:00+00:00
345-loop,movie129,https://345.lishuhang.com/movie129.m3u8,http_error,502,https://345.lishuhang.com/movie129.m3u8,text/plain; charset=utf-8,7568.7,72,none,0,0,False,[],[],,2026-08-15T14:47:01+00:00
345-loop,movie2,https://345.lishuhang.com/movie2.m3u8,http_error,502,https://345.lishuhang.com/movie2.m3u8,text/plain; charset=utf-8,7721.2,72,none,0,0,False,[],[],,2026-08-15T14:47:01+00:00
345-loop,movie342,https://345.lishuhang.com/movie342.m3u8,http_error,502,https://345.lishuhang.com/movie342.m3u8,text/plain; charset=utf-8,4531.1,72,none,0,0,False,[],[],,2026-08-15T14:47:01+00:00
345-loop,movie174,https://345.lishuhang.com/movie174.m3u8,http_error,502,https://345.lishuhang.com/movie174.m3u8,text/plain; charset=utf-8,7699.2,72,none,0,0,False,[],[],,2026-08-15T14:47:02+00:00
345-loop,movie348,https://345.lishuhang.com/movie348.m3u8,http_error,502,https://345.lishuhang.com/movie348.m3u8,text/plain; charset=utf-8,4473.5,72,none,0,0,False,[],[],,2026-08-15T14:47:03+00:00
345-loop,movie10,https://345.lishuhang.com/movie10.m3u8,http_error,502,https://345.lishuhang.com/movie10.m3u8,text/plain; charset=utf-8,6391.4,72,none,0,0,False,[],[],,2026-08-15T14:47:04+00:00
345-loop,movie473,https://345.lishuhang.com/movie473.m3u8,http_error,502,https://345.lishuhang.com/movie473.m3u8,text/plain; charset=utf-8,4251.7,72,none,0,0,False,[],[],,2026-08-15T14:47:04+00:00
345-loop,movie127,https://345.lishuhang.com/movie127.m3u8,http_error,502,https://345.lishuhang.com/movie127.m3u8,text/plain; charset=utf-8,6713.1,72,none,0,0,False,[],[],,2026-08-15T14:47:04+00:00
345-loop,movie522,https://345.lishuhang.com/movie522.m3u8,http_error,502,https://345.lishuhang.com/movie522.m3u8,text/plain; charset=utf-8,3404.9,102,none,0,0,False,[],[],,2026-08-15T14:47:04+00:00
345-loop,movie512,https://345.lishuhang.com/movie512.m3u8,http_error,502,https://345.lishuhang.com/movie512.m3u8,text/plain; charset=utf-8,3393.0,102,none,0,0,False,[],[],,2026-08-15T14:47:05+00:00
345-loop,movie493,https://345.lishuhang.com/movie493.m3u8,http_error,502,https://345.lishuhang.com/movie493.m3u8,text/plain; charset=utf-8,3426.4,102,none,0,0,False,[],[],,2026-08-15T14:47:06+00:00
345-loop,movie305,https://345.lishuhang.com/movie305.m3u8,http_error,502,https://345.lishuhang.com/movie305.m3u8,text/plain; charset=utf-8,6126.7,72,none,0,0,False,[],[],,2026-08-15T14:47:06+00:00
345-loop,movie193,https://345.lishuhang.com/movie193.m3u8,http_error,502,https://345.lishuhang.com/movie193.m3u8,text/plain; charset=utf-8,7031.2,72,none,0,0,False,[],[],,2026-08-15T14:47:07+00:00
345-loop,movie202,https://345.lishuhang.com/movie202.m3u8,http_error,502,https://345.lishuhang.com/movie202.m3u8,text/plain; charset=utf-8,7201.4,72,none,0,0,False,[],[],,2026-08-15T14:47:07+00:00
345-loop,movie131,https://345.lishuhang.com/movie131.m3u8,http_error,502,https://345.lishuhang.com/movie131.m3u8,text/plain; charset=utf-8,7299.5,72,none,0,0,False,[],[],,2026-08-15T14:47:07+00:00
345-loop,movie146,https://345.lishuhang.com/movie146.m3u8,http_error,502,https://345.lishuhang.com/movie146.m3u8,text/plain; charset=utf-8,7868.4,72,none,0,0,False,[],[],,2026-08-15T14:47:07+00:00
345-loop,movie458,https://345.lishuhang.com/movie458.m3u8,http_error,502,https://345.lishuhang.com/movie458.m3u8,text/plain; charset=utf-8,4297.8,72,none,0,0,False,[],[],,2026-08-15T14:47:07+00:00
345-loop,movie222,https://345.lishuhang.com/movie222.m3u8,http_error,502,https://345.lishuhang.com/movie222.m3u8,text/plain; charset=utf-8,7244.7,72,none,0,0,False,[],[],,2026-08-15T14:47:08+00:00
345-loop,movie169,https://345.lishuhang.com/movie169.m3u8,http_error,502,https://345.lishuhang.com/movie169.m3u8,text/plain; charset=utf-8,8359.4,72,none,0,0,False,[],[],,2026-08-15T14:47:08+00:00
345-loop,movie375,https://345.lishuhang.com/movie375.m3u8,http_error,502,https://345.lishuhang.com/movie375.m3u8,text/plain; charset=utf-8,4840.7,72,none,0,0,False,[],[],,2026-08-15T14:47:08+00:00
345-loop,movie153,https://345.lishuhang.com/movie153.m3u8,http_error,502,https://345.lishuhang.com/movie153.m3u8,text/plain; charset=utf-8,6578.9,72,none,0,0,False,[],[],,2026-08-15T14:47:08+00:00
345-loop,movie165,https://345.lishuhang.com/movie165.m3u8,http_error,502,https://345.lishuhang.com/movie165.m3u8,text/plain; charset=utf-8,6838.2,72,none,0,0,False,[],[],,2026-08-15T14:47:08+00:00
345-loop,movie285,https://345.lishuhang.com/movie285.m3u8,http_error,502,https://345.lishuhang.com/movie285.m3u8,text/plain; charset=utf-8,5924.6,72,none,0,0,False,[],[],,2026-08-15T14:47:09+00:00
345-loop,movie180,https://345.lishuhang.com/movie180.m3u8,http_error,502,https://345.lishuhang.com/movie180.m3u8,text/plain; charset=utf-8,7197.5,72,none,0,0,False,[],[],,2026-08-15T14:47:09+00:00
345-loop,movie371,https://345.lishuhang.com/movie371.m3u8,http_error,502,https://345.lishuhang.com/movie371.m3u8,text/plain; charset=utf-8,4572.8,72,none,0,0,False,[],[],,2026-08-15T14:47:10+00:00
345-loop,movie449,https://345.lishuhang.com/movie449.m3u8,http_error,502,https://345.lishuhang.com/movie449.m3u8,text/plain; charset=utf-8,4393.1,72,none,0,0,False,[],[],,2026-08-15T14:47:10+00:00
345-loop,movie533,https://345.lishuhang.com/movie533.m3u8,http_error,502,https://345.lishuhang.com/movie533.m3u8,text/plain; charset=utf-8,3374.8,102,none,0,0,False,[],[],,2026-08-15T14:47:11+00:00
345-loop,movie398,https://345.lishuhang.com/movie398.m3u8,http_error,502,https://345.lishuhang.com/movie398.m3u8,text/plain; charset=utf-8,4504.4,72,none,0,0,False,[],[],,2026-08-15T14:47:11+00:00
345-loop,movie517,https://345.lishuhang.com/movie517.m3u8,http_error,502,https://345.lishuhang.com/movie517.m3u8,text/plain; charset=utf-8,3428.0,102,none,0,0,False,[],[],,2026-08-15T14:47:12+00:00
345-loop,movie121,https://345.lishuhang.com/movie121.m3u8,http_error,502,https://345.lishuhang.com/movie121.m3u8,text/plain; charset=utf-8,6306.1,72,none,0,0,False,[],[],,2026-08-15T14:47:13+00:00
345-loop,movie538,https://345.lishuhang.com/movie538.m3u8,http_error,502,https://345.lishuhang.com/movie538.m3u8,text/plain; charset=utf-8,3350.7,102,none,0,0,False,[],[],,2026-08-15T14:47:14+00:00
345-loop,movie527,https://345.lishuhang.com/movie527.m3u8,http_error,502,https://345.lishuhang.com/movie527.m3u8,text/plain; charset=utf-8,3397.4,102,none,0,0,False,[],[],,2026-08-15T14:47:14+00:00
345-loop,movie203,https://345.lishuhang.com/movie203.m3u8,http_error,502,https://345.lishuhang.com/movie203.m3u8,text/plain; charset=utf-8,6425.6,72,none,0,0,False,[],[],,2026-08-15T14:47:14+00:00
345-loop,movie392,https://345.lishuhang.com/movie392.m3u8,http_error,502,https://345.lishuhang.com/movie392.m3u8,text/plain; charset=utf-8,4646.8,72,none,0,0,False,[],[],,2026-08-15T14:47:14+00:00
345-loop,movie495,https://345.lishuhang.com/movie495.m3u8,http_error,502,https://345.lishuhang.com/movie495.m3u8,text/plain; charset=utf-8,3083.5,102,none,0,0,False,[],[],,2026-08-15T14:47:15+00:00
345-loop,movie98,https://345.lishuhang.com/movie98.m3u8,http_error,502,https://345.lishuhang.com/movie98.m3u8,text/plain; charset=utf-8,6420.3,72,none,0,0,False,[],[],,2026-08-15T14:47:15+00:00
345-loop,movie323,https://345.lishuhang.com/movie323.m3u8,http_error,502,https://345.lishuhang.com/movie323.m3u8,text/plain; charset=utf-8,6367.8,72,none,0,0,False,[],[],,2026-08-15T14:47:15+00:00
345-loop,movie291,https://345.lishuhang.com/movie291.m3u8,http_error,502,https://345.lishuhang.com/movie291.m3u8,text/plain; charset=utf-8,6292.0,72,none,0,0,False,[],[],,2026-08-15T14:47:15+00:00
345-loop,movie453,https://345.lishuhang.com/movie453.m3u8,http_error,502,https://345.lishuhang.com/movie453.m3u8,text/plain; charset=utf-8,4364.8,72,none,0,0,False,[],[],,2026-08-15T14:47:15+00:00
345-loop,movie261,https://345.lishuhang.com/movie261.m3u8,http_error,502,https://345.lishuhang.com/movie261.m3u8,text/plain; charset=utf-8,6478.0,72,none,0,0,False,[],[],,2026-08-15T14:47:15+00:00
345-loop,movie261,https://345.lishuhang.com/movie274.m3u8,http_error,502,https://345.lishuhang.com/movie274.m3u8,text/plain; charset=utf-8,7745.5,72,none,0,0,False,[],[],,2026-08-15T14:47:15+00:00
345-loop,movie356,https://345.lishuhang.com/movie356.m3u8,http_error,502,https://345.lishuhang.com/movie356.m3u8,text/plain; charset=utf-8,4515.5,72,none,0,0,False,[],[],,2026-08-15T14:47:15+00:00
345-loop,movie468,https://345.lishuhang.com/movie468.m3u8,http_error,502,https://345.lishuhang.com/movie468.m3u8,text/plain; charset=utf-8,4434.7,72,none,0,0,False,[],[],,2026-08-15T14:47:16+00:00
345-loop,movie402,https://345.lishuhang.com/movie402.m3u8,http_error,502,https://345.lishuhang.com/movie402.m3u8,text/plain; charset=utf-8,4310.2,72,none,0,0,False,[],[],,2026-08-15T14:47:16+00:00
345-loop,movie528,https://345.lishuhang.com/movie528.m3u8,http_error,502,https://345.lishuhang.com/movie528.m3u8,text/plain; charset=utf-8,3349.0,102,none,0,0,False,[],[],,2026-08-15T14:47:16+00:00
345-loop,fjitv110,https://345.lishuhang.com/fjitv110.m3u8,http_error,502,https://345.lishuhang.com/fjitv110.m3u8,text/plain; charset=utf-8,3212.7,72,none,0,0,False,[],[],,2026-08-15T14:47:17+00:00
345-loop,fjitv110,https://345.lishuhang.com/fjitv183.m3u8,http_error,502,https://345.lishuhang.com/fjitv183.m3u8,text/plain; charset=utf-8,3527.0,72,none,0,0,False,[],[],,2026-08-15T14:47:17+00:00
345-loop,fjitv110,https://345.lishuhang.com/hlitv96.m3u8,request_exception,,,,,0,none,0,0,False,[],[],"HTTPSConnectionPool(host='345.lishuhang.com', port=443): Read timed out. (read timeout=8.0)",2026-08-15T14:47:18+00:00
345-loop,movie519,https://345.lishuhang.com/movie519.m3u8,http_error,502,https://345.lishuhang.com/movie519.m3u8,text/plain; charset=utf-8,3410.4,102,none,0,0,False,[],[],,2026-08-15T14:47:19+00:00
345-loop,movie250,https://345.lishuhang.com/movie250.m3u8,http_error,502,https://345.lishuhang.com/movie250.m3u8,text/plain; charset=utf-8,6997.2,72,none,0,0,False,[],[],,2026-08-15T14:47:19+00:00
345-loop,movie74,https://345.lishuhang.com/movie74.m3u8,request_exception,,,,,0,none,0,0,False,[],[],"HTTPSConnectionPool(host='345.lishuhang.com', port=443): Read timed out. (read timeout=8.0)",2026-08-15T14:47:19+00:00
345-loop,movie264,https://345.lishuhang.com/movie264.m3u8,http_error,502,https://345.lishuhang.com/movie264.m3u8,text/plain; charset=utf-8,7461.2,72,none,0,0,False,[],[],,2026-08-15T14:47:20+00:00
345-loop,movie264,https://345.lishuhang.com/movie269.m3u8,http_error,502,https://345.lishuhang.com/movie269.m3u8,text/plain; charset=utf-8,7002.9,72,none,0,0,False,[],[],,2026-08-15T14:47:20+00:00
345-loop,movie340,https://345.lishuhang.com/movie340.m3u8,http_error,502,https://345.lishuhang.com/movie340.m3u8,text/plain; charset=utf-8,4629.6,72,none,0,0,False,[],[],,2026-08-15T14:47:20+00:00
345-loop,movie38,https://345.lishuhang.com/movie38.m3u8,http_error,502,https://345.lishuhang.com/movie38.m3u8,text/plain; charset=utf-8,5890.5,72,none,0,0,False,[],[],,2026-08-15T14:47:20+00:00
345-loop,movie260,https://345.lishuhang.com/movie260.m3u8,http_error,502,https://345.lishuhang.com/movie260.m3u8,text/plain; charset=utf-8,7118.2,72,none,0,0,False,[],[],,2026-08-15T14:47:21+00:00
345-loop,movie187,https://345.lishuhang.com/movie187.m3u8,http_error,502,https://345.lishuhang.com/movie187.m3u8,text/plain; charset=utf-8,7199.1,72,none,0,0,False,[],[],,2026-08-15T14:47:21+00:00
345-loop,movie410,https://345.lishuhang.com/movie410.m3u8,http_error,502,https://345.lishuhang.com/movie410.m3u8,text/plain; charset=utf-8,4260.9,72,none,0,0,False,[],[],,2026-08-15T14:47:21+00:00
345-loop,movie29,https://345.lishuhang.com/movie29.m3u8,http_error,502,https://345.lishuhang.com/movie29.m3u8,text/plain; charset=utf-8,9417.2,72,none,0,0,False,[],[],,2026-08-15T14:47:21+00:00
345-loop,movie221,https://345.lishuhang.com/movie221.m3u8,http_error,502,https://345.lishuhang.com/movie221.m3u8,text/plain; charset=utf-8,7760.9,72,none,0,0,False,[],[],,2026-08-15T14:47:21+00:00
345-loop,movie325,https://345.lishuhang.com/movie325.m3u8,http_error,502,https://345.lishuhang.com/movie325.m3u8,text/plain; charset=utf-8,6395.4,72,none,0,0,False,[],[],,2026-08-15T14:47:21+00:00
345-loop,movie310,https://345.lishuhang.com/movie310.m3u8,http_error,502,https://345.lishuhang.com/movie310.m3u8,text/plain; charset=utf-8,6242.2,72,none,0,0,False,[],[],,2026-08-15T14:47:21+00:00
345-loop,movie451,https://345.lishuhang.com/movie451.m3u8,http_error,502,https://345.lishuhang.com/movie451.m3u8,text/plain; charset=utf-8,4637.3,72,none,0,0,False,[],[],,2026-08-15T14:47:22+00:00
345-loop,movie148,https://345.lishuhang.com/movie148.m3u8,http_error,502,https://345.lishuhang.com/movie148.m3u8,text/plain; charset=utf-8,7500.9,72,none,0,0,False,[],[],,2026-08-15T14:47:23+00:00
345-loop,movie156,https://345.lishuhang.com/movie156.m3u8,http_error,502,https://345.lishuhang.com/movie156.m3u8,text/plain; charset=utf-8,6066.9,72,none,0,0,False,[],[],,2026-08-15T14:47:25+00:00
345-loop,movie51,https://345.lishuhang.com/movie51.m3u8,http_error,502,https://345.lishuhang.com/movie51.m3u8,text/plain; charset=utf-8,7651.3,72,none,0,0,False,[],[],,2026-08-15T14:47:25+00:00
345-loop,movie33,https://345.lishuhang.com/movie33.m3u8,http_error,502,https://345.lishuhang.com/movie33.m3u8,text/plain; charset=utf-8,6670.0,72,none,0,0,False,[],[],,2026-08-15T14:47:26+00:00
345-loop,movie405,https://345.lishuhang.com/movie405.m3u8,http_error,502,https://345.lishuhang.com/movie405.m3u8,text/plain; charset=utf-8,4315.2,72,none,0,0,False,[],[],,2026-08-15T14:47:26+00:00
345-loop,movie84,https://345.lishuhang.com/movie84.m3u8,http_error,502,https://345.lishuhang.com/movie84.m3u8,text/plain; charset=utf-8,7193.1,72,none,0,0,False,[],[],,2026-08-15T14:47:27+00:00
345-loop,movie144,https://345.lishuhang.com/movie144.m3u8,http_error,502,https://345.lishuhang.com/movie144.m3u8,text/plain; charset=utf-8,8269.8,72,none,0,0,False,[],[],,2026-08-15T14:47:27+00:00
345-loop,movie144,https://345.lishuhang.com/movie154.m3u8,http_error,502,https://345.lishuhang.com/movie154.m3u8,text/plain; charset=utf-8,7012.2,72,none,0,0,False,[],[],,2026-08-15T14:47:27+00:00
345-loop,movie35,https://345.lishuhang.com/movie35.m3u8,http_error,502,https://345.lishuhang.com/movie35.m3u8,text/plain; charset=utf-8,8039.5,72,none,0,0,False,[],[],,2026-08-15T14:47:27+00:00
345-loop,movie259,https://345.lishuhang.com/movie259.m3u8,http_error,502,https://345.lishuhang.com/movie259.m3u8,text/plain; charset=utf-8,8184.7,72,none,0,0,False,[],[],,2026-08-15T14:47:28+00:00
345-loop,movie259,https://345.lishuhang.com/movie267.m3u8,http_error,502,https://345.lishuhang.com/movie267.m3u8,text/plain; charset=utf-8,7313.9,72,none,0,0,False,[],[],,2026-08-15T14:47:28+00:00
345-loop,movie113,https://345.lishuhang.com/movie113.m3u8,http_error,502,https://345.lishuhang.com/movie113.m3u8,text/plain; charset=utf-8,6491.4,72,none,0,0,False,[],[],,2026-08-15T14:47:28+00:00
345-loop,movie302,https://345.lishuhang.com/movie302.m3u8,http_error,502,https://345.lishuhang.com/movie302.m3u8,text/plain; charset=utf-8,7686.8,72,none,0,0,False,[],[],,2026-08-15T14:47:28+00:00
345-loop,movie17,https://345.lishuhang.com/movie17.m3u8,http_error,502,https://345.lishuhang.com/movie17.m3u8,text/plain; charset=utf-8,7575.1,72,none,0,0,False,[],[],,2026-08-15T14:47:29+00:00
345-loop,itv307,https://345.lishuhang.com/itv307.m3u8,http_error,502,https://345.lishuhang.com/itv307.m3u8,text/plain; charset=utf-8,4143.4,72,none,0,0,False,[],[],,2026-08-15T14:47:29+00:00
345-loop,movie515,https://345.lishuhang.com/movie515.m3u8,http_error,502,https://345.lishuhang.com/movie515.m3u8,text/plain; charset=utf-8,3005.1,102,none,0,0,False,[],[],,2026-08-15T14:47:30+00:00
345-loop,movie160,https://345.lishuhang.com/movie160.m3u8,http_error,502,https://345.lishuhang.com/movie160.m3u8,text/plain; charset=utf-8,7253.6,72,none,0,0,False,[],[],,2026-08-15T14:47:30+00:00
345-loop,movie411,https://345.lishuhang.com/movie411.m3u8,http_error,502,https://345.lishuhang.com/movie411.m3u8,text/plain; charset=utf-8,4352.7,72,none,0,0,False,[],[],,2026-08-15T14:47:31+00:00
345-loop,movie470,https://345.lishuhang.com/movie470.m3u8,http_error,502,https://345.lishuhang.com/movie470.m3u8,text/plain; charset=utf-8,5101.3,72,none,0,0,False,[],[],,2026-08-15T14:47:31+00:00
345-loop,movie189,https://345.lishuhang.com/movie189.m3u8,http_error,502,https://345.lishuhang.com/movie189.m3u8,text/plain; charset=utf-8,6805.3,72,none,0,0,False,[],[],,2026-08-15T14:47:33+00:00
345-loop,movie516,https://345.lishuhang.com/movie516.m3u8,http_error,502,https://345.lishuhang.com/movie516.m3u8,text/plain; charset=utf-8,3126.6,102,none,0,0,False,[],[],,2026-08-15T14:47:33+00:00
345-loop,movie510,https://345.lishuhang.com/movie510.m3u8,http_error,502,https://345.lishuhang.com/movie510.m3u8,text/plain; charset=utf-8,3269.7,102,none,0,0,False,[],[],,2026-08-15T14:47:33+00:00
345-loop,movie83,https://345.lishuhang.com/movie83.m3u8,http_error,502,https://345.lishuhang.com/movie83.m3u8,text/plain; charset=utf-8,6694.5,72,none,0,0,False,[],[],,2026-08-15T14:47:33+00:00
345-loop,movie347,https://345.lishuhang.com/movie347.m3u8,http_error,502,https://345.lishuhang.com/movie347.m3u8,text/plain; charset=utf-8,4200.4,72,none,0,0,False,[],[],,2026-08-15T14:47:34+00:00
345-loop,movie419,https://345.lishuhang.com/movie419.m3u8,http_error,502,https://345.lishuhang.com/movie419.m3u8,text/plain; charset=utf-8,4405.2,72,none,0,0,False,[],[],,2026-08-15T14:47:34+00:00
345-loop,movie353,https://345.lishuhang.com/movie353.m3u8,http_error,502,https://345.lishuhang.com/movie353.m3u8,text/plain; charset=utf-8,4644.0,72,none,0,0,False,[],[],,2026-08-15T14:47:34+00:00
345-loop,movie381,https://345.lishuhang.com/movie381.m3u8,http_error,502,https://345.lishuhang.com/movie381.m3u8,text/plain; charset=utf-8,4422.8,72,none,0,0,False,[],[],,2026-08-15T14:47:35+00:00
345-loop,movie299,https://345.lishuhang.com/movie299.m3u8,http_error,502,https://345.lishuhang.com/movie299.m3u8,text/plain; charset=utf-8,6690.1,72,none,0,0,False,[],[],,2026-08-15T14:47:35+00:00
345-loop,movie425,https://345.lishuhang.com/movie425.m3u8,http_error,502,https://345.lishuhang.com/movie425.m3u8,text/plain; charset=utf-8,4326.3,72,none,0,0,False,[],[],,2026-08-15T14:47:35+00:00
345-loop,movie313,https://345.lishuhang.com/movie313.m3u8,http_error,502,https://345.lishuhang.com/movie313.m3u8,text/plain; charset=utf-8,9486.5,72,none,0,0,False,[],[],,2026-08-15T14:47:36+00:00
345-loop,movie245,https://345.lishuhang.com/movie245.m3u8,http_error,502,https://345.lishuhang.com/movie245.m3u8,text/plain; charset=utf-8,7390.9,72,none,0,0,False,[],[],,2026-08-15T14:47:36+00:00
345-loop,movie421,https://345.lishuhang.com/movie421.m3u8,http_error,502,https://345.lishuhang.com/movie421.m3u8,text/plain; charset=utf-8,4520.4,72,none,0,0,False,[],[],,2026-08-15T14:47:36+00:00
345-loop,movie209,https://345.lishuhang.com/movie209.m3u8,http_error,502,https://345.lishuhang.com/movie209.m3u8,text/plain; charset=utf-8,8241.0,72,none,0,0,False,[],[],,2026-08-15T14:47:36+00:00
345-loop,movie514,https://345.lishuhang.com/movie514.m3u8,http_error,502,https://345.lishuhang.com/movie514.m3u8,text/plain; charset=utf-8,3335.7,102,none,0,0,False,[],[],,2026-08-15T14:47:36+00:00
345-loop,movie399,https://345.lishuhang.com/movie399.m3u8,http_error,502,https://345.lishuhang.com/movie399.m3u8,text/plain; charset=utf-8,4585.2,72,none,0,0,False,[],[],,2026-08-15T14:47:36+00:00
345-loop,movie171,https://345.lishuhang.com/movie171.m3u8,http_error,502,https://345.lishuhang.com/movie171.m3u8,text/plain; charset=utf-8,6679.7,72,none,0,0,False,[],[],,2026-08-15T14:47:37+00:00
345-loop,fjitv27,https://345.lishuhang.com/fjitv27.m3u8,http_error,502,https://345.lishuhang.com/fjitv27.m3u8,text/plain; charset=utf-8,3247.4,72,none,0,0,False,[],[],,2026-08-15T14:47:38+00:00
345-loop,fjitv27,https://345.lishuhang.com/fjitv233.m3u8,http_error,502,https://345.lishuhang.com/fjitv233.m3u8,text/plain; charset=utf-8,3123.1,72,none,0,0,False,[],[],,2026-08-15T14:47:38+00:00
345-loop,fjitv27,https://345.lishuhang.com/itv250.m3u8,http_error,502,https://345.lishuhang.com/itv250.m3u8,text/plain; charset=utf-8,4850.4,72,none,0,0,False,[],[],,2026-08-15T14:47:39+00:00
345-loop,fjitv27,https://345.lishuhang.com/ty15.m3u8,http_error,502,https://345.lishuhang.com/ty15.m3u8,text/plain; charset=utf-8,4984.5,72,none,0,0,False,[],[],,2026-08-15T14:47:39+00:00
345-loop,fjitv108,https://345.lishuhang.com/fjitv108.m3u8,http_error,502,https://345.lishuhang.com/fjitv108.m3u8,text/plain; charset=utf-8,3122.9,72,none,0,0,False,[],[],,2026-08-15T14:47:39+00:00
345-loop,movie499,https://345.lishuhang.com/movie499.m3u8,http_error,502,https://345.lishuhang.com/movie499.m3u8,text/plain; charset=utf-8,3322.1,102,none,0,0,False,[],[],,2026-08-15T14:47:39+00:00
345-loop,movie490,https://345.lishuhang.com/movie490.m3u8,http_error,502,https://345.lishuhang.com/movie490.m3u8,text/plain; charset=utf-8,3062.5,102,none,0,0,False,[],[],,2026-08-15T14:47:40+00:00
345-loop,movie137,https://345.lishuhang.com/movie137.m3u8,http_error,502,https://345.lishuhang.com/movie137.m3u8,text/plain; charset=utf-8,6443.8,72,none,0,0,False,[],[],,2026-08-15T14:47:40+00:00
345-loop,movie272,https://345.lishuhang.com/movie272.m3u8,http_error,502,https://345.lishuhang.com/movie272.m3u8,text/plain; charset=utf-8,7382.4,72,none,0,0,False,[],[],,2026-08-15T14:47:40+00:00
345-loop,movie370,https://345.lishuhang.com/movie370.m3u8,http_error,502,https://345.lishuhang.com/movie370.m3u8,text/plain; charset=utf-8,4545.6,72,none,0,0,False,[],[],,2026-08-15T14:47:40+00:00
345-loop,movie504,https://345.lishuhang.com/movie504.m3u8,http_error,502,https://345.lishuhang.com/movie504.m3u8,text/plain; charset=utf-8,3432.4,102,none,0,0,False,[],[],,2026-08-15T14:47:41+00:00
345-loop,movie383,https://345.lishuhang.com/movie383.m3u8,http_error,502,https://345.lishuhang.com/movie383.m3u8,text/plain; charset=utf-8,4285.6,72,none,0,0,False,[],[],,2026-08-15T14:47:41+00:00
345-loop,movie518,https://345.lishuhang.com/movie518.m3u8,http_error,502,https://345.lishuhang.com/movie518.m3u8,text/plain; charset=utf-8,3343.2,102,none,0,0,False,[],[],,2026-08-15T14:47:41+00:00
345-loop,movie343,https://345.lishuhang.com/movie343.m3u8,http_error,502,https://345.lishuhang.com/movie343.m3u8,text/plain; charset=utf-8,4667.4,72,none,0,0,False,[],[],,2026-08-15T14:47:42+00:00
345-loop,movie11,https://345.lishuhang.com/movie11.m3u8,http_error,502,https://345.lishuhang.com/movie11.m3u8,text/plain; charset=utf-8,7099.8,72,none,0,0,False,[],[],,2026-08-15T14:47:42+00:00
345-loop,movie384,https://345.lishuhang.com/movie384.m3u8,http_error,502,https://345.lishuhang.com/movie384.m3u8,text/plain; charset=utf-8,4213.3,72,none,0,0,False,[],[],,2026-08-15T14:47:43+00:00
345-loop,movie303,https://345.lishuhang.com/movie303.m3u8,http_error,502,https://345.lishuhang.com/movie303.m3u8,text/plain; charset=utf-8,7119.5,72,none,0,0,False,[],[],,2026-08-15T14:47:43+00:00
345-loop,movie166,https://345.lishuhang.com/movie166.m3u8,http_error,502,https://345.lishuhang.com/movie166.m3u8,text/plain; charset=utf-8,7304.1,72,none,0,0,False,[],[],,2026-08-15T14:47:43+00:00
345-loop,movie104,https://345.lishuhang.com/movie104.m3u8,http_error,502,https://345.lishuhang.com/movie104.m3u8,text/plain; charset=utf-8,5523.3,72,none,0,0,False,[],[],,2026-08-15T14:47:43+00:00
345-loop,movie382,https://345.lishuhang.com/movie382.m3u8,http_error,502,https://345.lishuhang.com/movie382.m3u8,text/plain; charset=utf-8,4352.6,72,none,0,0,False,[],[],,2026-08-15T14:47:43+00:00
345-loop,movie105,https://345.lishuhang.com/movie105.m3u8,http_error,502,https://345.lishuhang.com/movie105.m3u8,text/plain; charset=utf-8,8007.6,72,none,0,0,False,[],[],,2026-08-15T14:47:44+00:00
345-loop,movie179,https://345.lishuhang.com/movie179.m3u8,http_error,502,https://345.lishuhang.com/movie179.m3u8,text/plain; charset=utf-8,7567.0,72,none,0,0,False,[],[],,2026-08-15T14:47:44+00:00
345-loop,movie58,https://345.lishuhang.com/movie58.m3u8,http_error,502,https://345.lishuhang.com/movie58.m3u8,text/plain; charset=utf-8,6633.7,72,none,0,0,False,[],[],,2026-08-15T14:47:44+00:00
345-loop,movie69,https://345.lishuhang.com/movie69.m3u8,http_error,502,https://345.lishuhang.com/movie69.m3u8,text/plain; charset=utf-8,6856.9,72,none,0,0,False,[],[],,2026-08-15T14:47:45+00:00
345-loop,movie40,https://345.lishuhang.com/movie40.m3u8,http_error,502,https://345.lishuhang.com/movie40.m3u8,text/plain; charset=utf-8,7042.2,72,none,0,0,False,[],[],,2026-08-15T14:47:45+00:00
345-loop,movie91,https://345.lishuhang.com/movie91.m3u8,http_error,502,https://345.lishuhang.com/movie91.m3u8,text/plain; charset=utf-8,6267.7,72,none,0,0,False,[],[],,2026-08-15T14:47:45+00:00
345-loop,movie316,https://345.lishuhang.com/movie316.m3u8,http_error,502,https://345.lishuhang.com/movie316.m3u8,text/plain; charset=utf-8,7730.8,72,none,0,0,False,[],[],,2026-08-15T14:47:45+00:00
345-loop,movie92,https://345.lishuhang.com/movie92.m3u8,http_error,502,https://345.lishuhang.com/movie92.m3u8,text/plain; charset=utf-8,6328.6,72,none,0,0,False,[],[],,2026-08-15T14:47:46+00:00
345-loop,movie386,https://345.lishuhang.com/movie386.m3u8,http_error,502,https://345.lishuhang.com/movie386.m3u8,text/plain; charset=utf-8,4436.6,72,none,0,0,False,[],[],,2026-08-15T14:47:46+00:00
345-loop,movie77,https://345.lishuhang.com/movie77.m3u8,http_error,502,https://345.lishuhang.com/movie77.m3u8,text/plain; charset=utf-8,8751.3,72,none,0,0,False,[],[],,2026-08-15T14:47:47+00:00
345-loop,movie387,https://345.lishuhang.com/movie387.m3u8,http_error,502,https://345.lishuhang.com/movie387.m3u8,text/plain; charset=utf-8,4481.6,72,none,0,0,False,[],[],,2026-08-15T14:47:47+00:00
345-loop,movie388,https://345.lishuhang.com/movie388.m3u8,http_error,502,https://345.lishuhang.com/movie388.m3u8,text/plain; charset=utf-8,4673.6,72,none,0,0,False,[],[],,2026-08-15T14:47:48+00:00
345-loop,movie461,https://345.lishuhang.com/movie461.m3u8,http_error,502,https://345.lishuhang.com/movie461.m3u8,text/plain; charset=utf-8,4564.4,72,none,0,0,False,[],[],,2026-08-15T14:47:49+00:00
345-loop,movie224,https://345.lishuhang.com/movie224.m3u8,http_error,502,https://345.lishuhang.com/movie224.m3u8,text/plain; charset=utf-8,9153.7,72,none,0,0,False,[],[],,2026-08-15T14:47:50+00:00
345-loop,movie548,https://345.lishuhang.com/movie548.m3u8,http_error,502,https://345.lishuhang.com/movie548.m3u8,text/plain; charset=utf-8,3124.9,102,none,0,0,False,[],[],,2026-08-15T14:47:50+00:00
345-loop,movie491,https://345.lishuhang.com/movie491.m3u8,http_error,502,https://345.lishuhang.com/movie491.m3u8,text/plain; charset=utf-8,4440.1,102,none,0,0,False,[],[],,2026-08-15T14:47:50+00:00
345-loop,movie355,https://345.lishuhang.com/movie355.m3u8,http_error,502,https://345.lishuhang.com/movie355.m3u8,text/plain; charset=utf-8,4522.5,72,none,0,0,False,[],[],,2026-08-15T14:47:51+00:00
345-loop,movie72,https://345.lishuhang.com/movie72.m3u8,http_error,502,https://345.lishuhang.com/movie72.m3u8,text/plain; charset=utf-8,7682.2,72,none,0,0,False,[],[],,2026-08-15T14:47:51+00:00
345-loop,movie87,https://345.lishuhang.com/movie87.m3u8,http_error,502,https://345.lishuhang.com/movie87.m3u8,text/plain; charset=utf-8,6661.9,72,none,0,0,False,[],[],,2026-08-15T14:47:51+00:00
345-loop,movie143,https://345.lishuhang.com/movie143.m3u8,http_error,502,https://345.lishuhang.com/movie143.m3u8,text/plain; charset=utf-8,8501.3,72,none,0,0,False,[],[],,2026-08-15T14:47:51+00:00
345-loop,movie143,https://345.lishuhang.com/movie158.m3u8,http_error,502,https://345.lishuhang.com/movie158.m3u8,text/plain; charset=utf-8,8132.2,72,none,0,0,False,[],[],,2026-08-15T14:47:52+00:00
345-loop,movie306,https://345.lishuhang.com/movie306.m3u8,http_error,502,https://345.lishuhang.com/movie306.m3u8,text/plain; charset=utf-8,7199.2,72,none,0,0,False,[],[],,2026-08-15T14:47:52+00:00
345-loop,movie478,https://345.lishuhang.com/movie478.m3u8,http_error,502,https://345.lishuhang.com/movie478.m3u8,text/plain; charset=utf-8,4578.5,72,none,0,0,False,[],[],,2026-08-15T14:47:52+00:00
345-loop,movie543,https://345.lishuhang.com/movie543.m3u8,http_error,502,https://345.lishuhang.com/movie543.m3u8,text/plain; charset=utf-8,3300.3,102,none,0,0,False,[],[],,2026-08-15T14:47:52+00:00
345-loop,movie239,https://345.lishuhang.com/movie239.m3u8,http_error,502,https://345.lishuhang.com/movie239.m3u8,text/plain; charset=utf-8,6828.4,72,none,0,0,False,[],[],,2026-08-15T14:47:52+00:00
345-loop,movie395,https://345.lishuhang.com/movie395.m3u8,http_error,502,https://345.lishuhang.com/movie395.m3u8,text/plain; charset=utf-8,4265.8,72,none,0,0,False,[],[],,2026-08-15T14:47:52+00:00
345-loop,fjitv285,https://345.lishuhang.com/fjitv285.m3u8,http_error,502,https://345.lishuhang.com/fjitv285.m3u8,text/plain; charset=utf-8,3335.9,72,none,0,0,False,[],[],,2026-08-15T14:47:53+00:00
345-loop,fjitv285,https://345.lishuhang.com/fjitv291.m3u8,http_error,502,https://345.lishuhang.com/fjitv291.m3u8,text/plain; charset=utf-8,3199.1,72,none,0,0,False,[],[],,2026-08-15T14:47:53+00:00
345-loop,fjitv285,https://345.lishuhang.com/fjitv298.m3u8,http_error,502,https://345.lishuhang.com/fjitv298.m3u8,text/plain; charset=utf-8,3552.0,72,none,0,0,False,[],[],,2026-08-15T14:47:53+00:00
345-loop,fjitv285,https://345.lishuhang.com/fjitv299.m3u8,http_error,502,https://345.lishuhang.com/fjitv299.m3u8,text/plain; charset=utf-8,3292.8,72,none,0,0,False,[],[],,2026-08-15T14:47:55+00:00
345-loop,fjitv285,https://345.lishuhang.com/fjitv302.m3u8,http_error,502,https://345.lishuhang.com/fjitv302.m3u8,text/plain; charset=utf-8,3217.0,72,none,0,0,False,[],[],,2026-08-15T14:47:55+00:00
345-loop,fjitv285,https://345.lishuhang.com/fjitv304.m3u8,http_error,502,https://345.lishuhang.com/fjitv304.m3u8,text/plain; charset=utf-8,3443.3,72,none,0,0,False,[],[],,2026-08-15T14:47:55+00:00
345-loop,fjitv284,https://345.lishuhang.com/fjitv284.m3u8,http_error,502,https://345.lishuhang.com/fjitv284.m3u8,text/plain; charset=utf-8,3538.8,72,none,0,0,False,[],[],,2026-08-15T14:47:56+00:00
345-loop,fjitv284,https://345.lishuhang.com/fjitv288.m3u8,http_error,502,https://345.lishuhang.com/fjitv288.m3u8,text/plain; charset=utf-8,4088.9,72,none,0,0,False,[],[],,2026-08-15T14:47:56+00:00
345-loop,fjitv284,https://345.lishuhang.com/fjitv292.m3u8,http_error,502,https://345.lishuhang.com/fjitv292.m3u8,text/plain; charset=utf-8,3845.8,72,none,0,0,False,[],[],,2026-08-15T14:47:56+00:00
345-loop,fjitv284,https://345.lishuhang.com/fjitv295.m3u8,http_error,502,https://345.lishuhang.com/fjitv295.m3u8,text/plain; charset=utf-8,4121.1,72,none,0,0,False,[],[],,2026-08-15T14:47:56+00:00
345-loop,fjitv284,https://345.lishuhang.com/fjitv297.m3u8,http_error,502,https://345.lishuhang.com/fjitv297.m3u8,text/plain; charset=utf-8,3873.7,72,none,0,0,False,[],[],,2026-08-15T14:47:57+00:00
345-loop,fjitv284,https://345.lishuhang.com/fjitv303.m3u8,http_error,502,https://345.lishuhang.com/fjitv303.m3u8,text/plain; charset=utf-8,3907.5,72,none,0,0,False,[],[],,2026-08-15T14:47:57+00:00
345-loop,fjitv284,https://345.lishuhang.com/fjitv313.m3u8,http_error,502,https://345.lishuhang.com/fjitv313.m3u8,text/plain; charset=utf-8,3253.5,72,none,0,0,False,[],[],,2026-08-15T14:47:58+00:00
345-loop,movie268,https://345.lishuhang.com/movie268.m3u8,http_error,502,https://345.lishuhang.com/movie268.m3u8,text/plain; charset=utf-8,6982.8,72,none,0,0,False,[],[],,2026-08-15T14:47:58+00:00
345-loop,movie391,https://345.lishuhang.com/movie391.m3u8,http_error,502,https://345.lishuhang.com/movie391.m3u8,text/plain; charset=utf-8,4504.7,72,none,0,0,False,[],[],,2026-08-15T14:47:58+00:00
345-loop,movie494,https://345.lishuhang.com/movie494.m3u8,http_error,502,https://345.lishuhang.com/movie494.m3u8,text/plain; charset=utf-8,3286.8,102,none,0,0,False,[],[],,2026-08-15T14:47:59+00:00
345-loop,ty42,https://345.lishuhang.com/ty42.m3u8,http_error,502,https://345.lishuhang.com/ty42.m3u8,text/plain; charset=utf-8,2601.2,86,none,0,0,False,[],[],,2026-08-15T14:47:59+00:00
345-loop,movie479,https://345.lishuhang.com/movie479.m3u8,http_error,502,https://345.lishuhang.com/movie479.m3u8,text/plain; charset=utf-8,4622.4,72,none,0,0,False,[],[],,2026-08-15T14:47:59+00:00
345-loop,movie192,https://345.lishuhang.com/movie192.m3u8,http_error,502,https://345.lishuhang.com/movie192.m3u8,text/plain; charset=utf-8,6215.5,72,none,0,0,False,[],[],,2026-08-15T14:47:59+00:00
345-loop,movie213,https://345.lishuhang.com/movie213.m3u8,http_error,502,https://345.lishuhang.com/movie213.m3u8,text/plain; charset=utf-8,7075.0,72,none,0,0,False,[],[],,2026-08-15T14:47:59+00:00
345-loop,movie500,https://345.lishuhang.com/movie500.m3u8,http_error,502,https://345.lishuhang.com/movie500.m3u8,text/plain; charset=utf-8,3322.4,102,none,0,0,False,[],[],,2026-08-15T14:47:59+00:00
345-loop,movie262,https://345.lishuhang.com/movie262.m3u8,http_error,502,https://345.lishuhang.com/movie262.m3u8,text/plain; charset=utf-8,7619.0,72,none,0,0,False,[],[],,2026-08-15T14:48:00+00:00
345-loop,movie262,https://345.lishuhang.com/movie277.m3u8,http_error,502,https://345.lishuhang.com/movie277.m3u8,text/plain; charset=utf-8,7287.1,72,none,0,0,False,[],[],,2026-08-15T14:48:00+00:00
345-loop,movie452,https://345.lishuhang.com/movie452.m3u8,http_error,502,https://345.lishuhang.com/movie452.m3u8,text/plain; charset=utf-8,4639.3,72,none,0,0,False,[],[],,2026-08-15T14:48:00+00:00
345-loop,movie454,https://345.lishuhang.com/movie454.m3u8,http_error,502,https://345.lishuhang.com/movie454.m3u8,text/plain; charset=utf-8,4618.0,72,none,0,0,False,[],[],,2026-08-15T14:48:00+00:00
345-loop,movie243,https://345.lishuhang.com/movie243.m3u8,http_error,502,https://345.lishuhang.com/movie243.m3u8,text/plain; charset=utf-8,7555.2,72,none,0,0,False,[],[],,2026-08-15T14:48:01+00:00
345-loop,movie101,https://345.lishuhang.com/movie101.m3u8,http_error,502,https://345.lishuhang.com/movie101.m3u8,text/plain; charset=utf-8,6675.5,72,none,0,0,False,[],[],,2026-08-15T14:48:01+00:00
345-loop,movie242,https://345.lishuhang.com/movie242.m3u8,http_error,502,https://345.lishuhang.com/movie242.m3u8,text/plain; charset=utf-8,7808.1,72,none,0,0,False,[],[],,2026-08-15T14:48:01+00:00
345-loop,movie80,https://345.lishuhang.com/movie80.m3u8,http_error,502,https://345.lishuhang.com/movie80.m3u8,text/plain; charset=utf-8,6041.0,72,none,0,0,False,[],[],,2026-08-15T14:48:01+00:00
345-loop,movie199,https://345.lishuhang.com/movie199.m3u8,http_error,502,https://345.lishuhang.com/movie199.m3u8,text/plain; charset=utf-8,6845.2,72,none,0,0,False,[],[],,2026-08-15T14:48:01+00:00
345-loop,movie372,https://345.lishuhang.com/movie372.m3u8,http_error,502,https://345.lishuhang.com/movie372.m3u8,text/plain; charset=utf-8,4349.3,72,none,0,0,False,[],[],,2026-08-15T14:48:02+00:00
345-loop,movie530,https://345.lishuhang.com/movie530.m3u8,http_error,502,https://345.lishuhang.com/movie530.m3u8,text/plain; charset=utf-8,3377.9,102,none,0,0,False,[],[],,2026-08-15T14:48:03+00:00
345-loop,movie208,https://345.lishuhang.com/movie208.m3u8,http_error,502,https://345.lishuhang.com/movie208.m3u8,text/plain; charset=utf-8,6316.9,72,none,0,0,False,[],[],,2026-08-15T14:48:03+00:00
345-loop,movie265,https://345.lishuhang.com/movie265.m3u8,http_error,502,https://345.lishuhang.com/movie265.m3u8,text/plain; charset=utf-8,6204.7,72,none,0,0,False,[],[],,2026-08-15T14:48:03+00:00
345-loop,movie152,https://345.lishuhang.com/movie152.m3u8,http_error,502,https://345.lishuhang.com/movie152.m3u8,text/plain; charset=utf-8,6520.1,72,none,0,0,False,[],[],,2026-08-15T14:48:05+00:00
345-loop,movie341,https://345.lishuhang.com/movie341.m3u8,http_error,502,https://345.lishuhang.com/movie341.m3u8,text/plain; charset=utf-8,4272.6,72,none,0,0,False,[],[],,2026-08-15T14:48:05+00:00
345-loop,movie9,https://345.lishuhang.com/movie9.m3u8,http_error,502,https://345.lishuhang.com/movie9.m3u8,text/plain; charset=utf-8,6794.7,72,none,0,0,False,[],[],,2026-08-15T14:48:05+00:00
345-loop,movie32,https://345.lishuhang.com/movie32.m3u8,http_error,502,https://345.lishuhang.com/movie32.m3u8,text/plain; charset=utf-8,8132.5,72,none,0,0,False,[],[],,2026-08-15T14:48:05+00:00
345-loop,movie85,https://345.lishuhang.com/movie85.m3u8,http_error,502,https://345.lishuhang.com/movie85.m3u8,text/plain; charset=utf-8,6734.8,72,none,0,0,False,[],[],,2026-08-15T14:48:06+00:00
345-loop,movie162,https://345.lishuhang.com/movie162.m3u8,http_error,502,https://345.lishuhang.com/movie162.m3u8,text/plain; charset=utf-8,6064.6,72,none,0,0,False,[],[],,2026-08-15T14:48:06+00:00
345-loop,movie407,https://345.lishuhang.com/movie407.m3u8,http_error,502,https://345.lishuhang.com/movie407.m3u8,text/plain; charset=utf-8,4636.3,72,none,0,0,False,[],[],,2026-08-15T14:48:06+00:00
345-loop,fjitv98,https://345.lishuhang.com/fjitv98.m3u8,http_error,502,https://345.lishuhang.com/fjitv98.m3u8,text/plain; charset=utf-8,3342.7,72,none,0,0,False,[],[],,2026-08-15T14:48:07+00:00
345-loop,fjitv98,https://345.lishuhang.com/ty12.m3u8,http_error,502,https://345.lishuhang.com/ty12.m3u8,text/plain; charset=utf-8,3845.3,72,none,0,0,False,[],[],,2026-08-15T14:48:07+00:00
345-loop,movie6,https://345.lishuhang.com/movie6.m3u8,http_error,502,https://345.lishuhang.com/movie6.m3u8,text/plain; charset=utf-8,7064.4,72,none,0,0,False,[],[],,2026-08-15T14:48:07+00:00
345-loop,movie95,https://345.lishuhang.com/movie95.m3u8,http_error,502,https://345.lishuhang.com/movie95.m3u8,text/plain; charset=utf-8,8003.6,72,none,0,0,False,[],[],,2026-08-15T14:48:08+00:00
345-loop,movie41,https://345.lishuhang.com/movie41.m3u8,http_error,502,https://345.lishuhang.com/movie41.m3u8,text/plain; charset=utf-8,6669.0,72,none,0,0,False,[],[],,2026-08-15T14:48:08+00:00
345-loop,movie214,https://345.lishuhang.com/movie214.m3u8,http_error,502,https://345.lishuhang.com/movie214.m3u8,text/plain; charset=utf-8,7157.0,72,none,0,0,False,[],[],,2026-08-15T14:48:08+00:00
345-loop,movie385,https://345.lishuhang.com/movie385.m3u8,http_error,502,https://345.lishuhang.com/movie385.m3u8,text/plain; charset=utf-8,4625.0,72,none,0,0,False,[],[],,2026-08-15T14:48:09+00:00
345-loop,movie96,https://345.lishuhang.com/movie96.m3u8,http_error,502,https://345.lishuhang.com/movie96.m3u8,text/plain; charset=utf-8,7319.2,72,none,0,0,False,[],[],,2026-08-15T14:48:09+00:00
345-loop,movie400,https://345.lishuhang.com/movie400.m3u8,http_error,502,https://345.lishuhang.com/movie400.m3u8,text/plain; charset=utf-8,4585.0,72,none,0,0,False,[],[],,2026-08-15T14:48:09+00:00
345-loop,fjitv96,https://345.lishuhang.com/fjitv96.m3u8,http_error,502,https://345.lishuhang.com/fjitv96.m3u8,text/plain; charset=utf-8,3507.4,72,none,0,0,False,[],[],,2026-08-15T14:48:10+00:00
345-loop,fjitv96,https://345.lishuhang.com/fjitv305.m3u8,http_error,502,https://345.lishuhang.com/fjitv305.m3u8,text/plain; charset=utf-8,3582.6,72,none,0,0,False,[],[],,2026-08-15T14:48:11+00:00
345-loop,fjitv96,https://345.lishuhang.com/itv205.m3u8,http_error,502,https://345.lishuhang.com/itv205.m3u8,text/plain; charset=utf-8,3245.8,72,none,0,0,False,[],[],,2026-08-15T14:48:11+00:00
345-loop,fjitv96,https://345.lishuhang.com/movie28.m3u8,http_error,502,https://345.lishuhang.com/movie28.m3u8,text/plain; charset=utf-8,6823.0,72,none,0,0,False,[],[],,2026-08-15T14:48:11+00:00
345-loop,movie334,https://345.lishuhang.com/movie334.m3u8,http_error,502,https://345.lishuhang.com/movie334.m3u8,text/plain; charset=utf-8,4385.0,72,none,0,0,False,[],[],,2026-08-15T14:48:11+00:00
345-loop,movie450,https://345.lishuhang.com/movie450.m3u8,http_error,502,https://345.lishuhang.com/movie450.m3u8,text/plain; charset=utf-8,4525.0,72,none,0,0,False,[],[],,2026-08-15T14:48:12+00:00
345-loop,movie167,https://345.lishuhang.com/movie167.m3u8,http_error,502,https://345.lishuhang.com/movie167.m3u8,text/plain; charset=utf-8,6997.0,72,none,0,0,False,[],[],,2026-08-15T14:48:12+00:00
345-loop,movie280,https://345.lishuhang.com/movie280.m3u8,http_error,502,https://345.lishuhang.com/movie280.m3u8,text/plain; charset=utf-8,6533.5,72,none,0,0,False,[],[],,2026-08-15T14:48:13+00:00
345-loop,movie252,https://345.lishuhang.com/movie252.m3u8,http_error,502,https://345.lishuhang.com/movie252.m3u8,text/plain; charset=utf-8,7831.0,72,none,0,0,False,[],[],,2026-08-15T14:48:13+00:00
345-loop,movie252,https://345.lishuhang.com/movie273.m3u8,http_error,502,https://345.lishuhang.com/movie273.m3u8,text/plain; charset=utf-8,7918.2,72,none,0,0,False,[],[],,2026-08-15T14:48:13+00:00
345-loop,movie16,https://345.lishuhang.com/movie16.m3u8,http_error,502,https://345.lishuhang.com/movie16.m3u8,text/plain; charset=utf-8,6578.0,72,none,0,0,False,[],[],,2026-08-15T14:48:13+00:00
345-loop,movie5,https://345.lishuhang.com/movie5.m3u8,http_error,502,https://345.lishuhang.com/movie5.m3u8,text/plain; charset=utf-8,7329.2,72,none,0,0,False,[],[],,2026-08-15T14:48:14+00:00
345-loop,movie61,https://345.lishuhang.com/movie61.m3u8,http_error,502,https://345.lishuhang.com/movie61.m3u8,text/plain; charset=utf-8,6298.6,72,none,0,0,False,[],[],,2026-08-15T14:48:14+00:00
345-loop,movie147,https://345.lishuhang.com/movie147.m3u8,http_error,502,https://345.lishuhang.com/movie147.m3u8,text/plain; charset=utf-8,6946.2,72,none,0,0,False,[],[],,2026-08-15T14:48:14+00:00
345-loop,movie246,https://345.lishuhang.com/movie246.m3u8,http_error,502,https://345.lishuhang.com/movie246.m3u8,text/plain; charset=utf-8,8852.9,72,none,0,0,False,[],[],,2026-08-15T14:48:14+00:00
345-loop,movie390,https://345.lishuhang.com/movie390.m3u8,http_error,502,https://345.lishuhang.com/movie390.m3u8,text/plain; charset=utf-8,4343.0,72,none,0,0,False,[],[],,2026-08-15T14:48:15+00:00
345-loop,movie403,https://345.lishuhang.com/movie403.m3u8,http_error,502,https://345.lishuhang.com/movie403.m3u8,text/plain; charset=utf-8,4412.7,72,none,0,0,False,[],[],,2026-08-15T14:48:15+00:00
345-loop,movie332,https://345.lishuhang.com/movie332.m3u8,http_error,502,https://345.lishuhang.com/movie332.m3u8,text/plain; charset=utf-8,4349.7,72,none,0,0,False,[],[],,2026-08-15T14:48:16+00:00
345-loop,movie13,https://345.lishuhang.com/movie13.m3u8,http_error,502,https://345.lishuhang.com/movie13.m3u8,text/plain; charset=utf-8,5441.8,72,none,0,0,False,[],[],,2026-08-15T14:48:16+00:00
345-loop,movie256,https://345.lishuhang.com/movie256.m3u8,http_error,502,https://345.lishuhang.com/movie256.m3u8,text/plain; charset=utf-8,6885.7,72,none,0,0,False,[],[],,2026-08-15T14:48:16+00:00
345-loop,movie256,https://345.lishuhang.com/movie275.m3u8,http_error,502,https://345.lishuhang.com/movie275.m3u8,text/plain; charset=utf-8,6663.8,72,none,0,0,False,[],[],,2026-08-15T14:48:17+00:00
345-loop,movie263,https://345.lishuhang.com/movie263.m3u8,http_error,502,https://345.lishuhang.com/movie263.m3u8,text/plain; charset=utf-8,7415.0,72,none,0,0,False,[],[],,2026-08-15T14:48:18+00:00
345-loop,movie184,https://345.lishuhang.com/movie184.m3u8,http_error,502,https://345.lishuhang.com/movie184.m3u8,text/plain; charset=utf-8,6314.3,72,none,0,0,False,[],[],,2026-08-15T14:48:19+00:00
345-loop,movie373,https://345.lishuhang.com/movie373.m3u8,http_error,502,https://345.lishuhang.com/movie373.m3u8,text/plain; charset=utf-8,4396.0,72,none,0,0,False,[],[],,2026-08-15T14:48:19+00:00
345-loop,movie507,https://345.lishuhang.com/movie507.m3u8,http_error,502,https://345.lishuhang.com/movie507.m3u8,text/plain; charset=utf-8,3327.2,102,none,0,0,False,[],[],,2026-08-15T14:48:19+00:00
345-loop,movie535,https://345.lishuhang.com/movie535.m3u8,http_error,502,https://345.lishuhang.com/movie535.m3u8,text/plain; charset=utf-8,3366.7,102,none,0,0,False,[],[],,2026-08-15T14:48:20+00:00
345-loop,movie71,https://345.lishuhang.com/movie71.m3u8,http_error,502,https://345.lishuhang.com/movie71.m3u8,text/plain; charset=utf-8,7039.9,72,none,0,0,False,[],[],,2026-08-15T14:48:20+00:00
345-loop,movie408,https://345.lishuhang.com/movie408.m3u8,http_error,502,https://345.lishuhang.com/movie408.m3u8,text/plain; charset=utf-8,4556.4,72,none,0,0,False,[],[],,2026-08-15T14:48:20+00:00
345-loop,movie238,https://345.lishuhang.com/movie238.m3u8,http_error,502,https://345.lishuhang.com/movie238.m3u8,text/plain; charset=utf-8,6458.6,72,none,0,0,False,[],[],,2026-08-15T14:48:20+00:00
345-loop,movie255,https://345.lishuhang.com/movie255.m3u8,http_error,502,https://345.lishuhang.com/movie255.m3u8,text/plain; charset=utf-8,6224.3,72,none,0,0,False,[],[],,2026-08-15T14:48:21+00:00
345-loop,movie284,https://345.lishuhang.com/movie284.m3u8,http_error,502,https://345.lishuhang.com/movie284.m3u8,text/plain; charset=utf-8,6239.9,72,none,0,0,False,[],[],,2026-08-15T14:48:21+00:00
345-loop,movie339,https://345.lishuhang.com/movie339.m3u8,http_error,502,https://345.lishuhang.com/movie339.m3u8,text/plain; charset=utf-8,4396.9,72,none,0,0,False,[],[],,2026-08-15T14:48:21+00:00
345-loop,movie413,https://345.lishuhang.com/movie413.m3u8,http_error,502,https://345.lishuhang.com/movie413.m3u8,text/plain; charset=utf-8,4536.7,72,none,0,0,False,[],[],,2026-08-15T14:48:21+00:00
345-loop,movie393,https://345.lishuhang.com/movie393.m3u8,http_error,502,https://345.lishuhang.com/movie393.m3u8,text/plain; charset=utf-8,4563.9,72,none,0,0,False,[],[],,2026-08-15T14:48:21+00:00
345-loop,movie175,https://345.lishuhang.com/movie175.m3u8,http_error,502,https://345.lishuhang.com/movie175.m3u8,text/plain; charset=utf-8,7127.2,72,none,0,0,False,[],[],,2026-08-15T14:48:23+00:00
345-loop,movie281,https://345.lishuhang.com/movie281.m3u8,http_error,502,https://345.lishuhang.com/movie281.m3u8,text/plain; charset=utf-8,6669.5,72,none,0,0,False,[],[],,2026-08-15T14:48:23+00:00
345-loop,movie406,https://345.lishuhang.com/movie406.m3u8,http_error,502,https://345.lishuhang.com/movie406.m3u8,text/plain; charset=utf-8,4589.6,72,none,0,0,False,[],[],,2026-08-15T14:48:23+00:00
345-loop,movie513,https://345.lishuhang.com/movie513.m3u8,http_error,502,https://345.lishuhang.com/movie513.m3u8,text/plain; charset=utf-8,3563.4,102,none,0,0,False,[],[],,2026-08-15T14:48:23+00:00
345-loop,movie501,https://345.lishuhang.com/movie501.m3u8,http_error,502,https://345.lishuhang.com/movie501.m3u8,text/plain; charset=utf-8,3201.7,102,none,0,0,False,[],[],,2026-08-15T14:48:23+00:00
345-loop,movie116,https://345.lishuhang.com/movie116.m3u8,http_error,502,https://345.lishuhang.com/movie116.m3u8,text/plain; charset=utf-8,6167.8,72,none,0,0,False,[],[],,2026-08-15T14:48:24+00:00
345-loop,movie196,https://345.lishuhang.com/movie196.m3u8,http_error,502,https://345.lishuhang.com/movie196.m3u8,text/plain; charset=utf-8,7170.2,72,none,0,0,False,[],[],,2026-08-15T14:48:25+00:00
345-loop,movie424,https://345.lishuhang.com/movie424.m3u8,http_error,502,https://345.lishuhang.com/movie424.m3u8,text/plain; charset=utf-8,4388.1,72,none,0,0,False,[],[],,2026-08-15T14:48:25+00:00
345-loop,movie181,https://345.lishuhang.com/movie181.m3u8,http_error,502,https://345.lishuhang.com/movie181.m3u8,text/plain; charset=utf-8,6393.4,72,none,0,0,False,[],[],,2026-08-15T14:48:25+00:00
345-loop,movie55,https://345.lishuhang.com/movie55.m3u8,http_error,502,https://345.lishuhang.com/movie55.m3u8,text/plain; charset=utf-8,5744.1,72,none,0,0,False,[],[],,2026-08-15T14:48:26+00:00
345-loop,movie536,https://345.lishuhang.com/movie536.m3u8,http_error,502,https://345.lishuhang.com/movie536.m3u8,text/plain; charset=utf-8,3277.9,102,none,0,0,False,[],[],,2026-08-15T14:48:26+00:00
345-loop,movie282,https://345.lishuhang.com/movie282.m3u8,http_error,502,https://345.lishuhang.com/movie282.m3u8,text/plain; charset=utf-8,8074.6,72,none,0,0,False,[],[],,2026-08-15T14:48:26+00:00
345-loop,movie417,https://345.lishuhang.com/movie417.m3u8,http_error,502,https://345.lishuhang.com/movie417.m3u8,text/plain; charset=utf-8,4622.1,72,none,0,0,False,[],[],,2026-08-15T14:48:26+00:00
345-loop,movie191,https://345.lishuhang.com/movie191.m3u8,http_error,502,https://345.lishuhang.com/movie191.m3u8,text/plain; charset=utf-8,7393.1,72,none,0,0,False,[],[],,2026-08-15T14:48:27+00:00
345-loop,movie279,https://345.lishuhang.com/movie279.m3u8,http_error,502,https://345.lishuhang.com/movie279.m3u8,text/plain; charset=utf-8,7180.2,72,none,0,0,False,[],[],,2026-08-15T14:48:27+00:00
345-loop,movie448,https://345.lishuhang.com/movie448.m3u8,http_error,502,https://345.lishuhang.com/movie448.m3u8,text/plain; charset=utf-8,4584.7,72,none,0,0,False,[],[],,2026-08-15T14:48:27+00:00
345-loop,movie201,https://345.lishuhang.com/movie201.m3u8,http_error,502,https://345.lishuhang.com/movie201.m3u8,text/plain; charset=utf-8,6619.0,72,none,0,0,False,[],[],,2026-08-15T14:48:27+00:00
345-loop,movie412,https://345.lishuhang.com/movie412.m3u8,http_error,502,https://345.lishuhang.com/movie412.m3u8,text/plain; charset=utf-8,4531.6,72,none,0,0,False,[],[],,2026-08-15T14:48:27+00:00
345-loop,movie139,https://345.lishuhang.com/movie139.m3u8,http_error,502,https://345.lishuhang.com/movie139.m3u8,text/plain; charset=utf-8,8595.9,72,none,0,0,False,[],[],,2026-08-15T14:48:28+00:00
345-loop,movie547,https://345.lishuhang.com/movie547.m3u8,http_error,502,https://345.lishuhang.com/movie547.m3u8,text/plain; charset=utf-8,3455.1,102,none,0,0,False,[],[],,2026-08-15T14:48:29+00:00
345-loop,movie418,https://345.lishuhang.com/movie418.m3u8,http_error,502,https://345.lishuhang.com/movie418.m3u8,text/plain; charset=utf-8,4617.0,72,none,0,0,False,[],[],,2026-08-15T14:48:30+00:00
345-loop,movie296,https://345.lishuhang.com/movie296.m3u8,http_error,502,https://345.lishuhang.com/movie296.m3u8,text/plain; charset=utf-8,7472.0,72,none,0,0,False,[],[],,2026-08-15T14:48:30+00:00
345-loop,movie487,https://345.lishuhang.com/movie487.m3u8,http_error,502,https://345.lishuhang.com/movie487.m3u8,text/plain; charset=utf-8,3105.9,102,none,0,0,False,[],[],,2026-08-15T14:48:30+00:00
345-loop,itv209,https://345.lishuhang.com/itv209.m3u8,http_error,502,https://345.lishuhang.com/itv209.m3u8,text/plain; charset=utf-8,3566.0,72,none,0,0,False,[],[],,2026-08-15T14:48:30+00:00
345-loop,movie304,https://345.lishuhang.com/movie304.m3u8,http_error,502,https://345.lishuhang.com/movie304.m3u8,text/plain; charset=utf-8,6056.4,72,none,0,0,False,[],[],,2026-08-15T14:48:31+00:00
345-loop,hlitv157,https://345.lishuhang.com/hlitv157.m3u8,request_exception,,,,,0,none,0,0,False,[],[],"HTTPSConnectionPool(host='345.lishuhang.com', port=443): Read timed out. (read timeout=8.0)",2026-08-15T14:48:31+00:00
345-loop,movie427,https://345.lishuhang.com/movie427.m3u8,http_error,502,https://345.lishuhang.com/movie427.m3u8,text/plain; charset=utf-8,4190.7,72,none,0,0,False,[],[],,2026-08-15T14:48:32+00:00
345-loop,movie434,https://345.lishuhang.com/movie434.m3u8,http_error,502,https://345.lishuhang.com/movie434.m3u8,text/plain; charset=utf-8,4174.9,72,none,0,0,False,[],[],,2026-08-15T14:48:32+00:00
345-loop,movie435,https://345.lishuhang.com/movie435.m3u8,http_error,502,https://345.lishuhang.com/movie435.m3u8,text/plain; charset=utf-8,4415.8,72,none,0,0,False,[],[],,2026-08-15T14:48:32+00:00
345-loop,movie436,https://345.lishuhang.com/movie436.m3u8,http_error,502,https://345.lishuhang.com/movie436.m3u8,text/plain; charset=utf-8,4769.4,72,none,0,0,False,[],[],,2026-08-15T14:48:32+00:00
345-loop,movie437,https://345.lishuhang.com/movie437.m3u8,http_error,502,https://345.lishuhang.com/movie437.m3u8,text/plain; charset=utf-8,4582.0,72,none,0,0,False,[],[],,2026-08-15T14:48:32+00:00
345-loop,movie438,https://345.lishuhang.com/movie438.m3u8,http_error,502,https://345.lishuhang.com/movie438.m3u8,text/plain; charset=utf-8,4684.0,72,none,0,0,False,[],[],,2026-08-15T14:48:33+00:00
345-loop,movie439,https://345.lishuhang.com/movie439.m3u8,http_error,502,https://345.lishuhang.com/movie439.m3u8,text/plain; charset=utf-8,4547.5,72,none,0,0,False,[],[],,2026-08-15T14:48:33+00:00
345-loop,movie440,https://345.lishuhang.com/movie440.m3u8,http_error,502,https://345.lishuhang.com/movie440.m3u8,text/plain; charset=utf-8,4477.4,72,none,0,0,False,[],[],,2026-08-15T14:48:34+00:00
345-loop,movie441,https://345.lishuhang.com/movie441.m3u8,http_error,502,https://345.lishuhang.com/movie441.m3u8,text/plain; charset=utf-8,4636.1,72,none,0,0,False,[],[],,2026-08-15T14:48:34+00:00
345-loop,movie379,https://345.lishuhang.com/movie379.m3u8,http_error,502,https://345.lishuhang.com/movie379.m3u8,text/plain; charset=utf-8,4450.1,72,none,0,0,False,[],[],,2026-08-15T14:48:34+00:00
345-loop,movie428,https://345.lishuhang.com/movie428.m3u8,http_error,502,https://345.lishuhang.com/movie428.m3u8,text/plain; charset=utf-8,4265.8,72,none,0,0,False,[],[],,2026-08-15T14:48:34+00:00
345-loop,movie442,https://345.lishuhang.com/movie442.m3u8,http_error,502,https://345.lishuhang.com/movie442.m3u8,text/plain; charset=utf-8,4313.5,72,none,0,0,False,[],[],,2026-08-15T14:48:34+00:00
345-loop,movie443,https://345.lishuhang.com/movie443.m3u8,http_error,502,https://345.lishuhang.com/movie443.m3u8,text/plain; charset=utf-8,4531.3,72,none,0,0,False,[],[],,2026-08-15T14:48:36+00:00
345-loop,movie444,https://345.lishuhang.com/movie444.m3u8,http_error,502,https://345.lishuhang.com/movie444.m3u8,text/plain; charset=utf-8,4375.7,72,none,0,0,False,[],[],,2026-08-15T14:48:36+00:00
345-loop,movie445,https://345.lishuhang.com/movie445.m3u8,http_error,502,https://345.lishuhang.com/movie445.m3u8,text/plain; charset=utf-8,4514.0,72,none,0,0,False,[],[],,2026-08-15T14:48:36+00:00
345-loop,movie377,https://345.lishuhang.com/movie377.m3u8,http_error,502,https://345.lishuhang.com/movie377.m3u8,text/plain; charset=utf-8,4358.2,72,none,0,0,False,[],[],,2026-08-15T14:48:36+00:00
345-loop,movie429,https://345.lishuhang.com/movie429.m3u8,http_error,502,https://345.lishuhang.com/movie429.m3u8,text/plain; charset=utf-8,4392.3,72,none,0,0,False,[],[],,2026-08-15T14:48:37+00:00
345-loop,movie430,https://345.lishuhang.com/movie430.m3u8,http_error,502,https://345.lishuhang.com/movie430.m3u8,text/plain; charset=utf-8,4396.4,72,none,0,0,False,[],[],,2026-08-15T14:48:37+00:00
345-loop,movie378,https://345.lishuhang.com/movie378.m3u8,http_error,502,https://345.lishuhang.com/movie378.m3u8,text/plain; charset=utf-8,4558.2,72,none,0,0,False,[],[],,2026-08-15T14:48:37+00:00
345-loop,movie431,https://345.lishuhang.com/movie431.m3u8,http_error,502,https://345.lishuhang.com/movie431.m3u8,text/plain; charset=utf-8,4623.6,72,none,0,0,False,[],[],,2026-08-15T14:48:37+00:00
345-loop,movie432,https://345.lishuhang.com/movie432.m3u8,http_error,502,https://345.lishuhang.com/movie432.m3u8,text/plain; charset=utf-8,4592.9,72,none,0,0,False,[],[],,2026-08-15T14:48:38+00:00
345-loop,movie433,https://345.lishuhang.com/movie433.m3u8,http_error,502,https://345.lishuhang.com/movie433.m3u8,text/plain; charset=utf-8,4610.8,72,none,0,0,False,[],[],,2026-08-15T14:48:38+00:00
345-loop,movie327,https://345.lishuhang.com/movie327.m3u8,http_error,502,https://345.lishuhang.com/movie327.m3u8,text/plain; charset=utf-8,6702.1,72,none,0,0,False,[],[],,2026-08-15T14:48:38+00:00
345-loop,movie240,https://345.lishuhang.com/movie240.m3u8,http_error,502,https://345.lishuhang.com/movie240.m3u8,text/plain; charset=utf-8,7073.6,72,none,0,0,False,[],[],,2026-08-15T14:48:38+00:00
345-loop,movie315,https://345.lishuhang.com/movie315.m3u8,http_error,502,https://345.lishuhang.com/movie315.m3u8,text/plain; charset=utf-8,8641.0,72,none,0,0,False,[],[],,2026-08-15T14:48:38+00:00
345-loop,movie307,https://345.lishuhang.com/movie307.m3u8,http_error,502,https://345.lishuhang.com/movie307.m3u8,text/plain; charset=utf-8,7171.7,72,none,0,0,False,[],[],,2026-08-15T14:48:39+00:00
345-loop,itv309,https://345.lishuhang.com/itv309.m3u8,http_error,502,https://345.lishuhang.com/itv309.m3u8,text/plain; charset=utf-8,3493.8,72,none,0,0,False,[],[],,2026-08-15T14:48:39+00:00
345-loop,movie426,https://345.lishuhang.com/movie426.m3u8,http_error,502,https://345.lishuhang.com/movie426.m3u8,text/plain; charset=utf-8,4597.0,72,none,0,0,False,[],[],,2026-08-15T14:48:40+00:00
345-loop,movie93,https://345.lishuhang.com/movie93.m3u8,http_error,502,https://345.lishuhang.com/movie93.m3u8,text/plain; charset=utf-8,6736.5,72,none,0,0,False,[],[],,2026-08-15T14:48:40+00:00
345-loop,movie198,https://345.lishuhang.com/movie198.m3u8,http_error,502,https://345.lishuhang.com/movie198.m3u8,text/plain; charset=utf-8,6268.3,72,none,0,0,False,[],[],,2026-08-15T14:48:41+00:00
345-loop,movie228,https://345.lishuhang.com/movie228.m3u8,http_error,502,https://345.lishuhang.com/movie228.m3u8,text/plain; charset=utf-8,7405.8,72,none,0,0,False,[],[],,2026-08-15T14:48:41+00:00
345-loop,movie544,https://345.lishuhang.com/movie544.m3u8,http_error,502,https://345.lishuhang.com/movie544.m3u8,text/plain; charset=utf-8,3522.5,102,none,0,0,False,[],[],,2026-08-15T14:48:41+00:00
345-loop,movie244,https://345.lishuhang.com/movie244.m3u8,http_error,502,https://345.lishuhang.com/movie244.m3u8,text/plain; charset=utf-8,5739.2,72,none,0,0,False,[],[],,2026-08-15T14:48:41+00:00
345-loop,movie394,https://345.lishuhang.com/movie394.m3u8,http_error,502,https://345.lishuhang.com/movie394.m3u8,text/plain; charset=utf-8,4319.7,72,none,0,0,False,[],[],,2026-08-15T14:48:41+00:00
345-loop,movie446,https://345.lishuhang.com/movie446.m3u8,http_error,502,https://345.lishuhang.com/movie446.m3u8,text/plain; charset=utf-8,4454.6,72,none,0,0,False,[],[],,2026-08-15T14:48:42+00:00
345-loop,movie447,https://345.lishuhang.com/movie447.m3u8,http_error,502,https://345.lishuhang.com/movie447.m3u8,text/plain; charset=utf-8,4641.6,72,none,0,0,False,[],[],,2026-08-15T14:48:42+00:00
345-loop,movie380,https://345.lishuhang.com/movie380.m3u8,http_error,502,https://345.lishuhang.com/movie380.m3u8,text/plain; charset=utf-8,4726.9,72,none,0,0,False,[],[],,2026-08-15T14:48:42+00:00
345-loop,movie24,https://345.lishuhang.com/movie24.m3u8,http_error,502,https://345.lishuhang.com/movie24.m3u8,text/plain; charset=utf-8,6076.2,72,none,0,0,False,[],[],,2026-08-15T14:48:42+00:00
345-loop,movie489,https://345.lishuhang.com/movie489.m3u8,http_error,502,https://345.lishuhang.com/movie489.m3u8,text/plain; charset=utf-8,3292.7,102,none,0,0,False,[],[],,2026-08-15T14:48:43+00:00
345-loop,movie126,https://345.lishuhang.com/movie126.m3u8,http_error,502,https://345.lishuhang.com/movie126.m3u8,text/plain; charset=utf-8,6765.4,72,none,0,0,False,[],[],,2026-08-15T14:48:45+00:00
345-loop,movie81,https://345.lishuhang.com/movie81.m3u8,http_error,502,https://345.lishuhang.com/movie81.m3u8,text/plain; charset=utf-8,6479.0,72,none,0,0,False,[],[],,2026-08-15T14:48:45+00:00
345-loop,movie293,https://345.lishuhang.com/movie293.m3u8,http_error,502,https://345.lishuhang.com/movie293.m3u8,text/plain; charset=utf-8,6536.5,72,none,0,0,False,[],[],,2026-08-15T14:48:45+00:00
345-loop,movie509,https://345.lishuhang.com/movie509.m3u8,http_error,502,https://345.lishuhang.com/movie509.m3u8,text/plain; charset=utf-8,3360.4,102,none,0,0,False,[],[],,2026-08-15T14:48:45+00:00
345-loop,movie211,https://345.lishuhang.com/movie211.m3u8,http_error,502,https://345.lishuhang.com/movie211.m3u8,text/plain; charset=utf-8,7634.0,72,none,0,0,False,[],[],,2026-08-15T14:48:46+00:00
345-loop,movie39,https://345.lishuhang.com/movie39.m3u8,http_error,502,https://345.lishuhang.com/movie39.m3u8,text/plain; charset=utf-8,6599.8,72,none,0,0,False,[],[],,2026-08-15T14:48:46+00:00
345-loop,movie23,https://345.lishuhang.com/movie23.m3u8,http_error,502,https://345.lishuhang.com/movie23.m3u8,text/plain; charset=utf-8,6556.5,72,none,0,0,False,[],[],,2026-08-15T14:48:46+00:00
345-loop,movie68,https://345.lishuhang.com/movie68.m3u8,http_error,502,https://345.lishuhang.com/movie68.m3u8,text/plain; charset=utf-8,6295.3,72,none,0,0,False,[],[],,2026-08-15T14:48:46+00:00
345-loop,movie216,https://345.lishuhang.com/movie216.m3u8,http_error,502,https://345.lishuhang.com/movie216.m3u8,text/plain; charset=utf-8,6187.8,72,none,0,0,False,[],[],,2026-08-15T14:48:47+00:00
345-loop,movie110,https://345.lishuhang.com/movie110.m3u8,http_error,502,https://345.lishuhang.com/movie110.m3u8,text/plain; charset=utf-8,6317.7,72,none,0,0,False,[],[],,2026-08-15T14:48:47+00:00
345-loop,movie496,https://345.lishuhang.com/movie496.m3u8,http_error,502,https://345.lishuhang.com/movie496.m3u8,text/plain; charset=utf-8,3236.4,102,none,0,0,False,[],[],,2026-08-15T14:48:47+00:00
345-loop,movie183,https://345.lishuhang.com/movie183.m3u8,http_error,502,https://345.lishuhang.com/movie183.m3u8,text/plain; charset=utf-8,5794.4,72,none,0,0,False,[],[],,2026-08-15T14:48:47+00:00
345-loop,movie176,https://345.lishuhang.com/movie176.m3u8,http_error,502,https://345.lishuhang.com/movie176.m3u8,text/plain; charset=utf-8,8017.3,72,none,0,0,False,[],[],,2026-08-15T14:48:47+00:00
345-loop,itv308,https://345.lishuhang.com/itv308.m3u8,http_error,502,https://345.lishuhang.com/itv308.m3u8,text/plain; charset=utf-8,3516.5,72,none,0,0,False,[],[],,2026-08-15T14:48:47+00:00
345-loop,movie481,https://345.lishuhang.com/movie481.m3u8,http_error,502,https://345.lishuhang.com/movie481.m3u8,text/plain; charset=utf-8,4331.0,72,none,0,0,False,[],[],,2026-08-15T14:48:48+00:00
345-loop,movie464,https://345.lishuhang.com/movie464.m3u8,http_error,502,https://345.lishuhang.com/movie464.m3u8,text/plain; charset=utf-8,4276.2,72,none,0,0,False,[],[],,2026-08-15T14:48:48+00:00
345-loop,movie465,https://345.lishuhang.com/movie465.m3u8,http_error,502,https://345.lishuhang.com/movie465.m3u8,text/plain; charset=utf-8,4238.7,72,none,0,0,False,[],[],,2026-08-15T14:48:49+00:00
345-loop,movie466,https://345.lishuhang.com/movie466.m3u8,http_error,502,https://345.lishuhang.com/movie466.m3u8,text/plain; charset=utf-8,4552.0,72,none,0,0,False,[],[],,2026-08-15T14:48:50+00:00
345-loop,movie466,https://345.lishuhang.com/movie467.m3u8,http_error,502,https://345.lishuhang.com/movie467.m3u8,text/plain; charset=utf-8,4389.5,72,none,0,0,False,[],[],,2026-08-15T14:48:51+00:00
345-loop,movie82,https://345.lishuhang.com/movie82.m3u8,http_error,502,https://345.lishuhang.com/movie82.m3u8,text/plain; charset=utf-8,7731.3,72,none,0,0,False,[],[],,2026-08-15T14:48:51+00:00
345-loop,movie333,https://345.lishuhang.com/movie333.m3u8,http_error,502,https://345.lishuhang.com/movie333.m3u8,text/plain; charset=utf-8,4691.9,72,none,0,0,False,[],[],,2026-08-15T14:48:51+00:00
345-loop,movie365,https://345.lishuhang.com/movie365.m3u8,http_error,502,https://345.lishuhang.com/movie365.m3u8,text/plain; charset=utf-8,4720.5,72,none,0,0,False,[],[],,2026-08-15T14:48:52+00:00
345-loop,movie364,https://345.lishuhang.com/movie364.m3u8,http_error,502,https://345.lishuhang.com/movie364.m3u8,text/plain; charset=utf-8,4464.6,72,none,0,0,False,[],[],,2026-08-15T14:48:52+00:00
345-loop,movie366,https://345.lishuhang.com/movie366.m3u8,http_error,502,https://345.lishuhang.com/movie366.m3u8,text/plain; charset=utf-8,4289.4,72,none,0,0,False,[],[],,2026-08-15T14:48:52+00:00
345-loop,movie363,https://345.lishuhang.com/movie363.m3u8,http_error,502,https://345.lishuhang.com/movie363.m3u8,text/plain; charset=utf-8,4577.6,72,none,0,0,False,[],[],,2026-08-15T14:48:52+00:00
345-loop,movie311,https://345.lishuhang.com/movie311.m3u8,http_error,502,https://345.lishuhang.com/movie311.m3u8,text/plain; charset=utf-8,6550.4,72,none,0,0,False,[],[],,2026-08-15T14:48:52+00:00
345-loop,movie486,https://345.lishuhang.com/movie486.m3u8,http_error,502,https://345.lishuhang.com/movie486.m3u8,text/plain; charset=utf-8,3403.9,102,none,0,0,False,[],[],,2026-08-15T14:48:53+00:00
345-loop,movie541,https://345.lishuhang.com/movie541.m3u8,http_error,502,https://345.lishuhang.com/movie541.m3u8,text/plain; charset=utf-8,3379.7,102,none,0,0,False,[],[],,2026-08-15T14:48:53+00:00
345-loop,movie455,https://345.lishuhang.com/movie455.m3u8,http_error,502,https://345.lishuhang.com/movie455.m3u8,text/plain; charset=utf-8,4352.6,72,none,0,0,False,[],[],,2026-08-15T14:48:53+00:00
345-loop,movie455,https://345.lishuhang.com/movie456.m3u8,http_error,502,https://345.lishuhang.com/movie456.m3u8,text/plain; charset=utf-8,4620.5,72,none,0,0,False,[],[],,2026-08-15T14:48:53+00:00
345-loop,movie459,https://345.lishuhang.com/movie459.m3u8,http_error,502,https://345.lishuhang.com/movie459.m3u8,text/plain; charset=utf-8,4652.2,72,none,0,0,False,[],[],,2026-08-15T14:48:53+00:00
345-loop,movie459,https://345.lishuhang.com/movie546.m3u8,http_error,502,https://345.lishuhang.com/movie546.m3u8,text/plain; charset=utf-8,3478.4,102,none,0,0,False,[],[],,2026-08-15T14:48:53+00:00
345-loop,movie460,https://345.lishuhang.com/movie460.m3u8,http_error,502,https://345.lishuhang.com/movie460.m3u8,text/plain; charset=utf-8,4599.8,72,none,0,0,False,[],[],,2026-08-15T14:48:55+00:00
345-loop,movie457,https://345.lishuhang.com/movie457.m3u8,http_error,502,https://345.lishuhang.com/movie457.m3u8,text/plain; charset=utf-8,4417.8,72,none,0,0,False,[],[],,2026-08-15T14:48:55+00:00
345-loop,movie497,https://345.lishuhang.com/movie497.m3u8,http_error,502,https://345.lishuhang.com/movie497.m3u8,text/plain; charset=utf-8,3444.7,102,none,0,0,False,[],[],,2026-08-15T14:48:55+00:00
345-loop,movie368,https://345.lishuhang.com/movie368.m3u8,http_error,502,https://345.lishuhang.com/movie368.m3u8,text/plain; charset=utf-8,4364.7,72,none,0,0,False,[],[],,2026-08-15T14:48:56+00:00
345-loop,movie358,https://345.lishuhang.com/movie358.m3u8,http_error,502,https://345.lishuhang.com/movie358.m3u8,text/plain; charset=utf-8,4415.0,72,none,0,0,False,[],[],,2026-08-15T14:48:56+00:00
345-loop,movie525,https://345.lishuhang.com/movie525.m3u8,http_error,502,https://345.lishuhang.com/movie525.m3u8,text/plain; charset=utf-8,3102.4,102,none,0,0,False,[],[],,2026-08-15T14:48:56+00:00
345-loop,movie542,https://345.lishuhang.com/movie542.m3u8,http_error,502,https://345.lishuhang.com/movie542.m3u8,text/plain; charset=utf-8,3349.1,102,none,0,0,False,[],[],,2026-08-15T14:48:56+00:00
345-loop,movie414,https://345.lishuhang.com/movie414.m3u8,http_error,502,https://345.lishuhang.com/movie414.m3u8,text/plain; charset=utf-8,4585.8,72,none,0,0,False,[],[],,2026-08-15T14:48:57+00:00
345-loop,movie550,https://345.lishuhang.com/movie550.m3u8,http_error,502,https://345.lishuhang.com/movie550.m3u8,text/plain; charset=utf-8,3305.3,102,none,0,0,False,[],[],,2026-08-15T14:48:57+00:00
345-loop,movie43,https://345.lishuhang.com/movie43.m3u8,http_error,502,https://345.lishuhang.com/movie43.m3u8,text/plain; charset=utf-8,7142.7,72,none,0,0,False,[],[],,2026-08-15T14:48:57+00:00
345-loop,movie520,https://345.lishuhang.com/movie520.m3u8,http_error,502,https://345.lishuhang.com/movie520.m3u8,text/plain; charset=utf-8,3414.5,102,none,0,0,False,[],[],,2026-08-15T14:48:57+00:00
345-loop,movie134,https://345.lishuhang.com/movie134.m3u8,http_error,502,https://345.lishuhang.com/movie134.m3u8,text/plain; charset=utf-8,6893.5,72,none,0,0,False,[],[],,2026-08-15T14:48:57+00:00
345-loop,movie212,https://345.lishuhang.com/movie212.m3u8,http_error,502,https://345.lishuhang.com/movie212.m3u8,text/plain; charset=utf-8,6403.6,72,none,0,0,False,[],[],,2026-08-15T14:48:58+00:00
345-loop,movie338,https://345.lishuhang.com/movie338.m3u8,http_error,502,https://345.lishuhang.com/movie338.m3u8,text/plain; charset=utf-8,4331.1,72,none,0,0,False,[],[],,2026-08-15T14:48:58+00:00
345-loop,movie235,https://345.lishuhang.com/movie235.m3u8,http_error,502,https://345.lishuhang.com/movie235.m3u8,text/plain; charset=utf-8,7173.4,72,none,0,0,False,[],[],,2026-08-15T14:48:58+00:00
345-loop,movie50,https://345.lishuhang.com/movie50.m3u8,http_error,502,https://345.lishuhang.com/movie50.m3u8,text/plain; charset=utf-8,6157.7,72,none,0,0,False,[],[],,2026-08-15T14:48:59+00:00
345-loop,movie200,https://345.lishuhang.com/movie200.m3u8,http_error,502,https://345.lishuhang.com/movie200.m3u8,text/plain; charset=utf-8,6328.7,72,none,0,0,False,[],[],,2026-08-15T14:48:59+00:00
345-loop,movie205,https://345.lishuhang.com/movie205.m3u8,http_error,502,https://345.lishuhang.com/movie205.m3u8,text/plain; charset=utf-8,6188.4,72,none,0,0,False,[],[],,2026-08-15T14:48:59+00:00
345-loop,movie537,https://345.lishuhang.com/movie537.m3u8,http_error,502,https://345.lishuhang.com/movie537.m3u8,text/plain; charset=utf-8,3351.6,102,none,0,0,False,[],[],,2026-08-15T14:48:59+00:00
345-loop,movie122,https://345.lishuhang.com/movie122.m3u8,http_error,502,https://345.lishuhang.com/movie122.m3u8,text/plain; charset=utf-8,6270.2,72,none,0,0,False,[],[],,2026-08-15T14:48:59+00:00
345-loop,movie188,https://345.lishuhang.com/movie188.m3u8,http_error,502,https://345.lishuhang.com/movie188.m3u8,text/plain; charset=utf-8,6235.1,72,none,0,0,False,[],[],,2026-08-15T14:49:00+00:00
345-loop,movie301,https://345.lishuhang.com/movie301.m3u8,http_error,502,https://345.lishuhang.com/movie301.m3u8,text/plain; charset=utf-8,6452.0,72,none,0,0,False,[],[],,2026-08-15T14:49:00+00:00
345-loop,movie463,https://345.lishuhang.com/movie463.m3u8,http_error,502,https://345.lishuhang.com/movie463.m3u8,text/plain; charset=utf-8,4622.9,72,none,0,0,False,[],[],,2026-08-15T14:49:00+00:00
345-loop,movie133,https://345.lishuhang.com/movie133.m3u8,http_error,502,https://345.lishuhang.com/movie133.m3u8,text/plain; charset=utf-8,7224.4,72,none,0,0,False,[],[],,2026-08-15T14:49:00+00:00
345-loop,movie539,https://345.lishuhang.com/movie539.m3u8,http_error,502,https://345.lishuhang.com/movie539.m3u8,text/plain; charset=utf-8,3435.9,102,none,0,0,False,[],[],,2026-08-15T14:49:00+00:00
345-loop,movie247,https://345.lishuhang.com/movie247.m3u8,http_error,502,https://345.lishuhang.com/movie247.m3u8,text/plain; charset=utf-8,6109.6,72,none,0,0,False,[],[],,2026-08-15T14:49:01+00:00
345-loop,movie248,https://345.lishuhang.com/movie248.m3u8,http_error,502,https://345.lishuhang.com/movie248.m3u8,text/plain; charset=utf-8,5610.7,72,none,0,0,False,[],[],,2026-08-15T14:49:02+00:00
345-loop,movie106,https://345.lishuhang.com/movie106.m3u8,http_error,502,https://345.lishuhang.com/movie106.m3u8,text/plain; charset=utf-8,7277.9,72,none,0,0,False,[],[],,2026-08-15T14:49:03+00:00
345-loop,movie73,https://345.lishuhang.com/movie73.m3u8,http_error,502,https://345.lishuhang.com/movie73.m3u8,text/plain; charset=utf-8,7005.3,72,none,0,0,False,[],[],,2026-08-15T14:49:04+00:00
345-loop,movie484,https://345.lishuhang.com/movie484.m3u8,http_error,502,https://345.lishuhang.com/movie484.m3u8,text/plain; charset=utf-8,4636.4,72,none,0,0,False,[],[],,2026-08-15T14:49:04+00:00
345-loop,movie59,https://345.lishuhang.com/movie59.m3u8,http_error,502,https://345.lishuhang.com/movie59.m3u8,text/plain; charset=utf-8,6715.4,72,none,0,0,False,[],[],,2026-08-15T14:49:04+00:00
345-loop,movie549,https://345.lishuhang.com/movie549.m3u8,http_error,502,https://345.lishuhang.com/movie549.m3u8,text/plain; charset=utf-8,3393.0,102,none,0,0,False,[],[],,2026-08-15T14:49:04+00:00
345-loop,movie97,https://345.lishuhang.com/movie97.m3u8,http_error,502,https://345.lishuhang.com/movie97.m3u8,text/plain; charset=utf-8,6920.7,72,none,0,0,False,[],[],,2026-08-15T14:49:05+00:00
345-loop,movie170,https://345.lishuhang.com/movie170.m3u8,http_error,502,https://345.lishuhang.com/movie170.m3u8,text/plain; charset=utf-8,8450.6,72,none,0,0,False,[],[],,2026-08-15T14:49:05+00:00
345-loop,movie420,https://345.lishuhang.com/movie420.m3u8,http_error,502,https://345.lishuhang.com/movie420.m3u8,text/plain; charset=utf-8,4378.7,72,none,0,0,False,[],[],,2026-08-15T14:49:05+00:00
345-loop,movie288,https://345.lishuhang.com/movie288.m3u8,http_error,502,https://345.lishuhang.com/movie288.m3u8,text/plain; charset=utf-8,9126.0,72,none,0,0,False,[],[],,2026-08-15T14:49:05+00:00
345-loop,movie79,https://345.lishuhang.com/movie79.m3u8,http_error,502,https://345.lishuhang.com/movie79.m3u8,text/plain; charset=utf-8,6175.7,72,none,0,0,False,[],[],,2026-08-15T14:49:06+00:00
345-loop,movie45,https://345.lishuhang.com/movie45.m3u8,http_error,502,https://345.lishuhang.com/movie45.m3u8,text/plain; charset=utf-8,7946.0,72,none,0,0,False,[],[],,2026-08-15T14:49:06+00:00
345-loop,movie258,https://345.lishuhang.com/movie258.m3u8,http_error,502,https://345.lishuhang.com/movie258.m3u8,text/plain; charset=utf-8,5994.7,72,none,0,0,False,[],[],,2026-08-15T14:49:06+00:00
345-loop,movie258,https://345.lishuhang.com/movie270.m3u8,http_error,502,https://345.lishuhang.com/movie270.m3u8,text/plain; charset=utf-8,5547.1,72,none,0,0,False,[],[],,2026-08-15T14:49:07+00:00
345-loop,movie34,https://345.lishuhang.com/movie34.m3u8,http_error,502,https://345.lishuhang.com/movie34.m3u8,text/plain; charset=utf-8,8048.3,72,none,0,0,False,[],[],,2026-08-15T14:49:07+00:00
345-loop,movie300,https://345.lishuhang.com/movie300.m3u8,http_error,502,https://345.lishuhang.com/movie300.m3u8,text/plain; charset=utf-8,6607.8,72,none,0,0,False,[],[],,2026-08-15T14:49:08+00:00
345-loop,movie271,https://345.lishuhang.com/movie271.m3u8,http_error,502,https://345.lishuhang.com/movie271.m3u8,text/plain; charset=utf-8,6701.4,72,none,0,0,False,[],[],,2026-08-15T14:49:08+00:00
345-loop,movie309,https://345.lishuhang.com/movie309.m3u8,http_error,502,https://345.lishuhang.com/movie309.m3u8,text/plain; charset=utf-8,6398.5,72,none,0,0,False,[],[],,2026-08-15T14:49:08+00:00
345-loop,movie226,https://345.lishuhang.com/movie226.m3u8,http_error,502,https://345.lishuhang.com/movie226.m3u8,text/plain; charset=utf-8,6341.8,72,none,0,0,False,[],[],,2026-08-15T14:49:09+00:00
345-loop,movie290,https://345.lishuhang.com/movie290.m3u8,http_error,502,https://345.lishuhang.com/movie290.m3u8,text/plain; charset=utf-8,7102.5,72,none,0,0,False,[],[],,2026-08-15T14:49:10+00:00
345-loop,movie3,https://345.lishuhang.com/movie3.m3u8,http_error,502,https://345.lishuhang.com/movie3.m3u8,text/plain; charset=utf-8,7603.8,72,none,0,0,False,[],[],,2026-08-15T14:49:10+00:00
345-loop,movie409,https://345.lishuhang.com/movie409.m3u8,http_error,502,https://345.lishuhang.com/movie409.m3u8,text/plain; charset=utf-8,4559.9,72,none,0,0,False,[],[],,2026-08-15T14:49:11+00:00
345-loop,movie469,https://345.lishuhang.com/movie469.m3u8,http_error,502,https://345.lishuhang.com/movie469.m3u8,text/plain; charset=utf-8,4546.6,72,none,0,0,False,[],[],,2026-08-15T14:49:11+00:00
345-loop,movie42,https://345.lishuhang.com/movie42.m3u8,http_error,502,https://345.lishuhang.com/movie42.m3u8,text/plain; charset=utf-8,7336.6,72,none,0,0,False,[],[],,2026-08-15T14:49:12+00:00
345-loop,movie322,https://345.lishuhang.com/movie322.m3u8,http_error,502,https://345.lishuhang.com/movie322.m3u8,text/plain; charset=utf-8,5965.2,72,none,0,0,False,[],[],,2026-08-15T14:49:12+00:00
345-loop,movie234,https://345.lishuhang.com/movie234.m3u8,http_error,502,https://345.lishuhang.com/movie234.m3u8,text/plain; charset=utf-8,7165.8,72,none,0,0,False,[],[],,2026-08-15T14:49:12+00:00
345-loop,movie236,https://345.lishuhang.com/movie236.m3u8,http_error,502,https://345.lishuhang.com/movie236.m3u8,text/plain; charset=utf-8,6006.6,72,none,0,0,False,[],[],,2026-08-15T14:49:12+00:00
345-loop,movie27,https://345.lishuhang.com/movie27.m3u8,http_error,502,https://345.lishuhang.com/movie27.m3u8,text/plain; charset=utf-8,6368.0,72,none,0,0,False,[],[],,2026-08-15T14:49:14+00:00
345-loop,movie217,https://345.lishuhang.com/movie217.m3u8,http_error,502,https://345.lishuhang.com/movie217.m3u8,text/plain; charset=utf-8,6111.1,72,none,0,0,False,[],[],,2026-08-15T14:49:14+00:00
345-loop,movie75,https://345.lishuhang.com/movie75.m3u8,http_error,502,https://345.lishuhang.com/movie75.m3u8,text/plain; charset=utf-8,6003.2,72,none,0,0,False,[],[],,2026-08-15T14:49:14+00:00
345-loop,itv272,https://345.lishuhang.com/itv272.m3u8,http_error,502,https://345.lishuhang.com/itv272.m3u8,text/plain; charset=utf-8,3536.6,72,none,0,0,False,[],[],,2026-08-15T14:49:14+00:00
345-loop,movie534,https://345.lishuhang.com/movie534.m3u8,http_error,502,https://345.lishuhang.com/movie534.m3u8,text/plain; charset=utf-8,3453.9,102,none,0,0,False,[],[],,2026-08-15T14:49:14+00:00
345-loop,movie369,https://345.lishuhang.com/movie369.m3u8,http_error,502,https://345.lishuhang.com/movie369.m3u8,text/plain; charset=utf-8,4529.0,72,none,0,0,False,[],[],,2026-08-15T14:49:15+00:00
345-loop,movie401,https://345.lishuhang.com/movie401.m3u8,http_error,502,https://345.lishuhang.com/movie401.m3u8,text/plain; charset=utf-8,4544.5,72,none,0,0,False,[],[],,2026-08-15T14:49:15+00:00
345-loop,movie480,https://345.lishuhang.com/movie480.m3u8,http_error,502,https://345.lishuhang.com/movie480.m3u8,text/plain; charset=utf-8,4673.9,72,none,0,0,False,[],[],,2026-08-15T14:49:15+00:00
345-loop,movie346,https://345.lishuhang.com/movie346.m3u8,http_error,502,https://345.lishuhang.com/movie346.m3u8,text/plain; charset=utf-8,4321.0,72,none,0,0,False,[],[],,2026-08-15T14:49:15+00:00
345-loop,movie227,https://345.lishuhang.com/movie227.m3u8,http_error,502,https://345.lishuhang.com/movie227.m3u8,text/plain; charset=utf-8,7134.3,72,none,0,0,False,[],[],,2026-08-15T14:49:15+00:00
345-loop,movie22,https://345.lishuhang.com/movie22.m3u8,http_error,502,https://345.lishuhang.com/movie22.m3u8,text/plain; charset=utf-8,6006.0,72,none,0,0,False,[],[],,2026-08-15T14:49:17+00:00
345-loop,movie289,https://345.lishuhang.com/movie289.m3u8,http_error,502,https://345.lishuhang.com/movie289.m3u8,text/plain; charset=utf-8,7545.3,72,none,0,0,False,[],[],,2026-08-15T14:49:18+00:00
345-loop,movie404,https://345.lishuhang.com/movie404.m3u8,http_error,502,https://345.lishuhang.com/movie404.m3u8,text/plain; charset=utf-8,4568.3,72,none,0,0,False,[],[],,2026-08-15T14:49:18+00:00
345-loop,movie376,https://345.lishuhang.com/movie376.m3u8,http_error,502,https://345.lishuhang.com/movie376.m3u8,text/plain; charset=utf-8,4640.7,72,none,0,0,False,[],[],,2026-08-15T14:49:18+00:00
345-loop,movie123,https://345.lishuhang.com/movie123.m3u8,http_error,502,https://345.lishuhang.com/movie123.m3u8,text/plain; charset=utf-8,6836.6,72,none,0,0,False,[],[],,2026-08-15T14:49:18+00:00
345-loop,movie138,https://345.lishuhang.com/movie138.m3u8,http_error,502,https://345.lishuhang.com/movie138.m3u8,text/plain; charset=utf-8,7083.8,72,none,0,0,False,[],[],,2026-08-15T14:49:18+00:00
345-loop,movie328,https://345.lishuhang.com/movie328.m3u8,http_error,502,https://345.lishuhang.com/movie328.m3u8,text/plain; charset=utf-8,8107.9,72,none,0,0,False,[],[],,2026-08-15T14:49:19+00:00
345-loop,movie163,https://345.lishuhang.com/movie163.m3u8,http_error,502,https://345.lishuhang.com/movie163.m3u8,text/plain; charset=utf-8,6123.7,72,none,0,0,False,[],[],,2026-08-15T14:49:19+00:00
345-loop,movie178,https://345.lishuhang.com/movie178.m3u8,http_error,502,https://345.lishuhang.com/movie178.m3u8,text/plain; charset=utf-8,7108.7,72,none,0,0,False,[],[],,2026-08-15T14:49:19+00:00
345-loop,movie422,https://345.lishuhang.com/movie422.m3u8,http_error,502,https://345.lishuhang.com/movie422.m3u8,text/plain; charset=utf-8,4675.1,72,none,0,0,False,[],[],,2026-08-15T14:49:20+00:00
345-loop,movie423,https://345.lishuhang.com/movie423.m3u8,http_error,502,https://345.lishuhang.com/movie423.m3u8,text/plain; charset=utf-8,4597.0,72,none,0,0,False,[],[],,2026-08-15T14:49:20+00:00
345-loop,movie215,https://345.lishuhang.com/movie215.m3u8,http_error,502,https://345.lishuhang.com/movie215.m3u8,text/plain; charset=utf-8,7477.0,72,none,0,0,False,[],[],,2026-08-15T14:49:20+00:00
345-loop,movie352,https://345.lishuhang.com/movie352.m3u8,http_error,502,https://345.lishuhang.com/movie352.m3u8,text/plain; charset=utf-8,4455.4,72,none,0,0,False,[],[],,2026-08-15T14:49:20+00:00
345-loop,movie354,https://345.lishuhang.com/movie354.m3u8,http_error,502,https://345.lishuhang.com/movie354.m3u8,text/plain; charset=utf-8,4498.1,72,none,0,0,False,[],[],,2026-08-15T14:49:20+00:00
345-loop,movie314,https://345.lishuhang.com/movie314.m3u8,http_error,502,https://345.lishuhang.com/movie314.m3u8,text/plain; charset=utf-8,9215.7,72,none,0,0,False,[],[],,2026-08-15T14:49:20+00:00
345-loop,movie345,https://345.lishuhang.com/movie345.m3u8,http_error,502,https://345.lishuhang.com/movie345.m3u8,text/plain; charset=utf-8,4775.0,72,none,0,0,False,[],[],,2026-08-15T14:49:22+00:00
345-loop,itv206,https://345.lishuhang.com/itv206.m3u8,http_error,502,https://345.lishuhang.com/itv206.m3u8,text/plain; charset=utf-8,3558.0,72,none,0,0,False,[],[],,2026-08-15T14:49:22+00:00
345-loop,movie204,https://345.lishuhang.com/movie204.m3u8,http_error,502,https://345.lishuhang.com/movie204.m3u8,text/plain; charset=utf-8,5821.9,72,none,0,0,False,[],[],,2026-08-15T14:49:23+00:00
345-loop,movie57,https://345.lishuhang.com/movie57.m3u8,http_error,502,https://345.lishuhang.com/movie57.m3u8,text/plain; charset=utf-8,6692.5,72,none,0,0,False,[],[],,2026-08-15T14:49:23+00:00
345-loop,movie362,https://345.lishuhang.com/movie362.m3u8,http_error,502,https://345.lishuhang.com/movie362.m3u8,text/plain; charset=utf-8,4616.1,72,none,0,0,False,[],[],,2026-08-15T14:49:24+00:00
345-loop,movie361,https://345.lishuhang.com/movie361.m3u8,http_error,502,https://345.lishuhang.com/movie361.m3u8,text/plain; charset=utf-8,4580.9,72,none,0,0,False,[],[],,2026-08-15T14:49:24+00:00
345-loop,movie360,https://345.lishuhang.com/movie360.m3u8,http_error,502,https://345.lishuhang.com/movie360.m3u8,text/plain; charset=utf-8,4566.5,72,none,0,0,False,[],[],,2026-08-15T14:49:24+00:00
345-loop,movie136,https://345.lishuhang.com/movie136.m3u8,http_error,502,https://345.lishuhang.com/movie136.m3u8,text/plain; charset=utf-8,7544.2,72,none,0,0,False,[],[],,2026-08-15T14:49:25+00:00
345-loop,movie357,https://345.lishuhang.com/movie357.m3u8,http_error,502,https://345.lishuhang.com/movie357.m3u8,text/plain; charset=utf-8,4559.6,72,none,0,0,False,[],[],,2026-08-15T14:49:25+00:00
345-loop,movie19,https://345.lishuhang.com/movie19.m3u8,http_error,502,https://345.lishuhang.com/movie19.m3u8,text/plain; charset=utf-8,5776.7,72,none,0,0,False,[],[],,2026-08-15T14:49:25+00:00
345-loop,movie125,https://345.lishuhang.com/movie125.m3u8,http_error,502,https://345.lishuhang.com/movie125.m3u8,text/plain; charset=utf-8,5890.2,72,none,0,0,False,[],[],,2026-08-15T14:49:25+00:00
345-loop,movie524,https://345.lishuhang.com/movie524.m3u8,http_error,502,https://345.lishuhang.com/movie524.m3u8,text/plain; charset=utf-8,3209.4,102,none,0,0,False,[],[],,2026-08-15T14:49:25+00:00
345-loop,movie416,https://345.lishuhang.com/movie416.m3u8,http_error,502,https://345.lishuhang.com/movie416.m3u8,text/plain; charset=utf-8,4598.2,72,none,0,0,False,[],[],,2026-08-15T14:49:26+00:00
345-loop,movie31,https://345.lishuhang.com/movie31.m3u8,http_error,502,https://345.lishuhang.com/movie31.m3u8,text/plain; charset=utf-8,6865.4,72,none,0,0,False,[],[],,2026-08-15T14:49:26+00:00
345-loop,movie100,https://345.lishuhang.com/movie100.m3u8,http_error,502,https://345.lishuhang.com/movie100.m3u8,text/plain; charset=utf-8,7938.5,72,none,0,0,False,[],[],,2026-08-15T14:49:27+00:00
345-loop,movie249,https://345.lishuhang.com/movie249.m3u8,request_exception,,,,,0,none,0,0,False,[],[],"HTTPSConnectionPool(host='345.lishuhang.com', port=443): Read timed out. (read timeout=8.0)",2026-08-15T14:49:27+00:00
345-loop,movie278,https://345.lishuhang.com/movie278.m3u8,http_error,502,https://345.lishuhang.com/movie278.m3u8,text/plain; charset=utf-8,9169.3,72,none,0,0,False,[],[],,2026-08-15T14:49:27+00:00
345-loop,movie111,https://345.lishuhang.com/movie111.m3u8,http_error,502,https://345.lishuhang.com/movie111.m3u8,text/plain; charset=utf-8,6761.1,72,none,0,0,False,[],[],,2026-08-15T14:49:28+00:00
345-loop,movie295,https://345.lishuhang.com/movie295.m3u8,http_error,502,https://345.lishuhang.com/movie295.m3u8,text/plain; charset=utf-8,6971.0,72,none,0,0,False,[],[],,2026-08-15T14:49:28+00:00
345-loop,movie308,https://345.lishuhang.com/movie308.m3u8,http_error,502,https://345.lishuhang.com/movie308.m3u8,text/plain; charset=utf-8,7243.0,72,none,0,0,False,[],[],,2026-08-15T14:49:29+00:00
345-loop,movie324,https://345.lishuhang.com/movie324.m3u8,http_error,502,https://345.lishuhang.com/movie324.m3u8,text/plain; charset=utf-8,6132.6,72,none,0,0,False,[],[],,2026-08-15T14:49:29+00:00
345-loop,movie1,https://345.lishuhang.com/movie1.m3u8,http_error,502,https://345.lishuhang.com/movie1.m3u8,text/plain; charset=utf-8,7215.6,72,none,0,0,False,[],[],,2026-08-15T14:49:29+00:00
345-loop,movie1,https://345.lishuhang.com/movie30.m3u8,http_error,502,https://345.lishuhang.com/movie30.m3u8,text/plain; charset=utf-8,6758.6,72,none,0,0,False,[],[],,2026-08-15T14:49:29+00:00
345-loop,movie521,https://345.lishuhang.com/movie521.m3u8,http_error,502,https://345.lishuhang.com/movie521.m3u8,text/plain; charset=utf-8,3113.8,102,none,0,0,False,[],[],,2026-08-15T14:49:29+00:00
345-loop,movie117,https://345.lishuhang.com/movie117.m3u8,http_error,502,https://345.lishuhang.com/movie117.m3u8,text/plain; charset=utf-8,6707.2,72,none,0,0,False,[],[],,2026-08-15T14:49:30+00:00
345-loop,movie321,https://345.lishuhang.com/movie321.m3u8,http_error,502,https://345.lishuhang.com/movie321.m3u8,text/plain; charset=utf-8,6195.6,72,none,0,0,False,[],[],,2026-08-15T14:49:31+00:00
345-loop,movie233,https://345.lishuhang.com/movie233.m3u8,http_error,502,https://345.lishuhang.com/movie233.m3u8,text/plain; charset=utf-8,6517.9,72,none,0,0,False,[],[],,2026-08-15T14:49:31+00:00
345-loop,movie168,https://345.lishuhang.com/movie168.m3u8,http_error,502,https://345.lishuhang.com/movie168.m3u8,text/plain; charset=utf-8,6618.5,72,none,0,0,False,[],[],,2026-08-15T14:49:31+00:00
345-loop,movie190,https://345.lishuhang.com/movie190.m3u8,http_error,502,https://345.lishuhang.com/movie190.m3u8,text/plain; charset=utf-8,6432.0,72,none,0,0,False,[],[],,2026-08-15T14:49:32+00:00
345-loop,movie483,https://345.lishuhang.com/movie483.m3u8,http_error,502,https://345.lishuhang.com/movie483.m3u8,text/plain; charset=utf-8,4607.4,72,none,0,0,False,[],[],,2026-08-15T14:49:32+00:00
345-loop,movie396,https://345.lishuhang.com/movie396.m3u8,http_error,502,https://345.lishuhang.com/movie396.m3u8,text/plain; charset=utf-8,4791.7,72,none,0,0,False,[],[],,2026-08-15T14:49:33+00:00
345-loop,movie318,https://345.lishuhang.com/movie318.m3u8,http_error,502,https://345.lishuhang.com/movie318.m3u8,text/plain; charset=utf-8,6332.1,72,none,0,0,False,[],[],,2026-08-15T14:49:35+00:00
345-loop,movie94,https://345.lishuhang.com/movie94.m3u8,http_error,502,https://345.lishuhang.com/movie94.m3u8,text/plain; charset=utf-8,6275.4,72,none,0,0,False,[],[],,2026-08-15T14:49:35+00:00
345-loop,movie56,https://345.lishuhang.com/movie56.m3u8,http_error,502,https://345.lishuhang.com/movie56.m3u8,text/plain; charset=utf-8,6391.8,72,none,0,0,False,[],[],,2026-08-15T14:49:35+00:00
345-loop,movie26,https://345.lishuhang.com/movie26.m3u8,http_error,502,https://345.lishuhang.com/movie26.m3u8,text/plain; charset=utf-8,6850.3,72,none,0,0,False,[],[],,2026-08-15T14:49:35+00:00
345-loop,movie257,https://345.lishuhang.com/movie257.m3u8,http_error,502,https://345.lishuhang.com/movie257.m3u8,text/plain; charset=utf-8,6271.3,72,none,0,0,False,[],[],,2026-08-15T14:49:36+00:00
345-loop,movie76,https://345.lishuhang.com/movie76.m3u8,http_error,502,https://345.lishuhang.com/movie76.m3u8,text/plain; charset=utf-8,6989.0,72,none,0,0,False,[],[],,2026-08-15T14:49:36+00:00
345-loop,movie540,https://345.lishuhang.com/movie540.m3u8,http_error,502,https://345.lishuhang.com/movie540.m3u8,text/plain; charset=utf-8,3444.0,102,none,0,0,False,[],[],,2026-08-15T14:49:36+00:00
345-loop,movie298,https://345.lishuhang.com/movie298.m3u8,http_error,502,https://345.lishuhang.com/movie298.m3u8,text/plain; charset=utf-8,6779.0,72,none,0,0,False,[],[],,2026-08-15T14:49:36+00:00
345-loop,movie266,https://345.lishuhang.com/movie266.m3u8,http_error,502,https://345.lishuhang.com/movie266.m3u8,text/plain; charset=utf-8,6875.5,72,none,0,0,False,[],[],,2026-08-15T14:49:36+00:00
345-loop,movie49,https://345.lishuhang.com/movie49.m3u8,http_error,502,https://345.lishuhang.com/movie49.m3u8,text/plain; charset=utf-8,5975.2,72,none,0,0,False,[],[],,2026-08-15T14:49:37+00:00
345-loop,movie335,https://345.lishuhang.com/movie335.m3u8,http_error,502,https://345.lishuhang.com/movie335.m3u8,text/plain; charset=utf-8,4813.9,72,none,0,0,False,[],[],,2026-08-15T14:49:37+00:00
345-loop,movie482,https://345.lishuhang.com/movie482.m3u8,http_error,502,https://345.lishuhang.com/movie482.m3u8,text/plain; charset=utf-8,4693.7,72,none,0,0,False,[],[],,2026-08-15T14:49:37+00:00
345-loop,fjitv109,https://345.lishuhang.com/fjitv109.m3u8,http_error,502,https://345.lishuhang.com/fjitv109.m3u8,text/plain; charset=utf-8,3364.3,72,none,0,0,False,[],[],,2026-08-15T14:49:37+00:00
345-loop,fjitv109,https://345.lishuhang.com/fjitv182.m3u8,http_error,502,https://345.lishuhang.com/fjitv182.m3u8,text/plain; charset=utf-8,3170.1,72,none,0,0,False,[],[],,2026-08-15T14:49:38+00:00
345-loop,fjitv109,https://345.lishuhang.com/hlitv93.m3u8,request_exception,,,,,0,none,0,0,False,[],[],"HTTPSConnectionPool(host='345.lishuhang.com', port=443): Read timed out. (read timeout=8.0)",2026-08-15T14:49:38+00:00
345-loop,movie498,https://345.lishuhang.com/movie498.m3u8,http_error,502,https://345.lishuhang.com/movie498.m3u8,text/plain; charset=utf-8,3344.4,102,none,0,0,False,[],[],,2026-08-15T14:49:39+00:00
345-loop,movie128,https://345.lishuhang.com/movie128.m3u8,http_error,502,https://345.lishuhang.com/movie128.m3u8,text/plain; charset=utf-8,6605.4,72,none,0,0,False,[],[],,2026-08-15T14:49:40+00:00
345-loop,movie319,https://345.lishuhang.com/movie319.m3u8,http_error,502,https://345.lishuhang.com/movie319.m3u8,text/plain; charset=utf-8,6217.8,72,none,0,0,False,[],[],,2026-08-15T14:49:41+00:00
345-loop,movie230,https://345.lishuhang.com/movie230.m3u8,http_error,502,https://345.lishuhang.com/movie230.m3u8,text/plain; charset=utf-8,6322.3,72,none,0,0,False,[],[],,2026-08-15T14:49:41+00:00
345-loop,movie505,https://345.lishuhang.com/movie505.m3u8,http_error,502,https://345.lishuhang.com/movie505.m3u8,text/plain; charset=utf-8,3469.7,102,none,0,0,False,[],[],,2026-08-15T14:49:41+00:00
345-loop,movie177,https://345.lishuhang.com/movie177.m3u8,http_error,502,https://345.lishuhang.com/movie177.m3u8,text/plain; charset=utf-8,6049.0,72,none,0,0,False,[],[],,2026-08-15T14:49:41+00:00
345-loop,migu94,https://345.lishuhang.com/migu94.m3u8,http_error,502,https://345.lishuhang.com/migu94.m3u8,text/plain; charset=utf-8,3614.5,102,none,0,0,False,[],[],,2026-08-15T14:49:42+00:00
345-loop,migu94,https://345.lishuhang.com/ty22.m3u8,http_error,502,https://345.lishuhang.com/ty22.m3u8,text/plain; charset=utf-8,3913.5,72,none,0,0,False,[],[],,2026-08-15T14:49:42+00:00
345-loop,movie415,https://345.lishuhang.com/movie415.m3u8,http_error,502,https://345.lishuhang.com/movie415.m3u8,text/plain; charset=utf-8,4641.3,72,none,0,0,False,[],[],,2026-08-15T14:49:42+00:00
345-loop,movie37,https://345.lishuhang.com/movie37.m3u8,http_error,502,https://345.lishuhang.com/movie37.m3u8,text/plain; charset=utf-8,6314.4,72,none,0,0,False,[],[],,2026-08-15T14:49:42+00:00
345-loop,movie182,https://345.lishuhang.com/movie182.m3u8,http_error,502,https://345.lishuhang.com/movie182.m3u8,text/plain; charset=utf-8,7835.2,72,none,0,0,False,[],[],,2026-08-15T14:49:42+00:00
345-loop,movie44,https://345.lishuhang.com/movie44.m3u8,http_error,502,https://345.lishuhang.com/movie44.m3u8,text/plain; charset=utf-8,7922.3,72,none,0,0,False,[],[],,2026-08-15T14:49:42+00:00
345-loop,movie185,https://345.lishuhang.com/movie185.m3u8,http_error,502,https://345.lishuhang.com/movie185.m3u8,text/plain; charset=utf-8,6558.7,72,none,0,0,False,[],[],,2026-08-15T14:49:43+00:00
345-loop,movie132,https://345.lishuhang.com/movie132.m3u8,http_error,502,https://345.lishuhang.com/movie132.m3u8,text/plain; charset=utf-8,7000.6,72,none,0,0,False,[],[],,2026-08-15T14:49:43+00:00
345-loop,movie351,https://345.lishuhang.com/movie351.m3u8,http_error,502,https://345.lishuhang.com/movie351.m3u8,text/plain; charset=utf-8,4567.2,72,none,0,0,False,[],[],,2026-08-15T14:49:43+00:00
345-loop,movie12,https://345.lishuhang.com/movie12.m3u8,http_error,502,https://345.lishuhang.com/movie12.m3u8,text/plain; charset=utf-8,5982.7,72,none,0,0,False,[],[],,2026-08-15T14:49:43+00:00
345-loop,movie297,https://345.lishuhang.com/movie297.m3u8,http_error,502,https://345.lishuhang.com/movie297.m3u8,text/plain; charset=utf-8,5968.1,72,none,0,0,False,[],[],,2026-08-15T14:49:45+00:00
345-loop,movie331,https://345.lishuhang.com/movie331.m3u8,http_error,502,https://345.lishuhang.com/movie331.m3u8,text/plain; charset=utf-8,4576.1,72,none,0,0,False,[],[],,2026-08-15T14:49:45+00:00
345-loop,movie21,https://345.lishuhang.com/movie21.m3u8,http_error,502,https://345.lishuhang.com/movie21.m3u8,text/plain; charset=utf-8,6321.6,72,none,0,0,False,[],[],,2026-08-15T14:49:46+00:00
345-loop,movie502,https://345.lishuhang.com/movie502.m3u8,http_error,502,https://345.lishuhang.com/movie502.m3u8,text/plain; charset=utf-8,3373.3,102,none,0,0,False,[],[],,2026-08-15T14:49:46+00:00
345-loop,movie326,https://345.lishuhang.com/movie326.m3u8,http_error,502,https://345.lishuhang.com/movie326.m3u8,text/plain; charset=utf-8,6732.0,72,none,0,0,False,[],[],,2026-08-15T14:49:47+00:00
