section,name,url,classification,status,final_url,content_type,playlist_latency_ms,playlist_bytes,manifest_level,segment_attempted,segment_ok,encrypted_hint,segment_statuses,segment_latency_ms,error,checked_at
央视 (345源),fjitv1,https://345.lishuhang.com/fjitv1.m3u8,http_error,502,https://345.lishuhang.com/fjitv1.m3u8,text/plain; charset=utf-8,5187.3,72,none,0,0,False,[],[],,2026-08-15T06:57:44+00:00
央视 (345源),fjitv1,https://345.lishuhang.com/fjitv57.m3u8,http_error,502,https://345.lishuhang.com/fjitv57.m3u8,text/plain; charset=utf-8,3388.0,72,none,0,0,False,[],[],,2026-08-15T06:57:44+00:00
央视 (345源),fjitv1,https://345.lishuhang.com/fjitv131.m3u8,http_error,502,https://345.lishuhang.com/fjitv131.m3u8,text/plain; charset=utf-8,3382.7,72,none,0,0,False,[],[],,2026-08-15T06:57:44+00:00
央视 (345源),fjitv1,https://345.lishuhang.com/fjitv147.m3u8,http_error,502,https://345.lishuhang.com/fjitv147.m3u8,text/plain; charset=utf-8,3460.5,72,none,0,0,False,[],[],,2026-08-15T06:57:44+00:00
央视 (345源),fjitv1,https://345.lishuhang.com/fjitv205.m3u8,http_error,502,https://345.lishuhang.com/fjitv205.m3u8,text/plain; charset=utf-8,4320.0,72,none,0,0,False,[],[],,2026-08-15T06:57:44+00:00
央视 (345源),fjitv1,https://345.lishuhang.com/fjitv241.m3u8,http_error,502,https://345.lishuhang.com/fjitv241.m3u8,text/plain; charset=utf-8,3848.4,72,none,0,0,False,[],[],,2026-08-15T06:57:44+00:00
央视 (345源),fjitv1,https://345.lishuhang.com/fjitv257.m3u8,http_error,502,https://345.lishuhang.com/fjitv257.m3u8,text/plain; charset=utf-8,3399.1,72,none,0,0,False,[],[],,2026-08-15T06:57:47+00:00
央视 (345源),fjitv1,https://345.lishuhang.com/fjitv274.m3u8,http_error,502,https://345.lishuhang.com/fjitv274.m3u8,text/plain; charset=utf-8,3355.5,72,none,0,0,False,[],[],,2026-08-15T06:57:47+00:00
央视 (345源),fjitv1,https://345.lishuhang.com/fjitv281.m3u8,http_error,502,https://345.lishuhang.com/fjitv281.m3u8,text/plain; charset=utf-8,3542.8,72,none,0,0,False,[],[],,2026-08-15T06:57:47+00:00
央视 (345源),fjitv1,https://345.lishuhang.com/fjitv300.m3u8,http_error,502,https://345.lishuhang.com/fjitv300.m3u8,text/plain; charset=utf-8,3274.9,72,none,0,0,False,[],[],,2026-08-15T06:57:48+00:00
央视 (345源),fjitv1,https://345.lishuhang.com/hlitv1.m3u8,request_exception,,,,,0,none,0,0,False,[],[],"HTTPSConnectionPool(host='345.lishuhang.com', port=443): Read timed out. (read timeout=12.0)",2026-08-15T06:57:48+00:00
央视 (345源),fjitv1,https://345.lishuhang.com/hlitv19.m3u8,request_exception,,,,,0,none,0,0,False,[],[],"HTTPSConnectionPool(host='345.lishuhang.com', port=443): Read timed out. (read timeout=12.0)",2026-08-15T06:57:49+00:00
央视 (345源),fjitv1,https://345.lishuhang.com/hlitv120.m3u8,request_exception,,,,,0,none,0,0,False,[],[],"HTTPSConnectionPool(host='345.lishuhang.com', port=443): Read timed out. (read timeout=12.0)",2026-08-15T06:57:51+00:00
央视 (345源),fjitv1,https://345.lishuhang.com/hlitv124.m3u8,request_exception,,,,,0,none,0,0,False,[],[],"HTTPSConnectionPool(host='345.lishuhang.com', port=443): Read timed out. (read timeout=12.0)",2026-08-15T06:57:51+00:00
央视 (345源),fjitv1,https://345.lishuhang.com/ipv61.m3u8,http_error,502,https://345.lishuhang.com/ipv61.m3u8,text/plain; charset=utf-8,2427.9,87,none,0,0,False,[],[],,2026-08-15T06:57:51+00:00
央视 (345源),fjitv1,https://345.lishuhang.com/itv7.m3u8,not_hls,200,https://345.lishuhang.com/itv7.m3u8,application/vnd.apple.mpegurl,4508.3,3,none,0,0,False,[],[],,2026-08-15T06:57:51+00:00
央视 (345源),fjitv1,https://345.lishuhang.com/migu1.m3u8,http_error,502,https://345.lishuhang.com/migu1.m3u8,text/plain; charset=utf-8,3390.8,102,none,0,0,False,[],[],,2026-08-15T06:57:53+00:00
央视 (345源),fjitv1,https://345.lishuhang.com/ys1.m3u8,partial_segment_failure,200,https://345.lishuhang.com/ys1.m3u8,application/vnd.apple.mpegurl,5304.8,479,media,2,1,False,"[200, 502]","[4500.2, 6367.4]",,2026-08-15T06:57:56+00:00
央视 (345源),fjitv10,https://345.lishuhang.com/fjitv10.m3u8,http_error,502,https://345.lishuhang.com/fjitv10.m3u8,text/plain; charset=utf-8,3908.5,72,none,0,0,False,[],[],,2026-08-15T06:57:57+00:00
央视 (345源),fjitv10,https://345.lishuhang.com/fjitv62.m3u8,http_error,502,https://345.lishuhang.com/fjitv62.m3u8,text/plain; charset=utf-8,3366.8,72,none,0,0,False,[],[],,2026-08-15T06:58:01+00:00
央视 (345源),fjitv10,https://345.lishuhang.com/fjitv133.m3u8,http_error,502,https://345.lishuhang.com/fjitv133.m3u8,text/plain; charset=utf-8,3348.9,72,none,0,0,False,[],[],,2026-08-15T06:58:02+00:00
央视 (345源),fjitv10,https://345.lishuhang.com/fjitv214.m3u8,http_error,502,https://345.lishuhang.com/fjitv214.m3u8,text/plain; charset=utf-8,3119.5,72,none,0,0,False,[],[],,2026-08-15T06:58:03+00:00
央视 (345源),fjitv10,https://345.lishuhang.com/fjitv240.m3u8,http_error,502,https://345.lishuhang.com/fjitv240.m3u8,text/plain; charset=utf-8,3316.0,72,none,0,0,False,[],[],,2026-08-15T06:58:04+00:00
央视 (345源),fjitv10,https://345.lishuhang.com/fjitv273.m3u8,http_error,502,https://345.lishuhang.com/fjitv273.m3u8,text/plain; charset=utf-8,3046.6,72,none,0,0,False,[],[],,2026-08-15T06:58:04+00:00
央视 (345源),fjitv10,https://345.lishuhang.com/hlitv10.m3u8,request_exception,,,,,0,none,0,0,False,[],[],"HTTPSConnectionPool(host='345.lishuhang.com', port=443): Read timed out. (read timeout=12.0)",2026-08-15T06:58:04+00:00
央视 (345源),fjitv10,https://345.lishuhang.com/hlitv144.m3u8,request_exception,,,,,0,none,0,0,False,[],[],"HTTPSConnectionPool(host='345.lishuhang.com', port=443): Read timed out. (read timeout=12.0)",2026-08-15T06:58:05+00:00
央视 (345源),fjitv10,https://345.lishuhang.com/ipv611.m3u8,http_error,502,https://345.lishuhang.com/ipv611.m3u8,text/plain; charset=utf-8,2529.1,87,none,0,0,False,[],[],,2026-08-15T06:58:06+00:00
央视 (345源),fjitv10,https://345.lishuhang.com/itv17.m3u8,not_hls,200,https://345.lishuhang.com/itv17.m3u8,application/vnd.apple.mpegurl,5001.1,3,none,0,0,False,[],[],,2026-08-15T06:58:07+00:00
央视 (345源),fjitv10,https://345.lishuhang.com/migu13.m3u8,http_error,502,https://345.lishuhang.com/migu13.m3u8,text/plain; charset=utf-8,3490.2,102,none,0,0,False,[],[],,2026-08-15T06:58:07+00:00
央视 (345源),fjitv10,https://345.lishuhang.com/ys11.m3u8,transport_ok,200,https://345.lishuhang.com/ys11.m3u8,application/vnd.apple.mpegurl,4901.2,354,media,2,2,False,"[200, 200]","[4026.0, 6619.4]",,2026-08-15T06:58:09+00:00
央视 (345源),fjitv63,https://345.lishuhang.com/fjitv63.m3u8,http_error,502,https://345.lishuhang.com/fjitv63.m3u8,text/plain; charset=utf-8,3256.1,72,none,0,0,False,[],[],,2026-08-15T06:58:11+00:00
央视 (345源),fjitv63,https://345.lishuhang.com/fjitv134.m3u8,http_error,502,https://345.lishuhang.com/fjitv134.m3u8,text/plain; charset=utf-8,3312.9,72,none,0,0,False,[],[],,2026-08-15T06:58:12+00:00
央视 (345源),fjitv63,https://345.lishuhang.com/fjitv242.m3u8,http_error,502,https://345.lishuhang.com/fjitv242.m3u8,text/plain; charset=utf-8,3255.6,72,none,0,0,False,[],[],,2026-08-15T06:58:12+00:00
央视 (345源),fjitv63,https://345.lishuhang.com/hlitv11.m3u8,request_exception,,,,,0,none,0,0,False,[],[],"HTTPSConnectionPool(host='345.lishuhang.com', port=443): Read timed out. (read timeout=12.0)",2026-08-15T06:58:14+00:00
央视 (345源),fjitv63,https://345.lishuhang.com/hlitv136.m3u8,request_exception,,,,,0,none,0,0,False,[],[],"HTTPSConnectionPool(host='345.lishuhang.com', port=443): Read timed out. (read timeout=12.0)",2026-08-15T06:58:15+00:00
央视 (345源),fjitv63,https://345.lishuhang.com/hlitv138.m3u8,request_exception,,,,,0,none,0,0,False,[],[],"HTTPSConnectionPool(host='345.lishuhang.com', port=443): Read timed out. (read timeout=12.0)",2026-08-15T06:58:16+00:00
央视 (345源),fjitv63,https://345.lishuhang.com/ipv612.m3u8,http_error,502,https://345.lishuhang.com/ipv612.m3u8,text/plain; charset=utf-8,2364.6,87,none,0,0,False,[],[],,2026-08-15T06:58:18+00:00
央视 (345源),fjitv63,https://345.lishuhang.com/itv18.m3u8,not_hls,200,https://345.lishuhang.com/itv18.m3u8,application/vnd.apple.mpegurl,4155.5,3,none,0,0,False,[],[],,2026-08-15T06:58:19+00:00
央视 (345源),fjitv63,https://345.lishuhang.com/migu14.m3u8,http_error,502,https://345.lishuhang.com/migu14.m3u8,text/plain; charset=utf-8,3477.7,102,none,0,0,False,[],[],,2026-08-15T06:58:21+00:00
央视 (345源),fjitv63,https://345.lishuhang.com/ys12.m3u8,request_exception,,,,,0,none,0,0,False,[],[],"HTTPSConnectionPool(host='345.lishuhang.com', port=443): Read timed out. (read timeout=12.0)",2026-08-15T06:58:23+00:00
央视 (345源),fjitv11,https://345.lishuhang.com/fjitv11.m3u8,http_error,502,https://345.lishuhang.com/fjitv11.m3u8,text/plain; charset=utf-8,3081.1,72,none,0,0,False,[],[],,2026-08-15T06:58:24+00:00
央视 (345源),fjitv11,https://345.lishuhang.com/fjitv64.m3u8,http_error,502,https://345.lishuhang.com/fjitv64.m3u8,text/plain; charset=utf-8,3300.8,72,none,0,0,False,[],[],,2026-08-15T06:58:24+00:00
央视 (345源),fjitv11,https://345.lishuhang.com/fjitv135.m3u8,http_error,502,https://345.lishuhang.com/fjitv135.m3u8,text/plain; charset=utf-8,3310.5,72,none,0,0,False,[],[],,2026-08-15T06:58:27+00:00
央视 (345源),fjitv11,https://345.lishuhang.com/fjitv215.m3u8,http_error,502,https://345.lishuhang.com/fjitv215.m3u8,text/plain; charset=utf-8,3305.6,72,none,0,0,False,[],[],,2026-08-15T06:58:27+00:00
央视 (345源),fjitv11,https://345.lishuhang.com/fjitv247.m3u8,http_error,502,https://345.lishuhang.com/fjitv247.m3u8,text/plain; charset=utf-8,3335.6,72,none,0,0,False,[],[],,2026-08-15T06:58:28+00:00
央视 (345源),fjitv11,https://345.lishuhang.com/fjitv259.m3u8,http_error,502,https://345.lishuhang.com/fjitv259.m3u8,text/plain; charset=utf-8,3248.4,72,none,0,0,False,[],[],,2026-08-15T06:58:29+00:00
央视 (345源),fjitv11,https://345.lishuhang.com/hlitv12.m3u8,request_exception,,,,,0,none,0,0,False,[],[],"HTTPSConnectionPool(host='345.lishuhang.com', port=443): Read timed out. (read timeout=12.0)",2026-08-15T06:58:29+00:00
央视 (345源),fjitv11,https://345.lishuhang.com/hlitv145.m3u8,request_exception,,,,,0,none,0,0,False,[],[],"HTTPSConnectionPool(host='345.lishuhang.com', port=443): Read timed out. (read timeout=12.0)",2026-08-15T06:58:30+00:00
央视 (345源),fjitv11,https://345.lishuhang.com/ipv613.m3u8,http_error,502,https://345.lishuhang.com/ipv613.m3u8,text/plain; charset=utf-8,2600.5,87,none,0,0,False,[],[],,2026-08-15T06:58:31+00:00
央视 (345源),fjitv11,https://345.lishuhang.com/itv19.m3u8,not_hls,200,https://345.lishuhang.com/itv19.m3u8,application/vnd.apple.mpegurl,4500.4,3,none,0,0,False,[],[],,2026-08-15T06:58:31+00:00
央视 (345源),fjitv11,https://345.lishuhang.com/migu15.m3u8,http_error,502,https://345.lishuhang.com/migu15.m3u8,text/plain; charset=utf-8,3356.4,102,none,0,0,False,[],[],,2026-08-15T06:58:32+00:00
央视 (345源),fjitv11,https://345.lishuhang.com/ys13.m3u8,transport_ok,200,https://345.lishuhang.com/ys13.m3u8,application/vnd.apple.mpegurl,11507.3,209,media,1,1,False,[200],[5311.9],,2026-08-15T06:58:33+00:00
央视 (345源),fjitv65,https://345.lishuhang.com/fjitv65.m3u8,http_error,502,https://345.lishuhang.com/fjitv65.m3u8,text/plain; charset=utf-8,3327.3,72,none,0,0,False,[],[],,2026-08-15T06:58:35+00:00
央视 (345源),fjitv65,https://345.lishuhang.com/fjitv136.m3u8,http_error,502,https://345.lishuhang.com/fjitv136.m3u8,text/plain; charset=utf-8,3227.2,72,none,0,0,False,[],[],,2026-08-15T06:58:36+00:00
央视 (345源),fjitv65,https://345.lishuhang.com/fjitv244.m3u8,http_error,502,https://345.lishuhang.com/fjitv244.m3u8,text/plain; charset=utf-8,3232.9,72,none,0,0,False,[],[],,2026-08-15T06:58:37+00:00
央视 (345源),fjitv65,https://345.lishuhang.com/hlitv13.m3u8,request_exception,,,,,0,none,0,0,False,[],[],"HTTPSConnectionPool(host='345.lishuhang.com', port=443): Read timed out. (read timeout=12.0)",2026-08-15T06:58:39+00:00
央视 (345源),fjitv65,https://345.lishuhang.com/ipv614.m3u8,http_error,502,https://345.lishuhang.com/ipv614.m3u8,text/plain; charset=utf-8,2259.5,87,none,0,0,False,[],[],,2026-08-15T06:58:39+00:00
央视 (345源),fjitv65,https://345.lishuhang.com/itv20.m3u8,not_hls,200,https://345.lishuhang.com/itv20.m3u8,application/vnd.apple.mpegurl,4612.1,3,none,0,0,False,[],[],,2026-08-15T06:58:40+00:00
央视 (345源),fjitv65,https://345.lishuhang.com/migu16.m3u8,http_error,502,https://345.lishuhang.com/migu16.m3u8,text/plain; charset=utf-8,3333.2,102,none,0,0,False,[],[],,2026-08-15T06:58:41+00:00
央视 (345源),fjitv65,https://345.lishuhang.com/ys14.m3u8,transport_ok,200,https://345.lishuhang.com/ys14.m3u8,application/vnd.apple.mpegurl,5248.4,485,media,2,2,False,"[200, 200]","[4077.8, 9817.4]",,2026-08-15T06:58:43+00:00
央视 (345源),fjitv12,https://345.lishuhang.com/fjitv12.m3u8,http_error,502,https://345.lishuhang.com/fjitv12.m3u8,text/plain; charset=utf-8,3130.5,72,none,0,0,False,[],[],,2026-08-15T06:58:44+00:00
央视 (345源),fjitv12,https://345.lishuhang.com/fjitv66.m3u8,http_error,502,https://345.lishuhang.com/fjitv66.m3u8,text/plain; charset=utf-8,2940.9,72,none,0,0,False,[],[],,2026-08-15T06:58:44+00:00
央视 (345源),fjitv12,https://345.lishuhang.com/fjitv138.m3u8,http_error,502,https://345.lishuhang.com/fjitv138.m3u8,text/plain; charset=utf-8,3120.6,72,none,0,0,False,[],[],,2026-08-15T06:58:45+00:00
央视 (345源),fjitv12,https://345.lishuhang.com/fjitv216.m3u8,http_error,502,https://345.lishuhang.com/fjitv216.m3u8,text/plain; charset=utf-8,3198.8,72,none,0,0,False,[],[],,2026-08-15T06:58:47+00:00
央视 (345源),fjitv12,https://345.lishuhang.com/fjitv243.m3u8,http_error,502,https://345.lishuhang.com/fjitv243.m3u8,text/plain; charset=utf-8,3065.9,72,none,0,0,False,[],[],,2026-08-15T06:58:47+00:00
央视 (345源),fjitv12,https://345.lishuhang.com/hlitv14.m3u8,request_exception,,,,,0,none,0,0,False,[],[],"HTTPSConnectionPool(host='345.lishuhang.com', port=443): Read timed out. (read timeout=12.0)",2026-08-15T06:58:48+00:00
央视 (345源),fjitv12,https://345.lishuhang.com/hlitv146.m3u8,request_exception,,,,,0,none,0,0,False,[],[],"HTTPSConnectionPool(host='345.lishuhang.com', port=443): Read timed out. (read timeout=12.0)",2026-08-15T06:58:50+00:00
央视 (345源),fjitv12,https://345.lishuhang.com/ipv615.m3u8,http_error,502,https://345.lishuhang.com/ipv615.m3u8,text/plain; charset=utf-8,2441.5,87,none,0,0,False,[],[],,2026-08-15T06:58:50+00:00
央视 (345源),fjitv12,https://345.lishuhang.com/itv21.m3u8,not_hls,200,https://345.lishuhang.com/itv21.m3u8,application/vnd.apple.mpegurl,4846.5,3,none,0,0,False,[],[],,2026-08-15T06:58:50+00:00
央视 (345源),fjitv12,https://345.lishuhang.com/migu17.m3u8,http_error,502,https://345.lishuhang.com/migu17.m3u8,text/plain; charset=utf-8,3268.2,102,none,0,0,False,[],[],,2026-08-15T06:58:53+00:00
央视 (345源),fjitv12,https://345.lishuhang.com/ys15.m3u8,request_exception,,,,,0,none,0,0,False,[],[],"HTTPSConnectionPool(host='345.lishuhang.com', port=443): Read timed out. (read timeout=12.0)",2026-08-15T06:58:53+00:00
央视 (345源),fjitv67,https://345.lishuhang.com/fjitv67.m3u8,http_error,502,https://345.lishuhang.com/fjitv67.m3u8,text/plain; charset=utf-8,3073.0,72,none,0,0,False,[],[],,2026-08-15T06:58:55+00:00
央视 (345源),fjitv67,https://345.lishuhang.com/fjitv137.m3u8,http_error,502,https://345.lishuhang.com/fjitv137.m3u8,text/plain; charset=utf-8,3053.8,72,none,0,0,False,[],[],,2026-08-15T06:58:56+00:00
央视 (345源),fjitv67,https://345.lishuhang.com/fjitv248.m3u8,http_error,502,https://345.lishuhang.com/fjitv248.m3u8,text/plain; charset=utf-8,3137.1,72,none,0,0,False,[],[],,2026-08-15T06:58:58+00:00
央视 (345源),fjitv67,https://345.lishuhang.com/hlitv15.m3u8,request_exception,,,,,0,none,0,0,False,[],[],"HTTPSConnectionPool(host='345.lishuhang.com', port=443): Read timed out. (read timeout=12.0)",2026-08-15T06:58:59+00:00
央视 (345源),fjitv67,https://345.lishuhang.com/hlitv135.m3u8,request_exception,,,,,0,none,0,0,False,[],[],"HTTPSConnectionPool(host='345.lishuhang.com', port=443): Read timed out. (read timeout=12.0)",2026-08-15T06:59:01+00:00
央视 (345源),fjitv67,https://345.lishuhang.com/hlitv137.m3u8,request_exception,,,,,0,none,0,0,False,[],[],"HTTPSConnectionPool(host='345.lishuhang.com', port=443): Read timed out. (read timeout=12.0)",2026-08-15T06:59:02+00:00
央视 (345源),fjitv67,https://345.lishuhang.com/hlitv140.m3u8,request_exception,,,,,0,none,0,0,False,[],[],"HTTPSConnectionPool(host='345.lishuhang.com', port=443): Read timed out. (read timeout=12.0)",2026-08-15T06:59:02+00:00
央视 (345源),fjitv67,https://345.lishuhang.com/ipv616.m3u8,http_error,502,https://345.lishuhang.com/ipv616.m3u8,text/plain; charset=utf-8,2297.8,87,none,0,0,False,[],[],,2026-08-15T06:59:04+00:00
央视 (345源),fjitv67,https://345.lishuhang.com/itv22.m3u8,not_hls,200,https://345.lishuhang.com/itv22.m3u8,application/vnd.apple.mpegurl,8417.9,3,none,0,0,False,[],[],,2026-08-15T06:59:06+00:00
央视 (345源),fjitv67,https://345.lishuhang.com/migu18.m3u8,http_error,502,https://345.lishuhang.com/migu18.m3u8,text/plain; charset=utf-8,5402.1,102,none,0,0,False,[],[],,2026-08-15T06:59:06+00:00
央视 (345源),fjitv67,https://345.lishuhang.com/ys16.m3u8,partial_segment_failure,200,https://345.lishuhang.com/ys16.m3u8,application/vnd.apple.mpegurl,4156.2,352,media,2,1,False,"[200, ""exception""]",[4284.4],"HTTPSConnectionPool(host='345.lishuhang.com', port=443): Read timed out. (read timeout=12.0)",2026-08-15T06:59:12+00:00
央视 (345源),itv23,https://345.lishuhang.com/itv23.m3u8,not_hls,200,https://345.lishuhang.com/itv23.m3u8,application/vnd.apple.mpegurl,4594.7,3,none,0,0,False,[],[],,2026-08-15T06:59:12+00:00
央视 (345源),itv23,https://345.lishuhang.com/ty7.m3u8,http_error,502,https://345.lishuhang.com/ty7.m3u8,text/plain; charset=utf-8,6792.5,75,none,0,0,False,[],[],,2026-08-15T06:59:15+00:00
央视 (345源),itv23,https://345.lishuhang.com/ys17.m3u8,http_error,502,https://345.lishuhang.com/ys17.m3u8,text/plain; charset=utf-8,6269.4,75,none,0,0,False,[],[],,2026-08-15T06:59:15+00:00
央视 (345源),ipv617,https://345.lishuhang.com/ipv617.m3u8,http_error,502,https://345.lishuhang.com/ipv617.m3u8,text/plain; charset=utf-8,2248.3,87,none,0,0,False,[],[],,2026-08-15T06:59:15+00:00
央视 (345源),ipv617,https://345.lishuhang.com/itv24.m3u8,not_hls,200,https://345.lishuhang.com/itv24.m3u8,application/vnd.apple.mpegurl,4363.6,3,none,0,0,False,[],[],,2026-08-15T06:59:16+00:00
央视 (345源),ipv617,https://345.lishuhang.com/migu20.m3u8,http_error,502,https://345.lishuhang.com/migu20.m3u8,text/plain; charset=utf-8,3249.7,102,none,0,0,False,[],[],,2026-08-15T06:59:17+00:00
央视 (345源),ipv617,https://345.lishuhang.com/ys18.m3u8,transport_ok,200,https://345.lishuhang.com/ys18.m3u8,application/vnd.apple.mpegurl,8403.9,210,media,1,1,False,[200],[4531.3],,2026-08-15T06:59:17+00:00
央视 (345源),fjitv2,https://345.lishuhang.com/fjitv2.m3u8,http_error,502,https://345.lishuhang.com/fjitv2.m3u8,text/plain; charset=utf-8,2997.3,72,none,0,0,False,[],[],,2026-08-15T06:59:20+00:00
央视 (345源),fjitv2,https://345.lishuhang.com/fjitv58.m3u8,http_error,502,https://345.lishuhang.com/fjitv58.m3u8,text/plain; charset=utf-8,3120.7,72,none,0,0,False,[],[],,2026-08-15T06:59:20+00:00
央视 (345源),fjitv2,https://345.lishuhang.com/fjitv124.m3u8,http_error,502,https://345.lishuhang.com/fjitv124.m3u8,text/plain; charset=utf-8,3093.5,72,none,0,0,False,[],[],,2026-08-15T06:59:21+00:00
央视 (345源),fjitv2,https://345.lishuhang.com/fjitv206.m3u8,http_error,502,https://345.lishuhang.com/fjitv206.m3u8,text/plain; charset=utf-8,3183.4,72,none,0,0,False,[],[],,2026-08-15T06:59:21+00:00
央视 (345源),fjitv2,https://345.lishuhang.com/fjitv249.m3u8,http_error,502,https://345.lishuhang.com/fjitv249.m3u8,text/plain; charset=utf-8,3065.2,72,none,0,0,False,[],[],,2026-08-15T06:59:23+00:00
央视 (345源),fjitv2,https://345.lishuhang.com/hlitv2.m3u8,request_exception,,,,,0,none,0,0,False,[],[],"HTTPSConnectionPool(host='345.lishuhang.com', port=443): Read timed out. (read timeout=12.0)",2026-08-15T06:59:23+00:00
央视 (345源),fjitv2,https://345.lishuhang.com/ipv62.m3u8,http_error,502,https://345.lishuhang.com/ipv62.m3u8,text/plain; charset=utf-8,2284.5,87,none,0,0,False,[],[],,2026-08-15T06:59:24+00:00
央视 (345源),fjitv2,https://345.lishuhang.com/itv8.m3u8,not_hls,200,https://345.lishuhang.com/itv8.m3u8,application/vnd.apple.mpegurl,4619.8,3,none,0,0,False,[],[],,2026-08-15T06:59:24+00:00
央视 (345源),fjitv2,https://345.lishuhang.com/migu2.m3u8,http_error,502,https://345.lishuhang.com/migu2.m3u8,text/plain; charset=utf-8,3412.4,102,none,0,0,False,[],[],,2026-08-15T06:59:26+00:00
央视 (345源),fjitv2,https://345.lishuhang.com/ys2.m3u8,transport_ok,200,https://345.lishuhang.com/ys2.m3u8,application/vnd.apple.mpegurl,12975.2,209,media,1,1,False,[200],[4446.6],,2026-08-15T06:59:27+00:00
央视 (345源),fjitv3,https://345.lishuhang.com/fjitv3.m3u8,http_error,502,https://345.lishuhang.com/fjitv3.m3u8,text/plain; charset=utf-8,3054.8,72,none,0,0,False,[],[],,2026-08-15T06:59:29+00:00
央视 (345源),fjitv3,https://345.lishuhang.com/fjitv28.m3u8,http_error,502,https://345.lishuhang.com/fjitv28.m3u8,text/plain; charset=utf-8,3089.6,72,none,0,0,False,[],[],,2026-08-15T06:59:29+00:00
央视 (345源),fjitv3,https://345.lishuhang.com/fjitv191.m3u8,http_error,502,https://345.lishuhang.com/fjitv191.m3u8,text/plain; charset=utf-8,3438.0,72,none,0,0,False,[],[],,2026-08-15T06:59:30+00:00
央视 (345源),fjitv3,https://345.lishuhang.com/hlitv3.m3u8,request_exception,,,,,0,none,0,0,False,[],[],"HTTPSConnectionPool(host='345.lishuhang.com', port=443): Read timed out. (read timeout=12.0)",2026-08-15T06:59:32+00:00
央视 (345源),fjitv3,https://345.lishuhang.com/hlitv20.m3u8,request_exception,,,,,0,none,0,0,False,[],[],"HTTPSConnectionPool(host='345.lishuhang.com', port=443): Read timed out. (read timeout=12.0)",2026-08-15T06:59:33+00:00
央视 (345源),fjitv3,https://345.lishuhang.com/ipv63.m3u8,http_error,502,https://345.lishuhang.com/ipv63.m3u8,text/plain; charset=utf-8,2315.3,87,none,0,0,False,[],[],,2026-08-15T06:59:34+00:00
央视 (345源),fjitv3,https://345.lishuhang.com/itv9.m3u8,http_error,502,https://345.lishuhang.com/itv9.m3u8,text/plain; charset=utf-8,4293.0,102,none,0,0,False,[],[],,2026-08-15T06:59:34+00:00
央视 (345源),fjitv3,https://345.lishuhang.com/migu3.m3u8,http_error,502,https://345.lishuhang.com/migu3.m3u8,text/plain; charset=utf-8,3337.5,102,none,0,0,False,[],[],,2026-08-15T06:59:36+00:00
央视 (345源),fjitv3,https://345.lishuhang.com/ys3.m3u8,transport_ok,200,https://345.lishuhang.com/ys3.m3u8,application/vnd.apple.mpegurl,11244.3,209,media,1,1,False,[200],[3210.8],,2026-08-15T06:59:37+00:00
央视 (345源),fjitv59,https://345.lishuhang.com/fjitv59.m3u8,http_error,502,https://345.lishuhang.com/fjitv59.m3u8,text/plain; charset=utf-8,3745.3,72,none,0,0,False,[],[],,2026-08-15T06:59:38+00:00
央视 (345源),fjitv59,https://345.lishuhang.com/fjitv126.m3u8,http_error,502,https://345.lishuhang.com/fjitv126.m3u8,text/plain; charset=utf-8,3112.2,72,none,0,0,False,[],[],,2026-08-15T06:59:39+00:00
央视 (345源),fjitv59,https://345.lishuhang.com/fjitv246.m3u8,http_error,502,https://345.lishuhang.com/fjitv246.m3u8,text/plain; charset=utf-8,3079.4,72,none,0,0,False,[],[],,2026-08-15T06:59:42+00:00
央视 (345源),fjitv59,https://345.lishuhang.com/hlitv4.m3u8,request_exception,,,,,0,none,0,0,False,[],[],"HTTPSConnectionPool(host='345.lishuhang.com', port=443): Read timed out. (read timeout=12.0)",2026-08-15T06:59:42+00:00
央视 (345源),fjitv59,https://345.lishuhang.com/hlitv139.m3u8,request_exception,,,,,0,none,0,0,False,[],[],"HTTPSConnectionPool(host='345.lishuhang.com', port=443): Read timed out. (read timeout=12.0)",2026-08-15T06:59:44+00:00
央视 (345源),fjitv59,https://345.lishuhang.com/ipv64.m3u8,http_error,502,https://345.lishuhang.com/ipv64.m3u8,text/plain; charset=utf-8,2424.3,87,none,0,0,False,[],[],,2026-08-15T06:59:45+00:00
央视 (345源),fjitv59,https://345.lishuhang.com/itv10.m3u8,not_hls,200,https://345.lishuhang.com/itv10.m3u8,application/vnd.apple.mpegurl,4654.1,3,none,0,0,False,[],[],,2026-08-15T06:59:46+00:00
央视 (345源),fjitv59,https://345.lishuhang.com/itv27.m3u8,http_error,502,https://345.lishuhang.com/itv27.m3u8,text/plain; charset=utf-8,5791.8,102,none,0,0,False,[],[],,2026-08-15T06:59:46+00:00
央视 (345源),fjitv59,https://345.lishuhang.com/itv28.m3u8,http_error,502,https://345.lishuhang.com/itv28.m3u8,text/plain; charset=utf-8,3639.2,102,none,0,0,False,[],[],,2026-08-15T06:59:47+00:00
央视 (345源),fjitv59,https://345.lishuhang.com/migu4.m3u8,http_error,502,https://345.lishuhang.com/migu4.m3u8,text/plain; charset=utf-8,3671.2,102,none,0,0,False,[],[],,2026-08-15T06:59:51+00:00
央视 (345源),fjitv59,https://345.lishuhang.com/migu5.m3u8,http_error,502,https://345.lishuhang.com/migu5.m3u8,text/plain; charset=utf-8,3251.3,102,none,0,0,False,[],[],,2026-08-15T06:59:51+00:00
央视 (345源),fjitv59,https://345.lishuhang.com/migu6.m3u8,http_error,502,https://345.lishuhang.com/migu6.m3u8,text/plain; charset=utf-8,3307.1,102,none,0,0,False,[],[],,2026-08-15T06:59:51+00:00
央视 (345源),fjitv59,https://345.lishuhang.com/ys4.m3u8,transport_ok,200,https://345.lishuhang.com/ys4.m3u8,application/vnd.apple.mpegurl,8411.6,209,media,1,1,False,[200],[3472.2],,2026-08-15T06:59:52+00:00
央视 (345源),fjitv59,https://345.lishuhang.com/ys21.m3u8,http_error,502,https://345.lishuhang.com/ys21.m3u8,text/plain; charset=utf-8,3743.1,102,none,0,0,False,[],[],,2026-08-15T06:59:54+00:00
央视 (345源),fjitv59,https://345.lishuhang.com/ys22.m3u8,http_error,502,https://345.lishuhang.com/ys22.m3u8,text/plain; charset=utf-8,3886.6,102,none,0,0,False,[],[],,2026-08-15T06:59:54+00:00
央视 (345源),itv25,https://345.lishuhang.com/itv25.m3u8,not_hls,200,https://345.lishuhang.com/itv25.m3u8,application/vnd.apple.mpegurl,5052.2,3,none,0,0,False,[],[],,2026-08-15T06:59:55+00:00
央视 (345源),itv25,https://345.lishuhang.com/ys19.m3u8,not_hls,200,https://345.lishuhang.com/ys19.m3u8,application/vnd.apple.mpegurl,7919.9,3,none,0,0,False,[],[],,2026-08-15T06:59:56+00:00
央视 (345源),fjitv4,https://345.lishuhang.com/fjitv4.m3u8,http_error,502,https://345.lishuhang.com/fjitv4.m3u8,text/plain; charset=utf-8,3192.2,72,none,0,0,False,[],[],,2026-08-15T06:59:58+00:00
央视 (345源),fjitv4,https://345.lishuhang.com/fjitv29.m3u8,http_error,502,https://345.lishuhang.com/fjitv29.m3u8,text/plain; charset=utf-8,3145.8,72,none,0,0,False,[],[],,2026-08-15T06:59:58+00:00
央视 (345源),fjitv4,https://345.lishuhang.com/fjitv250.m3u8,http_error,502,https://345.lishuhang.com/fjitv250.m3u8,text/plain; charset=utf-8,3266.8,72,none,0,0,False,[],[],,2026-08-15T06:59:58+00:00
央视 (345源),fjitv4,https://345.lishuhang.com/fjitv282.m3u8,http_error,502,https://345.lishuhang.com/fjitv282.m3u8,text/plain; charset=utf-8,3268.9,72,none,0,0,False,[],[],,2026-08-15T07:00:00+00:00
央视 (345源),fjitv4,https://345.lishuhang.com/fjitv283.m3u8,http_error,502,https://345.lishuhang.com/fjitv283.m3u8,text/plain; charset=utf-8,3297.4,72,none,0,0,False,[],[],,2026-08-15T07:00:01+00:00
央视 (345源),fjitv4,https://345.lishuhang.com/hlitv5.m3u8,request_exception,,,,,0,none,0,0,False,[],[],"HTTPSConnectionPool(host='345.lishuhang.com', port=443): Read timed out. (read timeout=12.0)",2026-08-15T07:00:01+00:00
央视 (345源),fjitv4,https://345.lishuhang.com/hlitv104.m3u8,request_exception,,,,,0,none,0,0,False,[],[],"HTTPSConnectionPool(host='345.lishuhang.com', port=443): Read timed out. (read timeout=12.0)",2026-08-15T07:00:01+00:00
央视 (345源),fjitv4,https://345.lishuhang.com/hlitv125.m3u8,request_exception,,,,,0,none,0,0,False,[],[],"HTTPSConnectionPool(host='345.lishuhang.com', port=443): Read timed out. (read timeout=12.0)",2026-08-15T07:00:03+00:00
央视 (345源),fjitv4,https://345.lishuhang.com/itv11.m3u8,not_hls,200,https://345.lishuhang.com/itv11.m3u8,application/vnd.apple.mpegurl,4317.0,3,none,0,0,False,[],[],,2026-08-15T07:00:04+00:00
央视 (345源),fjitv4,https://345.lishuhang.com/migu7.m3u8,http_error,502,https://345.lishuhang.com/migu7.m3u8,text/plain; charset=utf-8,3447.6,102,none,0,0,False,[],[],,2026-08-15T07:00:04+00:00
央视 (345源),fjitv4,https://345.lishuhang.com/ty1.m3u8,transport_ok,200,https://345.lishuhang.com/ty1.m3u8,application/vnd.apple.mpegurl,5439.3,481,media,2,2,False,"[200, 200]","[3372.8, 9886.6]",,2026-08-15T07:00:04+00:00
央视 (345源),fjitv4,https://345.lishuhang.com/ys5.m3u8,partial_segment_failure,200,https://345.lishuhang.com/ys5.m3u8,application/vnd.apple.mpegurl,4624.2,481,media,2,1,False,"[200, 502]","[4117.0, 7351.6]",,2026-08-15T07:00:07+00:00
央视 (345源),fjitv5,https://345.lishuhang.com/fjitv5.m3u8,http_error,502,https://345.lishuhang.com/fjitv5.m3u8,text/plain; charset=utf-8,3134.0,72,none,0,0,False,[],[],,2026-08-15T07:00:08+00:00
央视 (345源),fjitv5,https://345.lishuhang.com/fjitv30.m3u8,http_error,502,https://345.lishuhang.com/fjitv30.m3u8,text/plain; charset=utf-8,3091.8,72,none,0,0,False,[],[],,2026-08-15T07:00:11+00:00
央视 (345源),fjitv5,https://345.lishuhang.com/fjitv140.m3u8,http_error,502,https://345.lishuhang.com/fjitv140.m3u8,text/plain; charset=utf-8,3097.1,72,none,0,0,False,[],[],,2026-08-15T07:00:14+00:00
央视 (345源),fjitv5,https://345.lishuhang.com/fjitv222.m3u8,http_error,502,https://345.lishuhang.com/fjitv222.m3u8,text/plain; charset=utf-8,3168.9,72,none,0,0,False,[],[],,2026-08-15T07:00:15+00:00
央视 (345源),fjitv5,https://345.lishuhang.com/hlitv17.m3u8,request_exception,,,,,0,none,0,0,False,[],[],"HTTPSConnectionPool(host='345.lishuhang.com', port=443): Read timed out. (read timeout=12.0)",2026-08-15T07:00:15+00:00
央视 (345源),fjitv5,https://345.lishuhang.com/hlitv103.m3u8,request_exception,,,,,0,none,0,0,False,[],[],"HTTPSConnectionPool(host='345.lishuhang.com', port=443): Read timed out. (read timeout=12.0)",2026-08-15T07:00:17+00:00
央视 (345源),fjitv5,https://345.lishuhang.com/ipv66.m3u8,http_error,502,https://345.lishuhang.com/ipv66.m3u8,text/plain; charset=utf-8,2292.0,87,none,0,0,False,[],[],,2026-08-15T07:00:17+00:00
央视 (345源),fjitv5,https://345.lishuhang.com/itv12.m3u8,not_hls,200,https://345.lishuhang.com/itv12.m3u8,application/vnd.apple.mpegurl,4502.0,3,none,0,0,False,[],[],,2026-08-15T07:00:18+00:00
央视 (345源),fjitv5,https://345.lishuhang.com/migu8.m3u8,http_error,502,https://345.lishuhang.com/migu8.m3u8,text/plain; charset=utf-8,3245.4,102,none,0,0,False,[],[],,2026-08-15T07:00:20+00:00
央视 (345源),fjitv5,https://345.lishuhang.com/ty2.m3u8,transport_ok,200,https://345.lishuhang.com/ty2.m3u8,application/vnd.apple.mpegurl,4763.1,481,media,2,2,False,"[200, 200]","[3685.3, 8598.1]",,2026-08-15T07:00:23+00:00
央视 (345源),fjitv5,https://345.lishuhang.com/ys6.m3u8,partial_segment_failure,200,https://345.lishuhang.com/ys6.m3u8,application/vnd.apple.mpegurl,4477.8,472,media,2,1,False,"[200, 502]","[3072.2, 6288.1]",,2026-08-15T07:00:23+00:00
央视 (345源),fjitv6,https://345.lishuhang.com/fjitv6.m3u8,http_error,502,https://345.lishuhang.com/fjitv6.m3u8,text/plain; charset=utf-8,3428.5,72,none,0,0,False,[],[],,2026-08-15T07:00:23+00:00
央视 (345源),fjitv6,https://345.lishuhang.com/fjitv31.m3u8,http_error,502,https://345.lishuhang.com/fjitv31.m3u8,text/plain; charset=utf-8,3185.1,72,none,0,0,False,[],[],,2026-08-15T07:00:23+00:00
央视 (345源),fjitv6,https://345.lishuhang.com/hlitv6.m3u8,request_exception,,,,,0,none,0,0,False,[],[],"HTTPSConnectionPool(host='345.lishuhang.com', port=443): Read timed out. (read timeout=12.0)",2026-08-15T07:00:26+00:00
央视 (345源),fjitv6,https://345.lishuhang.com/hlitv21.m3u8,request_exception,,,,,0,none,0,0,False,[],[],"HTTPSConnectionPool(host='345.lishuhang.com', port=443): Read timed out. (read timeout=12.0)",2026-08-15T07:00:27+00:00
央视 (345源),fjitv6,https://345.lishuhang.com/ipv67.m3u8,http_error,502,https://345.lishuhang.com/ipv67.m3u8,text/plain; charset=utf-8,2565.6,87,none,0,0,False,[],[],,2026-08-15T07:00:29+00:00
央视 (345源),fjitv6,https://345.lishuhang.com/itv13.m3u8,http_error,502,https://345.lishuhang.com/itv13.m3u8,text/plain; charset=utf-8,8085.5,72,none,0,0,False,[],[],,2026-08-15T07:00:30+00:00
央视 (345源),fjitv6,https://345.lishuhang.com/migu9.m3u8,http_error,502,https://345.lishuhang.com/migu9.m3u8,text/plain; charset=utf-8,3352.8,102,none,0,0,False,[],[],,2026-08-15T07:00:31+00:00
央视 (345源),fjitv6,https://345.lishuhang.com/ys7.m3u8,transport_ok,200,https://345.lishuhang.com/ys7.m3u8,application/vnd.apple.mpegurl,4168.5,479,media,2,2,False,"[200, 200]","[3193.7, 4313.2]",,2026-08-15T07:00:35+00:00
央视 (345源),fjitv7,https://345.lishuhang.com/fjitv7.m3u8,http_error,502,https://345.lishuhang.com/fjitv7.m3u8,text/plain; charset=utf-8,3322.1,72,none,0,0,False,[],[],,2026-08-15T07:00:37+00:00
央视 (345源),fjitv7,https://345.lishuhang.com/fjitv60.m3u8,http_error,502,https://345.lishuhang.com/fjitv60.m3u8,text/plain; charset=utf-8,3117.8,72,none,0,0,False,[],[],,2026-08-15T07:00:38+00:00
央视 (345源),fjitv7,https://345.lishuhang.com/fjitv129.m3u8,http_error,502,https://345.lishuhang.com/fjitv129.m3u8,text/plain; charset=utf-8,3146.0,72,none,0,0,False,[],[],,2026-08-15T07:00:40+00:00
央视 (345源),fjitv7,https://345.lishuhang.com/fjitv210.m3u8,http_error,502,https://345.lishuhang.com/fjitv210.m3u8,text/plain; charset=utf-8,3018.4,72,none,0,0,False,[],[],,2026-08-15T07:00:40+00:00
央视 (345源),fjitv7,https://345.lishuhang.com/fjitv251.m3u8,http_error,502,https://345.lishuhang.com/fjitv251.m3u8,text/plain; charset=utf-8,3401.9,72,none,0,0,False,[],[],,2026-08-15T07:00:40+00:00
央视 (345源),fjitv7,https://345.lishuhang.com/hlitv7.m3u8,request_exception,,,,,0,none,0,0,False,[],[],"HTTPSConnectionPool(host='345.lishuhang.com', port=443): Read timed out. (read timeout=12.0)",2026-08-15T07:00:40+00:00
央视 (345源),fjitv7,https://345.lishuhang.com/hlitv147.m3u8,request_exception,,,,,0,none,0,0,False,[],[],"HTTPSConnectionPool(host='345.lishuhang.com', port=443): Read timed out. (read timeout=12.0)",2026-08-15T07:00:42+00:00
央视 (345源),fjitv7,https://345.lishuhang.com/ipv68.m3u8,http_error,502,https://345.lishuhang.com/ipv68.m3u8,text/plain; charset=utf-8,2440.1,87,none,0,0,False,[],[],,2026-08-15T07:00:43+00:00
央视 (345源),fjitv7,https://345.lishuhang.com/itv14.m3u8,not_hls,200,https://345.lishuhang.com/itv14.m3u8,application/vnd.apple.mpegurl,11699.8,3,none,0,0,False,[],[],,2026-08-15T07:00:43+00:00
央视 (345源),fjitv7,https://345.lishuhang.com/migu10.m3u8,http_error,502,https://345.lishuhang.com/migu10.m3u8,text/plain; charset=utf-8,3351.2,102,none,0,0,False,[],[],,2026-08-15T07:00:44+00:00
央视 (345源),fjitv7,https://345.lishuhang.com/ys8.m3u8,partial_segment_failure,200,https://345.lishuhang.com/ys8.m3u8,application/vnd.apple.mpegurl,4884.1,287,media,2,1,False,"[200, ""exception""]",[4391.8],"HTTPSConnectionPool(host='345.lishuhang.com', port=443): Read timed out. (read timeout=12.0)",2026-08-15T07:00:45+00:00
央视 (345源),fjitv8,https://345.lishuhang.com/fjitv8.m3u8,http_error,502,https://345.lishuhang.com/fjitv8.m3u8,text/plain; charset=utf-8,3003.3,72,none,0,0,False,[],[],,2026-08-15T07:00:46+00:00
央视 (345源),fjitv8,https://345.lishuhang.com/fjitv32.m3u8,http_error,502,https://345.lishuhang.com/fjitv32.m3u8,text/plain; charset=utf-8,3202.5,72,none,0,0,False,[],[],,2026-08-15T07:00:47+00:00
央视 (345源),fjitv8,https://345.lishuhang.com/hlitv8.m3u8,request_exception,,,,,0,none,0,0,False,[],[],"HTTPSConnectionPool(host='345.lishuhang.com', port=443): Read timed out. (read timeout=12.0)",2026-08-15T07:00:49+00:00
央视 (345源),fjitv8,https://345.lishuhang.com/hlitv22.m3u8,request_exception,,,,,0,none,0,0,False,[],[],"HTTPSConnectionPool(host='345.lishuhang.com', port=443): Read timed out. (read timeout=12.0)",2026-08-15T07:00:50+00:00
央视 (345源),fjitv8,https://345.lishuhang.com/ipv69.m3u8,http_error,502,https://345.lishuhang.com/ipv69.m3u8,text/plain; charset=utf-8,2234.7,87,none,0,0,False,[],[],,2026-08-15T07:00:54+00:00
央视 (345源),fjitv8,https://345.lishuhang.com/itv15.m3u8,http_error,502,https://345.lishuhang.com/itv15.m3u8,text/plain; charset=utf-8,4355.1,102,none,0,0,False,[],[],,2026-08-15T07:00:55+00:00
央视 (345源),fjitv8,https://345.lishuhang.com/migu11.m3u8,http_error,502,https://345.lishuhang.com/migu11.m3u8,text/plain; charset=utf-8,3376.6,102,none,0,0,False,[],[],,2026-08-15T07:00:55+00:00
央视 (345源),fjitv8,https://345.lishuhang.com/ys9.m3u8,transport_ok,200,https://345.lishuhang.com/ys9.m3u8,application/vnd.apple.mpegurl,4836.1,287,media,2,2,False,"[200, 200]","[3311.8, 6480.7]",,2026-08-15T07:00:56+00:00
央视 (345源),itv26,https://345.lishuhang.com/itv26.m3u8,segment_failure,200,https://345.lishuhang.com/itv26.m3u8,application/vnd.apple.mpegurl,10068.5,824,media,2,0,False,"[404, 400]","[417.7, 439.2]",,2026-08-15T07:00:59+00:00
央视 (345源),itv26,https://345.lishuhang.com/ys20.m3u8,segment_failure,200,https://345.lishuhang.com/ys20.m3u8,application/vnd.apple.mpegurl,6760.9,821,media,2,0,False,"[404, 400]","[450.6, 410.6]",,2026-08-15T07:00:59+00:00
央视 (345源),fjitv9,https://345.lishuhang.com/fjitv9.m3u8,http_error,502,https://345.lishuhang.com/fjitv9.m3u8,text/plain; charset=utf-8,3065.6,72,none,0,0,False,[],[],,2026-08-15T07:01:03+00:00
央视 (345源),fjitv9,https://345.lishuhang.com/fjitv61.m3u8,http_error,502,https://345.lishuhang.com/fjitv61.m3u8,text/plain; charset=utf-8,3053.5,72,none,0,0,False,[],[],,2026-08-15T07:01:04+00:00
央视 (345源),fjitv9,https://345.lishuhang.com/fjitv139.m3u8,http_error,502,https://345.lishuhang.com/fjitv139.m3u8,text/plain; charset=utf-8,2924.0,72,none,0,0,False,[],[],,2026-08-15T07:01:06+00:00
央视 (345源),fjitv9,https://345.lishuhang.com/fjitv212.m3u8,http_error,502,https://345.lishuhang.com/fjitv212.m3u8,text/plain; charset=utf-8,3070.5,72,none,0,0,False,[],[],,2026-08-15T07:01:07+00:00
央视 (345源),fjitv9,https://345.lishuhang.com/fjitv254.m3u8,http_error,502,https://345.lishuhang.com/fjitv254.m3u8,text/plain; charset=utf-8,3093.8,72,none,0,0,False,[],[],,2026-08-15T07:01:07+00:00
央视 (345源),fjitv9,https://345.lishuhang.com/hlitv9.m3u8,request_exception,,,,,0,none,0,0,False,[],[],"HTTPSConnectionPool(host='345.lishuhang.com', port=443): Read timed out. (read timeout=12.0)",2026-08-15T07:01:08+00:00
央视 (345源),fjitv9,https://345.lishuhang.com/hlitv149.m3u8,request_exception,,,,,0,none,0,0,False,[],[],"HTTPSConnectionPool(host='345.lishuhang.com', port=443): Read timed out. (read timeout=12.0)",2026-08-15T07:01:09+00:00
央视 (345源),fjitv9,https://345.lishuhang.com/ipv610.m3u8,http_error,502,https://345.lishuhang.com/ipv610.m3u8,text/plain; charset=utf-8,2729.7,87,none,0,0,False,[],[],,2026-08-15T07:01:09+00:00
央视 (345源),fjitv9,https://345.lishuhang.com/itv16.m3u8,not_hls,200,https://345.lishuhang.com/itv16.m3u8,application/vnd.apple.mpegurl,4717.5,3,none,0,0,False,[],[],,2026-08-15T07:01:10+00:00
央视 (345源),fjitv9,https://345.lishuhang.com/migu12.m3u8,http_error,502,https://345.lishuhang.com/migu12.m3u8,text/plain; charset=utf-8,3361.4,102,none,0,0,False,[],[],,2026-08-15T07:01:10+00:00
央视 (345源),fjitv9,https://345.lishuhang.com/ys10.m3u8,transport_ok,200,https://345.lishuhang.com/ys10.m3u8,application/vnd.apple.mpegurl,4153.4,290,media,2,2,False,"[200, 200]","[3114.3, 8206.1]",,2026-08-15T07:01:11+00:00
央视 (345源),ys39,https://345.lishuhang.com/ys39.m3u8,not_hls,200,https://345.lishuhang.com/ys39.m3u8,application/vnd.apple.mpegurl,4143.2,3,none,0,0,False,[],[],,2026-08-15T07:01:12+00:00
央视 (345源),migu24,https://345.lishuhang.com/migu24.m3u8,http_error,502,https://345.lishuhang.com/migu24.m3u8,text/plain; charset=utf-8,3534.7,102,none,0,0,False,[],[],,2026-08-15T07:01:13+00:00
央视 (345源),hlitv123,https://345.lishuhang.com/hlitv123.m3u8,request_exception,,,,,0,none,0,0,False,[],[],"HTTPSConnectionPool(host='345.lishuhang.com', port=443): Read timed out. (read timeout=12.0)",2026-08-15T07:01:14+00:00
央视 (345源),ys33,https://345.lishuhang.com/ys33.m3u8,not_hls,200,https://345.lishuhang.com/ys33.m3u8,application/vnd.apple.mpegurl,6447.6,3,none,0,0,False,[],[],,2026-08-15T07:01:16+00:00
央视 (345源),migu23,https://345.lishuhang.com/migu23.m3u8,http_error,502,https://345.lishuhang.com/migu23.m3u8,text/plain; charset=utf-8,3622.5,102,none,0,0,False,[],[],,2026-08-15T07:01:17+00:00
央视 (345源),ys41,https://345.lishuhang.com/ys41.m3u8,not_hls,200,https://345.lishuhang.com/ys41.m3u8,application/vnd.apple.mpegurl,4576.0,3,none,0,0,False,[],[],,2026-08-15T07:01:20+00:00
央视 (345源),ys43,https://345.lishuhang.com/ys43.m3u8,not_hls,200,https://345.lishuhang.com/ys43.m3u8,application/vnd.apple.mpegurl,7108.1,3,none,0,0,False,[],[],,2026-08-15T07:01:21+00:00
央视 (345源),ys34,https://345.lishuhang.com/ys34.m3u8,not_hls,200,https://345.lishuhang.com/ys34.m3u8,application/vnd.apple.mpegurl,7042.0,3,none,0,0,False,[],[],,2026-08-15T07:01:23+00:00
央视 (345源),ys40,https://345.lishuhang.com/ys40.m3u8,not_hls,200,https://345.lishuhang.com/ys40.m3u8,application/vnd.apple.mpegurl,7270.5,3,none,0,0,False,[],[],,2026-08-15T07:01:23+00:00
央视 (345源),ys35,https://345.lishuhang.com/ys35.m3u8,not_hls,200,https://345.lishuhang.com/ys35.m3u8,application/vnd.apple.mpegurl,10229.9,3,none,0,0,False,[],[],,2026-08-15T07:01:25+00:00
央视 (345源),ys36,https://345.lishuhang.com/ys36.m3u8,not_hls,200,https://345.lishuhang.com/ys36.m3u8,application/vnd.apple.mpegurl,7683.5,3,none,0,0,False,[],[],,2026-08-15T07:01:26+00:00
央视 (345源),ty21,https://345.lishuhang.com/ty21.m3u8,not_hls,200,https://345.lishuhang.com/ty21.m3u8,application/vnd.apple.mpegurl,4282.6,3,none,0,0,False,[],[],,2026-08-15T07:01:28+00:00
央视 (345源),ty21,https://345.lishuhang.com/ys38.m3u8,not_hls,200,https://345.lishuhang.com/ys38.m3u8,application/vnd.apple.mpegurl,4575.5,3,none,0,0,False,[],[],,2026-08-15T07:01:29+00:00
央视 (345源),ys37,https://345.lishuhang.com/ys37.m3u8,not_hls,200,https://345.lishuhang.com/ys37.m3u8,application/vnd.apple.mpegurl,7462.5,3,none,0,0,False,[],[],,2026-08-15T07:01:30+00:00
央视 (345源),ys42,https://345.lishuhang.com/ys42.m3u8,not_hls,200,https://345.lishuhang.com/ys42.m3u8,application/vnd.apple.mpegurl,7290.4,3,none,0,0,False,[],[],,2026-08-15T07:01:30+00:00
央视 (345源),ipv621,https://345.lishuhang.com/ipv621.m3u8,http_error,502,https://345.lishuhang.com/ipv621.m3u8,text/plain; charset=utf-8,2347.3,87,none,0,0,False,[],[],,2026-08-15T07:01:32+00:00
央视 (345源),ipv621,https://345.lishuhang.com/ipv6101.m3u8,http_error,502,https://345.lishuhang.com/ipv6101.m3u8,text/plain; charset=utf-8,2565.7,87,none,0,0,False,[],[],,2026-08-15T07:01:33+00:00
央视 (345源),ipv621,https://345.lishuhang.com/itv35.m3u8,http_error,502,https://345.lishuhang.com/itv35.m3u8,text/plain; charset=utf-8,8904.1,72,none,0,0,False,[],[],,2026-08-15T07:01:34+00:00
央视 (345源),ipv621,https://345.lishuhang.com/ys29.m3u8,http_error,502,https://345.lishuhang.com/ys29.m3u8,text/plain; charset=utf-8,4600.5,102,none,0,0,False,[],[],,2026-08-15T07:01:35+00:00
央视 (345源),ys30,https://345.lishuhang.com/ys30.m3u8,http_error,502,https://345.lishuhang.com/ys30.m3u8,text/plain; charset=utf-8,3096.7,102,none,0,0,False,[],[],,2026-08-15T07:01:35+00:00
央视 (345源),ipv6102,https://345.lishuhang.com/ipv6102.m3u8,http_error,502,https://345.lishuhang.com/ipv6102.m3u8,text/plain; charset=utf-8,2267.8,87,none,0,0,False,[],[],,2026-08-15T07:01:36+00:00
央视 (345源),ipv6102,https://345.lishuhang.com/ys31.m3u8,http_error,502,https://345.lishuhang.com/ys31.m3u8,text/plain; charset=utf-8,3504.4,102,none,0,0,False,[],[],,2026-08-15T07:01:37+00:00
央视 (345源),ipv6103,https://345.lishuhang.com/ipv6103.m3u8,http_error,502,https://345.lishuhang.com/ipv6103.m3u8,text/plain; charset=utf-8,2325.7,87,none,0,0,False,[],[],,2026-08-15T07:01:38+00:00
央视 (345源),ipv6103,https://345.lishuhang.com/ys32.m3u8,http_error,502,https://345.lishuhang.com/ys32.m3u8,text/plain; charset=utf-8,3294.5,102,none,0,0,False,[],[],,2026-08-15T07:01:38+00:00
央视 (345源),fjitv176,https://345.lishuhang.com/fjitv176.m3u8,http_error,502,https://345.lishuhang.com/fjitv176.m3u8,text/plain; charset=utf-8,3398.9,72,none,0,0,False,[],[],,2026-08-15T07:01:38+00:00
央视 (345源),fjitv176,https://345.lishuhang.com/hlitv66.m3u8,request_exception,,,,,0,none,0,0,False,[],[],"HTTPSConnectionPool(host='345.lishuhang.com', port=443): Read timed out. (read timeout=12.0)",2026-08-15T07:01:39+00:00
央视 (345源),fjitv176,https://345.lishuhang.com/fjitv102.m3u8,http_error,502,https://345.lishuhang.com/fjitv102.m3u8,text/plain; charset=utf-8,3426.3,72,none,0,0,False,[],[],,2026-08-15T07:01:40+00:00
央视 (345源),migu33,https://345.lishuhang.com/migu33.m3u8,http_error,502,https://345.lishuhang.com/migu33.m3u8,text/plain; charset=utf-8,3218.2,102,none,0,0,False,[],[],,2026-08-15T07:01:41+00:00
央视 (345源),migu34,https://345.lishuhang.com/migu34.m3u8,http_error,502,https://345.lishuhang.com/migu34.m3u8,text/plain; charset=utf-8,3513.6,102,none,0,0,False,[],[],,2026-08-15T07:01:41+00:00
央视 (345源),migu35,https://345.lishuhang.com/migu35.m3u8,http_error,502,https://345.lishuhang.com/migu35.m3u8,text/plain; charset=utf-8,3385.1,102,none,0,0,False,[],[],,2026-08-15T07:01:42+00:00
央视 (345源),fjitv69,https://345.lishuhang.com/fjitv69.m3u8,http_error,502,https://345.lishuhang.com/fjitv69.m3u8,text/plain; charset=utf-8,2984.6,72,none,0,0,False,[],[],,2026-08-15T07:01:43+00:00
央视 (345源),fjitv69,https://345.lishuhang.com/fjitv141.m3u8,http_error,502,https://345.lishuhang.com/fjitv141.m3u8,text/plain; charset=utf-8,3002.8,72,none,0,0,False,[],[],,2026-08-15T07:01:44+00:00
央视 (345源),fjitv69,https://345.lishuhang.com/hlitv18.m3u8,request_exception,,,,,0,none,0,0,False,[],[],"HTTPSConnectionPool(host='345.lishuhang.com', port=443): Read timed out. (read timeout=12.0)",2026-08-15T07:01:44+00:00
央视 (345源),fjitv69,https://345.lishuhang.com/ipv618.m3u8,http_error,502,https://345.lishuhang.com/ipv618.m3u8,text/plain; charset=utf-8,2527.4,87,none,0,0,False,[],[],,2026-08-15T07:01:45+00:00
央视 (345源),fjitv69,https://345.lishuhang.com/itv29.m3u8,variant_http_error,200,https://345.lishuhang.com/itv29.m3u8,application/vnd.apple.mpegurl,5572.0,468,master,0,0,False,[],[],variant status 400,2026-08-15T07:01:45+00:00
央视 (345源),fjitv69,https://345.lishuhang.com/migu25.m3u8,http_error,502,https://345.lishuhang.com/migu25.m3u8,text/plain; charset=utf-8,3248.2,102,none,0,0,False,[],[],,2026-08-15T07:01:46+00:00
央视 (345源),fjitv69,https://345.lishuhang.com/ys23.m3u8,variant_http_error,200,https://345.lishuhang.com/ys23.m3u8,application/vnd.apple.mpegurl,5665.4,465,master,0,0,False,[],[],variant status 400,2026-08-15T07:01:47+00:00
央视 (345源),itv34,https://345.lishuhang.com/itv34.m3u8,http_error,502,https://345.lishuhang.com/itv34.m3u8,text/plain; charset=utf-8,4884.9,72,none,0,0,False,[],[],,2026-08-15T07:01:47+00:00
央视 (345源),itv34,https://345.lishuhang.com/migu30.m3u8,http_error,502,https://345.lishuhang.com/migu30.m3u8,text/plain; charset=utf-8,3554.5,102,none,0,0,False,[],[],,2026-08-15T07:01:49+00:00
央视 (345源),itv34,https://345.lishuhang.com/ys28.m3u8,http_error,502,https://345.lishuhang.com/ys28.m3u8,text/plain; charset=utf-8,5357.7,72,none,0,0,False,[],[],,2026-08-15T07:01:51+00:00
央视 (345源),itv32,https://345.lishuhang.com/itv32.m3u8,http_error,502,https://345.lishuhang.com/itv32.m3u8,text/plain; charset=utf-8,5288.3,72,none,0,0,False,[],[],,2026-08-15T07:01:52+00:00
央视 (345源),itv32,https://345.lishuhang.com/migu28.m3u8,http_error,502,https://345.lishuhang.com/migu28.m3u8,text/plain; charset=utf-8,3274.5,102,none,0,0,False,[],[],,2026-08-15T07:01:53+00:00
央视 (345源),itv32,https://345.lishuhang.com/ys26.m3u8,http_error,502,https://345.lishuhang.com/ys26.m3u8,text/plain; charset=utf-8,5738.0,72,none,0,0,False,[],[],,2026-08-15T07:01:53+00:00
央视 (345源),hlitv16,https://345.lishuhang.com/hlitv16.m3u8,request_exception,,,,,0,none,0,0,False,[],[],"HTTPSConnectionPool(host='345.lishuhang.com', port=443): Read timed out. (read timeout=12.0)",2026-08-15T07:01:53+00:00
央视 (345源),hlitv16,https://345.lishuhang.com/itv30.m3u8,http_error,502,https://345.lishuhang.com/itv30.m3u8,text/plain; charset=utf-8,3859.6,72,none,0,0,False,[],[],,2026-08-15T07:01:56+00:00
央视 (345源),hlitv16,https://345.lishuhang.com/migu26.m3u8,http_error,502,https://345.lishuhang.com/migu26.m3u8,text/plain; charset=utf-8,3607.5,102,none,0,0,False,[],[],,2026-08-15T07:01:56+00:00
央视 (345源),hlitv16,https://345.lishuhang.com/ys24.m3u8,http_error,502,https://345.lishuhang.com/ys24.m3u8,text/plain; charset=utf-8,3326.1,72,none,0,0,False,[],[],,2026-08-15T07:01:58+00:00
央视 (345源),hlitv16,https://345.lishuhang.com/fjitv132.m3u8,http_error,502,https://345.lishuhang.com/fjitv132.m3u8,text/plain; charset=utf-8,3308.3,72,none,0,0,False,[],[],,2026-08-15T07:01:58+00:00
央视 (345源),hlitv16,https://345.lishuhang.com/fjitv245.m3u8,http_error,502,https://345.lishuhang.com/fjitv245.m3u8,text/plain; charset=utf-8,2973.9,72,none,0,0,False,[],[],,2026-08-15T07:01:58+00:00
央视 (345源),hlitv16,https://345.lishuhang.com/ipv619.m3u8,http_error,502,https://345.lishuhang.com/ipv619.m3u8,text/plain; charset=utf-8,2207.9,87,none,0,0,False,[],[],,2026-08-15T07:02:00+00:00
央视 (345源),hlitv16,https://345.lishuhang.com/fjitv68.m3u8,http_error,502,https://345.lishuhang.com/fjitv68.m3u8,text/plain; charset=utf-8,3120.9,72,none,0,0,False,[],[],,2026-08-15T07:02:00+00:00
央视 (345源),itv33,https://345.lishuhang.com/itv33.m3u8,http_error,502,https://345.lishuhang.com/itv33.m3u8,text/plain; charset=utf-8,5626.5,72,none,0,0,False,[],[],,2026-08-15T07:02:01+00:00
央视 (345源),itv33,https://345.lishuhang.com/migu29.m3u8,http_error,502,https://345.lishuhang.com/migu29.m3u8,text/plain; charset=utf-8,3760.5,102,none,0,0,False,[],[],,2026-08-15T07:02:01+00:00
央视 (345源),itv33,https://345.lishuhang.com/ys27.m3u8,http_error,502,https://345.lishuhang.com/ys27.m3u8,text/plain; charset=utf-8,5538.5,72,none,0,0,False,[],[],,2026-08-15T07:02:01+00:00
央视 (345源),itv31,https://345.lishuhang.com/itv31.m3u8,http_error,502,https://345.lishuhang.com/itv31.m3u8,text/plain; charset=utf-8,5431.8,72,none,0,0,False,[],[],,2026-08-15T07:02:02+00:00
央视 (345源),itv31,https://345.lishuhang.com/migu27.m3u8,http_error,502,https://345.lishuhang.com/migu27.m3u8,text/plain; charset=utf-8,3100.2,102,none,0,0,False,[],[],,2026-08-15T07:02:03+00:00
央视 (345源),itv31,https://345.lishuhang.com/ys25.m3u8,http_error,502,https://345.lishuhang.com/ys25.m3u8,text/plain; charset=utf-8,5319.6,72,none,0,0,False,[],[],,2026-08-15T07:02:05+00:00
央视 (345源),migu78,https://345.lishuhang.com/migu78.m3u8,http_error,502,https://345.lishuhang.com/migu78.m3u8,text/plain; charset=utf-8,3212.0,102,none,0,0,False,[],[],,2026-08-15T07:02:06+00:00
央视 (345源),migu77,https://345.lishuhang.com/migu77.m3u8,http_error,502,https://345.lishuhang.com/migu77.m3u8,text/plain; charset=utf-8,3371.1,102,none,0,0,False,[],[],,2026-08-15T07:02:06+00:00
央视 (345源),ipv622,https://345.lishuhang.com/ipv622.m3u8,http_error,502,https://345.lishuhang.com/ipv622.m3u8,text/plain; charset=utf-8,2261.0,87,none,0,0,False,[],[],,2026-08-15T07:02:06+00:00
央视 (345源),fjitv260,https://345.lishuhang.com/fjitv260.m3u8,http_error,502,https://345.lishuhang.com/fjitv260.m3u8,text/plain; charset=utf-8,3444.3,72,none,0,0,False,[],[],,2026-08-15T07:02:07+00:00
央视 (345源),fjitv260,https://345.lishuhang.com/fjitv261.m3u8,http_error,502,https://345.lishuhang.com/fjitv261.m3u8,text/plain; charset=utf-8,3252.4,72,none,0,0,False,[],[],,2026-08-15T07:02:07+00:00
央视 (345源),fjitv260,https://345.lishuhang.com/fjitv262.m3u8,http_error,502,https://345.lishuhang.com/fjitv262.m3u8,text/plain; charset=utf-8,3312.2,72,none,0,0,False,[],[],,2026-08-15T07:02:09+00:00
央视 (345源),fjitv260,https://345.lishuhang.com/fjitv263.m3u8,http_error,502,https://345.lishuhang.com/fjitv263.m3u8,text/plain; charset=utf-8,3359.1,72,none,0,0,False,[],[],,2026-08-15T07:02:09+00:00
央视 (345源),fjitv260,https://345.lishuhang.com/fjitv264.m3u8,http_error,502,https://345.lishuhang.com/fjitv264.m3u8,text/plain; charset=utf-8,3456.5,72,none,0,0,False,[],[],,2026-08-15T07:02:10+00:00
央视 (345源),fjitv260,https://345.lishuhang.com/fjitv265.m3u8,http_error,502,https://345.lishuhang.com/fjitv265.m3u8,text/plain; charset=utf-8,3081.2,72,none,0,0,False,[],[],,2026-08-15T07:02:10+00:00
央视 (345源),fjitv260,https://345.lishuhang.com/fjitv267.m3u8,http_error,502,https://345.lishuhang.com/fjitv267.m3u8,text/plain; charset=utf-8,3347.2,72,none,0,0,False,[],[],,2026-08-15T07:02:10+00:00
央视 (345源),fjitv260,https://345.lishuhang.com/fjitv269.m3u8,http_error,502,https://345.lishuhang.com/fjitv269.m3u8,text/plain; charset=utf-8,3226.4,72,none,0,0,False,[],[],,2026-08-15T07:02:11+00:00
央视 (345源),fjitv260,https://345.lishuhang.com/fjitv271.m3u8,http_error,502,https://345.lishuhang.com/fjitv271.m3u8,text/plain; charset=utf-8,3259.0,72,none,0,0,False,[],[],,2026-08-15T07:02:12+00:00
央视 (345源),fjitv260,https://345.lishuhang.com/fjitv272.m3u8,http_error,502,https://345.lishuhang.com/fjitv272.m3u8,text/plain; charset=utf-8,3007.5,72,none,0,0,False,[],[],,2026-08-15T07:02:13+00:00
卫视 (345源),ipv698,https://345.lishuhang.com/ipv698.m3u8,http_error,502,https://345.lishuhang.com/ipv698.m3u8,text/plain; charset=utf-8,2344.8,87,none,0,0,False,[],[],,2026-08-15T07:02:13+00:00
卫视 (345源),ipv698,https://345.lishuhang.com/ws41.m3u8,http_error,502,https://345.lishuhang.com/ws41.m3u8,text/plain; charset=utf-8,3164.2,102,none,0,0,False,[],[],,2026-08-15T07:02:13+00:00
卫视 (345源),fjitv73,https://345.lishuhang.com/fjitv73.m3u8,http_error,502,https://345.lishuhang.com/fjitv73.m3u8,text/plain; charset=utf-8,3346.1,72,none,0,0,False,[],[],,2026-08-15T07:02:14+00:00
卫视 (345源),fjitv73,https://345.lishuhang.com/fjitv151.m3u8,http_error,502,https://345.lishuhang.com/fjitv151.m3u8,text/plain; charset=utf-8,3209.3,72,none,0,0,False,[],[],,2026-08-15T07:02:14+00:00
卫视 (345源),fjitv73,https://345.lishuhang.com/hlitv34.m3u8,request_exception,,,,,0,none,0,0,False,[],[],"HTTPSConnectionPool(host='345.lishuhang.com', port=443): Read timed out. (read timeout=12.0)",2026-08-15T07:02:15+00:00
卫视 (345源),fjitv73,https://345.lishuhang.com/ipv645.m3u8,http_error,502,https://345.lishuhang.com/ipv645.m3u8,text/plain; charset=utf-8,2228.7,87,none,0,0,False,[],[],,2026-08-15T07:02:15+00:00
卫视 (345源),fjitv73,https://345.lishuhang.com/itv45.m3u8,not_hls,200,https://345.lishuhang.com/itv45.m3u8,application/vnd.apple.mpegurl,4349.6,3,none,0,0,False,[],[],,2026-08-15T07:02:16+00:00
卫视 (345源),fjitv73,https://345.lishuhang.com/migu70.m3u8,http_error,502,https://345.lishuhang.com/migu70.m3u8,text/plain; charset=utf-8,3411.8,102,none,0,0,False,[],[],,2026-08-15T07:02:16+00:00
卫视 (345源),fjitv73,https://345.lishuhang.com/ws9.m3u8,request_exception,,,,,0,none,0,0,False,[],[],"HTTPSConnectionPool(host='345.lishuhang.com', port=443): Read timed out. (read timeout=12.0)",2026-08-15T07:02:17+00:00
卫视 (345源),fjitv17,https://345.lishuhang.com/fjitv17.m3u8,http_error,502,https://345.lishuhang.com/fjitv17.m3u8,text/plain; charset=utf-8,3240.0,72,none,0,0,False,[],[],,2026-08-15T07:02:17+00:00
卫视 (345源),fjitv17,https://345.lishuhang.com/fjitv39.m3u8,http_error,502,https://345.lishuhang.com/fjitv39.m3u8,text/plain; charset=utf-8,3161.8,72,none,0,0,False,[],[],,2026-08-15T07:02:18+00:00
卫视 (345源),fjitv17,https://345.lishuhang.com/fjitv146.m3u8,http_error,502,https://345.lishuhang.com/fjitv146.m3u8,text/plain; charset=utf-8,3096.2,72,none,0,0,False,[],[],,2026-08-15T07:02:20+00:00
卫视 (345源),fjitv17,https://345.lishuhang.com/fjitv219.m3u8,http_error,502,https://345.lishuhang.com/fjitv219.m3u8,text/plain; charset=utf-8,3277.7,72,none,0,0,False,[],[],,2026-08-15T07:02:20+00:00
卫视 (345源),fjitv17,https://345.lishuhang.com/hlitv30.m3u8,request_exception,,,,,0,none,0,0,False,[],[],"HTTPSConnectionPool(host='345.lishuhang.com', port=443): Read timed out. (read timeout=12.0)",2026-08-15T07:02:20+00:00
卫视 (345源),fjitv17,https://345.lishuhang.com/hlitv61.m3u8,request_exception,,,,,0,none,0,0,False,[],[],"HTTPSConnectionPool(host='345.lishuhang.com', port=443): Read timed out. (read timeout=12.0)",2026-08-15T07:02:21+00:00
卫视 (345源),fjitv17,https://345.lishuhang.com/hlitv114.m3u8,request_exception,,,,,0,none,0,0,False,[],[],"HTTPSConnectionPool(host='345.lishuhang.com', port=443): Read timed out. (read timeout=12.0)",2026-08-15T07:02:23+00:00
卫视 (345源),fjitv17,https://345.lishuhang.com/ipv635.m3u8,http_error,502,https://345.lishuhang.com/ipv635.m3u8,text/plain; charset=utf-8,2094.5,87,none,0,0,False,[],[],,2026-08-15T07:02:23+00:00
卫视 (345源),fjitv17,https://345.lishuhang.com/ipv668.m3u8,http_error,502,https://345.lishuhang.com/ipv668.m3u8,text/plain; charset=utf-8,2523.5,87,none,0,0,False,[],[],,2026-08-15T07:02:26+00:00
卫视 (345源),fjitv17,https://345.lishuhang.com/itv40.m3u8,not_hls,200,https://345.lishuhang.com/itv40.m3u8,application/vnd.apple.mpegurl,4705.1,3,none,0,0,False,[],[],,2026-08-15T07:02:28+00:00
卫视 (345源),fjitv17,https://345.lishuhang.com/migu41.m3u8,http_error,502,https://345.lishuhang.com/migu41.m3u8,text/plain; charset=utf-8,3519.9,102,none,0,0,False,[],[],,2026-08-15T07:02:29+00:00
卫视 (345源),fjitv17,https://345.lishuhang.com/ws4.m3u8,http_error,502,https://345.lishuhang.com/ws4.m3u8,text/plain; charset=utf-8,6500.4,75,none,0,0,False,[],[],,2026-08-15T07:02:31+00:00
卫视 (345源),fjitv88,https://345.lishuhang.com/fjitv88.m3u8,request_exception,,,,,0,none,0,0,False,[],[],"HTTPSConnectionPool(host='345.lishuhang.com', port=443): Read timed out. (read timeout=5.0)",2026-08-15T07:02:32+00:00
卫视 (345源),fjitv88,https://345.lishuhang.com/fjitv170.m3u8,http_error,502,https://345.lishuhang.com/fjitv170.m3u8,text/plain; charset=utf-8,4069.1,72,none,0,0,False,[],[],,2026-08-15T07:02:33+00:00
卫视 (345源),fjitv88,https://345.lishuhang.com/hlitv50.m3u8,request_exception,,,,,0,none,0,0,False,[],[],"HTTPSConnectionPool(host='345.lishuhang.com', port=443): Read timed out. (read timeout=5.0)",2026-08-15T07:02:34+00:00
卫视 (345源),fjitv88,https://345.lishuhang.com/ipv689.m3u8,http_error,502,https://345.lishuhang.com/ipv689.m3u8,text/plain; charset=utf-8,2896.8,87,none,0,0,False,[],[],,2026-08-15T07:02:34+00:00
卫视 (345源),fjitv88,https://345.lishuhang.com/itv62.m3u8,request_exception,,,,,0,none,0,0,False,[],[],"HTTPSConnectionPool(host='345.lishuhang.com', port=443): Read timed out. (read timeout=12.0)",2026-08-15T07:02:36+00:00
卫视 (345源),fjitv88,https://345.lishuhang.com/migu60.m3u8,http_error,502,https://345.lishuhang.com/migu60.m3u8,text/plain; charset=utf-8,4024.1,102,none,0,0,False,[],[],,2026-08-15T07:02:37+00:00
卫视 (345源),fjitv88,https://345.lishuhang.com/ws26.m3u8,http_error,502,https://345.lishuhang.com/ws26.m3u8,text/plain; charset=utf-8,4794.3,102,none,0,0,False,[],[],,2026-08-15T07:02:37+00:00
卫视 (345源),ipv696,https://345.lishuhang.com/ipv696.m3u8,http_error,502,https://345.lishuhang.com/ipv696.m3u8,text/plain; charset=utf-8,3204.2,87,none,0,0,False,[],[],,2026-08-15T07:02:37+00:00
卫视 (345源),ipv696,https://345.lishuhang.com/itv66.m3u8,http_error,502,https://345.lishuhang.com/itv66.m3u8,text/plain; charset=utf-8,10289.7,72,none,0,0,False,[],[],,2026-08-15T07:02:37+00:00
卫视 (345源),ipv696,https://345.lishuhang.com/migu71.m3u8,http_error,502,https://345.lishuhang.com/migu71.m3u8,text/plain; charset=utf-8,3639.3,102,none,0,0,False,[],[],,2026-08-15T07:02:39+00:00
卫视 (345源),ipv696,https://345.lishuhang.com/ws30.m3u8,http_error,502,https://345.lishuhang.com/ws30.m3u8,text/plain; charset=utf-8,6819.3,102,none,0,0,False,[],[],,2026-08-15T07:02:41+00:00
卫视 (345源),fjitv93,https://345.lishuhang.com/fjitv93.m3u8,http_error,502,https://345.lishuhang.com/fjitv93.m3u8,text/plain; charset=utf-8,3455.3,72,none,0,0,False,[],[],,2026-08-15T07:02:41+00:00
卫视 (345源),fjitv93,https://345.lishuhang.com/fjitv163.m3u8,http_error,502,https://345.lishuhang.com/fjitv163.m3u8,text/plain; charset=utf-8,3765.5,72,none,0,0,False,[],[],,2026-08-15T07:02:42+00:00
卫视 (345源),fjitv93,https://345.lishuhang.com/hlitv48.m3u8,request_exception,,,,,0,none,0,0,False,[],[],"HTTPSConnectionPool(host='345.lishuhang.com', port=443): Read timed out. (read timeout=12.0)",2026-08-15T07:02:42+00:00
卫视 (345源),fjitv93,https://345.lishuhang.com/ipv680.m3u8,http_error,502,https://345.lishuhang.com/ipv680.m3u8,text/plain; charset=utf-8,2783.4,87,none,0,0,False,[],[],,2026-08-15T07:02:44+00:00
卫视 (345源),fjitv93,https://345.lishuhang.com/itv63.m3u8,request_exception,,,,,0,none,0,0,False,[],[],"HTTPSConnectionPool(host='345.lishuhang.com', port=443): Read timed out. (read timeout=12.0)",2026-08-15T07:02:46+00:00
卫视 (345源),fjitv93,https://345.lishuhang.com/migu56.m3u8,http_error,502,https://345.lishuhang.com/migu56.m3u8,text/plain; charset=utf-8,4285.8,102,none,0,0,False,[],[],,2026-08-15T07:02:47+00:00
卫视 (345源),fjitv93,https://345.lishuhang.com/ws27.m3u8,http_error,502,https://345.lishuhang.com/ws27.m3u8,text/plain; charset=utf-8,4596.0,102,none,0,0,False,[],[],,2026-08-15T07:02:47+00:00
卫视 (345源),ws40,https://345.lishuhang.com/ws40.m3u8,http_error,502,https://345.lishuhang.com/ws40.m3u8,text/plain; charset=utf-8,3395.0,102,none,0,0,False,[],[],,2026-08-15T07:02:48+00:00
卫视 (345源),hlitv68,https://345.lishuhang.com/hlitv68.m3u8,request_exception,,,,,0,none,0,0,False,[],[],"HTTPSConnectionPool(host='345.lishuhang.com', port=443): Read timed out. (read timeout=5.0)",2026-08-15T07:02:51+00:00
卫视 (345源),hlitv68,https://345.lishuhang.com/ipv663.m3u8,http_error,502,https://345.lishuhang.com/ipv663.m3u8,text/plain; charset=utf-8,3285.4,87,none,0,0,False,[],[],,2026-08-15T07:02:51+00:00
卫视 (345源),hlitv68,https://345.lishuhang.com/itv74.m3u8,http_error,502,https://345.lishuhang.com/itv74.m3u8,text/plain; charset=utf-8,13430.1,72,none,0,0,False,[],[],,2026-08-15T07:02:51+00:00
卫视 (345源),fjitv18,https://345.lishuhang.com/fjitv18.m3u8,http_error,502,https://345.lishuhang.com/fjitv18.m3u8,text/plain; charset=utf-8,3854.6,72,none,0,0,False,[],[],,2026-08-15T07:02:52+00:00
卫视 (345源),fjitv18,https://345.lishuhang.com/fjitv71.m3u8,http_error,502,https://345.lishuhang.com/fjitv71.m3u8,text/plain; charset=utf-8,4420.5,72,none,0,0,False,[],[],,2026-08-15T07:02:54+00:00
卫视 (345源),fjitv18,https://345.lishuhang.com/fjitv144.m3u8,http_error,502,https://345.lishuhang.com/fjitv144.m3u8,text/plain; charset=utf-8,3670.2,72,none,0,0,False,[],[],,2026-08-15T07:02:56+00:00
卫视 (345源),fjitv18,https://345.lishuhang.com/fjitv220.m3u8,http_error,502,https://345.lishuhang.com/fjitv220.m3u8,text/plain; charset=utf-8,3515.3,72,none,0,0,False,[],[],,2026-08-15T07:02:56+00:00
卫视 (345源),fjitv18,https://345.lishuhang.com/hlitv23.m3u8,request_exception,,,,,0,none,0,0,False,[],[],"HTTPSConnectionPool(host='345.lishuhang.com', port=443): Read timed out. (read timeout=12.0)",2026-08-15T07:02:56+00:00
卫视 (345源),fjitv18,https://345.lishuhang.com/hlitv65.m3u8,request_exception,,,,,0,none,0,0,False,[],[],"HTTPSConnectionPool(host='345.lishuhang.com', port=443): Read timed out. (read timeout=12.0)",2026-08-15T07:02:59+00:00
卫视 (345源),fjitv18,https://345.lishuhang.com/hlitv115.m3u8,request_exception,,,,,0,none,0,0,False,[],[],"HTTPSConnectionPool(host='345.lishuhang.com', port=443): Read timed out. (read timeout=12.0)",2026-08-15T07:02:59+00:00
卫视 (345源),fjitv18,https://345.lishuhang.com/hlitv142.m3u8,request_exception,,,,,0,none,0,0,False,[],[],"HTTPSConnectionPool(host='345.lishuhang.com', port=443): Read timed out. (read timeout=5.0)",2026-08-15T07:02:59+00:00
卫视 (345源),fjitv18,https://345.lishuhang.com/ipv626.m3u8,http_error,502,https://345.lishuhang.com/ipv626.m3u8,text/plain; charset=utf-8,2920.0,87,none,0,0,False,[],[],,2026-08-15T07:03:00+00:00
卫视 (345源),fjitv18,https://345.lishuhang.com/ipv655.m3u8,http_error,502,https://345.lishuhang.com/ipv655.m3u8,text/plain; charset=utf-8,2593.1,87,none,0,0,False,[],[],,2026-08-15T07:03:03+00:00
卫视 (345源),fjitv18,https://345.lishuhang.com/itv41.m3u8,not_hls,200,https://345.lishuhang.com/itv41.m3u8,application/vnd.apple.mpegurl,4730.3,3,none,0,0,False,[],[],,2026-08-15T07:03:04+00:00
卫视 (345源),fjitv18,https://345.lishuhang.com/migu40.m3u8,http_error,502,https://345.lishuhang.com/migu40.m3u8,text/plain; charset=utf-8,3470.3,102,none,0,0,False,[],[],,2026-08-15T07:03:05+00:00
卫视 (345源),fjitv18,https://345.lishuhang.com/ws5.m3u8,http_error,502,https://345.lishuhang.com/ws5.m3u8,text/plain; charset=utf-8,6307.9,75,none,0,0,False,[],[],,2026-08-15T07:03:06+00:00
卫视 (345源),itv91,https://345.lishuhang.com/itv91.m3u8,request_exception,,,,,0,none,0,0,False,[],[],"HTTPSConnectionPool(host='345.lishuhang.com', port=443): Read timed out. (read timeout=12.0)",2026-08-15T07:03:08+00:00
卫视 (345源),fjitv178,https://345.lishuhang.com/fjitv178.m3u8,http_error,502,https://345.lishuhang.com/fjitv178.m3u8,text/plain; charset=utf-8,3615.5,72,none,0,0,False,[],[],,2026-08-15T07:03:09+00:00
卫视 (345源),ipv686,https://345.lishuhang.com/ipv686.m3u8,http_error,502,https://345.lishuhang.com/ipv686.m3u8,text/plain; charset=utf-8,2273.9,87,none,0,0,False,[],[],,2026-08-15T07:03:10+00:00
卫视 (345源),ipv686,https://345.lishuhang.com/itv184.m3u8,http_error,502,https://345.lishuhang.com/itv184.m3u8,text/plain; charset=utf-8,7422.2,75,none,0,0,False,[],[],,2026-08-15T07:03:12+00:00
卫视 (345源),ipv686,https://345.lishuhang.com/ws38.m3u8,http_error,502,https://345.lishuhang.com/ws38.m3u8,text/plain; charset=utf-8,3177.6,102,none,0,0,False,[],[],,2026-08-15T07:03:12+00:00
卫视 (345源),fjitv86,https://345.lishuhang.com/fjitv86.m3u8,http_error,502,https://345.lishuhang.com/fjitv86.m3u8,text/plain; charset=utf-8,3530.6,72,none,0,0,False,[],[],,2026-08-15T07:03:13+00:00
卫视 (345源),fjitv86,https://345.lishuhang.com/fjitv168.m3u8,http_error,502,https://345.lishuhang.com/fjitv168.m3u8,text/plain; charset=utf-8,3679.0,72,none,0,0,False,[],[],,2026-08-15T07:03:13+00:00
卫视 (345源),fjitv86,https://345.lishuhang.com/hlitv51.m3u8,request_exception,,,,,0,none,0,0,False,[],[],"HTTPSConnectionPool(host='345.lishuhang.com', port=443): Read timed out. (read timeout=12.0)",2026-08-15T07:03:14+00:00
卫视 (345源),fjitv86,https://345.lishuhang.com/ipv651.m3u8,http_error,502,https://345.lishuhang.com/ipv651.m3u8,text/plain; charset=utf-8,2336.2,87,none,0,0,False,[],[],,2026-08-15T07:03:16+00:00
卫视 (345源),fjitv86,https://345.lishuhang.com/ipv676.m3u8,http_error,502,https://345.lishuhang.com/ipv676.m3u8,text/plain; charset=utf-8,2313.3,87,none,0,0,False,[],[],,2026-08-15T07:03:16+00:00
卫视 (345源),fjitv86,https://345.lishuhang.com/itv57.m3u8,request_exception,,,,,0,none,0,0,False,[],[],"HTTPSConnectionPool(host='345.lishuhang.com', port=443): Read timed out. (read timeout=12.0)",2026-08-15T07:03:16+00:00
卫视 (345源),fjitv86,https://345.lishuhang.com/migu65.m3u8,http_error,502,https://345.lishuhang.com/migu65.m3u8,text/plain; charset=utf-8,3479.3,102,none,0,0,False,[],[],,2026-08-15T07:03:18+00:00
卫视 (345源),fjitv86,https://345.lishuhang.com/ws21.m3u8,http_error,502,https://345.lishuhang.com/ws21.m3u8,text/plain; charset=utf-8,4179.4,102,none,0,0,False,[],[],,2026-08-15T07:03:19+00:00
卫视 (345源),itv95,https://345.lishuhang.com/itv95.m3u8,request_exception,,,,,0,none,0,0,False,[],[],"HTTPSConnectionPool(host='345.lishuhang.com', port=443): Read timed out. (read timeout=12.0)",2026-08-15T07:03:19+00:00
卫视 (345源),fjitv74,https://345.lishuhang.com/fjitv74.m3u8,http_error,502,https://345.lishuhang.com/fjitv74.m3u8,text/plain; charset=utf-8,3447.4,72,none,0,0,False,[],[],,2026-08-15T07:03:21+00:00
卫视 (345源),fjitv74,https://345.lishuhang.com/fjitv153.m3u8,http_error,502,https://345.lishuhang.com/fjitv153.m3u8,text/plain; charset=utf-8,3302.8,72,none,0,0,False,[],[],,2026-08-15T07:03:22+00:00
卫视 (345源),fjitv74,https://345.lishuhang.com/hlitv35.m3u8,request_exception,,,,,0,none,0,0,False,[],[],"HTTPSConnectionPool(host='345.lishuhang.com', port=443): Read timed out. (read timeout=12.0)",2026-08-15T07:03:23+00:00
卫视 (345源),fjitv74,https://345.lishuhang.com/ipv646.m3u8,http_error,502,https://345.lishuhang.com/ipv646.m3u8,text/plain; charset=utf-8,2231.7,87,none,0,0,False,[],[],,2026-08-15T07:03:25+00:00
卫视 (345源),fjitv74,https://345.lishuhang.com/ipv682.m3u8,http_error,502,https://345.lishuhang.com/ipv682.m3u8,text/plain; charset=utf-8,2342.0,87,none,0,0,False,[],[],,2026-08-15T07:03:25+00:00
卫视 (345源),fjitv74,https://345.lishuhang.com/itv53.m3u8,not_hls,200,https://345.lishuhang.com/itv53.m3u8,application/vnd.apple.mpegurl,4513.1,3,none,0,0,False,[],[],,2026-08-15T07:03:27+00:00
卫视 (345源),fjitv74,https://345.lishuhang.com/migu51.m3u8,http_error,502,https://345.lishuhang.com/migu51.m3u8,text/plain; charset=utf-8,3338.4,102,none,0,0,False,[],[],,2026-08-15T07:03:27+00:00
卫视 (345源),fjitv74,https://345.lishuhang.com/ws17.m3u8,request_exception,,,,,0,none,0,0,False,[],[],"HTTPSConnectionPool(host='345.lishuhang.com', port=443): Read timed out. (read timeout=12.0)",2026-08-15T07:03:28+00:00
卫视 (345源),itv72,https://345.lishuhang.com/itv72.m3u8,request_exception,,,,,0,none,0,0,False,[],[],"HTTPSConnectionPool(host='345.lishuhang.com', port=443): Read timed out. (read timeout=12.0)",2026-08-15T07:03:30+00:00
卫视 (345源),itv72,https://345.lishuhang.com/migu49.m3u8,http_error,502,https://345.lishuhang.com/migu49.m3u8,text/plain; charset=utf-8,3367.4,102,none,0,0,False,[],[],,2026-08-15T07:03:31+00:00
卫视 (345源),itv72,https://345.lishuhang.com/ws36.m3u8,http_error,502,https://345.lishuhang.com/ws36.m3u8,text/plain; charset=utf-8,3429.6,102,none,0,0,False,[],[],,2026-08-15T07:03:32+00:00
卫视 (345源),fjitv20,https://345.lishuhang.com/fjitv20.m3u8,http_error,502,https://345.lishuhang.com/fjitv20.m3u8,text/plain; charset=utf-8,3193.8,72,none,0,0,False,[],[],,2026-08-15T07:03:33+00:00
卫视 (345源),fjitv20,https://345.lishuhang.com/fjitv37.m3u8,http_error,502,https://345.lishuhang.com/fjitv37.m3u8,text/plain; charset=utf-8,3244.0,72,none,0,0,False,[],[],,2026-08-15T07:03:34+00:00
卫视 (345源),fjitv20,https://345.lishuhang.com/fjitv148.m3u8,http_error,502,https://345.lishuhang.com/fjitv148.m3u8,text/plain; charset=utf-8,3253.2,72,none,0,0,False,[],[],,2026-08-15T07:03:35+00:00
卫视 (345源),fjitv20,https://345.lishuhang.com/fjitv224.m3u8,http_error,502,https://345.lishuhang.com/fjitv224.m3u8,text/plain; charset=utf-8,3239.6,72,none,0,0,False,[],[],,2026-08-15T07:03:36+00:00
卫视 (345源),fjitv20,https://345.lishuhang.com/hlitv31.m3u8,request_exception,,,,,0,none,0,0,False,[],[],"HTTPSConnectionPool(host='345.lishuhang.com', port=443): Read timed out. (read timeout=12.0)",2026-08-15T07:03:36+00:00
卫视 (345源),fjitv20,https://345.lishuhang.com/hlitv62.m3u8,request_exception,,,,,0,none,0,0,False,[],[],"HTTPSConnectionPool(host='345.lishuhang.com', port=443): Read timed out. (read timeout=12.0)",2026-08-15T07:03:37+00:00
卫视 (345源),fjitv20,https://345.lishuhang.com/hlitv116.m3u8,request_exception,,,,,0,none,0,0,False,[],[],"HTTPSConnectionPool(host='345.lishuhang.com', port=443): Read timed out. (read timeout=12.0)",2026-08-15T07:03:38+00:00
卫视 (345源),fjitv20,https://345.lishuhang.com/hlitv154.m3u8,request_exception,,,,,0,none,0,0,False,[],[],"HTTPSConnectionPool(host='345.lishuhang.com', port=443): Read timed out. (read timeout=12.0)",2026-08-15T07:03:39+00:00
卫视 (345源),fjitv20,https://345.lishuhang.com/ipv641.m3u8,http_error,502,https://345.lishuhang.com/ipv641.m3u8,text/plain; charset=utf-8,3142.0,87,none,0,0,False,[],[],,2026-08-15T07:03:41+00:00
卫视 (345源),fjitv20,https://345.lishuhang.com/ipv683.m3u8,http_error,502,https://345.lishuhang.com/ipv683.m3u8,text/plain; charset=utf-8,2257.5,87,none,0,0,False,[],[],,2026-08-15T07:03:44+00:00
卫视 (345源),fjitv20,https://345.lishuhang.com/itv54.m3u8,segment_failure,200,https://345.lishuhang.com/itv54.m3u8,application/vnd.apple.mpegurl,5064.2,851,media,2,0,False,"[404, 400]","[434.2, 455.4]",,2026-08-15T07:03:44+00:00
卫视 (345源),fjitv20,https://345.lishuhang.com/migu68.m3u8,http_error,502,https://345.lishuhang.com/migu68.m3u8,text/plain; charset=utf-8,3394.9,102,none,0,0,False,[],[],,2026-08-15T07:03:46+00:00
卫视 (345源),fjitv20,https://345.lishuhang.com/ws18.m3u8,request_exception,,,,,0,none,0,0,False,[],[],"HTTPSConnectionPool(host='345.lishuhang.com', port=443): Read timed out. (read timeout=12.0)",2026-08-15T07:03:49+00:00
卫视 (345源),fjitv83,https://345.lishuhang.com/fjitv83.m3u8,http_error,502,https://345.lishuhang.com/fjitv83.m3u8,text/plain; charset=utf-8,3232.4,72,none,0,0,False,[],[],,2026-08-15T07:03:50+00:00
卫视 (345源),fjitv83,https://345.lishuhang.com/fjitv166.m3u8,http_error,502,https://345.lishuhang.com/fjitv166.m3u8,text/plain; charset=utf-8,3561.2,72,none,0,0,False,[],[],,2026-08-15T07:03:50+00:00
卫视 (345源),fjitv83,https://345.lishuhang.com/hlitv46.m3u8,request_exception,,,,,0,none,0,0,False,[],[],"HTTPSConnectionPool(host='345.lishuhang.com', port=443): Read timed out. (read timeout=12.0)",2026-08-15T07:03:51+00:00
卫视 (345源),fjitv83,https://345.lishuhang.com/ipv693.m3u8,http_error,502,https://345.lishuhang.com/ipv693.m3u8,text/plain; charset=utf-8,2179.4,87,none,0,0,False,[],[],,2026-08-15T07:03:52+00:00
卫视 (345源),fjitv83,https://345.lishuhang.com/itv69.m3u8,request_exception,,,,,0,none,0,0,False,[],[],"HTTPSConnectionPool(host='345.lishuhang.com', port=443): Read timed out. (read timeout=12.0)",2026-08-15T07:03:53+00:00
卫视 (345源),fjitv83,https://345.lishuhang.com/migu58.m3u8,http_error,502,https://345.lishuhang.com/migu58.m3u8,text/plain; charset=utf-8,3556.2,102,none,0,0,False,[],[],,2026-08-15T07:03:53+00:00
卫视 (345源),fjitv83,https://345.lishuhang.com/ws33.m3u8,request_exception,,,,,0,none,0,0,False,[],[],"HTTPSConnectionPool(host='345.lishuhang.com', port=443): Read timed out. (read timeout=12.0)",2026-08-15T07:03:54+00:00
卫视 (345源),hlitv73,https://345.lishuhang.com/hlitv73.m3u8,request_exception,,,,,0,none,0,0,False,[],[],"HTTPSConnectionPool(host='345.lishuhang.com', port=443): Read timed out. (read timeout=12.0)",2026-08-15T07:03:54+00:00
卫视 (345源),hlitv73,https://345.lishuhang.com/ws39.m3u8,http_error,502,https://345.lishuhang.com/ws39.m3u8,text/plain; charset=utf-8,3200.2,102,none,0,0,False,[],[],,2026-08-15T07:03:57+00:00
卫视 (345源),fjitv13,https://345.lishuhang.com/fjitv13.m3u8,http_error,502,https://345.lishuhang.com/fjitv13.m3u8,text/plain; charset=utf-8,3173.6,72,none,0,0,False,[],[],,2026-08-15T07:04:00+00:00
卫视 (345源),fjitv13,https://345.lishuhang.com/fjitv70.m3u8,http_error,502,https://345.lishuhang.com/fjitv70.m3u8,text/plain; charset=utf-8,3469.6,72,none,0,0,False,[],[],,2026-08-15T07:04:03+00:00
卫视 (345源),fjitv13,https://345.lishuhang.com/fjitv161.m3u8,http_error,502,https://345.lishuhang.com/fjitv161.m3u8,text/plain; charset=utf-8,4653.1,72,none,0,0,False,[],[],,2026-08-15T07:04:03+00:00
卫视 (345源),fjitv13,https://345.lishuhang.com/fjitv226.m3u8,http_error,502,https://345.lishuhang.com/fjitv226.m3u8,text/plain; charset=utf-8,3374.8,72,none,0,0,False,[],[],,2026-08-15T07:04:04+00:00
卫视 (345源),fjitv13,https://345.lishuhang.com/hlitv45.m3u8,request_exception,,,,,0,none,0,0,False,[],[],"HTTPSConnectionPool(host='345.lishuhang.com', port=443): Read timed out. (read timeout=12.0)",2026-08-15T07:04:06+00:00
卫视 (345源),fjitv13,https://345.lishuhang.com/hlitv141.m3u8,request_exception,,,,,0,none,0,0,False,[],[],"HTTPSConnectionPool(host='345.lishuhang.com', port=443): Read timed out. (read timeout=12.0)",2026-08-15T07:04:07+00:00
卫视 (345源),fjitv13,https://345.lishuhang.com/ipv636.m3u8,http_error,502,https://345.lishuhang.com/ipv636.m3u8,text/plain; charset=utf-8,2349.1,87,none,0,0,False,[],[],,2026-08-15T07:04:07+00:00
卫视 (345源),fjitv13,https://345.lishuhang.com/ipv670.m3u8,http_error,502,https://345.lishuhang.com/ipv670.m3u8,text/plain; charset=utf-8,2544.9,87,none,0,0,False,[],[],,2026-08-15T07:04:07+00:00
卫视 (345源),fjitv13,https://345.lishuhang.com/itv44.m3u8,not_hls,200,https://345.lishuhang.com/itv44.m3u8,application/vnd.apple.mpegurl,8507.4,3,none,0,0,False,[],[],,2026-08-15T07:04:08+00:00
卫视 (345源),fjitv13,https://345.lishuhang.com/migu42.m3u8,http_error,502,https://345.lishuhang.com/migu42.m3u8,text/plain; charset=utf-8,3813.0,102,none,0,0,False,[],[],,2026-08-15T07:04:08+00:00
卫视 (345源),fjitv13,https://345.lishuhang.com/ws8.m3u8,request_exception,,,,,0,none,0,0,False,[],[],"HTTPSConnectionPool(host='345.lishuhang.com', port=443): Read timed out. (read timeout=12.0)",2026-08-15T07:04:10+00:00
卫视 (345源),fjitv22,https://345.lishuhang.com/fjitv22.m3u8,http_error,502,https://345.lishuhang.com/fjitv22.m3u8,text/plain; charset=utf-8,3511.5,72,none,0,0,False,[],[],,2026-08-15T07:04:10+00:00
卫视 (345源),fjitv22,https://345.lishuhang.com/fjitv42.m3u8,http_error,502,https://345.lishuhang.com/fjitv42.m3u8,text/plain; charset=utf-8,3384.5,72,none,0,0,False,[],[],,2026-08-15T07:04:11+00:00
卫视 (345源),fjitv22,https://345.lishuhang.com/hlitv44.m3u8,request_exception,,,,,0,none,0,0,False,[],[],"HTTPSConnectionPool(host='345.lishuhang.com', port=443): Read timed out. (read timeout=12.0)",2026-08-15T07:04:13+00:00
卫视 (345源),fjitv22,https://345.lishuhang.com/hlitv64.m3u8,request_exception,,,,,0,none,0,0,False,[],[],"HTTPSConnectionPool(host='345.lishuhang.com', port=443): Read timed out. (read timeout=12.0)",2026-08-15T07:04:15+00:00
卫视 (345源),fjitv22,https://345.lishuhang.com/hlitv118.m3u8,request_exception,,,,,0,none,0,0,False,[],[],"HTTPSConnectionPool(host='345.lishuhang.com', port=443): Read timed out. (read timeout=12.0)",2026-08-15T07:04:16+00:00
卫视 (345源),fjitv22,https://345.lishuhang.com/hlitv151.m3u8,request_exception,,,,,0,none,0,0,False,[],[],"HTTPSConnectionPool(host='345.lishuhang.com', port=443): Read timed out. (read timeout=12.0)",2026-08-15T07:04:20+00:00
卫视 (345源),fjitv22,https://345.lishuhang.com/ipv643.m3u8,http_error,502,https://345.lishuhang.com/ipv643.m3u8,text/plain; charset=utf-8,2971.3,87,none,0,0,False,[],[],,2026-08-15T07:04:20+00:00
卫视 (345源),fjitv22,https://345.lishuhang.com/ipv672.m3u8,http_error,502,https://345.lishuhang.com/ipv672.m3u8,text/plain; charset=utf-8,2299.2,87,none,0,0,False,[],[],,2026-08-15T07:04:23+00:00
卫视 (345源),fjitv22,https://345.lishuhang.com/itv52.m3u8,not_hls,200,https://345.lishuhang.com/itv52.m3u8,application/vnd.apple.mpegurl,4896.1,3,none,0,0,False,[],[],,2026-08-15T07:04:23+00:00
卫视 (345源),fjitv22,https://345.lishuhang.com/migu53.m3u8,http_error,502,https://345.lishuhang.com/migu53.m3u8,text/plain; charset=utf-8,3923.6,102,none,0,0,False,[],[],,2026-08-15T07:04:26+00:00
卫视 (345源),fjitv22,https://345.lishuhang.com/ws16.m3u8,request_exception,,,,,0,none,0,0,False,[],[],"HTTPSConnectionPool(host='345.lishuhang.com', port=443): Read timed out. (read timeout=12.0)",2026-08-15T07:04:27+00:00
卫视 (345源),hlitv69,https://345.lishuhang.com/hlitv69.m3u8,request_exception,,,,,0,none,0,0,False,[],[],"HTTPSConnectionPool(host='345.lishuhang.com', port=443): Read timed out. (read timeout=12.0)",2026-08-15T07:04:28+00:00
卫视 (345源),fjitv78,https://345.lishuhang.com/fjitv78.m3u8,http_error,502,https://345.lishuhang.com/fjitv78.m3u8,text/plain; charset=utf-8,3738.3,72,none,0,0,False,[],[],,2026-08-15T07:04:29+00:00
卫视 (345源),fjitv78,https://345.lishuhang.com/fjitv157.m3u8,http_error,502,https://345.lishuhang.com/fjitv157.m3u8,text/plain; charset=utf-8,3741.4,72,none,0,0,False,[],[],,2026-08-15T07:04:30+00:00
卫视 (345源),fjitv78,https://345.lishuhang.com/hlitv38.m3u8,request_exception,,,,,0,none,0,0,False,[],[],"HTTPSConnectionPool(host='345.lishuhang.com', port=443): Read timed out. (read timeout=12.0)",2026-08-15T07:04:30+00:00
卫视 (345源),fjitv78,https://345.lishuhang.com/ipv684.m3u8,http_error,502,https://345.lishuhang.com/ipv684.m3u8,text/plain; charset=utf-8,2779.0,87,none,0,0,False,[],[],,2026-08-15T07:04:33+00:00
卫视 (345源),fjitv78,https://345.lishuhang.com/itv64.m3u8,request_exception,,,,,0,none,0,0,False,[],[],"HTTPSConnectionPool(host='345.lishuhang.com', port=443): Read timed out. (read timeout=12.0)",2026-08-15T07:04:33+00:00
卫视 (345源),fjitv78,https://345.lishuhang.com/migu67.m3u8,http_error,502,https://345.lishuhang.com/migu67.m3u8,text/plain; charset=utf-8,3759.2,102,none,0,0,False,[],[],,2026-08-15T07:04:34+00:00
卫视 (345源),fjitv78,https://345.lishuhang.com/ws28.m3u8,request_exception,,,,,0,none,0,0,False,[],[],"HTTPSConnectionPool(host='345.lishuhang.com', port=443): Read timed out. (read timeout=12.0)",2026-08-15T07:04:36+00:00
卫视 (345源),fjitv21,https://345.lishuhang.com/fjitv21.m3u8,http_error,502,https://345.lishuhang.com/fjitv21.m3u8,text/plain; charset=utf-8,3811.7,72,none,0,0,False,[],[],,2026-08-15T07:04:38+00:00
卫视 (345源),fjitv21,https://345.lishuhang.com/fjitv44.m3u8,http_error,502,https://345.lishuhang.com/fjitv44.m3u8,text/plain; charset=utf-8,3924.7,72,none,0,0,False,[],[],,2026-08-15T07:04:41+00:00
卫视 (345源),fjitv21,https://345.lishuhang.com/fjitv142.m3u8,http_error,502,https://345.lishuhang.com/fjitv142.m3u8,text/plain; charset=utf-8,4062.4,72,none,0,0,False,[],[],,2026-08-15T07:04:41+00:00
卫视 (345源),fjitv21,https://345.lishuhang.com/fjitv225.m3u8,http_error,502,https://345.lishuhang.com/fjitv225.m3u8,text/plain; charset=utf-8,3607.2,72,none,0,0,False,[],[],,2026-08-15T07:04:42+00:00
卫视 (345源),fjitv21,https://345.lishuhang.com/hlitv25.m3u8,request_exception,,,,,0,none,0,0,False,[],[],"HTTPSConnectionPool(host='345.lishuhang.com', port=443): Read timed out. (read timeout=12.0)",2026-08-15T07:04:44+00:00
卫视 (345源),fjitv21,https://345.lishuhang.com/hlitv55.m3u8,request_exception,,,,,0,none,0,0,False,[],[],"HTTPSConnectionPool(host='345.lishuhang.com', port=443): Read timed out. (read timeout=12.0)",2026-08-15T07:04:45+00:00
卫视 (345源),fjitv21,https://345.lishuhang.com/hlitv113.m3u8,request_exception,,,,,0,none,0,0,False,[],[],"HTTPSConnectionPool(host='345.lishuhang.com', port=443): Read timed out. (read timeout=12.0)",2026-08-15T07:04:46+00:00
卫视 (345源),fjitv21,https://345.lishuhang.com/hlitv150.m3u8,request_exception,,,,,0,none,0,0,False,[],[],"HTTPSConnectionPool(host='345.lishuhang.com', port=443): Read timed out. (read timeout=12.0)",2026-08-15T07:04:46+00:00
卫视 (345源),fjitv21,https://345.lishuhang.com/ipv640.m3u8,http_error,502,https://345.lishuhang.com/ipv640.m3u8,text/plain; charset=utf-8,2836.1,87,none,0,0,False,[],[],,2026-08-15T07:04:48+00:00
卫视 (345源),fjitv21,https://345.lishuhang.com/ipv671.m3u8,http_error,502,https://345.lishuhang.com/ipv671.m3u8,text/plain; charset=utf-8,2372.5,87,none,0,0,False,[],[],,2026-08-15T07:04:50+00:00
卫视 (345源),fjitv21,https://345.lishuhang.com/itv43.m3u8,not_hls,200,https://345.lishuhang.com/itv43.m3u8,application/vnd.apple.mpegurl,4793.6,3,none,0,0,False,[],[],,2026-08-15T07:04:50+00:00
卫视 (345源),fjitv21,https://345.lishuhang.com/migu47.m3u8,http_error,502,https://345.lishuhang.com/migu47.m3u8,text/plain; charset=utf-8,3739.4,102,none,0,0,False,[],[],,2026-08-15T07:04:52+00:00
卫视 (345源),fjitv21,https://345.lishuhang.com/ws7.m3u8,request_exception,,,,,0,none,0,0,False,[],[],"HTTPSConnectionPool(host='345.lishuhang.com', port=443): Read timed out. (read timeout=12.0)",2026-08-15T07:04:55+00:00
卫视 (345源),fjitv75,https://345.lishuhang.com/fjitv75.m3u8,http_error,502,https://345.lishuhang.com/fjitv75.m3u8,text/plain; charset=utf-8,3836.4,72,none,0,0,False,[],[],,2026-08-15T07:04:56+00:00
卫视 (345源),fjitv75,https://345.lishuhang.com/fjitv154.m3u8,http_error,502,https://345.lishuhang.com/fjitv154.m3u8,text/plain; charset=utf-8,3517.8,72,none,0,0,False,[],[],,2026-08-15T07:04:58+00:00
卫视 (345源),fjitv75,https://345.lishuhang.com/hlitv36.m3u8,request_exception,,,,,0,none,0,0,False,[],[],"HTTPSConnectionPool(host='345.lishuhang.com', port=443): Read timed out. (read timeout=12.0)",2026-08-15T07:04:59+00:00
卫视 (345源),fjitv75,https://345.lishuhang.com/ipv650.m3u8,http_error,502,https://345.lishuhang.com/ipv650.m3u8,text/plain; charset=utf-8,2855.4,87,none,0,0,False,[],[],,2026-08-15T07:04:59+00:00
卫视 (345源),fjitv75,https://345.lishuhang.com/ipv677.m3u8,http_error,502,https://345.lishuhang.com/ipv677.m3u8,text/plain; charset=utf-8,2958.4,87,none,0,0,False,[],[],,2026-08-15T07:05:00+00:00
卫视 (345源),fjitv75,https://345.lishuhang.com/itv58.m3u8,not_hls,200,https://345.lishuhang.com/itv58.m3u8,application/vnd.apple.mpegurl,8757.2,3,none,0,0,False,[],[],,2026-08-15T07:05:00+00:00
卫视 (345源),fjitv75,https://345.lishuhang.com/migu50.m3u8,http_error,502,https://345.lishuhang.com/migu50.m3u8,text/plain; charset=utf-8,3681.5,102,none,0,0,False,[],[],,2026-08-15T07:05:02+00:00
卫视 (345源),fjitv75,https://345.lishuhang.com/ws22.m3u8,http_error,502,https://345.lishuhang.com/ws22.m3u8,text/plain; charset=utf-8,4048.1,102,none,0,0,False,[],[],,2026-08-15T07:05:02+00:00
卫视 (345源),fjitv91,https://345.lishuhang.com/fjitv91.m3u8,http_error,502,https://345.lishuhang.com/fjitv91.m3u8,text/plain; charset=utf-8,3595.3,72,none,0,0,False,[],[],,2026-08-15T07:05:03+00:00
卫视 (345源),fjitv91,https://345.lishuhang.com/fjitv173.m3u8,http_error,502,https://345.lishuhang.com/fjitv173.m3u8,text/plain; charset=utf-8,3292.7,72,none,0,0,False,[],[],,2026-08-15T07:05:05+00:00
卫视 (345源),fjitv91,https://345.lishuhang.com/hlitv74.m3u8,request_exception,,,,,0,none,0,0,False,[],[],"HTTPSConnectionPool(host='345.lishuhang.com', port=443): Read timed out. (read timeout=12.0)",2026-08-15T07:05:06+00:00
卫视 (345源),fjitv91,https://345.lishuhang.com/itv71.m3u8,http_error,502,https://345.lishuhang.com/itv71.m3u8,text/plain; charset=utf-8,4166.5,72,none,0,0,False,[],[],,2026-08-15T07:05:06+00:00
卫视 (345源),fjitv91,https://345.lishuhang.com/ws35.m3u8,http_error,502,https://345.lishuhang.com/ws35.m3u8,text/plain; charset=utf-8,3101.6,102,none,0,0,False,[],[],,2026-08-15T07:05:08+00:00
卫视 (345源),ipv697,https://345.lishuhang.com/ipv697.m3u8,http_error,502,https://345.lishuhang.com/ipv697.m3u8,text/plain; charset=utf-8,2347.7,87,none,0,0,False,[],[],,2026-08-15T07:05:09+00:00
卫视 (345源),ipv697,https://345.lishuhang.com/itv70.m3u8,http_error,502,https://345.lishuhang.com/itv70.m3u8,text/plain; charset=utf-8,5353.4,72,none,0,0,False,[],[],,2026-08-15T07:05:09+00:00
卫视 (345源),ipv697,https://345.lishuhang.com/ws34.m3u8,http_error,502,https://345.lishuhang.com/ws34.m3u8,text/plain; charset=utf-8,4164.9,102,none,0,0,False,[],[],,2026-08-15T07:05:11+00:00
卫视 (345源),fjitv87,https://345.lishuhang.com/fjitv87.m3u8,http_error,502,https://345.lishuhang.com/fjitv87.m3u8,text/plain; charset=utf-8,3625.1,72,none,0,0,False,[],[],,2026-08-15T07:05:11+00:00
卫视 (345源),fjitv87,https://345.lishuhang.com/fjitv169.m3u8,http_error,502,https://345.lishuhang.com/fjitv169.m3u8,text/plain; charset=utf-8,3421.5,72,none,0,0,False,[],[],,2026-08-15T07:05:12+00:00
卫视 (345源),fjitv87,https://345.lishuhang.com/hlitv49.m3u8,request_exception,,,,,0,none,0,0,False,[],[],"HTTPSConnectionPool(host='345.lishuhang.com', port=443): Read timed out. (read timeout=12.0)",2026-08-15T07:05:13+00:00
卫视 (345源),fjitv87,https://345.lishuhang.com/ipv687.m3u8,http_error,502,https://345.lishuhang.com/ipv687.m3u8,text/plain; charset=utf-8,2225.2,87,none,0,0,False,[],[],,2026-08-15T07:05:14+00:00
卫视 (345源),fjitv87,https://345.lishuhang.com/itv67.m3u8,segment_failure,200,https://345.lishuhang.com/itv67.m3u8,application/vnd.apple.mpegurl,4822.2,851,media,2,0,False,"[404, 400]","[426.1, 437.3]",,2026-08-15T07:05:15+00:00
卫视 (345源),fjitv87,https://345.lishuhang.com/migu55.m3u8,http_error,502,https://345.lishuhang.com/migu55.m3u8,text/plain; charset=utf-8,3335.7,102,none,0,0,False,[],[],,2026-08-15T07:05:15+00:00
卫视 (345源),fjitv87,https://345.lishuhang.com/ws31.m3u8,request_exception,,,,,0,none,0,0,False,[],[],"HTTPSConnectionPool(host='345.lishuhang.com', port=443): Read timed out. (read timeout=12.0)",2026-08-15T07:05:15+00:00
卫视 (345源),fjitv90,https://345.lishuhang.com/fjitv90.m3u8,http_error,502,https://345.lishuhang.com/fjitv90.m3u8,text/plain; charset=utf-8,3453.9,72,none,0,0,False,[],[],,2026-08-15T07:05:17+00:00
卫视 (345源),fjitv90,https://345.lishuhang.com/fjitv172.m3u8,http_error,502,https://345.lishuhang.com/fjitv172.m3u8,text/plain; charset=utf-8,3397.6,72,none,0,0,False,[],[],,2026-08-15T07:05:18+00:00
卫视 (345源),fjitv90,https://345.lishuhang.com/hlitv53.m3u8,request_exception,,,,,0,none,0,0,False,[],[],"HTTPSConnectionPool(host='345.lishuhang.com', port=443): Read timed out. (read timeout=12.0)",2026-08-15T07:05:20+00:00
卫视 (345源),fjitv14,https://345.lishuhang.com/fjitv14.m3u8,http_error,502,https://345.lishuhang.com/fjitv14.m3u8,text/plain; charset=utf-8,3459.4,72,none,0,0,False,[],[],,2026-08-15T07:05:20+00:00
卫视 (345源),fjitv14,https://345.lishuhang.com/fjitv43.m3u8,http_error,502,https://345.lishuhang.com/fjitv43.m3u8,text/plain; charset=utf-8,3588.6,72,none,0,0,False,[],[],,2026-08-15T07:05:20+00:00
卫视 (345源),fjitv14,https://345.lishuhang.com/fjitv164.m3u8,http_error,502,https://345.lishuhang.com/fjitv164.m3u8,text/plain; charset=utf-8,3619.7,72,none,0,0,False,[],[],,2026-08-15T07:05:21+00:00
卫视 (345源),fjitv14,https://345.lishuhang.com/fjitv213.m3u8,http_error,502,https://345.lishuhang.com/fjitv213.m3u8,text/plain; charset=utf-8,3247.4,72,none,0,0,False,[],[],,2026-08-15T07:05:23+00:00
卫视 (345源),fjitv14,https://345.lishuhang.com/hlitv27.m3u8,request_exception,,,,,0,none,0,0,False,[],[],"HTTPSConnectionPool(host='345.lishuhang.com', port=443): Read timed out. (read timeout=12.0)",2026-08-15T07:05:24+00:00
卫视 (345源),fjitv14,https://345.lishuhang.com/hlitv58.m3u8,request_exception,,,,,0,none,0,0,False,[],[],"HTTPSConnectionPool(host='345.lishuhang.com', port=443): Read timed out. (read timeout=12.0)",2026-08-15T07:05:25+00:00
卫视 (345源),fjitv14,https://345.lishuhang.com/hlitv112.m3u8,request_exception,,,,,0,none,0,0,False,[],[],"HTTPSConnectionPool(host='345.lishuhang.com', port=443): Read timed out. (read timeout=12.0)",2026-08-15T07:05:27+00:00
卫视 (345源),fjitv14,https://345.lishuhang.com/ipv634.m3u8,http_error,502,https://345.lishuhang.com/ipv634.m3u8,text/plain; charset=utf-8,2265.3,87,none,0,0,False,[],[],,2026-08-15T07:05:27+00:00
卫视 (345源),fjitv14,https://345.lishuhang.com/ipv667.m3u8,http_error,502,https://345.lishuhang.com/ipv667.m3u8,text/plain; charset=utf-8,2262.2,87,none,0,0,False,[],[],,2026-08-15T07:05:29+00:00
卫视 (345源),fjitv14,https://345.lishuhang.com/itv38.m3u8,not_hls,200,https://345.lishuhang.com/itv38.m3u8,application/vnd.apple.mpegurl,4302.6,3,none,0,0,False,[],[],,2026-08-15T07:05:29+00:00
卫视 (345源),fjitv14,https://345.lishuhang.com/migu46.m3u8,http_error,502,https://345.lishuhang.com/migu46.m3u8,text/plain; charset=utf-8,3441.5,102,none,0,0,False,[],[],,2026-08-15T07:05:31+00:00
卫视 (345源),fjitv14,https://345.lishuhang.com/ws2.m3u8,http_error,502,https://345.lishuhang.com/ws2.m3u8,text/plain; charset=utf-8,6609.0,75,none,0,0,False,[],[],,2026-08-15T07:05:33+00:00
卫视 (345源),fjitv40,https://345.lishuhang.com/fjitv40.m3u8,http_error,502,https://345.lishuhang.com/fjitv40.m3u8,text/plain; charset=utf-8,3236.8,72,none,0,0,False,[],[],,2026-08-15T07:05:34+00:00
卫视 (345源),fjitv40,https://345.lishuhang.com/fjitv41.m3u8,http_error,502,https://345.lishuhang.com/fjitv41.m3u8,text/plain; charset=utf-8,3559.4,72,none,0,0,False,[],[],,2026-08-15T07:05:34+00:00
卫视 (345源),fjitv40,https://345.lishuhang.com/fjitv152.m3u8,http_error,502,https://345.lishuhang.com/fjitv152.m3u8,text/plain; charset=utf-8,3494.0,72,none,0,0,False,[],[],,2026-08-15T07:05:37+00:00
卫视 (345源),fjitv40,https://345.lishuhang.com/fjitv175.m3u8,http_error,502,https://345.lishuhang.com/fjitv175.m3u8,text/plain; charset=utf-8,3945.8,72,none,0,0,False,[],[],,2026-08-15T07:05:37+00:00
卫视 (345源),fjitv40,https://345.lishuhang.com/hlitv29.m3u8,request_exception,,,,,0,none,0,0,False,[],[],"HTTPSConnectionPool(host='345.lishuhang.com', port=443): Read timed out. (read timeout=12.0)",2026-08-15T07:05:38+00:00
卫视 (345源),fjitv40,https://345.lishuhang.com/hlitv56.m3u8,request_exception,,,,,0,none,0,0,False,[],[],"HTTPSConnectionPool(host='345.lishuhang.com', port=443): Read timed out. (read timeout=12.0)",2026-08-15T07:05:39+00:00
卫视 (345源),fjitv40,https://345.lishuhang.com/ipv648.m3u8,http_error,502,https://345.lishuhang.com/ipv648.m3u8,text/plain; charset=utf-8,2185.1,87,none,0,0,False,[],[],,2026-08-15T07:05:40+00:00
卫视 (345源),fjitv40,https://345.lishuhang.com/ipv690.m3u8,http_error,502,https://345.lishuhang.com/ipv690.m3u8,text/plain; charset=utf-8,2455.0,87,none,0,0,False,[],[],,2026-08-15T07:05:40+00:00
卫视 (345源),fjitv40,https://345.lishuhang.com/itv49.m3u8,not_hls,200,https://345.lishuhang.com/itv49.m3u8,application/vnd.apple.mpegurl,5063.3,3,none,0,0,False,[],[],,2026-08-15T07:05:41+00:00
卫视 (345源),fjitv40,https://345.lishuhang.com/migu63.m3u8,http_error,502,https://345.lishuhang.com/migu63.m3u8,text/plain; charset=utf-8,3425.8,102,none,0,0,False,[],[],,2026-08-15T07:05:41+00:00
卫视 (345源),fjitv40,https://345.lishuhang.com/ws13.m3u8,request_exception,,,,,0,none,0,0,False,[],[],"HTTPSConnectionPool(host='345.lishuhang.com', port=443): Read timed out. (read timeout=12.0)",2026-08-15T07:05:42+00:00
卫视 (345源),fjitv155,https://345.lishuhang.com/fjitv155.m3u8,http_error,502,https://345.lishuhang.com/fjitv155.m3u8,text/plain; charset=utf-8,3339.0,72,none,0,0,False,[],[],,2026-08-15T07:05:43+00:00
卫视 (345源),fjitv155,https://345.lishuhang.com/hlitv37.m3u8,request_exception,,,,,0,none,0,0,False,[],[],"HTTPSConnectionPool(host='345.lishuhang.com', port=443): Read timed out. (read timeout=12.0)",2026-08-15T07:05:45+00:00
卫视 (345源),fjitv155,https://345.lishuhang.com/ipv647.m3u8,http_error,502,https://345.lishuhang.com/ipv647.m3u8,text/plain; charset=utf-8,2326.1,87,none,0,0,False,[],[],,2026-08-15T07:05:46+00:00
卫视 (345源),fjitv155,https://345.lishuhang.com/ipv678.m3u8,http_error,502,https://345.lishuhang.com/ipv678.m3u8,text/plain; charset=utf-8,2329.9,87,none,0,0,False,[],[],,2026-08-15T07:05:46+00:00
卫视 (345源),fjitv155,https://345.lishuhang.com/itv46.m3u8,not_hls,200,https://345.lishuhang.com/itv46.m3u8,application/vnd.apple.mpegurl,10422.6,3,none,0,0,False,[],[],,2026-08-15T07:05:48+00:00
卫视 (345源),fjitv155,https://345.lishuhang.com/migu69.m3u8,http_error,502,https://345.lishuhang.com/migu69.m3u8,text/plain; charset=utf-8,3702.4,102,none,0,0,False,[],[],,2026-08-15T07:05:48+00:00
卫视 (345源),fjitv155,https://345.lishuhang.com/ws10.m3u8,http_error,502,https://345.lishuhang.com/ws10.m3u8,text/plain; charset=utf-8,3846.8,102,none,0,0,False,[],[],,2026-08-15T07:05:51+00:00
卫视 (345源),fjitv80,https://345.lishuhang.com/fjitv80.m3u8,http_error,502,https://345.lishuhang.com/fjitv80.m3u8,text/plain; charset=utf-8,3372.4,72,none,0,0,False,[],[],,2026-08-15T07:05:52+00:00
卫视 (345源),fjitv80,https://345.lishuhang.com/fjitv160.m3u8,http_error,502,https://345.lishuhang.com/fjitv160.m3u8,text/plain; charset=utf-8,3161.9,72,none,0,0,False,[],[],,2026-08-15T07:05:52+00:00
卫视 (345源),fjitv80,https://345.lishuhang.com/fjitv201.m3u8,http_error,502,https://345.lishuhang.com/fjitv201.m3u8,text/plain; charset=utf-8,3376.6,72,none,0,0,False,[],[],,2026-08-15T07:05:55+00:00
卫视 (345源),fjitv80,https://345.lishuhang.com/ipv649.m3u8,http_error,502,https://345.lishuhang.com/ipv649.m3u8,text/plain; charset=utf-8,2497.2,87,none,0,0,False,[],[],,2026-08-15T07:05:55+00:00
卫视 (345源),fjitv80,https://345.lishuhang.com/ipv674.m3u8,http_error,502,https://345.lishuhang.com/ipv674.m3u8,text/plain; charset=utf-8,2936.3,87,none,0,0,False,[],[],,2026-08-15T07:05:55+00:00
卫视 (345源),fjitv80,https://345.lishuhang.com/itv59.m3u8,not_hls,200,https://345.lishuhang.com/itv59.m3u8,application/vnd.apple.mpegurl,3715.6,3,none,0,0,False,[],[],,2026-08-15T07:05:56+00:00
卫视 (345源),fjitv80,https://345.lishuhang.com/migu52.m3u8,http_error,502,https://345.lishuhang.com/migu52.m3u8,text/plain; charset=utf-8,3558.7,102,none,0,0,False,[],[],,2026-08-15T07:05:58+00:00
卫视 (345源),fjitv80,https://345.lishuhang.com/ws23.m3u8,http_error,502,https://345.lishuhang.com/ws23.m3u8,text/plain; charset=utf-8,3443.2,102,none,0,0,False,[],[],,2026-08-15T07:05:58+00:00
卫视 (345源),fjitv15,https://345.lishuhang.com/fjitv15.m3u8,http_error,502,https://345.lishuhang.com/fjitv15.m3u8,text/plain; charset=utf-8,3194.1,72,none,0,0,False,[],[],,2026-08-15T07:05:58+00:00
卫视 (345源),fjitv15,https://345.lishuhang.com/fjitv36.m3u8,http_error,502,https://345.lishuhang.com/fjitv36.m3u8,text/plain; charset=utf-8,3228.0,72,none,0,0,False,[],[],,2026-08-15T07:05:59+00:00
卫视 (345源),fjitv15,https://345.lishuhang.com/fjitv143.m3u8,http_error,502,https://345.lishuhang.com/fjitv143.m3u8,text/plain; charset=utf-8,3453.2,72,none,0,0,False,[],[],,2026-08-15T07:05:59+00:00
卫视 (345源),fjitv15,https://345.lishuhang.com/fjitv217.m3u8,http_error,502,https://345.lishuhang.com/fjitv217.m3u8,text/plain; charset=utf-8,3175.3,72,none,0,0,False,[],[],,2026-08-15T07:06:00+00:00
卫视 (345源),fjitv15,https://345.lishuhang.com/hlitv26.m3u8,request_exception,,,,,0,none,0,0,False,[],[],"HTTPSConnectionPool(host='345.lishuhang.com', port=443): Read timed out. (read timeout=12.0)",2026-08-15T07:06:01+00:00
卫视 (345源),fjitv15,https://345.lishuhang.com/hlitv57.m3u8,request_exception,,,,,0,none,0,0,False,[],[],"HTTPSConnectionPool(host='345.lishuhang.com', port=443): Read timed out. (read timeout=12.0)",2026-08-15T07:06:02+00:00
卫视 (345源),fjitv15,https://345.lishuhang.com/hlitv111.m3u8,request_exception,,,,,0,none,0,0,False,[],[],"HTTPSConnectionPool(host='345.lishuhang.com', port=443): Read timed out. (read timeout=12.0)",2026-08-15T07:06:02+00:00
卫视 (345源),fjitv15,https://345.lishuhang.com/ipv633.m3u8,http_error,502,https://345.lishuhang.com/ipv633.m3u8,text/plain; charset=utf-8,2397.4,87,none,0,0,False,[],[],,2026-08-15T07:06:02+00:00
卫视 (345源),fjitv15,https://345.lishuhang.com/ipv665.m3u8,http_error,502,https://345.lishuhang.com/ipv665.m3u8,text/plain; charset=utf-8,2331.3,87,none,0,0,False,[],[],,2026-08-15T07:06:02+00:00
卫视 (345源),fjitv15,https://345.lishuhang.com/itv39.m3u8,not_hls,200,https://345.lishuhang.com/itv39.m3u8,application/vnd.apple.mpegurl,4526.6,3,none,0,0,False,[],[],,2026-08-15T07:06:03+00:00
卫视 (345源),fjitv15,https://345.lishuhang.com/migu39.m3u8,http_error,502,https://345.lishuhang.com/migu39.m3u8,text/plain; charset=utf-8,3466.7,102,none,0,0,False,[],[],,2026-08-15T07:06:04+00:00
卫视 (345源),fjitv15,https://345.lishuhang.com/ws3.m3u8,request_exception,,,,,0,none,0,0,False,[],[],"HTTPSConnectionPool(host='345.lishuhang.com', port=443): Read timed out. (read timeout=12.0)",2026-08-15T07:06:04+00:00
卫视 (345源),ipv652,https://345.lishuhang.com/ipv652.m3u8,http_error,502,https://345.lishuhang.com/ipv652.m3u8,text/plain; charset=utf-8,2278.8,87,none,0,0,False,[],[],,2026-08-15T07:06:07+00:00
卫视 (345源),ipv652,https://345.lishuhang.com/ipv699.m3u8,http_error,502,https://345.lishuhang.com/ipv699.m3u8,text/plain; charset=utf-8,2229.2,87,none,0,0,False,[],[],,2026-08-15T07:06:08+00:00
卫视 (345源),ipv652,https://345.lishuhang.com/itv51.m3u8,not_hls,200,https://345.lishuhang.com/itv51.m3u8,application/vnd.apple.mpegurl,7189.5,3,none,0,0,False,[],[],,2026-08-15T07:06:10+00:00
卫视 (345源),ipv652,https://345.lishuhang.com/migu57.m3u8,http_error,502,https://345.lishuhang.com/migu57.m3u8,text/plain; charset=utf-8,3388.2,102,none,0,0,False,[],[],,2026-08-15T07:06:10+00:00
卫视 (345源),ipv652,https://345.lishuhang.com/ws15.m3u8,http_error,502,https://345.lishuhang.com/ws15.m3u8,text/plain; charset=utf-8,3975.2,102,none,0,0,False,[],[],,2026-08-15T07:06:13+00:00
卫视 (345源),fjitv33,https://345.lishuhang.com/fjitv33.m3u8,http_error,502,https://345.lishuhang.com/fjitv33.m3u8,text/plain; charset=utf-8,3313.3,72,none,0,0,False,[],[],,2026-08-15T07:06:15+00:00
卫视 (345源),fjitv33,https://345.lishuhang.com/fjitv82.m3u8,http_error,502,https://345.lishuhang.com/fjitv82.m3u8,text/plain; charset=utf-8,3303.2,72,none,0,0,False,[],[],,2026-08-15T07:06:15+00:00
卫视 (345源),fjitv33,https://345.lishuhang.com/fjitv165.m3u8,http_error,502,https://345.lishuhang.com/fjitv165.m3u8,text/plain; charset=utf-8,3249.2,72,none,0,0,False,[],[],,2026-08-15T07:06:15+00:00
卫视 (345源),fjitv33,https://345.lishuhang.com/fjitv221.m3u8,http_error,502,https://345.lishuhang.com/fjitv221.m3u8,text/plain; charset=utf-8,3505.9,72,none,0,0,False,[],[],,2026-08-15T07:06:17+00:00
卫视 (345源),fjitv33,https://345.lishuhang.com/hlitv28.m3u8,request_exception,,,,,0,none,0,0,False,[],[],"HTTPSConnectionPool(host='345.lishuhang.com', port=443): Read timed out. (read timeout=12.0)",2026-08-15T07:06:17+00:00
卫视 (345源),fjitv33,https://345.lishuhang.com/hlitv59.m3u8,request_exception,,,,,0,none,0,0,False,[],[],"HTTPSConnectionPool(host='345.lishuhang.com', port=443): Read timed out. (read timeout=12.0)",2026-08-15T07:06:18+00:00
卫视 (345源),fjitv33,https://345.lishuhang.com/hlitv117.m3u8,request_exception,,,,,0,none,0,0,False,[],[],"HTTPSConnectionPool(host='345.lishuhang.com', port=443): Read timed out. (read timeout=12.0)",2026-08-15T07:06:18+00:00
卫视 (345源),fjitv33,https://345.lishuhang.com/hlitv153.m3u8,request_exception,,,,,0,none,0,0,False,[],[],"HTTPSConnectionPool(host='345.lishuhang.com', port=443): Read timed out. (read timeout=12.0)",2026-08-15T07:06:19+00:00
卫视 (345源),fjitv33,https://345.lishuhang.com/ipv639.m3u8,http_error,502,https://345.lishuhang.com/ipv639.m3u8,text/plain; charset=utf-8,2295.0,87,none,0,0,False,[],[],,2026-08-15T07:06:19+00:00
卫视 (345源),fjitv33,https://345.lishuhang.com/ipv673.m3u8,http_error,502,https://345.lishuhang.com/ipv673.m3u8,text/plain; charset=utf-8,2467.2,87,none,0,0,False,[],[],,2026-08-15T07:06:20+00:00
卫视 (345源),fjitv33,https://345.lishuhang.com/itv42.m3u8,not_hls,200,https://345.lishuhang.com/itv42.m3u8,application/vnd.apple.mpegurl,4657.3,3,none,0,0,False,[],[],,2026-08-15T07:06:21+00:00
卫视 (345源),fjitv33,https://345.lishuhang.com/migu48.m3u8,http_error,502,https://345.lishuhang.com/migu48.m3u8,text/plain; charset=utf-8,3410.3,102,none,0,0,False,[],[],,2026-08-15T07:06:23+00:00
卫视 (345源),fjitv33,https://345.lishuhang.com/ws6.m3u8,http_error,502,https://345.lishuhang.com/ws6.m3u8,text/plain; charset=utf-8,6906.4,75,none,0,0,False,[],[],,2026-08-15T07:06:26+00:00
卫视 (345源),fjitv34,https://345.lishuhang.com/fjitv34.m3u8,http_error,502,https://345.lishuhang.com/fjitv34.m3u8,text/plain; charset=utf-8,3163.0,72,none,0,0,False,[],[],,2026-08-15T07:06:26+00:00
卫视 (345源),fjitv34,https://345.lishuhang.com/fjitv35.m3u8,http_error,502,https://345.lishuhang.com/fjitv35.m3u8,text/plain; charset=utf-8,3817.0,72,none,0,0,False,[],[],,2026-08-15T07:06:29+00:00
卫视 (345源),fjitv34,https://345.lishuhang.com/fjitv76.m3u8,http_error,502,https://345.lishuhang.com/fjitv76.m3u8,text/plain; charset=utf-8,3409.5,72,none,0,0,False,[],[],,2026-08-15T07:06:31+00:00
卫视 (345源),fjitv34,https://345.lishuhang.com/fjitv158.m3u8,http_error,502,https://345.lishuhang.com/fjitv158.m3u8,text/plain; charset=utf-8,3192.1,72,none,0,0,False,[],[],,2026-08-15T07:06:32+00:00
卫视 (345源),fjitv34,https://345.lishuhang.com/fjitv228.m3u8,http_error,502,https://345.lishuhang.com/fjitv228.m3u8,text/plain; charset=utf-8,5033.4,72,none,0,0,False,[],[],,2026-08-15T07:06:32+00:00
卫视 (345源),fjitv34,https://345.lishuhang.com/fjitv301.m3u8,http_error,502,https://345.lishuhang.com/fjitv301.m3u8,text/plain; charset=utf-8,3285.9,72,none,0,0,False,[],[],,2026-08-15T07:06:32+00:00
卫视 (345源),fjitv34,https://345.lishuhang.com/hlitv41.m3u8,request_exception,,,,,0,none,0,0,False,[],[],"HTTPSConnectionPool(host='345.lishuhang.com', port=443): Read timed out. (read timeout=12.0)",2026-08-15T07:06:33+00:00
卫视 (345源),fjitv34,https://345.lishuhang.com/hlitv63.m3u8,request_exception,,,,,0,none,0,0,False,[],[],"HTTPSConnectionPool(host='345.lishuhang.com', port=443): Read timed out. (read timeout=12.0)",2026-08-15T07:06:33+00:00
卫视 (345源),fjitv34,https://345.lishuhang.com/hlitv119.m3u8,request_exception,,,,,0,none,0,0,False,[],[],"HTTPSConnectionPool(host='345.lishuhang.com', port=443): Read timed out. (read timeout=12.0)",2026-08-15T07:06:34+00:00
卫视 (345源),fjitv34,https://345.lishuhang.com/ipv642.m3u8,http_error,502,https://345.lishuhang.com/ipv642.m3u8,text/plain; charset=utf-8,2225.7,87,none,0,0,False,[],[],,2026-08-15T07:06:35+00:00
卫视 (345源),fjitv34,https://345.lishuhang.com/ipv669.m3u8,http_error,502,https://345.lishuhang.com/ipv669.m3u8,text/plain; charset=utf-8,2337.4,87,none,0,0,False,[],[],,2026-08-15T07:06:35+00:00
卫视 (345源),fjitv34,https://345.lishuhang.com/itv48.m3u8,not_hls,200,https://345.lishuhang.com/itv48.m3u8,application/vnd.apple.mpegurl,7461.8,3,none,0,0,False,[],[],,2026-08-15T07:06:37+00:00
卫视 (345源),fjitv34,https://345.lishuhang.com/migu43.m3u8,http_error,502,https://345.lishuhang.com/migu43.m3u8,text/plain; charset=utf-8,3645.1,102,none,0,0,False,[],[],,2026-08-15T07:06:37+00:00
卫视 (345源),fjitv34,https://345.lishuhang.com/ws12.m3u8,request_exception,,,,,0,none,0,0,False,[],[],"HTTPSConnectionPool(host='345.lishuhang.com', port=443): Read timed out. (read timeout=12.0)",2026-08-15T07:06:38+00:00
卫视 (345源),fjitv16,https://345.lishuhang.com/fjitv16.m3u8,http_error,502,https://345.lishuhang.com/fjitv16.m3u8,text/plain; charset=utf-8,3848.4,72,none,0,0,False,[],[],,2026-08-15T07:06:41+00:00
卫视 (345源),fjitv16,https://345.lishuhang.com/fjitv38.m3u8,http_error,502,https://345.lishuhang.com/fjitv38.m3u8,text/plain; charset=utf-8,3155.7,72,none,0,0,False,[],[],,2026-08-15T07:06:44+00:00
卫视 (345源),fjitv16,https://345.lishuhang.com/fjitv145.m3u8,http_error,502,https://345.lishuhang.com/fjitv145.m3u8,text/plain; charset=utf-8,3239.6,72,none,0,0,False,[],[],,2026-08-15T07:06:44+00:00
卫视 (345源),fjitv16,https://345.lishuhang.com/fjitv218.m3u8,http_error,502,https://345.lishuhang.com/fjitv218.m3u8,text/plain; charset=utf-8,3190.4,72,none,0,0,False,[],[],,2026-08-15T07:06:46+00:00
卫视 (345源),fjitv16,https://345.lishuhang.com/fjitv231.m3u8,http_error,502,https://345.lishuhang.com/fjitv231.m3u8,text/plain; charset=utf-8,3266.4,72,none,0,0,False,[],[],,2026-08-15T07:06:46+00:00
卫视 (345源),fjitv16,https://345.lishuhang.com/fjitv315.m3u8,http_error,502,https://345.lishuhang.com/fjitv315.m3u8,text/plain; charset=utf-8,3356.2,72,none,0,0,False,[],[],,2026-08-15T07:06:48+00:00
卫视 (345源),fjitv16,https://345.lishuhang.com/hlitv24.m3u8,request_exception,,,,,0,none,0,0,False,[],[],"HTTPSConnectionPool(host='345.lishuhang.com', port=443): Read timed out. (read timeout=12.0)",2026-08-15T07:06:48+00:00
卫视 (345源),fjitv16,https://345.lishuhang.com/hlitv60.m3u8,request_exception,,,,,0,none,0,0,False,[],[],"HTTPSConnectionPool(host='345.lishuhang.com', port=443): Read timed out. (read timeout=12.0)",2026-08-15T07:06:48+00:00
卫视 (345源),fjitv16,https://345.lishuhang.com/ipv632.m3u8,http_error,502,https://345.lishuhang.com/ipv632.m3u8,text/plain; charset=utf-8,2281.8,87,none,0,0,False,[],[],,2026-08-15T07:06:49+00:00
卫视 (345源),fjitv16,https://345.lishuhang.com/ipv666.m3u8,http_error,502,https://345.lishuhang.com/ipv666.m3u8,text/plain; charset=utf-8,2415.0,87,none,0,0,False,[],[],,2026-08-15T07:06:50+00:00
卫视 (345源),fjitv16,https://345.lishuhang.com/itv37.m3u8,not_hls,200,https://345.lishuhang.com/itv37.m3u8,application/vnd.apple.mpegurl,4502.8,3,none,0,0,False,[],[],,2026-08-15T07:06:51+00:00
卫视 (345源),fjitv16,https://345.lishuhang.com/migu38.m3u8,http_error,502,https://345.lishuhang.com/migu38.m3u8,text/plain; charset=utf-8,3343.5,102,none,0,0,False,[],[],,2026-08-15T07:06:51+00:00
卫视 (345源),fjitv16,https://345.lishuhang.com/ws1.m3u8,http_error,502,https://345.lishuhang.com/ws1.m3u8,text/plain; charset=utf-8,5990.9,75,none,0,0,False,[],[],,2026-08-15T07:06:52+00:00
卫视 (345源),itv252,https://345.lishuhang.com/itv252.m3u8,http_error,502,https://345.lishuhang.com/itv252.m3u8,text/plain; charset=utf-8,5613.9,72,none,0,0,False,[],[],,2026-08-15T07:06:52+00:00
卫视 (345源),itv253,https://345.lishuhang.com/itv253.m3u8,segment_failure,200,https://345.lishuhang.com/itv253.m3u8,application/vnd.apple.mpegurl,5242.7,408,media,2,0,False,"[400, 400]","[402.6, 407.4]",,2026-08-15T07:06:55+00:00
卫视 (345源),fjitv81,https://345.lishuhang.com/fjitv81.m3u8,http_error,502,https://345.lishuhang.com/fjitv81.m3u8,text/plain; charset=utf-8,5094.0,72,none,0,0,False,[],[],,2026-08-15T07:06:55+00:00
卫视 (345源),fjitv81,https://345.lishuhang.com/fjitv162.m3u8,http_error,502,https://345.lishuhang.com/fjitv162.m3u8,text/plain; charset=utf-8,3729.8,72,none,0,0,False,[],[],,2026-08-15T07:06:58+00:00
卫视 (345源),fjitv81,https://345.lishuhang.com/hlitv47.m3u8,request_exception,,,,,0,none,0,0,False,[],[],"HTTPSConnectionPool(host='345.lishuhang.com', port=443): Read timed out. (read timeout=12.0)",2026-08-15T07:06:58+00:00
卫视 (345源),fjitv81,https://345.lishuhang.com/ipv694.m3u8,http_error,502,https://345.lishuhang.com/ipv694.m3u8,text/plain; charset=utf-8,2280.1,87,none,0,0,False,[],[],,2026-08-15T07:07:01+00:00
卫视 (345源),fjitv81,https://345.lishuhang.com/itv60.m3u8,request_exception,,,,,0,none,0,0,False,[],[],"HTTPSConnectionPool(host='345.lishuhang.com', port=443): Read timed out. (read timeout=12.0)",2026-08-15T07:07:01+00:00
卫视 (345源),fjitv81,https://345.lishuhang.com/migu59.m3u8,http_error,502,https://345.lishuhang.com/migu59.m3u8,text/plain; charset=utf-8,3377.4,102,none,0,0,False,[],[],,2026-08-15T07:07:01+00:00
卫视 (345源),fjitv81,https://345.lishuhang.com/ws24.m3u8,http_error,502,https://345.lishuhang.com/ws24.m3u8,text/plain; charset=utf-8,4925.1,102,none,0,0,False,[],[],,2026-08-15T07:07:01+00:00
卫视 (345源),ipv691,https://345.lishuhang.com/ipv691.m3u8,http_error,502,https://345.lishuhang.com/ipv691.m3u8,text/plain; charset=utf-8,3070.3,87,none,0,0,False,[],[],,2026-08-15T07:07:01+00:00
卫视 (345源),fjitv89,https://345.lishuhang.com/fjitv89.m3u8,http_error,502,https://345.lishuhang.com/fjitv89.m3u8,text/plain; charset=utf-8,5821.1,72,none,0,0,False,[],[],,2026-08-15T07:07:03+00:00
卫视 (345源),fjitv89,https://345.lishuhang.com/fjitv171.m3u8,http_error,502,https://345.lishuhang.com/fjitv171.m3u8,text/plain; charset=utf-8,4544.4,72,none,0,0,False,[],[],,2026-08-15T07:07:04+00:00
卫视 (345源),fjitv89,https://345.lishuhang.com/hlitv52.m3u8,request_exception,,,,,0,none,0,0,False,[],[],"HTTPSConnectionPool(host='345.lishuhang.com', port=443): Read timed out. (read timeout=12.0)",2026-08-15T07:07:05+00:00
卫视 (345源),fjitv89,https://345.lishuhang.com/ipv679.m3u8,http_error,502,https://345.lishuhang.com/ipv679.m3u8,text/plain; charset=utf-8,2158.1,87,none,0,0,False,[],[],,2026-08-15T07:07:06+00:00
卫视 (345源),fjitv89,https://345.lishuhang.com/itv68.m3u8,request_exception,,,,,0,none,0,0,False,[],[],"HTTPSConnectionPool(host='345.lishuhang.com', port=443): Read timed out. (read timeout=12.0)",2026-08-15T07:07:08+00:00
卫视 (345源),fjitv89,https://345.lishuhang.com/migu54.m3u8,http_error,502,https://345.lishuhang.com/migu54.m3u8,text/plain; charset=utf-8,3459.4,102,none,0,0,False,[],[],,2026-08-15T07:07:09+00:00
卫视 (345源),fjitv89,https://345.lishuhang.com/ws32.m3u8,http_error,502,https://345.lishuhang.com/ws32.m3u8,text/plain; charset=utf-8,4419.5,102,none,0,0,False,[],[],,2026-08-15T07:07:09+00:00
卫视 (345源),fjitv77,https://345.lishuhang.com/fjitv77.m3u8,http_error,502,https://345.lishuhang.com/fjitv77.m3u8,text/plain; charset=utf-8,3347.3,72,none,0,0,False,[],[],,2026-08-15T07:07:12+00:00
卫视 (345源),fjitv77,https://345.lishuhang.com/fjitv156.m3u8,http_error,502,https://345.lishuhang.com/fjitv156.m3u8,text/plain; charset=utf-8,3737.8,72,none,0,0,False,[],[],,2026-08-15T07:07:12+00:00
卫视 (345源),fjitv77,https://345.lishuhang.com/hlitv40.m3u8,request_exception,,,,,0,none,0,0,False,[],[],"HTTPSConnectionPool(host='345.lishuhang.com', port=443): Read timed out. (read timeout=12.0)",2026-08-15T07:07:13+00:00
卫视 (345源),fjitv77,https://345.lishuhang.com/ipv653.m3u8,http_error,502,https://345.lishuhang.com/ipv653.m3u8,text/plain; charset=utf-8,2119.7,87,none,0,0,False,[],[],,2026-08-15T07:07:14+00:00
卫视 (345源),fjitv77,https://345.lishuhang.com/ipv692.m3u8,http_error,502,https://345.lishuhang.com/ipv692.m3u8,text/plain; charset=utf-8,2809.6,87,none,0,0,False,[],[],,2026-08-15T07:07:15+00:00
卫视 (345源),fjitv77,https://345.lishuhang.com/itv56.m3u8,not_hls,200,https://345.lishuhang.com/itv56.m3u8,application/vnd.apple.mpegurl,4417.5,3,none,0,0,False,[],[],,2026-08-15T07:07:16+00:00
卫视 (345源),fjitv77,https://345.lishuhang.com/migu62.m3u8,http_error,502,https://345.lishuhang.com/migu62.m3u8,text/plain; charset=utf-8,3577.3,102,none,0,0,False,[],[],,2026-08-15T07:07:16+00:00
卫视 (345源),fjitv77,https://345.lishuhang.com/ws20.m3u8,http_error,502,https://345.lishuhang.com/ws20.m3u8,text/plain; charset=utf-8,4114.4,102,none,0,0,False,[],[],,2026-08-15T07:07:18+00:00
卫视 (345源),fjitv23,https://345.lishuhang.com/fjitv23.m3u8,http_error,502,https://345.lishuhang.com/fjitv23.m3u8,text/plain; charset=utf-8,3330.8,72,none,0,0,False,[],[],,2026-08-15T07:07:19+00:00
卫视 (345源),fjitv23,https://345.lishuhang.com/fjitv85.m3u8,http_error,502,https://345.lishuhang.com/fjitv85.m3u8,text/plain; charset=utf-8,3058.1,72,none,0,0,False,[],[],,2026-08-15T07:07:20+00:00
卫视 (345源),fjitv23,https://345.lishuhang.com/fjitv150.m3u8,http_error,502,https://345.lishuhang.com/fjitv150.m3u8,text/plain; charset=utf-8,3729.4,72,none,0,0,False,[],[],,2026-08-15T07:07:20+00:00
卫视 (345源),fjitv23,https://345.lishuhang.com/fjitv227.m3u8,http_error,502,https://345.lishuhang.com/fjitv227.m3u8,text/plain; charset=utf-8,3319.3,72,none,0,0,False,[],[],,2026-08-15T07:07:22+00:00
卫视 (345源),fjitv23,https://345.lishuhang.com/hlitv33.m3u8,request_exception,,,,,0,none,0,0,False,[],[],"HTTPSConnectionPool(host='345.lishuhang.com', port=443): Read timed out. (read timeout=12.0)",2026-08-15T07:07:22+00:00
卫视 (345源),fjitv23,https://345.lishuhang.com/ipv638.m3u8,http_error,502,https://345.lishuhang.com/ipv638.m3u8,text/plain; charset=utf-8,2418.6,87,none,0,0,False,[],[],,2026-08-15T07:07:22+00:00
卫视 (345源),fjitv23,https://345.lishuhang.com/ipv685.m3u8,http_error,502,https://345.lishuhang.com/ipv685.m3u8,text/plain; charset=utf-8,2297.6,87,none,0,0,False,[],[],,2026-08-15T07:07:23+00:00
卫视 (345源),fjitv23,https://345.lishuhang.com/itv50.m3u8,not_hls,200,https://345.lishuhang.com/itv50.m3u8,application/vnd.apple.mpegurl,4528.6,3,none,0,0,False,[],[],,2026-08-15T07:07:24+00:00
卫视 (345源),fjitv23,https://345.lishuhang.com/migu44.m3u8,http_error,502,https://345.lishuhang.com/migu44.m3u8,text/plain; charset=utf-8,3691.3,102,none,0,0,False,[],[],,2026-08-15T07:07:25+00:00
卫视 (345源),fjitv23,https://345.lishuhang.com/ws14.m3u8,request_exception,,,,,0,none,0,0,False,[],[],"HTTPSConnectionPool(host='345.lishuhang.com', port=443): Read timed out. (read timeout=12.0)",2026-08-15T07:07:25+00:00
卫视 (345源),fjitv24,https://345.lishuhang.com/fjitv24.m3u8,http_error,502,https://345.lishuhang.com/fjitv24.m3u8,text/plain; charset=utf-8,3282.7,72,none,0,0,False,[],[],,2026-08-15T07:07:25+00:00
卫视 (345源),fjitv24,https://345.lishuhang.com/fjitv72.m3u8,http_error,502,https://345.lishuhang.com/fjitv72.m3u8,text/plain; charset=utf-8,3201.2,72,none,0,0,False,[],[],,2026-08-15T07:07:27+00:00
卫视 (345源),fjitv24,https://345.lishuhang.com/fjitv149.m3u8,http_error,502,https://345.lishuhang.com/fjitv149.m3u8,text/plain; charset=utf-8,3267.0,72,none,0,0,False,[],[],,2026-08-15T07:07:28+00:00
卫视 (345源),fjitv24,https://345.lishuhang.com/fjitv229.m3u8,http_error,502,https://345.lishuhang.com/fjitv229.m3u8,text/plain; charset=utf-8,3321.3,72,none,0,0,False,[],[],,2026-08-15T07:07:29+00:00
卫视 (345源),fjitv24,https://345.lishuhang.com/hlitv32.m3u8,request_exception,,,,,0,none,0,0,False,[],[],"HTTPSConnectionPool(host='345.lishuhang.com', port=443): Read timed out. (read timeout=12.0)",2026-08-15T07:07:29+00:00
卫视 (345源),fjitv24,https://345.lishuhang.com/ipv644.m3u8,http_error,502,https://345.lishuhang.com/ipv644.m3u8,text/plain; charset=utf-8,2886.2,87,none,0,0,False,[],[],,2026-08-15T07:07:30+00:00
卫视 (345源),fjitv24,https://345.lishuhang.com/ipv695.m3u8,http_error,502,https://345.lishuhang.com/ipv695.m3u8,text/plain; charset=utf-8,2263.9,87,none,0,0,False,[],[],,2026-08-15T07:07:32+00:00
卫视 (345源),fjitv24,https://345.lishuhang.com/itv55.m3u8,not_hls,200,https://345.lishuhang.com/itv55.m3u8,application/vnd.apple.mpegurl,7685.1,3,none,0,0,False,[],[],,2026-08-15T07:07:32+00:00
卫视 (345源),fjitv24,https://345.lishuhang.com/migu64.m3u8,http_error,502,https://345.lishuhang.com/migu64.m3u8,text/plain; charset=utf-8,3485.1,102,none,0,0,False,[],[],,2026-08-15T07:07:33+00:00
卫视 (345源),fjitv24,https://345.lishuhang.com/ws19.m3u8,request_exception,,,,,0,none,0,0,False,[],[],"HTTPSConnectionPool(host='345.lishuhang.com', port=443): Read timed out. (read timeout=12.0)",2026-08-15T07:07:34+00:00
卫视 (345源),fjitv103,https://345.lishuhang.com/fjitv103.m3u8,http_error,502,https://345.lishuhang.com/fjitv103.m3u8,text/plain; charset=utf-8,3172.0,72,none,0,0,False,[],[],,2026-08-15T07:07:35+00:00
卫视 (345源),fjitv103,https://345.lishuhang.com/fjitv177.m3u8,http_error,502,https://345.lishuhang.com/fjitv177.m3u8,text/plain; charset=utf-8,3047.3,72,none,0,0,False,[],[],,2026-08-15T07:07:37+00:00
卫视 (345源),fjitv103,https://345.lishuhang.com/fjitv294.m3u8,http_error,502,https://345.lishuhang.com/fjitv294.m3u8,text/plain; charset=utf-8,2998.0,72,none,0,0,False,[],[],,2026-08-15T07:07:39+00:00
卫视 (345源),fjitv103,https://345.lishuhang.com/fjitv312.m3u8,http_error,502,https://345.lishuhang.com/fjitv312.m3u8,text/plain; charset=utf-8,3260.7,72,none,0,0,False,[],[],,2026-08-15T07:07:39+00:00
卫视 (345源),fjitv103,https://345.lishuhang.com/hlitv67.m3u8,request_exception,,,,,0,none,0,0,False,[],[],"HTTPSConnectionPool(host='345.lishuhang.com', port=443): Read timed out. (read timeout=12.0)",2026-08-15T07:07:40+00:00
卫视 (345源),fjitv103,https://345.lishuhang.com/itv254.m3u8,segment_failure,200,https://345.lishuhang.com/itv254.m3u8,application/vnd.apple.mpegurl,7600.7,405,media,2,0,False,"[400, 400]","[419.1, 422.6]",,2026-08-15T07:07:40+00:00
卫视 (345源),fjitv270,https://345.lishuhang.com/fjitv270.m3u8,http_error,502,https://345.lishuhang.com/fjitv270.m3u8,text/plain; charset=utf-8,3214.9,72,none,0,0,False,[],[],,2026-08-15T07:07:42+00:00
卫视 (345源),fjitv270,https://345.lishuhang.com/fjitv308.m3u8,http_error,502,https://345.lishuhang.com/fjitv308.m3u8,text/plain; charset=utf-8,3356.3,72,none,0,0,False,[],[],,2026-08-15T07:07:42+00:00
卫视 (345源),fjitv270,https://345.lishuhang.com/ipv624.m3u8,http_error,502,https://345.lishuhang.com/ipv624.m3u8,text/plain; charset=utf-8,2020.6,87,none,0,0,False,[],[],,2026-08-15T07:07:42+00:00
卫视 (345源),fjitv270,https://345.lishuhang.com/itv255.m3u8,http_error,502,https://345.lishuhang.com/itv255.m3u8,text/plain; charset=utf-8,8316.4,72,none,0,0,False,[],[],,2026-08-15T07:07:44+00:00
卫视 (345源),fjitv84,https://345.lishuhang.com/fjitv84.m3u8,http_error,502,https://345.lishuhang.com/fjitv84.m3u8,text/plain; charset=utf-8,3505.7,72,none,0,0,False,[],[],,2026-08-15T07:07:45+00:00
卫视 (345源),fjitv84,https://345.lishuhang.com/fjitv167.m3u8,http_error,502,https://345.lishuhang.com/fjitv167.m3u8,text/plain; charset=utf-8,3351.0,72,none,0,0,False,[],[],,2026-08-15T07:07:45+00:00
卫视 (345源),fjitv84,https://345.lishuhang.com/hlitv39.m3u8,request_exception,,,,,0,none,0,0,False,[],[],"HTTPSConnectionPool(host='345.lishuhang.com', port=443): Read timed out. (read timeout=12.0)",2026-08-15T07:07:48+00:00
卫视 (345源),fjitv84,https://345.lishuhang.com/ipv675.m3u8,http_error,502,https://345.lishuhang.com/ipv675.m3u8,text/plain; charset=utf-8,2218.2,87,none,0,0,False,[],[],,2026-08-15T07:07:48+00:00
卫视 (345源),fjitv84,https://345.lishuhang.com/itv65.m3u8,request_exception,,,,,0,none,0,0,False,[],[],"HTTPSConnectionPool(host='345.lishuhang.com', port=443): Read timed out. (read timeout=12.0)",2026-08-15T07:07:48+00:00
卫视 (345源),fjitv84,https://345.lishuhang.com/migu66.m3u8,http_error,502,https://345.lishuhang.com/migu66.m3u8,text/plain; charset=utf-8,5364.9,102,none,0,0,False,[],[],,2026-08-15T07:07:49+00:00
卫视 (345源),fjitv84,https://345.lishuhang.com/ws29.m3u8,http_error,502,https://345.lishuhang.com/ws29.m3u8,text/plain; charset=utf-8,4297.1,102,none,0,0,False,[],[],,2026-08-15T07:07:50+00:00
卫视 (345源),fjitv79,https://345.lishuhang.com/fjitv79.m3u8,http_error,502,https://345.lishuhang.com/fjitv79.m3u8,text/plain; charset=utf-8,3148.9,72,none,0,0,False,[],[],,2026-08-15T07:07:53+00:00
卫视 (345源),fjitv79,https://345.lishuhang.com/fjitv159.m3u8,http_error,502,https://345.lishuhang.com/fjitv159.m3u8,text/plain; charset=utf-8,3241.1,72,none,0,0,False,[],[],,2026-08-15T07:07:53+00:00
卫视 (345源),fjitv79,https://345.lishuhang.com/hlitv42.m3u8,request_exception,,,,,0,none,0,0,False,[],[],"HTTPSConnectionPool(host='345.lishuhang.com', port=443): Read timed out. (read timeout=12.0)",2026-08-15T07:07:54+00:00
卫视 (345源),fjitv79,https://345.lishuhang.com/ipv681.m3u8,http_error,502,https://345.lishuhang.com/ipv681.m3u8,text/plain; charset=utf-8,3085.8,87,none,0,0,False,[],[],,2026-08-15T07:07:55+00:00
卫视 (345源),fjitv79,https://345.lishuhang.com/itv61.m3u8,request_exception,,,,,0,none,0,0,False,[],[],"HTTPSConnectionPool(host='345.lishuhang.com', port=443): Read timed out. (read timeout=12.0)",2026-08-15T07:07:56+00:00
卫视 (345源),fjitv79,https://345.lishuhang.com/migu61.m3u8,http_error,502,https://345.lishuhang.com/migu61.m3u8,text/plain; charset=utf-8,3425.9,102,none,0,0,False,[],[],,2026-08-15T07:07:56+00:00
卫视 (345源),fjitv79,https://345.lishuhang.com/ws25.m3u8,http_error,502,https://345.lishuhang.com/ws25.m3u8,text/plain; charset=utf-8,4377.5,102,none,0,0,False,[],[],,2026-08-15T07:07:58+00:00
卫视 (345源),fjitv19,https://345.lishuhang.com/fjitv19.m3u8,http_error,502,https://345.lishuhang.com/fjitv19.m3u8,text/plain; charset=utf-8,3242.5,72,none,0,0,False,[],[],,2026-08-15T07:08:00+00:00
卫视 (345源),fjitv19,https://345.lishuhang.com/fjitv92.m3u8,http_error,502,https://345.lishuhang.com/fjitv92.m3u8,text/plain; charset=utf-8,3255.8,72,none,0,0,False,[],[],,2026-08-15T07:08:01+00:00
卫视 (345源),fjitv19,https://345.lishuhang.com/fjitv174.m3u8,http_error,502,https://345.lishuhang.com/fjitv174.m3u8,text/plain; charset=utf-8,3356.7,72,none,0,0,False,[],[],,2026-08-15T07:08:02+00:00
卫视 (345源),fjitv19,https://345.lishuhang.com/fjitv223.m3u8,http_error,502,https://345.lishuhang.com/fjitv223.m3u8,text/plain; charset=utf-8,3329.1,72,none,0,0,False,[],[],,2026-08-15T07:08:02+00:00
卫视 (345源),fjitv19,https://345.lishuhang.com/hlitv54.m3u8,request_exception,,,,,0,none,0,0,False,[],[],"HTTPSConnectionPool(host='345.lishuhang.com', port=443): Read timed out. (read timeout=12.0)",2026-08-15T07:08:03+00:00
卫视 (345源),fjitv19,https://345.lishuhang.com/hlitv72.m3u8,request_exception,,,,,0,none,0,0,False,[],[],"HTTPSConnectionPool(host='345.lishuhang.com', port=443): Read timed out. (read timeout=12.0)",2026-08-15T07:08:04+00:00
卫视 (345源),fjitv19,https://345.lishuhang.com/ipv637.m3u8,http_error,502,https://345.lishuhang.com/ipv637.m3u8,text/plain; charset=utf-8,2332.5,87,none,0,0,False,[],[],,2026-08-15T07:08:05+00:00
卫视 (345源),fjitv19,https://345.lishuhang.com/ipv688.m3u8,http_error,502,https://345.lishuhang.com/ipv688.m3u8,text/plain; charset=utf-8,2272.3,87,none,0,0,False,[],[],,2026-08-15T07:08:05+00:00
卫视 (345源),fjitv19,https://345.lishuhang.com/itv47.m3u8,not_hls,200,https://345.lishuhang.com/itv47.m3u8,application/vnd.apple.mpegurl,4331.7,3,none,0,0,False,[],[],,2026-08-15T07:08:08+00:00
卫视 (345源),fjitv19,https://345.lishuhang.com/migu45.m3u8,http_error,502,https://345.lishuhang.com/migu45.m3u8,text/plain; charset=utf-8,3402.2,102,none,0,0,False,[],[],,2026-08-15T07:08:08+00:00
卫视 (345源),fjitv19,https://345.lishuhang.com/ws11.m3u8,request_exception,,,,,0,none,0,0,False,[],[],"HTTPSConnectionPool(host='345.lishuhang.com', port=443): Read timed out. (read timeout=12.0)",2026-08-15T07:08:08+00:00
港澳台 (345源),gt76,https://345.lishuhang.com/gt76.m3u8,transport_ok,200,https://345.lishuhang.com/gt76.m3u8,application/vnd.apple.mpegurl,3955.3,492,media,2,2,False,"[200, 200]","[3978.4, 5084.1]",,2026-08-15T07:08:09+00:00
港澳台 (345源),gt76,https://345.lishuhang.com/ty24.m3u8,partial_segment_failure,200,https://345.lishuhang.com/ty24.m3u8,application/vnd.apple.mpegurl,3787.4,486,media,2,1,False,"[200, 502]","[3324.7, 8227.6]",,2026-08-15T07:08:11+00:00
港澳台 (345源),gt77,https://345.lishuhang.com/gt77.m3u8,transport_ok,200,https://345.lishuhang.com/gt77.m3u8,application/vnd.apple.mpegurl,3906.6,486,media,2,2,False,"[200, 200]","[3228.8, 6205.7]",,2026-08-15T07:08:12+00:00
港澳台 (345源),gt77,https://345.lishuhang.com/ty25.m3u8,transport_ok,200,https://345.lishuhang.com/ty25.m3u8,application/vnd.apple.mpegurl,4440.1,209,media,1,1,False,[200],[3210.6],,2026-08-15T07:08:16+00:00
港澳台 (345源),gt24,https://345.lishuhang.com/gt24.m3u8,partial_segment_failure,200,https://345.lishuhang.com/gt24.m3u8,application/vnd.apple.mpegurl,4532.1,471,media,2,1,False,"[200, 502]","[3493.4, 3690.5]",,2026-08-15T07:08:18+00:00
港澳台 (345源),gt22,https://345.lishuhang.com/gt22.m3u8,transport_ok,200,https://345.lishuhang.com/gt22.m3u8,application/vnd.apple.mpegurl,9179.7,273,media,2,2,False,"[200, 200]","[3341.1, 5190.3]",,2026-08-15T07:08:21+00:00
港澳台 (345源),gt23,https://345.lishuhang.com/gt23.m3u8,partial_segment_failure,200,https://345.lishuhang.com/gt23.m3u8,application/vnd.apple.mpegurl,4016.6,471,media,2,1,False,"[200, 502]","[3478.7, 3657.7]",,2026-08-15T07:08:22+00:00
港澳台 (345源),gt17,https://345.lishuhang.com/gt17.m3u8,partial_segment_failure,200,https://345.lishuhang.com/gt17.m3u8,application/vnd.apple.mpegurl,3991.5,477,media,2,1,False,"[200, 502]","[4119.4, 5133.0]",,2026-08-15T07:08:24+00:00
港澳台 (345源),gt16,https://345.lishuhang.com/gt16.m3u8,http_error,502,https://345.lishuhang.com/gt16.m3u8,text/plain; charset=utf-8,2232.0,86,none,0,0,False,[],[],,2026-08-15T07:08:25+00:00
港澳台 (345源),gt18,https://345.lishuhang.com/gt18.m3u8,http_error,502,https://345.lishuhang.com/gt18.m3u8,text/plain; charset=utf-8,2195.1,86,none,0,0,False,[],[],,2026-08-15T07:08:26+00:00
港澳台 (345源),ty52,https://345.lishuhang.com/ty52.m3u8,http_error,502,https://345.lishuhang.com/ty52.m3u8,text/plain; charset=utf-8,2303.3,86,none,0,0,False,[],[],,2026-08-15T07:08:27+00:00
港澳台 (345源),gt8,https://345.lishuhang.com/gt8.m3u8,transport_ok,200,https://345.lishuhang.com/gt8.m3u8,application/vnd.apple.mpegurl,4090.5,487,media,2,2,False,"[200, 200]","[4048.7, 6411.8]",,2026-08-15T07:08:29+00:00
港澳台 (345源),gt56,https://345.lishuhang.com/gt56.m3u8,transport_ok,200,https://345.lishuhang.com/gt56.m3u8,application/vnd.apple.mpegurl,3806.5,483,media,2,2,False,"[200, 200]","[4052.5, 5462.7]",,2026-08-15T07:08:30+00:00
港澳台 (345源),gt55,https://345.lishuhang.com/gt55.m3u8,transport_ok,200,https://345.lishuhang.com/gt55.m3u8,application/vnd.apple.mpegurl,3901.0,477,media,2,2,False,"[200, 200]","[3530.4, 5787.6]",,2026-08-15T07:08:30+00:00
港澳台 (345源),movie7,https://345.lishuhang.com/movie7.m3u8,http_error,502,https://345.lishuhang.com/movie7.m3u8,text/plain; charset=utf-8,8438.1,72,none,0,0,False,[],[],,2026-08-15T07:08:34+00:00
港澳台 (345源),gt6,https://345.lishuhang.com/gt6.m3u8,transport_ok,200,https://345.lishuhang.com/gt6.m3u8,application/vnd.apple.mpegurl,4307.3,478,media,2,2,False,"[200, 200]","[2970.9, 6405.4]",,2026-08-15T07:08:37+00:00
港澳台 (345源),gt9,https://345.lishuhang.com/gt9.m3u8,partial_segment_failure,200,https://345.lishuhang.com/gt9.m3u8,application/vnd.apple.mpegurl,3801.8,472,media,2,1,False,"[200, 502]","[2879.6, 5223.5]",,2026-08-15T07:08:39+00:00
港澳台 (345源),gt5,https://345.lishuhang.com/gt5.m3u8,transport_ok,200,https://345.lishuhang.com/gt5.m3u8,application/vnd.apple.mpegurl,4692.1,478,media,2,2,False,"[200, 200]","[3584.4, 8616.8]",,2026-08-15T07:08:42+00:00
港澳台 (345源),gt19,https://345.lishuhang.com/gt19.m3u8,transport_ok,200,https://345.lishuhang.com/gt19.m3u8,application/vnd.apple.mpegurl,4044.6,486,media,2,2,False,"[200, 200]","[3800.4, 5039.7]",,2026-08-15T07:08:43+00:00
港澳台 (345源),gt20,https://345.lishuhang.com/gt20.m3u8,http_error,502,https://345.lishuhang.com/gt20.m3u8,text/plain; charset=utf-8,4618.1,75,none,0,0,False,[],[],,2026-08-15T07:08:43+00:00
港澳台 (345源),gt48,https://345.lishuhang.com/gt48.m3u8,partial_segment_failure,200,https://345.lishuhang.com/gt48.m3u8,application/vnd.apple.mpegurl,3566.8,288,media,2,1,False,"[200, 502]","[2988.5, 5011.3]",,2026-08-15T07:08:43+00:00
港澳台 (345源),gt44,https://345.lishuhang.com/gt44.m3u8,transport_ok,200,https://345.lishuhang.com/gt44.m3u8,application/vnd.apple.mpegurl,3716.9,483,media,2,2,False,"[200, 200]","[3399.8, 5406.8]",,2026-08-15T07:08:48+00:00
港澳台 (345源),gt45,https://345.lishuhang.com/gt45.m3u8,transport_ok,200,https://345.lishuhang.com/gt45.m3u8,application/vnd.apple.mpegurl,3855.1,481,media,2,2,False,"[200, 200]","[3652.2, 6795.5]",,2026-08-15T07:08:51+00:00
港澳台 (345源),gt43,https://345.lishuhang.com/gt43.m3u8,partial_segment_failure,200,https://345.lishuhang.com/gt43.m3u8,application/vnd.apple.mpegurl,3605.7,482,media,2,1,False,"[200, 502]","[3149.7, 5129.9]",,2026-08-15T07:08:51+00:00
港澳台 (345源),gt60,https://345.lishuhang.com/gt60.m3u8,transport_ok,200,https://345.lishuhang.com/gt60.m3u8,application/vnd.apple.mpegurl,3195.5,486,media,2,2,False,"[200, 200]","[3126.7, 5306.0]",,2026-08-15T07:08:55+00:00
港澳台 (345源),gt46,https://345.lishuhang.com/gt46.m3u8,partial_segment_failure,200,https://345.lishuhang.com/gt46.m3u8,application/vnd.apple.mpegurl,3073.2,471,media,2,1,False,"[200, 502]","[3622.5, 5237.9]",,2026-08-15T07:08:56+00:00
港澳台 (345源),gt1,https://345.lishuhang.com/gt1.m3u8,partial_segment_failure,200,https://345.lishuhang.com/gt1.m3u8,application/vnd.apple.mpegurl,3757.6,478,media,2,1,False,"[200, 502]","[4256.6, 2441.8]",,2026-08-15T07:08:59+00:00
港澳台 (345源),gt1,https://345.lishuhang.com/fjitv55.m3u8,http_error,502,https://345.lishuhang.com/fjitv55.m3u8,text/plain; charset=utf-8,3318.8,72,none,0,0,False,[],[],,2026-08-15T07:09:00+00:00
港澳台 (345源),gt1,https://345.lishuhang.com/fjitv203.m3u8,http_error,502,https://345.lishuhang.com/fjitv203.m3u8,text/plain; charset=utf-8,3506.5,72,none,0,0,False,[],[],,2026-08-15T07:09:03+00:00
港澳台 (345源),gt1,https://345.lishuhang.com/fjitv122.m3u8,http_error,502,https://345.lishuhang.com/fjitv122.m3u8,text/plain; charset=utf-8,3460.1,72,none,0,0,False,[],[],,2026-08-15T07:09:03+00:00
港澳台 (345源),gt1,https://345.lishuhang.com/hlitv98.m3u8,request_exception,,,,,0,none,0,0,False,[],[],"HTTPSConnectionPool(host='345.lishuhang.com', port=443): Read timed out. (read timeout=12.0)",2026-08-15T07:09:05+00:00
港澳台 (345源),gt2,https://345.lishuhang.com/gt2.m3u8,partial_segment_failure,200,https://345.lishuhang.com/gt2.m3u8,application/vnd.apple.mpegurl,4468.9,476,media,2,1,False,"[200, 502]","[3229.4, 5109.2]",,2026-08-15T07:09:06+00:00
港澳台 (345源),gt2,https://345.lishuhang.com/hlitv100.m3u8,request_exception,,,,,0,none,0,0,False,[],[],"HTTPSConnectionPool(host='345.lishuhang.com', port=443): Read timed out. (read timeout=12.0)",2026-08-15T07:09:06+00:00
港澳台 (345源),gt2,https://345.lishuhang.com/fjitv56.m3u8,http_error,502,https://345.lishuhang.com/fjitv56.m3u8,text/plain; charset=utf-8,3403.1,72,none,0,0,False,[],[],,2026-08-15T07:09:07+00:00
港澳台 (345源),gt2,https://345.lishuhang.com/fjitv204.m3u8,http_error,502,https://345.lishuhang.com/fjitv204.m3u8,text/plain; charset=utf-8,3314.5,72,none,0,0,False,[],[],,2026-08-15T07:09:08+00:00
港澳台 (345源),gt2,https://345.lishuhang.com/fjitv121.m3u8,http_error,502,https://345.lishuhang.com/fjitv121.m3u8,text/plain; charset=utf-8,3501.7,72,none,0,0,False,[],[],,2026-08-15T07:09:09+00:00
港澳台 (345源),gt3,https://345.lishuhang.com/gt3.m3u8,transport_ok,200,https://345.lishuhang.com/gt3.m3u8,application/vnd.apple.mpegurl,3965.1,478,media,2,2,False,"[200, 200]","[2837.8, 2636.8]",,2026-08-15T07:09:10+00:00
港澳台 (345源),gt63,https://345.lishuhang.com/gt63.m3u8,transport_ok,200,https://345.lishuhang.com/gt63.m3u8,application/vnd.apple.mpegurl,3523.7,486,media,2,2,False,"[200, 200]","[3623.3, 5593.0]",,2026-08-15T07:09:11+00:00
港澳台 (345源),gt51,https://345.lishuhang.com/gt51.m3u8,transport_ok,200,https://345.lishuhang.com/gt51.m3u8,application/vnd.apple.mpegurl,3486.5,483,media,2,2,False,"[200, 200]","[2888.1, 5341.0]",,2026-08-15T07:09:13+00:00
港澳台 (345源),ty50,https://345.lishuhang.com/ty50.m3u8,http_error,502,https://345.lishuhang.com/ty50.m3u8,text/plain; charset=utf-8,2330.1,86,none,0,0,False,[],[],,2026-08-15T07:09:19+00:00
港澳台 (345源),ty51,https://345.lishuhang.com/ty51.m3u8,http_error,502,https://345.lishuhang.com/ty51.m3u8,text/plain; charset=utf-8,2287.3,86,none,0,0,False,[],[],,2026-08-15T07:09:19+00:00
港澳台 (345源),ty49,https://345.lishuhang.com/ty49.m3u8,http_error,502,https://345.lishuhang.com/ty49.m3u8,text/plain; charset=utf-8,2315.8,86,none,0,0,False,[],[],,2026-08-15T07:09:20+00:00
港澳台 (345源),ty47,https://345.lishuhang.com/ty47.m3u8,http_error,502,https://345.lishuhang.com/ty47.m3u8,text/plain; charset=utf-8,2180.4,86,none,0,0,False,[],[],,2026-08-15T07:09:20+00:00
港澳台 (345源),ty48,https://345.lishuhang.com/ty48.m3u8,http_error,502,https://345.lishuhang.com/ty48.m3u8,text/plain; charset=utf-8,2238.2,86,none,0,0,False,[],[],,2026-08-15T07:09:21+00:00
港澳台 (345源),ty45,https://345.lishuhang.com/ty45.m3u8,http_error,502,https://345.lishuhang.com/ty45.m3u8,text/plain; charset=utf-8,2422.5,86,none,0,0,False,[],[],,2026-08-15T07:09:21+00:00
港澳台 (345源),ty46,https://345.lishuhang.com/ty46.m3u8,http_error,502,https://345.lishuhang.com/ty46.m3u8,text/plain; charset=utf-8,2301.0,86,none,0,0,False,[],[],,2026-08-15T07:09:22+00:00
港澳台 (345源),ty44,https://345.lishuhang.com/ty44.m3u8,http_error,502,https://345.lishuhang.com/ty44.m3u8,text/plain; charset=utf-8,2237.5,86,none,0,0,False,[],[],,2026-08-15T07:09:22+00:00
港澳台 (345源),gt61,https://345.lishuhang.com/gt61.m3u8,partial_segment_failure,200,https://345.lishuhang.com/gt61.m3u8,application/vnd.apple.mpegurl,2686.2,492,media,2,1,False,"[200, ""exception""]",[2497.1],"HTTPSConnectionPool(host='345.lishuhang.com', port=443): Read timed out. (read timeout=12.0)",2026-08-15T07:09:23+00:00
港澳台 (345源),gt47,https://345.lishuhang.com/gt47.m3u8,segment_failure,200,https://345.lishuhang.com/gt47.m3u8,application/vnd.apple.mpegurl,3469.4,352,media,2,0,False,"[""exception"", ""exception""]",[],"HTTPSConnectionPool(host='345.lishuhang.com', port=443): Read timed out. (read timeout=12.0)",2026-08-15T07:09:24+00:00
港澳台 (345源),gt53,https://345.lishuhang.com/gt53.m3u8,partial_segment_failure,200,https://345.lishuhang.com/gt53.m3u8,application/vnd.apple.mpegurl,3166.5,483,media,2,1,False,"[200, ""exception""]",[2854.2],"HTTPSConnectionPool(host='345.lishuhang.com', port=443): Read timed out. (read timeout=12.0)",2026-08-15T07:09:24+00:00
港澳台 (345源),gt54,https://345.lishuhang.com/gt54.m3u8,partial_segment_failure,200,https://345.lishuhang.com/gt54.m3u8,application/vnd.apple.mpegurl,3319.9,477,media,2,1,False,"[200, ""exception""]",[3182.7],"HTTPSConnectionPool(host='345.lishuhang.com', port=443): Read timed out. (read timeout=12.0)",2026-08-15T07:09:24+00:00
港澳台 (345源),ty41,https://345.lishuhang.com/ty41.m3u8,http_error,502,https://345.lishuhang.com/ty41.m3u8,text/plain; charset=utf-8,2031.1,86,none,0,0,False,[],[],,2026-08-15T07:09:24+00:00
港澳台 (345源),gt62,https://345.lishuhang.com/gt62.m3u8,partial_segment_failure,200,https://345.lishuhang.com/gt62.m3u8,application/vnd.apple.mpegurl,3334.4,482,media,2,1,False,"[200, ""exception""]",[3313.9],"HTTPSConnectionPool(host='345.lishuhang.com', port=443): Read timed out. (read timeout=12.0)",2026-08-15T07:09:25+00:00
港澳台 (345源),gt50,https://345.lishuhang.com/gt50.m3u8,transport_ok,200,https://345.lishuhang.com/gt50.m3u8,application/vnd.apple.mpegurl,3500.4,483,media,2,2,False,"[200, 200]","[2395.9, 6646.3]",,2026-08-15T07:09:26+00:00
港澳台 (345源),gt26,https://345.lishuhang.com/gt26.m3u8,request_exception,,,,,0,none,0,0,False,[],[],"HTTPSConnectionPool(host='345.lishuhang.com', port=443): Read timed out. (read timeout=12.0)",2026-08-15T07:09:39+00:00
港澳台 (345源),gt27,https://345.lishuhang.com/gt27.m3u8,request_exception,,,,,0,none,0,0,False,[],[],"HTTPSConnectionPool(host='345.lishuhang.com', port=443): Read timed out. (read timeout=12.0)",2026-08-15T07:09:42+00:00
港澳台 (345源),gt41,https://345.lishuhang.com/gt41.m3u8,request_exception,,,,,0,none,0,0,False,[],[],"HTTPSConnectionPool(host='345.lishuhang.com', port=443): Read timed out. (read timeout=12.0)",2026-08-15T07:09:43+00:00
港澳台 (345源),gt38,https://345.lishuhang.com/gt38.m3u8,request_exception,,,,,0,none,0,0,False,[],[],"HTTPSConnectionPool(host='345.lishuhang.com', port=443): Read timed out. (read timeout=12.0)",2026-08-15T07:09:44+00:00
港澳台 (345源),gt40,https://345.lishuhang.com/gt40.m3u8,request_exception,,,,,0,none,0,0,False,[],[],"HTTPSConnectionPool(host='345.lishuhang.com', port=443): Read timed out. (read timeout=12.0)",2026-08-15T07:09:46+00:00
港澳台 (345源),gt37,https://345.lishuhang.com/gt37.m3u8,request_exception,,,,,0,none,0,0,False,[],[],"HTTPSConnectionPool(host='345.lishuhang.com', port=443): Read timed out. (read timeout=12.0)",2026-08-15T07:09:53+00:00
港澳台 (345源),gt36,https://345.lishuhang.com/gt36.m3u8,request_exception,,,,,0,none,0,0,False,[],[],"HTTPSConnectionPool(host='345.lishuhang.com', port=443): Read timed out. (read timeout=12.0)",2026-08-15T07:09:53+00:00
港澳台 (345源),gt39,https://345.lishuhang.com/gt39.m3u8,request_exception,,,,,0,none,0,0,False,[],[],"HTTPSConnectionPool(host='345.lishuhang.com', port=443): Read timed out. (read timeout=12.0)",2026-08-15T07:09:56+00:00
港澳台 (345源),gt35,https://345.lishuhang.com/gt35.m3u8,request_exception,,,,,0,none,0,0,False,[],[],"HTTPSConnectionPool(host='345.lishuhang.com', port=443): Read timed out. (read timeout=12.0)",2026-08-15T07:09:58+00:00
港澳台 (345源),gt79,https://345.lishuhang.com/gt79.m3u8,request_exception,,,,,0,none,0,0,False,[],[],"HTTPSConnectionPool(host='345.lishuhang.com', port=443): Read timed out. (read timeout=12.0)",2026-08-15T07:09:59+00:00
港澳台 (345源),gt79,https://345.lishuhang.com/ty28.m3u8,request_exception,,,,,0,none,0,0,False,[],[],"HTTPSConnectionPool(host='345.lishuhang.com', port=443): Read timed out. (read timeout=12.0)",2026-08-15T07:10:00+00:00
港澳台 (345源),gt80,https://345.lishuhang.com/gt80.m3u8,request_exception,,,,,0,none,0,0,False,[],[],"HTTPSConnectionPool(host='345.lishuhang.com', port=443): Read timed out. (read timeout=12.0)",2026-08-15T07:10:06+00:00
港澳台 (345源),gt80,https://345.lishuhang.com/ty29.m3u8,request_exception,,,,,0,none,0,0,False,[],[],"HTTPSConnectionPool(host='345.lishuhang.com', port=443): Read timed out. (read timeout=12.0)",2026-08-15T07:10:06+00:00
港澳台 (345源),gt81,https://345.lishuhang.com/gt81.m3u8,request_exception,,,,,0,none,0,0,False,[],[],"HTTPSConnectionPool(host='345.lishuhang.com', port=443): Read timed out. (read timeout=12.0)",2026-08-15T07:10:09+00:00
港澳台 (345源),gt81,https://345.lishuhang.com/ty30.m3u8,request_exception,,,,,0,none,0,0,False,[],[],"HTTPSConnectionPool(host='345.lishuhang.com', port=443): Read timed out. (read timeout=12.0)",2026-08-15T07:10:12+00:00
港澳台 (345源),gt82,https://345.lishuhang.com/gt82.m3u8,request_exception,,,,,0,none,0,0,False,[],[],"HTTPSConnectionPool(host='345.lishuhang.com', port=443): Read timed out. (read timeout=12.0)",2026-08-15T07:10:13+00:00
港澳台 (345源),gt82,https://345.lishuhang.com/ty31.m3u8,request_exception,,,,,0,none,0,0,False,[],[],"HTTPSConnectionPool(host='345.lishuhang.com', port=443): Read timed out. (read timeout=12.0)",2026-08-15T07:10:13+00:00
港澳台 (345源),gt73,https://345.lishuhang.com/gt73.m3u8,request_exception,,,,,0,none,0,0,False,[],[],"HTTPSConnectionPool(host='345.lishuhang.com', port=443): Read timed out. (read timeout=12.0)",2026-08-15T07:10:20+00:00
港澳台 (345源),gt73,https://345.lishuhang.com/ty23.m3u8,request_exception,,,,,0,none,0,0,False,[],[],"HTTPSConnectionPool(host='345.lishuhang.com', port=443): Read timed out. (read timeout=12.0)",2026-08-15T07:10:20+00:00
港澳台 (345源),gt74,https://345.lishuhang.com/gt74.m3u8,request_exception,,,,,0,none,0,0,False,[],[],"HTTPSConnectionPool(host='345.lishuhang.com', port=443): Read timed out. (read timeout=12.0)",2026-08-15T07:10:23+00:00
港澳台 (345源),gt75,https://345.lishuhang.com/gt75.m3u8,request_exception,,,,,0,none,0,0,False,[],[],"HTTPSConnectionPool(host='345.lishuhang.com', port=443): Read timed out. (read timeout=12.0)",2026-08-15T07:10:26+00:00
港澳台 (345源),gt52,https://345.lishuhang.com/gt52.m3u8,request_exception,,,,,0,none,0,0,False,[],[],"HTTPSConnectionPool(host='345.lishuhang.com', port=443): Read timed out. (read timeout=12.0)",2026-08-15T07:10:26+00:00
港澳台 (345源),ty43,https://345.lishuhang.com/ty43.m3u8,http_error,502,https://345.lishuhang.com/ty43.m3u8,text/plain; charset=utf-8,2685.6,86,none,0,0,False,[],[],,2026-08-15T07:10:26+00:00
港澳台 (345源),gt49,https://345.lishuhang.com/gt49.m3u8,request_exception,,,,,0,none,0,0,False,[],[],"HTTPSConnectionPool(host='345.lishuhang.com', port=443): Read timed out. (read timeout=12.0)",2026-08-15T07:10:29+00:00
港澳台 (345源),movie108,https://345.lishuhang.com/movie108.m3u8,request_exception,,,,,0,none,0,0,False,[],[],"HTTPSConnectionPool(host='345.lishuhang.com', port=443): Read timed out. (read timeout=12.0)",2026-08-15T07:10:33+00:00
港澳台 (345源),movie15,https://345.lishuhang.com/movie15.m3u8,request_exception,,,,,0,none,0,0,False,[],[],"HTTPSConnectionPool(host='345.lishuhang.com', port=443): Read timed out. (read timeout=12.0)",2026-08-15T07:10:33+00:00
港澳台 (345源),gt30,https://345.lishuhang.com/gt30.m3u8,request_exception,,,,,0,none,0,0,False,[],[],"HTTPSConnectionPool(host='345.lishuhang.com', port=443): Read timed out. (read timeout=12.0)",2026-08-15T07:10:37+00:00
港澳台 (345源),gt12,https://345.lishuhang.com/gt12.m3u8,request_exception,,,,,0,none,0,0,False,[],[],"HTTPSConnectionPool(host='345.lishuhang.com', port=443): Read timed out. (read timeout=12.0)",2026-08-15T07:10:39+00:00
港澳台 (345源),gt11,https://345.lishuhang.com/gt11.m3u8,request_exception,,,,,0,none,0,0,False,[],[],"HTTPSConnectionPool(host='345.lishuhang.com', port=443): Read timed out. (read timeout=12.0)",2026-08-15T07:10:40+00:00
港澳台 (345源),movie367,https://345.lishuhang.com/movie367.m3u8,request_exception,,,,,0,none,0,0,False,[],[],"HTTPSConnectionPool(host='345.lishuhang.com', port=443): Read timed out. (read timeout=12.0)",2026-08-15T07:10:43+00:00
地方 (345源),fjitv253,https://345.lishuhang.com/fjitv253.m3u8,http_error,502,https://345.lishuhang.com/fjitv253.m3u8,text/plain; charset=utf-8,5283.5,72,none,0,0,False,[],[],,2026-08-15T07:10:47+00:00
地方 (345源),fjitv255,https://345.lishuhang.com/fjitv255.m3u8,request_exception,,,,,0,none,0,0,False,[],[],"HTTPSConnectionPool(host='345.lishuhang.com', port=443): Read timed out. (read timeout=12.0)",2026-08-15T07:10:47+00:00
地方 (345源),fjitv256,https://345.lishuhang.com/fjitv256.m3u8,http_error,502,https://345.lishuhang.com/fjitv256.m3u8,text/plain; charset=utf-8,6203.3,72,none,0,0,False,[],[],,2026-08-15T07:10:50+00:00
地方 (345源),fjitv258,https://345.lishuhang.com/fjitv258.m3u8,http_error,502,https://345.lishuhang.com/fjitv258.m3u8,text/plain; charset=utf-8,13049.8,72,none,0,0,False,[],[],,2026-08-15T07:10:52+00:00
地方 (345源),fjitv266,https://345.lishuhang.com/fjitv266.m3u8,http_error,502,https://345.lishuhang.com/fjitv266.m3u8,text/plain; charset=utf-8,12846.6,72,none,0,0,False,[],[],,2026-08-15T07:10:53+00:00
地方 (345源),fjitv268,https://345.lishuhang.com/fjitv268.m3u8,request_exception,,,,,0,none,0,0,False,[],[],"HTTPSConnectionPool(host='345.lishuhang.com', port=443): Read timed out. (read timeout=12.0)",2026-08-15T07:10:54+00:00
地方 (345源),fjitv278,https://345.lishuhang.com/fjitv278.m3u8,request_exception,,,,,0,none,0,0,False,[],[],"HTTPSConnectionPool(host='345.lishuhang.com', port=443): Read timed out. (read timeout=12.0)",2026-08-15T07:10:56+00:00
地方 (345源),fjitv279,https://345.lishuhang.com/fjitv279.m3u8,request_exception,,,,,0,none,0,0,False,[],[],"HTTPSConnectionPool(host='345.lishuhang.com', port=443): Read timed out. (read timeout=12.0)",2026-08-15T07:10:57+00:00
地方 (345源),fjitv280,https://345.lishuhang.com/fjitv280.m3u8,http_error,502,https://345.lishuhang.com/fjitv280.m3u8,text/plain; charset=utf-8,10412.1,72,none,0,0,False,[],[],,2026-08-15T07:11:01+00:00
地方 (345源),fjitv180,https://345.lishuhang.com/fjitv180.m3u8,request_exception,,,,,0,none,0,0,False,[],[],"HTTPSConnectionPool(host='345.lishuhang.com', port=443): Read timed out. (read timeout=12.0)",2026-08-15T07:11:05+00:00
地方 (345源),migu88,https://345.lishuhang.com/migu88.m3u8,http_error,502,https://345.lishuhang.com/migu88.m3u8,text/plain; charset=utf-8,8807.1,102,none,0,0,False,[],[],,2026-08-15T07:11:06+00:00
地方 (345源),itv203,https://345.lishuhang.com/itv203.m3u8,request_exception,,,,,0,none,0,0,False,[],[],"HTTPSConnectionPool(host='345.lishuhang.com', port=443): Read timed out. (read timeout=12.0)",2026-08-15T07:11:07+00:00
地方 (345源),itv201,https://345.lishuhang.com/itv201.m3u8,http_error,502,https://345.lishuhang.com/itv201.m3u8,text/plain; charset=utf-8,12853.6,72,none,0,0,False,[],[],,2026-08-15T07:11:10+00:00
地方 (345源),itv199,https://345.lishuhang.com/itv199.m3u8,request_exception,,,,,0,none,0,0,False,[],[],"HTTPSConnectionPool(host='345.lishuhang.com', port=443): Read timed out. (read timeout=12.0)",2026-08-15T07:11:10+00:00
地方 (345源),migu83,https://345.lishuhang.com/migu83.m3u8,request_exception,,,,,0,none,0,0,False,[],[],"HTTPSConnectionPool(host='345.lishuhang.com', port=443): Read timed out. (read timeout=12.0)",2026-08-15T07:11:11+00:00
地方 (345源),itv200,https://345.lishuhang.com/itv200.m3u8,http_error,502,https://345.lishuhang.com/itv200.m3u8,text/plain; charset=utf-8,8712.0,72,none,0,0,False,[],[],,2026-08-15T07:11:14+00:00
地方 (345源),itv204,https://345.lishuhang.com/itv204.m3u8,http_error,502,https://345.lishuhang.com/itv204.m3u8,text/plain; charset=utf-8,4419.2,72,none,0,0,False,[],[],,2026-08-15T07:11:19+00:00
地方 (345源),itv204,https://345.lishuhang.com/migu86.m3u8,http_error,502,https://345.lishuhang.com/migu86.m3u8,text/plain; charset=utf-8,3827.5,102,none,0,0,False,[],[],,2026-08-15T07:11:21+00:00
地方 (345源),itv326,https://345.lishuhang.com/itv326.m3u8,http_error,502,https://345.lishuhang.com/itv326.m3u8,text/plain; charset=utf-8,6021.1,72,none,0,0,False,[],[],,2026-08-15T07:11:23+00:00
地方 (345源),migu85,https://345.lishuhang.com/migu85.m3u8,request_exception,,,,,0,none,0,0,False,[],[],"HTTPSConnectionPool(host='345.lishuhang.com', port=443): Read timed out. (read timeout=12.0)",2026-08-15T07:11:23+00:00
地方 (345源),itv108,https://345.lishuhang.com/itv108.m3u8,request_exception,,,,,0,none,0,0,False,[],[],"HTTPSConnectionPool(host='345.lishuhang.com', port=443): Read timed out. (read timeout=12.0)",2026-08-15T07:11:23+00:00
地方 (345源),itv107,https://345.lishuhang.com/itv107.m3u8,request_exception,,,,,0,none,0,0,False,[],[],"HTTPSConnectionPool(host='345.lishuhang.com', port=443): Read timed out. (read timeout=12.0)",2026-08-15T07:11:24+00:00
地方 (345源),itv276,https://345.lishuhang.com/itv276.m3u8,http_error,502,https://345.lishuhang.com/itv276.m3u8,text/plain; charset=utf-8,10006.0,72,none,0,0,False,[],[],,2026-08-15T07:11:25+00:00
地方 (345源),itv372,https://345.lishuhang.com/itv372.m3u8,request_exception,,,,,0,none,0,0,False,[],[],"HTTPSConnectionPool(host='345.lishuhang.com', port=443): Read timed out. (read timeout=12.0)",2026-08-15T07:11:27+00:00
地方 (345源),itv330,https://345.lishuhang.com/itv330.m3u8,http_error,502,https://345.lishuhang.com/itv330.m3u8,text/plain; charset=utf-8,7237.1,75,none,0,0,False,[],[],,2026-08-15T07:11:29+00:00
地方 (345源),itv329,https://345.lishuhang.com/itv329.m3u8,http_error,502,https://345.lishuhang.com/itv329.m3u8,text/plain; charset=utf-8,5818.5,75,none,0,0,False,[],[],,2026-08-15T07:11:35+00:00
地方 (345源),itv122,https://345.lishuhang.com/itv122.m3u8,request_exception,,,,,0,none,0,0,False,[],[],"HTTPSConnectionPool(host='345.lishuhang.com', port=443): Read timed out. (read timeout=12.0)",2026-08-15T07:11:36+00:00
地方 (345源),migu90,https://345.lishuhang.com/migu90.m3u8,request_exception,,,,,0,none,0,0,False,[],[],"HTTPSConnectionPool(host='345.lishuhang.com', port=443): Read timed out. (read timeout=12.0)",2026-08-15T07:11:37+00:00
地方 (345源),itv128,https://345.lishuhang.com/itv128.m3u8,request_exception,,,,,0,none,0,0,False,[],[],"HTTPSConnectionPool(host='345.lishuhang.com', port=443): Read timed out. (read timeout=12.0)",2026-08-15T07:11:37+00:00
地方 (345源),itv339,https://345.lishuhang.com/itv339.m3u8,request_exception,,,,,0,none,0,0,False,[],[],"HTTPSConnectionPool(host='345.lishuhang.com', port=443): Read timed out. (read timeout=12.0)",2026-08-15T07:11:39+00:00
地方 (345源),itv3,https://345.lishuhang.com/itv3.m3u8,http_error,502,https://345.lishuhang.com/itv3.m3u8,text/plain; charset=utf-8,4010.4,72,none,0,0,False,[],[],,2026-08-15T07:11:40+00:00
地方 (345源),itv3,https://345.lishuhang.com/migu91.m3u8,request_exception,,,,,0,none,0,0,False,[],[],"HTTPSConnectionPool(host='345.lishuhang.com', port=443): Read timed out. (read timeout=5.0)",2026-08-15T07:11:41+00:00
地方 (345源),itv3,https://345.lishuhang.com/ty5.m3u8,http_error,502,https://345.lishuhang.com/ty5.m3u8,text/plain; charset=utf-8,4572.5,75,none,0,0,False,[],[],,2026-08-15T07:11:44+00:00
地方 (345源),itv142,https://345.lishuhang.com/itv142.m3u8,request_exception,,,,,0,none,0,0,False,[],[],"HTTPSConnectionPool(host='345.lishuhang.com', port=443): Read timed out. (read timeout=5.0)",2026-08-15T07:11:46+00:00
地方 (345源),fjitv107,https://345.lishuhang.com/fjitv107.m3u8,http_error,502,https://345.lishuhang.com/fjitv107.m3u8,text/plain; charset=utf-8,4574.4,72,none,0,0,False,[],[],,2026-08-15T07:11:49+00:00
地方 (345源),fjitv107,https://345.lishuhang.com/fjitv181.m3u8,request_exception,,,,,0,none,0,0,False,[],[],"HTTPSConnectionPool(host='345.lishuhang.com', port=443): Read timed out. (read timeout=5.0)",2026-08-15T07:11:50+00:00
地方 (345源),fjitv107,https://345.lishuhang.com/hlitv70.m3u8,request_exception,,,,,0,none,0,0,False,[],[],"HTTPSConnectionPool(host='345.lishuhang.com', port=443): Read timed out. (read timeout=12.0)",2026-08-15T07:11:50+00:00
地方 (345源),itv244,https://345.lishuhang.com/itv244.m3u8,request_exception,,,,,0,none,0,0,False,[],[],"HTTPSConnectionPool(host='345.lishuhang.com', port=443): Read timed out. (read timeout=12.0)",2026-08-15T07:11:51+00:00
地方 (345源),itv125,https://345.lishuhang.com/itv125.m3u8,request_exception,,,,,0,none,0,0,False,[],[],"HTTPSConnectionPool(host='345.lishuhang.com', port=443): Read timed out. (read timeout=12.0)",2026-08-15T07:11:53+00:00
地方 (345源),itv127,https://345.lishuhang.com/itv127.m3u8,request_exception,,,,,0,none,0,0,False,[],[],"HTTPSConnectionPool(host='345.lishuhang.com', port=443): Read timed out. (read timeout=12.0)",2026-08-15T07:11:53+00:00
地方 (345源),itv332,https://345.lishuhang.com/itv332.m3u8,request_exception,,,,,0,none,0,0,False,[],[],"HTTPSConnectionPool(host='345.lishuhang.com', port=443): Read timed out. (read timeout=12.0)",2026-08-15T07:11:54+00:00
地方 (345源),itv333,https://345.lishuhang.com/itv333.m3u8,request_exception,,,,,0,none,0,0,False,[],[],"HTTPSConnectionPool(host='345.lishuhang.com', port=443): Read timed out. (read timeout=12.0)",2026-08-15T07:11:55+00:00
地方 (345源),itv331,https://345.lishuhang.com/itv331.m3u8,request_exception,,,,,0,none,0,0,False,[],[],"HTTPSConnectionPool(host='345.lishuhang.com', port=443): Read timed out. (read timeout=12.0)",2026-08-15T07:12:04+00:00
地方 (345源),itv375,https://345.lishuhang.com/itv375.m3u8,request_exception,,,,,0,none,0,0,False,[],[],"HTTPSConnectionPool(host='345.lishuhang.com', port=443): Read timed out. (read timeout=12.0)",2026-08-15T07:12:05+00:00
地方 (345源),itv376,https://345.lishuhang.com/itv376.m3u8,request_exception,,,,,0,none,0,0,False,[],[],"HTTPSConnectionPool(host='345.lishuhang.com', port=443): Read timed out. (read timeout=12.0)",2026-08-15T07:12:08+00:00
地方 (345源),itv379,https://345.lishuhang.com/itv379.m3u8,request_exception,,,,,0,none,0,0,False,[],[],"HTTPSConnectionPool(host='345.lishuhang.com', port=443): Read timed out. (read timeout=12.0)",2026-08-15T07:12:08+00:00
地方 (345源),itv380,https://345.lishuhang.com/itv380.m3u8,request_exception,,,,,0,none,0,0,False,[],[],"HTTPSConnectionPool(host='345.lishuhang.com', port=443): Read timed out. (read timeout=12.0)",2026-08-15T07:12:10+00:00
地方 (345源),itv377,https://345.lishuhang.com/itv377.m3u8,request_exception,,,,,0,none,0,0,False,[],[],"HTTPSConnectionPool(host='345.lishuhang.com', port=443): Read timed out. (read timeout=5.0)",2026-08-15T07:12:10+00:00
地方 (345源),itv374,https://345.lishuhang.com/itv374.m3u8,request_exception,,,,,0,none,0,0,False,[],[],"HTTPSConnectionPool(host='345.lishuhang.com', port=443): Read timed out. (read timeout=5.0)",2026-08-15T07:12:15+00:00
地方 (345源),itv378,https://345.lishuhang.com/itv378.m3u8,request_exception,,,,,0,none,0,0,False,[],[],"HTTPSConnectionPool(host='345.lishuhang.com', port=443): Read timed out. (read timeout=12.0)",2026-08-15T07:12:19+00:00
地方 (345源),itv381,https://345.lishuhang.com/itv381.m3u8,request_exception,,,,,0,none,0,0,False,[],[],"HTTPSConnectionPool(host='345.lishuhang.com', port=443): Read timed out. (read timeout=5.0)",2026-08-15T07:12:19+00:00
地方 (345源),fjitv97,https://345.lishuhang.com/fjitv97.m3u8,request_exception,,,,,0,none,0,0,False,[],[],"HTTPSConnectionPool(host='345.lishuhang.com', port=443): Read timed out. (read timeout=12.0)",2026-08-15T07:12:20+00:00
地方 (345源),fjitv97,https://345.lishuhang.com/fjitv235.m3u8,request_exception,,,,,0,none,0,0,False,[],[],"HTTPSConnectionPool(host='345.lishuhang.com', port=443): Read timed out. (read timeout=12.0)",2026-08-15T07:12:22+00:00
地方 (345源),fjitv97,https://345.lishuhang.com/itv1.m3u8,request_exception,,,,,0,none,0,0,False,[],[],"HTTPSConnectionPool(host='345.lishuhang.com', port=443): Read timed out. (read timeout=12.0)",2026-08-15T07:12:23+00:00
地方 (345源),fjitv97,https://345.lishuhang.com/migu93.m3u8,http_error,502,https://345.lishuhang.com/migu93.m3u8,text/plain; charset=utf-8,5507.5,102,none,0,0,False,[],[],,2026-08-15T07:12:24+00:00
地方 (345源),fjitv97,https://345.lishuhang.com/ty4.m3u8,request_exception,,,,,0,none,0,0,False,[],[],"HTTPSConnectionPool(host='345.lishuhang.com', port=443): Read timed out. (read timeout=12.0)",2026-08-15T07:12:24+00:00
地方 (345源),itv109,https://345.lishuhang.com/itv109.m3u8,request_exception,,,,,0,none,0,0,False,[],[],"HTTPSConnectionPool(host='345.lishuhang.com', port=443): Read timed out. (read timeout=12.0)",2026-08-15T07:12:29+00:00
地方 (345源),ipv628,https://345.lishuhang.com/ipv628.m3u8,request_exception,,,,,0,none,0,0,False,[],[],"HTTPSConnectionPool(host='345.lishuhang.com', port=443): Read timed out. (read timeout=12.0)",2026-08-15T07:12:33+00:00
地方 (345源),ipv628,https://345.lishuhang.com/ipv658.m3u8,request_exception,,,,,0,none,0,0,False,[],[],"HTTPSConnectionPool(host='345.lishuhang.com', port=443): Read timed out. (read timeout=5.0)",2026-08-15T07:12:35+00:00
地方 (345源),ipv628,https://345.lishuhang.com/itv77.m3u8,http_error,502,https://345.lishuhang.com/itv77.m3u8,text/plain; charset=utf-8,9482.5,72,none,0,0,False,[],[],,2026-08-15T07:12:35+00:00
地方 (345源),ipv627,https://345.lishuhang.com/ipv627.m3u8,http_error,502,https://345.lishuhang.com/ipv627.m3u8,text/plain; charset=utf-8,5021.9,87,none,0,0,False,[],[],,2026-08-15T07:12:37+00:00
地方 (345源),ipv627,https://345.lishuhang.com/ipv656.m3u8,http_error,502,https://345.lishuhang.com/ipv656.m3u8,text/plain; charset=utf-8,2635.3,87,none,0,0,False,[],[],,2026-08-15T07:12:39+00:00
地方 (345源),ipv627,https://345.lishuhang.com/itv82.m3u8,request_exception,,,,,0,none,0,0,False,[],[],"HTTPSConnectionPool(host='345.lishuhang.com', port=443): Read timed out. (read timeout=12.0)",2026-08-15T07:12:40+00:00
地方 (345源),ipv629,https://345.lishuhang.com/ipv629.m3u8,request_exception,,,,,0,none,0,0,False,[],[],"HTTPSConnectionPool(host='345.lishuhang.com', port=443): Read timed out. (read timeout=5.0)",2026-08-15T07:12:42+00:00
地方 (345源),ipv629,https://345.lishuhang.com/ipv662.m3u8,http_error,502,https://345.lishuhang.com/ipv662.m3u8,text/plain; charset=utf-8,2707.1,87,none,0,0,False,[],[],,2026-08-15T07:12:42+00:00
地方 (345源),ipv629,https://345.lishuhang.com/itv75.m3u8,http_error,502,https://345.lishuhang.com/itv75.m3u8,text/plain; charset=utf-8,4920.1,72,none,0,0,False,[],[],,2026-08-15T07:12:43+00:00
地方 (345源),ipv660,https://345.lishuhang.com/ipv660.m3u8,http_error,502,https://345.lishuhang.com/ipv660.m3u8,text/plain; charset=utf-8,5688.7,87,none,0,0,False,[],[],,2026-08-15T07:12:44+00:00
地方 (345源),ipv660,https://345.lishuhang.com/itv76.m3u8,request_exception,,,,,0,none,0,0,False,[],[],"HTTPSConnectionPool(host='345.lishuhang.com', port=443): Read timed out. (read timeout=5.0)",2026-08-15T07:12:45+00:00
地方 (345源),ipv657,https://345.lishuhang.com/ipv657.m3u8,request_exception,,,,,0,none,0,0,False,[],[],"HTTPSConnectionPool(host='345.lishuhang.com', port=443): Read timed out. (read timeout=12.0)",2026-08-15T07:12:47+00:00
地方 (345源),ipv657,https://345.lishuhang.com/itv81.m3u8,request_exception,,,,,0,none,0,0,False,[],[],"HTTPSConnectionPool(host='345.lishuhang.com', port=443): Read timed out. (read timeout=12.0)",2026-08-15T07:12:48+00:00
地方 (345源),migu79,https://345.lishuhang.com/migu79.m3u8,http_error,502,https://345.lishuhang.com/migu79.m3u8,text/plain; charset=utf-8,3604.3,102,none,0,0,False,[],[],,2026-08-15T07:12:48+00:00
地方 (345源),migu79,https://345.lishuhang.com/ipv630.m3u8,request_exception,,,,,0,none,0,0,False,[],[],"HTTPSConnectionPool(host='345.lishuhang.com', port=443): Read timed out. (read timeout=12.0)",2026-08-15T07:12:50+00:00
地方 (345源),migu79,https://345.lishuhang.com/itv79.m3u8,http_error,502,https://345.lishuhang.com/itv79.m3u8,text/plain; charset=utf-8,5089.2,72,none,0,0,False,[],[],,2026-08-15T07:12:50+00:00
地方 (345源),migu79,https://345.lishuhang.com/fjitv25.m3u8,http_error,502,https://345.lishuhang.com/fjitv25.m3u8,text/plain; charset=utf-8,3928.9,72,none,0,0,False,[],[],,2026-08-15T07:12:51+00:00
地方 (345源),migu79,https://345.lishuhang.com/hlitv143.m3u8,request_exception,,,,,0,none,0,0,False,[],[],"HTTPSConnectionPool(host='345.lishuhang.com', port=443): Read timed out. (read timeout=12.0)",2026-08-15T07:12:54+00:00
地方 (345源),ipv659,https://345.lishuhang.com/ipv659.m3u8,request_exception,,,,,0,none,0,0,False,[],[],"HTTPSConnectionPool(host='345.lishuhang.com', port=443): Read timed out. (read timeout=12.0)",2026-08-15T07:12:55+00:00
地方 (345源),ipv659,https://345.lishuhang.com/itv78.m3u8,http_error,502,https://345.lishuhang.com/itv78.m3u8,text/plain; charset=utf-8,9826.1,72,none,0,0,False,[],[],,2026-08-15T07:12:55+00:00
地方 (345源),ipv661,https://345.lishuhang.com/ipv661.m3u8,request_exception,,,,,0,none,0,0,False,[],[],"HTTPSConnectionPool(host='345.lishuhang.com', port=443): Read timed out. (read timeout=12.0)",2026-08-15T07:13:00+00:00
地方 (345源),ipv661,https://345.lishuhang.com/itv80.m3u8,request_exception,,,,,0,none,0,0,False,[],[],"HTTPSConnectionPool(host='345.lishuhang.com', port=443): Read timed out. (read timeout=12.0)",2026-08-15T07:13:01+00:00
地方 (345源),itv301,https://345.lishuhang.com/itv301.m3u8,request_exception,,,,,0,none,0,0,False,[],[],"HTTPSConnectionPool(host='345.lishuhang.com', port=443): Read timed out. (read timeout=12.0)",2026-08-15T07:13:04+00:00
地方 (345源),itv302,https://345.lishuhang.com/itv302.m3u8,request_exception,,,,,0,none,0,0,False,[],[],"HTTPSConnectionPool(host='345.lishuhang.com', port=443): Read timed out. (read timeout=12.0)",2026-08-15T07:13:05+00:00
地方 (345源),itv300,https://345.lishuhang.com/itv300.m3u8,request_exception,,,,,0,none,0,0,False,[],[],"HTTPSConnectionPool(host='345.lishuhang.com', port=443): Read timed out. (read timeout=5.0)",2026-08-15T07:13:08+00:00
地方 (345源),itv97,https://345.lishuhang.com/itv97.m3u8,http_error,502,https://345.lishuhang.com/itv97.m3u8,text/plain; charset=utf-8,5720.2,75,none,0,0,False,[],[],,2026-08-15T07:13:09+00:00
地方 (345源),itv97,https://345.lishuhang.com/ty19.m3u8,http_error,502,https://345.lishuhang.com/ty19.m3u8,text/plain; charset=utf-8,4843.2,72,none,0,0,False,[],[],,2026-08-15T07:13:13+00:00
地方 (345源),itv143,https://345.lishuhang.com/itv143.m3u8,request_exception,,,,,0,none,0,0,False,[],[],"HTTPSConnectionPool(host='345.lishuhang.com', port=443): Read timed out. (read timeout=12.0)",2026-08-15T07:13:14+00:00
地方 (345源),fjitv104,https://345.lishuhang.com/fjitv104.m3u8,http_error,502,https://345.lishuhang.com/fjitv104.m3u8,text/plain; charset=utf-8,4883.7,72,none,0,0,False,[],[],,2026-08-15T07:13:15+00:00
地方 (345源),itv185,https://345.lishuhang.com/itv185.m3u8,http_error,502,https://345.lishuhang.com/itv185.m3u8,text/plain; charset=utf-8,3266.9,72,none,0,0,False,[],[],,2026-08-15T07:13:15+00:00
地方 (345源),itv187,https://345.lishuhang.com/itv187.m3u8,http_error,502,https://345.lishuhang.com/itv187.m3u8,text/plain; charset=utf-8,3897.6,72,none,0,0,False,[],[],,2026-08-15T07:13:17+00:00
地方 (345源),itv186,https://345.lishuhang.com/itv186.m3u8,http_error,502,https://345.lishuhang.com/itv186.m3u8,text/plain; charset=utf-8,6544.4,75,none,0,0,False,[],[],,2026-08-15T07:13:18+00:00
地方 (345源),itv365,https://345.lishuhang.com/itv365.m3u8,request_exception,,,,,0,none,0,0,False,[],[],"HTTPSConnectionPool(host='345.lishuhang.com', port=443): Read timed out. (read timeout=12.0)",2026-08-15T07:13:18+00:00
地方 (345源),itv134,https://345.lishuhang.com/itv134.m3u8,request_exception,,,,,0,none,0,0,False,[],[],"HTTPSConnectionPool(host='345.lishuhang.com', port=443): Read timed out. (read timeout=12.0)",2026-08-15T07:13:19+00:00
地方 (345源),itv147,https://345.lishuhang.com/itv147.m3u8,request_exception,,,,,0,none,0,0,False,[],[],"HTTPSConnectionPool(host='345.lishuhang.com', port=443): Read timed out. (read timeout=12.0)",2026-08-15T07:13:19+00:00
地方 (345源),hlitv71,https://345.lishuhang.com/hlitv71.m3u8,request_exception,,,,,0,none,0,0,False,[],[],"HTTPSConnectionPool(host='345.lishuhang.com', port=443): Read timed out. (read timeout=12.0)",2026-08-15T07:13:21+00:00
地方 (345源),hlitv71,https://345.lishuhang.com/itv207.m3u8,http_error,502,https://345.lishuhang.com/itv207.m3u8,text/plain; charset=utf-8,3334.3,72,none,0,0,False,[],[],,2026-08-15T07:13:24+00:00
地方 (345源),hlitv71,https://345.lishuhang.com/migu89.m3u8,http_error,502,https://345.lishuhang.com/migu89.m3u8,text/plain; charset=utf-8,4222.6,102,none,0,0,False,[],[],,2026-08-15T07:13:28+00:00
地方 (345源),itv148,https://345.lishuhang.com/itv148.m3u8,request_exception,,,,,0,none,0,0,False,[],[],"HTTPSConnectionPool(host='345.lishuhang.com', port=443): Read timed out. (read timeout=12.0)",2026-08-15T07:13:28+00:00
地方 (345源),itv150,https://345.lishuhang.com/itv150.m3u8,request_exception,,,,,0,none,0,0,False,[],[],"HTTPSConnectionPool(host='345.lishuhang.com', port=443): Read timed out. (read timeout=12.0)",2026-08-15T07:13:32+00:00
地方 (345源),itv149,https://345.lishuhang.com/itv149.m3u8,request_exception,,,,,0,none,0,0,False,[],[],"HTTPSConnectionPool(host='345.lishuhang.com', port=443): Read timed out. (read timeout=12.0)",2026-08-15T07:13:32+00:00
地方 (345源),itv211,https://345.lishuhang.com/itv211.m3u8,http_error,502,https://345.lishuhang.com/itv211.m3u8,text/plain; charset=utf-8,11062.3,75,none,0,0,False,[],[],,2026-08-15T07:13:33+00:00
地方 (345源),itv291,https://345.lishuhang.com/itv291.m3u8,http_error,502,https://345.lishuhang.com/itv291.m3u8,text/plain; charset=utf-8,3763.1,72,none,0,0,False,[],[],,2026-08-15T07:13:33+00:00
地方 (345源),itv287,https://345.lishuhang.com/itv287.m3u8,http_error,502,https://345.lishuhang.com/itv287.m3u8,text/plain; charset=utf-8,3439.6,72,none,0,0,False,[],[],,2026-08-15T07:13:35+00:00
地方 (345源),itv288,https://345.lishuhang.com/itv288.m3u8,http_error,502,https://345.lishuhang.com/itv288.m3u8,text/plain; charset=utf-8,3571.1,72,none,0,0,False,[],[],,2026-08-15T07:13:37+00:00
地方 (345源),itv289,https://345.lishuhang.com/itv289.m3u8,http_error,502,https://345.lishuhang.com/itv289.m3u8,text/plain; charset=utf-8,3687.2,72,none,0,0,False,[],[],,2026-08-15T07:13:38+00:00
地方 (345源),itv290,https://345.lishuhang.com/itv290.m3u8,http_error,502,https://345.lishuhang.com/itv290.m3u8,text/plain; charset=utf-8,3181.9,72,none,0,0,False,[],[],,2026-08-15T07:13:40+00:00
地方 (345源),itv292,https://345.lishuhang.com/itv292.m3u8,http_error,502,https://345.lishuhang.com/itv292.m3u8,text/plain; charset=utf-8,3478.8,72,none,0,0,False,[],[],,2026-08-15T07:13:41+00:00
地方 (345源),migu80,https://345.lishuhang.com/migu80.m3u8,http_error,502,https://345.lishuhang.com/migu80.m3u8,text/plain; charset=utf-8,3390.9,102,none,0,0,False,[],[],,2026-08-15T07:13:42+00:00
地方 (345源),migu80,https://345.lishuhang.com/ty14.m3u8,http_error,502,https://345.lishuhang.com/ty14.m3u8,text/plain; charset=utf-8,3403.9,102,none,0,0,False,[],[],,2026-08-15T07:13:43+00:00
地方 (345源),itv385,https://345.lishuhang.com/itv385.m3u8,http_error,502,https://345.lishuhang.com/itv385.m3u8,text/plain; charset=utf-8,4001.4,72,none,0,0,False,[],[],,2026-08-15T07:13:44+00:00
地方 (345源),itv144,https://345.lishuhang.com/itv144.m3u8,request_exception,,,,,0,none,0,0,False,[],[],"HTTPSConnectionPool(host='345.lishuhang.com', port=443): Read timed out. (read timeout=12.0)",2026-08-15T07:13:45+00:00
地方 (345源),itv370,https://345.lishuhang.com/itv370.m3u8,http_error,502,https://345.lishuhang.com/itv370.m3u8,text/plain; charset=utf-8,3304.7,72,none,0,0,False,[],[],,2026-08-15T07:13:45+00:00
地方 (345源),itv371,https://345.lishuhang.com/itv371.m3u8,http_error,502,https://345.lishuhang.com/itv371.m3u8,text/plain; charset=utf-8,3286.3,72,none,0,0,False,[],[],,2026-08-15T07:13:45+00:00
地方 (345源),fjitv276,https://345.lishuhang.com/fjitv276.m3u8,http_error,502,https://345.lishuhang.com/fjitv276.m3u8,text/plain; charset=utf-8,3457.3,72,none,0,0,False,[],[],,2026-08-15T07:13:46+00:00
地方 (345源),fjitv277,https://345.lishuhang.com/fjitv277.m3u8,http_error,502,https://345.lishuhang.com/fjitv277.m3u8,text/plain; charset=utf-8,3543.1,72,none,0,0,False,[],[],,2026-08-15T07:13:47+00:00
地方 (345源),itv227,https://345.lishuhang.com/itv227.m3u8,http_error,502,https://345.lishuhang.com/itv227.m3u8,text/plain; charset=utf-8,4347.1,72,none,0,0,False,[],[],,2026-08-15T07:13:48+00:00
地方 (345源),itv228,https://345.lishuhang.com/itv228.m3u8,http_error,502,https://345.lishuhang.com/itv228.m3u8,text/plain; charset=utf-8,3635.5,72,none,0,0,False,[],[],,2026-08-15T07:13:49+00:00
地方 (345源),itv229,https://345.lishuhang.com/itv229.m3u8,http_error,502,https://345.lishuhang.com/itv229.m3u8,text/plain; charset=utf-8,3834.5,72,none,0,0,False,[],[],,2026-08-15T07:13:49+00:00
地方 (345源),itv278,https://345.lishuhang.com/itv278.m3u8,http_error,502,https://345.lishuhang.com/itv278.m3u8,text/plain; charset=utf-8,9491.9,72,none,0,0,False,[],[],,2026-08-15T07:13:49+00:00
地方 (345源),itv277,https://345.lishuhang.com/itv277.m3u8,http_error,502,https://345.lishuhang.com/itv277.m3u8,text/plain; charset=utf-8,7880.2,72,none,0,0,False,[],[],,2026-08-15T07:13:50+00:00
地方 (345源),itv268,https://345.lishuhang.com/itv268.m3u8,http_error,502,https://345.lishuhang.com/itv268.m3u8,text/plain; charset=utf-8,4819.3,72,none,0,0,False,[],[],,2026-08-15T07:13:52+00:00
地方 (345源),fjitv106,https://345.lishuhang.com/fjitv106.m3u8,http_error,502,https://345.lishuhang.com/fjitv106.m3u8,text/plain; charset=utf-8,3629.4,72,none,0,0,False,[],[],,2026-08-15T07:13:52+00:00
地方 (345源),fjitv106,https://345.lishuhang.com/ipv6104.m3u8,http_error,502,https://345.lishuhang.com/ipv6104.m3u8,text/plain; charset=utf-8,2257.0,87,none,0,0,False,[],[],,2026-08-15T07:13:53+00:00
地方 (345源),itv266,https://345.lishuhang.com/itv266.m3u8,http_error,502,https://345.lishuhang.com/itv266.m3u8,text/plain; charset=utf-8,3550.8,72,none,0,0,False,[],[],,2026-08-15T07:13:55+00:00
地方 (345源),itv267,https://345.lishuhang.com/itv267.m3u8,http_error,502,https://345.lishuhang.com/itv267.m3u8,text/plain; charset=utf-8,3393.1,72,none,0,0,False,[],[],,2026-08-15T07:13:56+00:00
地方 (345源),itv265,https://345.lishuhang.com/itv265.m3u8,http_error,502,https://345.lishuhang.com/itv265.m3u8,text/plain; charset=utf-8,3501.9,72,none,0,0,False,[],[],,2026-08-15T07:13:57+00:00
地方 (345源),itv353,https://345.lishuhang.com/itv353.m3u8,http_error,502,https://345.lishuhang.com/itv353.m3u8,text/plain; charset=utf-8,4887.6,72,none,0,0,False,[],[],,2026-08-15T07:13:58+00:00
地方 (345源),itv311,https://345.lishuhang.com/itv311.m3u8,request_exception,,,,,0,none,0,0,False,[],[],"HTTPSConnectionPool(host='345.lishuhang.com', port=443): Read timed out. (read timeout=12.0)",2026-08-15T07:13:58+00:00
地方 (345源),itv310,https://345.lishuhang.com/itv310.m3u8,request_exception,,,,,0,none,0,0,False,[],[],"HTTPSConnectionPool(host='345.lishuhang.com', port=443): Read timed out. (read timeout=12.0)",2026-08-15T07:13:58+00:00
地方 (345源),itv4,https://345.lishuhang.com/itv4.m3u8,transport_ok,200,https://345.lishuhang.com/itv4.m3u8,application/vnd.apple.mpegurl,3990.0,486,media,2,2,False,"[200, 200]","[3311.0, 6506.2]",,2026-08-15T07:13:59+00:00
地方 (345源),itv4,https://345.lishuhang.com/ty3.m3u8,transport_ok,200,https://345.lishuhang.com/ty3.m3u8,application/vnd.apple.mpegurl,3561.2,481,media,2,2,False,"[200, 200]","[4944.7, 5325.9]",,2026-08-15T07:13:59+00:00
地方 (345源),itv86,https://345.lishuhang.com/itv86.m3u8,request_exception,,,,,0,none,0,0,False,[],[],"HTTPSConnectionPool(host='345.lishuhang.com', port=443): Read timed out. (read timeout=12.0)",2026-08-15T07:14:00+00:00
地方 (345源),itv87,https://345.lishuhang.com/itv87.m3u8,request_exception,,,,,0,none,0,0,False,[],[],"HTTPSConnectionPool(host='345.lishuhang.com', port=443): Read timed out. (read timeout=12.0)",2026-08-15T07:14:03+00:00
地方 (345源),itv94,https://345.lishuhang.com/itv94.m3u8,request_exception,,,,,0,none,0,0,False,[],[],"HTTPSConnectionPool(host='345.lishuhang.com', port=443): Read timed out. (read timeout=12.0)",2026-08-15T07:14:12+00:00
地方 (345源),itv93,https://345.lishuhang.com/itv93.m3u8,request_exception,,,,,0,none,0,0,False,[],[],"HTTPSConnectionPool(host='345.lishuhang.com', port=443): Read timed out. (read timeout=12.0)",2026-08-15T07:14:12+00:00
地方 (345源),itv89,https://345.lishuhang.com/itv89.m3u8,http_error,502,https://345.lishuhang.com/itv89.m3u8,text/plain; charset=utf-8,4112.1,72,none,0,0,False,[],[],,2026-08-15T07:14:13+00:00
地方 (345源),itv85,https://345.lishuhang.com/itv85.m3u8,request_exception,,,,,0,none,0,0,False,[],[],"HTTPSConnectionPool(host='345.lishuhang.com', port=443): Read timed out. (read timeout=12.0)",2026-08-15T07:14:13+00:00
地方 (345源),itv5,https://345.lishuhang.com/itv5.m3u8,partial_segment_failure,200,https://345.lishuhang.com/itv5.m3u8,application/vnd.apple.mpegurl,3923.5,493,media,2,1,False,"[200, 502]","[3243.7, 4653.8]",,2026-08-15T07:14:14+00:00
地方 (345源),itv5,https://345.lishuhang.com/itv84.m3u8,transport_ok,200,https://345.lishuhang.com/itv84.m3u8,application/vnd.apple.mpegurl,4024.6,497,media,2,2,False,"[200, 200]","[3472.6, 4904.0]",,2026-08-15T07:14:17+00:00
地方 (345源),itv5,https://345.lishuhang.com/ws37.m3u8,transport_ok,200,https://345.lishuhang.com/ws37.m3u8,application/vnd.apple.mpegurl,3842.7,492,media,2,2,False,"[200, 200]","[3444.6, 6573.3]",,2026-08-15T07:14:17+00:00
地方 (345源),itv90,https://345.lishuhang.com/itv90.m3u8,request_exception,,,,,0,none,0,0,False,[],[],"HTTPSConnectionPool(host='345.lishuhang.com', port=443): Read timed out. (read timeout=12.0)",2026-08-15T07:14:25+00:00
地方 (345源),itv92,https://345.lishuhang.com/itv92.m3u8,http_error,502,https://345.lishuhang.com/itv92.m3u8,text/plain; charset=utf-8,3421.6,72,none,0,0,False,[],[],,2026-08-15T07:14:26+00:00
地方 (345源),itv324,https://345.lishuhang.com/itv324.m3u8,http_error,502,https://345.lishuhang.com/itv324.m3u8,text/plain; charset=utf-8,6574.4,75,none,0,0,False,[],[],,2026-08-15T07:14:26+00:00
地方 (345源),itv117,https://345.lishuhang.com/itv117.m3u8,request_exception,,,,,0,none,0,0,False,[],[],"HTTPSConnectionPool(host='345.lishuhang.com', port=443): Read timed out. (read timeout=12.0)",2026-08-15T07:14:27+00:00
地方 (345源),itv323,https://345.lishuhang.com/itv323.m3u8,segment_failure,200,https://345.lishuhang.com/itv323.m3u8,application/vnd.apple.mpegurl,8291.4,408,media,2,0,False,"[400, 400]","[419.6, 419.7]",,2026-08-15T07:14:29+00:00
地方 (345源),itv104,https://345.lishuhang.com/itv104.m3u8,http_error,502,https://345.lishuhang.com/itv104.m3u8,text/plain; charset=utf-8,3654.1,72,none,0,0,False,[],[],,2026-08-15T07:14:29+00:00
地方 (345源),itv101,https://345.lishuhang.com/itv101.m3u8,http_error,502,https://345.lishuhang.com/itv101.m3u8,text/plain; charset=utf-8,4687.6,75,none,0,0,False,[],[],,2026-08-15T07:14:31+00:00
地方 (345源),itv99,https://345.lishuhang.com/itv99.m3u8,http_error,502,https://345.lishuhang.com/itv99.m3u8,text/plain; charset=utf-8,4481.1,75,none,0,0,False,[],[],,2026-08-15T07:14:32+00:00
地方 (345源),itv102,https://345.lishuhang.com/itv102.m3u8,http_error,502,https://345.lishuhang.com/itv102.m3u8,text/plain; charset=utf-8,3329.1,72,none,0,0,False,[],[],,2026-08-15T07:14:33+00:00
地方 (345源),itv98,https://345.lishuhang.com/itv98.m3u8,http_error,502,https://345.lishuhang.com/itv98.m3u8,text/plain; charset=utf-8,4353.5,75,none,0,0,False,[],[],,2026-08-15T07:14:35+00:00
地方 (345源),itv103,https://345.lishuhang.com/itv103.m3u8,http_error,502,https://345.lishuhang.com/itv103.m3u8,text/plain; charset=utf-8,3217.7,72,none,0,0,False,[],[],,2026-08-15T07:14:36+00:00
地方 (345源),itv103,https://345.lishuhang.com/ty20.m3u8,http_error,502,https://345.lishuhang.com/ty20.m3u8,text/plain; charset=utf-8,3242.7,72,none,0,0,False,[],[],,2026-08-15T07:14:37+00:00
地方 (345源),itv100,https://345.lishuhang.com/itv100.m3u8,http_error,502,https://345.lishuhang.com/itv100.m3u8,text/plain; charset=utf-8,3993.1,72,none,0,0,False,[],[],,2026-08-15T07:14:38+00:00
地方 (345源),itv325,https://345.lishuhang.com/itv325.m3u8,http_error,502,https://345.lishuhang.com/itv325.m3u8,text/plain; charset=utf-8,4415.4,72,none,0,0,False,[],[],,2026-08-15T07:14:39+00:00
地方 (345源),itv121,https://345.lishuhang.com/itv121.m3u8,request_exception,,,,,0,none,0,0,False,[],[],"HTTPSConnectionPool(host='345.lishuhang.com', port=443): Read timed out. (read timeout=12.0)",2026-08-15T07:14:39+00:00
地方 (345源),itv280,https://345.lishuhang.com/itv280.m3u8,request_exception,,,,,0,none,0,0,False,[],[],"HTTPSConnectionPool(host='345.lishuhang.com', port=443): Read timed out. (read timeout=12.0)",2026-08-15T07:14:40+00:00
地方 (345源),itv279,https://345.lishuhang.com/itv279.m3u8,request_exception,,,,,0,none,0,0,False,[],[],"HTTPSConnectionPool(host='345.lishuhang.com', port=443): Read timed out. (read timeout=12.0)",2026-08-15T07:14:40+00:00
地方 (345源),itv338,https://345.lishuhang.com/itv338.m3u8,http_error,502,https://345.lishuhang.com/itv338.m3u8,text/plain; charset=utf-8,4354.4,72,none,0,0,False,[],[],,2026-08-15T07:14:40+00:00
地方 (345源),itv112,https://345.lishuhang.com/itv112.m3u8,request_exception,,,,,0,none,0,0,False,[],[],"HTTPSConnectionPool(host='345.lishuhang.com', port=443): Read timed out. (read timeout=12.0)",2026-08-15T07:14:42+00:00
地方 (345源),itv119,https://345.lishuhang.com/itv119.m3u8,request_exception,,,,,0,none,0,0,False,[],[],"HTTPSConnectionPool(host='345.lishuhang.com', port=443): Read timed out. (read timeout=12.0)",2026-08-15T07:14:44+00:00
地方 (345源),itv131,https://345.lishuhang.com/itv131.m3u8,request_exception,,,,,0,none,0,0,False,[],[],"HTTPSConnectionPool(host='345.lishuhang.com', port=443): Read timed out. (read timeout=12.0)",2026-08-15T07:14:45+00:00
地方 (345源),itv271,https://345.lishuhang.com/itv271.m3u8,request_exception,,,,,0,none,0,0,False,[],[],"HTTPSConnectionPool(host='345.lishuhang.com', port=443): Read timed out. (read timeout=12.0)",2026-08-15T07:14:53+00:00
地方 (345源),itv270,https://345.lishuhang.com/itv270.m3u8,request_exception,,,,,0,none,0,0,False,[],[],"HTTPSConnectionPool(host='345.lishuhang.com', port=443): Read timed out. (read timeout=12.0)",2026-08-15T07:14:53+00:00
地方 (345源),itv322,https://345.lishuhang.com/itv322.m3u8,request_exception,,,,,0,none,0,0,False,[],[],"HTTPSConnectionPool(host='345.lishuhang.com', port=443): Read timed out. (read timeout=12.0)",2026-08-15T07:14:53+00:00
地方 (345源),itv321,https://345.lishuhang.com/itv321.m3u8,request_exception,,,,,0,none,0,0,False,[],[],"HTTPSConnectionPool(host='345.lishuhang.com', port=443): Read timed out. (read timeout=12.0)",2026-08-15T07:14:56+00:00
地方 (345源),itv130,https://345.lishuhang.com/itv130.m3u8,request_exception,,,,,0,none,0,0,False,[],[],"HTTPSConnectionPool(host='345.lishuhang.com', port=443): Read timed out. (read timeout=12.0)",2026-08-15T07:14:57+00:00
地方 (345源),itv118,https://345.lishuhang.com/itv118.m3u8,request_exception,,,,,0,none,0,0,False,[],[],"HTTPSConnectionPool(host='345.lishuhang.com', port=443): Read timed out. (read timeout=12.0)",2026-08-15T07:14:58+00:00
地方 (345源),itv129,https://345.lishuhang.com/itv129.m3u8,request_exception,,,,,0,none,0,0,False,[],[],"HTTPSConnectionPool(host='345.lishuhang.com', port=443): Read timed out. (read timeout=12.0)",2026-08-15T07:15:06+00:00
地方 (345源),itv297,https://345.lishuhang.com/itv297.m3u8,http_error,502,https://345.lishuhang.com/itv297.m3u8,text/plain; charset=utf-8,3292.0,72,none,0,0,False,[],[],,2026-08-15T07:15:07+00:00
地方 (345源),itv298,https://345.lishuhang.com/itv298.m3u8,http_error,502,https://345.lishuhang.com/itv298.m3u8,text/plain; charset=utf-8,3333.1,72,none,0,0,False,[],[],,2026-08-15T07:15:07+00:00
地方 (345源),itv296,https://345.lishuhang.com/itv296.m3u8,http_error,502,https://345.lishuhang.com/itv296.m3u8,text/plain; charset=utf-8,3543.3,72,none,0,0,False,[],[],,2026-08-15T07:15:09+00:00
地方 (345源),itv299,https://345.lishuhang.com/itv299.m3u8,http_error,502,https://345.lishuhang.com/itv299.m3u8,text/plain; charset=utf-8,4604.8,72,none,0,0,False,[],[],,2026-08-15T07:15:10+00:00
地方 (345源),itv344,https://345.lishuhang.com/itv344.m3u8,request_exception,,,,,0,none,0,0,False,[],[],"HTTPSConnectionPool(host='345.lishuhang.com', port=443): Read timed out. (read timeout=12.0)",2026-08-15T07:15:11+00:00
地方 (345源),itv343,https://345.lishuhang.com/itv343.m3u8,request_exception,,,,,0,none,0,0,False,[],[],"HTTPSConnectionPool(host='345.lishuhang.com', port=443): Read timed out. (read timeout=12.0)",2026-08-15T07:15:11+00:00
地方 (345源),itv242,https://345.lishuhang.com/itv242.m3u8,segment_failure,200,https://345.lishuhang.com/itv242.m3u8,application/vnd.apple.mpegurl,8489.0,407,media,2,0,False,"[400, 400]","[435.9, 433.3]",,2026-08-15T07:15:12+00:00
地方 (345源),itv135,https://345.lishuhang.com/itv135.m3u8,request_exception,,,,,0,none,0,0,False,[],[],"HTTPSConnectionPool(host='345.lishuhang.com', port=443): Read timed out. (read timeout=12.0)",2026-08-15T07:15:13+00:00
地方 (345源),itv240,https://345.lishuhang.com/itv240.m3u8,http_error,502,https://345.lishuhang.com/itv240.m3u8,text/plain; charset=utf-8,9624.1,72,none,0,0,False,[],[],,2026-08-15T07:15:15+00:00
地方 (345源),itv239,https://345.lishuhang.com/itv239.m3u8,http_error,502,https://345.lishuhang.com/itv239.m3u8,text/plain; charset=utf-8,6331.4,72,none,0,0,False,[],[],,2026-08-15T07:15:20+00:00
地方 (345源),itv363,https://345.lishuhang.com/itv363.m3u8,http_error,502,https://345.lishuhang.com/itv363.m3u8,text/plain; charset=utf-8,4509.8,72,none,0,0,False,[],[],,2026-08-15T07:15:21+00:00
地方 (345源),itv364,https://345.lishuhang.com/itv364.m3u8,http_error,502,https://345.lishuhang.com/itv364.m3u8,text/plain; charset=utf-8,4672.8,72,none,0,0,False,[],[],,2026-08-15T07:15:24+00:00
地方 (345源),itv359,https://345.lishuhang.com/itv359.m3u8,http_error,502,https://345.lishuhang.com/itv359.m3u8,text/plain; charset=utf-8,3275.8,72,none,0,0,False,[],[],,2026-08-15T07:15:25+00:00
地方 (345源),itv358,https://345.lishuhang.com/itv358.m3u8,http_error,502,https://345.lishuhang.com/itv358.m3u8,text/plain; charset=utf-8,4100.4,72,none,0,0,False,[],[],,2026-08-15T07:15:25+00:00
地方 (345源),itv357,https://345.lishuhang.com/itv357.m3u8,http_error,502,https://345.lishuhang.com/itv357.m3u8,text/plain; charset=utf-8,4051.1,72,none,0,0,False,[],[],,2026-08-15T07:15:26+00:00
地方 (345源),itv356,https://345.lishuhang.com/itv356.m3u8,http_error,502,https://345.lishuhang.com/itv356.m3u8,text/plain; charset=utf-8,3578.4,72,none,0,0,False,[],[],,2026-08-15T07:15:26+00:00
地方 (345源),itv362,https://345.lishuhang.com/itv362.m3u8,http_error,502,https://345.lishuhang.com/itv362.m3u8,text/plain; charset=utf-8,3809.0,72,none,0,0,False,[],[],,2026-08-15T07:15:27+00:00
地方 (345源),itv360,https://345.lishuhang.com/itv360.m3u8,http_error,502,https://345.lishuhang.com/itv360.m3u8,text/plain; charset=utf-8,3493.6,72,none,0,0,False,[],[],,2026-08-15T07:15:28+00:00
地方 (345源),itv361,https://345.lishuhang.com/itv361.m3u8,http_error,502,https://345.lishuhang.com/itv361.m3u8,text/plain; charset=utf-8,3468.3,72,none,0,0,False,[],[],,2026-08-15T07:15:29+00:00
地方 (345源),itv192,https://345.lishuhang.com/itv192.m3u8,request_exception,,,,,0,none,0,0,False,[],[],"HTTPSConnectionPool(host='345.lishuhang.com', port=443): Read timed out. (read timeout=12.0)",2026-08-15T07:15:29+00:00
地方 (345源),itv2,https://345.lishuhang.com/itv2.m3u8,http_error,502,https://345.lishuhang.com/itv2.m3u8,text/plain; charset=utf-8,4093.2,72,none,0,0,False,[],[],,2026-08-15T07:15:30+00:00
地方 (345源),itv2,https://345.lishuhang.com/ty6.m3u8,http_error,502,https://345.lishuhang.com/ty6.m3u8,text/plain; charset=utf-8,4219.1,72,none,0,0,False,[],[],,2026-08-15T07:15:30+00:00
地方 (345源),fjitv296,https://345.lishuhang.com/fjitv296.m3u8,http_error,502,https://345.lishuhang.com/fjitv296.m3u8,text/plain; charset=utf-8,3899.4,72,none,0,0,False,[],[],,2026-08-15T07:15:30+00:00
地方 (345源),fjitv296,https://345.lishuhang.com/fjitv306.m3u8,http_error,502,https://345.lishuhang.com/fjitv306.m3u8,text/plain; charset=utf-8,3598.4,72,none,0,0,False,[],[],,2026-08-15T07:15:31+00:00
地方 (345源),fjitv296,https://345.lishuhang.com/fjitv307.m3u8,http_error,502,https://345.lishuhang.com/fjitv307.m3u8,text/plain; charset=utf-8,4690.2,72,none,0,0,False,[],[],,2026-08-15T07:15:32+00:00
地方 (345源),fjitv296,https://345.lishuhang.com/fjitv310.m3u8,http_error,502,https://345.lishuhang.com/fjitv310.m3u8,text/plain; charset=utf-8,3594.4,72,none,0,0,False,[],[],,2026-08-15T07:15:34+00:00
地方 (345源),fjitv296,https://345.lishuhang.com/fjitv311.m3u8,http_error,502,https://345.lishuhang.com/fjitv311.m3u8,text/plain; charset=utf-8,3774.1,72,none,0,0,False,[],[],,2026-08-15T07:15:34+00:00
地方 (345源),fjitv314,https://345.lishuhang.com/fjitv314.m3u8,http_error,502,https://345.lishuhang.com/fjitv314.m3u8,text/plain; charset=utf-8,3933.7,72,none,0,0,False,[],[],,2026-08-15T07:15:34+00:00
地方 (345源),fjitv314,https://345.lishuhang.com/fjitv316.m3u8,http_error,502,https://345.lishuhang.com/fjitv316.m3u8,text/plain; charset=utf-8,3834.6,72,none,0,0,False,[],[],,2026-08-15T07:15:35+00:00
地方 (345源),itv340,https://345.lishuhang.com/itv340.m3u8,request_exception,,,,,0,none,0,0,False,[],[],"HTTPSConnectionPool(host='345.lishuhang.com', port=443): Read timed out. (read timeout=12.0)",2026-08-15T07:15:37+00:00
地方 (345源),itv373,https://345.lishuhang.com/itv373.m3u8,http_error,502,https://345.lishuhang.com/itv373.m3u8,text/plain; charset=utf-8,9449.2,75,none,0,0,False,[],[],,2026-08-15T07:15:37+00:00
地方 (345源),itv190,https://345.lishuhang.com/itv190.m3u8,http_error,502,https://345.lishuhang.com/itv190.m3u8,text/plain; charset=utf-8,7507.6,75,none,0,0,False,[],[],,2026-08-15T07:15:38+00:00
地方 (345源),itv123,https://345.lishuhang.com/itv123.m3u8,request_exception,,,,,0,none,0,0,False,[],[],"HTTPSConnectionPool(host='345.lishuhang.com', port=443): Read timed out. (read timeout=12.0)",2026-08-15T07:15:38+00:00
地方 (345源),itv232,https://345.lishuhang.com/itv232.m3u8,http_error,502,https://345.lishuhang.com/itv232.m3u8,text/plain; charset=utf-8,4846.1,72,none,0,0,False,[],[],,2026-08-15T07:15:39+00:00
地方 (345源),itv225,https://345.lishuhang.com/itv225.m3u8,http_error,502,https://345.lishuhang.com/itv225.m3u8,text/plain; charset=utf-8,5954.5,72,none,0,0,False,[],[],,2026-08-15T07:15:44+00:00
地方 (345源),itv224,https://345.lishuhang.com/itv224.m3u8,http_error,502,https://345.lishuhang.com/itv224.m3u8,text/plain; charset=utf-8,5251.4,72,none,0,0,False,[],[],,2026-08-15T07:15:44+00:00
地方 (345源),itv222,https://345.lishuhang.com/itv222.m3u8,http_error,502,https://345.lishuhang.com/itv222.m3u8,text/plain; charset=utf-8,4189.8,72,none,0,0,False,[],[],,2026-08-15T07:15:46+00:00
地方 (345源),itv223,https://345.lishuhang.com/itv223.m3u8,request_exception,,,,,0,none,0,0,False,[],[],"HTTPSConnectionPool(host='345.lishuhang.com', port=443): Read timed out. (read timeout=12.0)",2026-08-15T07:15:47+00:00
地方 (345源),itv221,https://345.lishuhang.com/itv221.m3u8,http_error,502,https://345.lishuhang.com/itv221.m3u8,text/plain; charset=utf-8,6493.3,72,none,0,0,False,[],[],,2026-08-15T07:15:50+00:00
地方 (345源),itv220,https://345.lishuhang.com/itv220.m3u8,not_hls,200,https://345.lishuhang.com/itv220.m3u8,application/vnd.apple.mpegurl,9851.5,6395,none,0,0,False,[],[],,2026-08-15T07:15:50+00:00
地方 (345源),itv219,https://345.lishuhang.com/itv219.m3u8,not_hls,200,https://345.lishuhang.com/itv219.m3u8,application/vnd.apple.mpegurl,9787.4,6395,none,0,0,False,[],[],,2026-08-15T07:15:50+00:00
地方 (345源),itv241,https://345.lishuhang.com/itv241.m3u8,segment_failure,200,https://345.lishuhang.com/itv241.m3u8,application/vnd.apple.mpegurl,10203.5,410,media,2,0,False,"[400, 400]","[450.2, 435.0]",,2026-08-15T07:15:51+00:00
地方 (345源),itv336,https://345.lishuhang.com/itv336.m3u8,http_error,502,https://345.lishuhang.com/itv336.m3u8,text/plain; charset=utf-8,4251.3,72,none,0,0,False,[],[],,2026-08-15T07:15:52+00:00
地方 (345源),itv282,https://345.lishuhang.com/itv282.m3u8,request_exception,,,,,0,none,0,0,False,[],[],"HTTPSConnectionPool(host='345.lishuhang.com', port=443): Read timed out. (read timeout=12.0)",2026-08-15T07:15:56+00:00
地方 (345源),itv281,https://345.lishuhang.com/itv281.m3u8,request_exception,,,,,0,none,0,0,False,[],[],"HTTPSConnectionPool(host='345.lishuhang.com', port=443): Read timed out. (read timeout=12.0)",2026-08-15T07:15:56+00:00
地方 (345源),itv351,https://345.lishuhang.com/itv351.m3u8,http_error,502,https://345.lishuhang.com/itv351.m3u8,text/plain; charset=utf-8,3864.9,72,none,0,0,False,[],[],,2026-08-15T07:15:59+00:00
地方 (345源),itv293,https://345.lishuhang.com/itv293.m3u8,segment_failure,200,https://345.lishuhang.com/itv293.m3u8,application/vnd.apple.mpegurl,5310.5,408,media,2,0,False,"[400, 400]","[433.4, 456.2]",,2026-08-15T07:16:00+00:00
地方 (345源),itv193,https://345.lishuhang.com/itv193.m3u8,http_error,502,https://345.lishuhang.com/itv193.m3u8,text/plain; charset=utf-8,8775.1,72,none,0,0,False,[],[],,2026-08-15T07:16:00+00:00
地方 (345源),itv106,https://345.lishuhang.com/itv106.m3u8,request_exception,,,,,0,none,0,0,False,[],[],"HTTPSConnectionPool(host='345.lishuhang.com', port=443): Read timed out. (read timeout=12.0)",2026-08-15T07:16:02+00:00
地方 (345源),itv105,https://345.lishuhang.com/itv105.m3u8,request_exception,,,,,0,none,0,0,False,[],[],"HTTPSConnectionPool(host='345.lishuhang.com', port=443): Read timed out. (read timeout=12.0)",2026-08-15T07:16:03+00:00
地方 (345源),fjitv101,https://345.lishuhang.com/fjitv101.m3u8,http_error,502,https://345.lishuhang.com/fjitv101.m3u8,text/plain; charset=utf-8,3253.8,72,none,0,0,False,[],[],,2026-08-15T07:16:06+00:00
地方 (345源),fjitv101,https://345.lishuhang.com/fjitv239.m3u8,http_error,502,https://345.lishuhang.com/fjitv239.m3u8,text/plain; charset=utf-8,4108.8,72,none,0,0,False,[],[],,2026-08-15T07:16:09+00:00
地方 (345源),itv317,https://345.lishuhang.com/itv317.m3u8,http_error,502,https://345.lishuhang.com/itv317.m3u8,text/plain; charset=utf-8,4737.8,72,none,0,0,False,[],[],,2026-08-15T07:16:09+00:00
地方 (345源),itv318,https://345.lishuhang.com/itv318.m3u8,http_error,502,https://345.lishuhang.com/itv318.m3u8,text/plain; charset=utf-8,6118.4,72,none,0,0,False,[],[],,2026-08-15T07:16:10+00:00
地方 (345源),itv316,https://345.lishuhang.com/itv316.m3u8,http_error,502,https://345.lishuhang.com/itv316.m3u8,text/plain; charset=utf-8,5262.0,72,none,0,0,False,[],[],,2026-08-15T07:16:10+00:00
地方 (345源),itv269,https://345.lishuhang.com/itv269.m3u8,http_error,502,https://345.lishuhang.com/itv269.m3u8,text/plain; charset=utf-8,3840.2,72,none,0,0,False,[],[],,2026-08-15T07:16:13+00:00
地方 (345源),itv216,https://345.lishuhang.com/itv216.m3u8,http_error,502,https://345.lishuhang.com/itv216.m3u8,text/plain; charset=utf-8,3523.1,72,none,0,0,False,[],[],,2026-08-15T07:16:14+00:00
地方 (345源),itv213,https://345.lishuhang.com/itv213.m3u8,http_error,502,https://345.lishuhang.com/itv213.m3u8,text/plain; charset=utf-8,4342.4,72,none,0,0,False,[],[],,2026-08-15T07:16:15+00:00
地方 (345源),itv212,https://345.lishuhang.com/itv212.m3u8,http_error,502,https://345.lishuhang.com/itv212.m3u8,text/plain; charset=utf-8,3074.5,72,none,0,0,False,[],[],,2026-08-15T07:16:16+00:00
地方 (345源),itv214,https://345.lishuhang.com/itv214.m3u8,http_error,502,https://345.lishuhang.com/itv214.m3u8,text/plain; charset=utf-8,3306.1,72,none,0,0,False,[],[],,2026-08-15T07:16:16+00:00
地方 (345源),itv218,https://345.lishuhang.com/itv218.m3u8,http_error,502,https://345.lishuhang.com/itv218.m3u8,text/plain; charset=utf-8,3242.4,72,none,0,0,False,[],[],,2026-08-15T07:16:17+00:00
地方 (345源),itv217,https://345.lishuhang.com/itv217.m3u8,http_error,502,https://345.lishuhang.com/itv217.m3u8,text/plain; charset=utf-8,3955.8,72,none,0,0,False,[],[],,2026-08-15T07:16:17+00:00
地方 (345源),itv215,https://345.lishuhang.com/itv215.m3u8,http_error,502,https://345.lishuhang.com/itv215.m3u8,text/plain; charset=utf-8,3502.4,72,none,0,0,False,[],[],,2026-08-15T07:16:17+00:00
地方 (345源),itv210,https://345.lishuhang.com/itv210.m3u8,http_error,502,https://345.lishuhang.com/itv210.m3u8,text/plain; charset=utf-8,6193.0,72,none,0,0,False,[],[],,2026-08-15T07:16:19+00:00
地方 (345源),itv124,https://345.lishuhang.com/itv124.m3u8,request_exception,,,,,0,none,0,0,False,[],[],"HTTPSConnectionPool(host='345.lishuhang.com', port=443): Read timed out. (read timeout=12.0)",2026-08-15T07:16:19+00:00
地方 (345源),itv335,https://345.lishuhang.com/itv335.m3u8,http_error,502,https://345.lishuhang.com/itv335.m3u8,text/plain; charset=utf-8,4290.3,72,none,0,0,False,[],[],,2026-08-15T07:16:20+00:00
地方 (345源),itv233,https://345.lishuhang.com/itv233.m3u8,request_exception,,,,,0,none,0,0,False,[],[],"HTTPSConnectionPool(host='345.lishuhang.com', port=443): Read timed out. (read timeout=12.0)",2026-08-15T07:16:20+00:00
地方 (345源),fjitv100,https://345.lishuhang.com/fjitv100.m3u8,http_error,502,https://345.lishuhang.com/fjitv100.m3u8,text/plain; charset=utf-8,3350.1,72,none,0,0,False,[],[],,2026-08-15T07:16:21+00:00
地方 (345源),fjitv100,https://345.lishuhang.com/fjitv238.m3u8,http_error,502,https://345.lishuhang.com/fjitv238.m3u8,text/plain; charset=utf-8,3240.9,72,none,0,0,False,[],[],,2026-08-15T07:16:21+00:00
地方 (345源),fjitv100,https://345.lishuhang.com/migu92.m3u8,http_error,502,https://345.lishuhang.com/migu92.m3u8,text/plain; charset=utf-8,3407.7,102,none,0,0,False,[],[],,2026-08-15T07:16:24+00:00
地方 (345源),fjitv100,https://345.lishuhang.com/ty13.m3u8,http_error,502,https://345.lishuhang.com/ty13.m3u8,text/plain; charset=utf-8,3723.6,72,none,0,0,False,[],[],,2026-08-15T07:16:24+00:00
地方 (345源),itv259,https://345.lishuhang.com/itv259.m3u8,segment_failure,200,https://345.lishuhang.com/itv259.m3u8,application/vnd.apple.mpegurl,8026.8,405,media,2,0,False,"[400, 400]","[463.1, 448.3]",,2026-08-15T07:16:24+00:00
地方 (345源),itv257,https://345.lishuhang.com/itv257.m3u8,segment_failure,200,https://345.lishuhang.com/itv257.m3u8,application/vnd.apple.mpegurl,7900.0,405,media,2,0,False,"[400, 400]","[436.1, 439.5]",,2026-08-15T07:16:25+00:00
地方 (345源),itv260,https://345.lishuhang.com/itv260.m3u8,segment_failure,200,https://345.lishuhang.com/itv260.m3u8,application/vnd.apple.mpegurl,5248.7,402,media,2,0,False,"[400, 400]","[432.7, 411.6]",,2026-08-15T07:16:27+00:00
地方 (345源),itv256,https://345.lishuhang.com/itv256.m3u8,http_error,502,https://345.lishuhang.com/itv256.m3u8,text/plain; charset=utf-8,5697.2,72,none,0,0,False,[],[],,2026-08-15T07:16:28+00:00
地方 (345源),itv258,https://345.lishuhang.com/itv258.m3u8,http_error,502,https://345.lishuhang.com/itv258.m3u8,text/plain; charset=utf-8,6215.4,72,none,0,0,False,[],[],,2026-08-15T07:16:33+00:00
地方 (345源),itv231,https://345.lishuhang.com/itv231.m3u8,http_error,502,https://345.lishuhang.com/itv231.m3u8,text/plain; charset=utf-8,3316.0,72,none,0,0,False,[],[],,2026-08-15T07:16:33+00:00
地方 (345源),itv230,https://345.lishuhang.com/itv230.m3u8,http_error,502,https://345.lishuhang.com/itv230.m3u8,text/plain; charset=utf-8,3195.2,72,none,0,0,False,[],[],,2026-08-15T07:16:33+00:00
地方 (345源),itv285,https://345.lishuhang.com/itv285.m3u8,http_error,502,https://345.lishuhang.com/itv285.m3u8,text/plain; charset=utf-8,3279.9,72,none,0,0,False,[],[],,2026-08-15T07:16:34+00:00
地方 (345源),itv283,https://345.lishuhang.com/itv283.m3u8,http_error,502,https://345.lishuhang.com/itv283.m3u8,text/plain; charset=utf-8,3403.7,72,none,0,0,False,[],[],,2026-08-15T07:16:34+00:00
地方 (345源),itv284,https://345.lishuhang.com/itv284.m3u8,http_error,502,https://345.lishuhang.com/itv284.m3u8,text/plain; charset=utf-8,3245.2,72,none,0,0,False,[],[],,2026-08-15T07:16:34+00:00
地方 (345源),itv136,https://345.lishuhang.com/itv136.m3u8,request_exception,,,,,0,none,0,0,False,[],[],"HTTPSConnectionPool(host='345.lishuhang.com', port=443): Read timed out. (read timeout=12.0)",2026-08-15T07:16:36+00:00
地方 (345源),fjitv105,https://345.lishuhang.com/fjitv105.m3u8,http_error,502,https://345.lishuhang.com/fjitv105.m3u8,text/plain; charset=utf-8,3277.5,72,none,0,0,False,[],[],,2026-08-15T07:16:37+00:00
地方 (345源),fjitv105,https://345.lishuhang.com/fjitv179.m3u8,http_error,502,https://345.lishuhang.com/fjitv179.m3u8,text/plain; charset=utf-8,3393.7,72,none,0,0,False,[],[],,2026-08-15T07:16:37+00:00
地方 (345源),fjitv275,https://345.lishuhang.com/fjitv275.m3u8,http_error,502,https://345.lishuhang.com/fjitv275.m3u8,text/plain; charset=utf-8,3269.4,72,none,0,0,False,[],[],,2026-08-15T07:16:37+00:00
地方 (345源),fjitv275,https://345.lishuhang.com/itv197.m3u8,http_error,502,https://345.lishuhang.com/itv197.m3u8,text/plain; charset=utf-8,5537.7,75,none,0,0,False,[],[],,2026-08-15T07:16:37+00:00
地方 (345源),itv140,https://345.lishuhang.com/itv140.m3u8,request_exception,,,,,0,none,0,0,False,[],[],"HTTPSConnectionPool(host='345.lishuhang.com', port=443): Read timed out. (read timeout=12.0)",2026-08-15T07:16:39+00:00
地方 (345源),itv349,https://345.lishuhang.com/itv349.m3u8,http_error,502,https://345.lishuhang.com/itv349.m3u8,text/plain; charset=utf-8,3941.0,72,none,0,0,False,[],[],,2026-08-15T07:16:40+00:00
地方 (345源),itv235,https://345.lishuhang.com/itv235.m3u8,http_error,502,https://345.lishuhang.com/itv235.m3u8,text/plain; charset=utf-8,7380.2,72,none,0,0,False,[],[],,2026-08-15T07:16:40+00:00
地方 (345源),itv234,https://345.lishuhang.com/itv234.m3u8,http_error,502,https://345.lishuhang.com/itv234.m3u8,text/plain; charset=utf-8,4665.2,72,none,0,0,False,[],[],,2026-08-15T07:16:40+00:00
地方 (345源),itv337,https://345.lishuhang.com/itv337.m3u8,http_error,502,https://345.lishuhang.com/itv337.m3u8,text/plain; charset=utf-8,3706.8,72,none,0,0,False,[],[],,2026-08-15T07:16:43+00:00
地方 (345源),itv327,https://345.lishuhang.com/itv327.m3u8,http_error,502,https://345.lishuhang.com/itv327.m3u8,text/plain; charset=utf-8,7205.0,72,none,0,0,False,[],[],,2026-08-15T07:16:44+00:00
地方 (345源),fjitv252,https://345.lishuhang.com/fjitv252.m3u8,http_error,502,https://345.lishuhang.com/fjitv252.m3u8,text/plain; charset=utf-8,3651.2,72,none,0,0,False,[],[],,2026-08-15T07:16:45+00:00
地方 (345源),itv306,https://345.lishuhang.com/itv306.m3u8,http_error,502,https://345.lishuhang.com/itv306.m3u8,text/plain; charset=utf-8,4310.9,72,none,0,0,False,[],[],,2026-08-15T07:16:46+00:00
地方 (345源),itv305,https://345.lishuhang.com/itv305.m3u8,http_error,502,https://345.lishuhang.com/itv305.m3u8,text/plain; charset=utf-8,4943.0,72,none,0,0,False,[],[],,2026-08-15T07:16:48+00:00
地方 (345源),itv367,https://345.lishuhang.com/itv367.m3u8,http_error,502,https://345.lishuhang.com/itv367.m3u8,text/plain; charset=utf-8,3292.7,72,none,0,0,False,[],[],,2026-08-15T07:16:49+00:00
地方 (345源),itv369,https://345.lishuhang.com/itv369.m3u8,http_error,502,https://345.lishuhang.com/itv369.m3u8,text/plain; charset=utf-8,3699.0,72,none,0,0,False,[],[],,2026-08-15T07:16:50+00:00
地方 (345源),itv368,https://345.lishuhang.com/itv368.m3u8,http_error,502,https://345.lishuhang.com/itv368.m3u8,text/plain; charset=utf-8,3467.7,72,none,0,0,False,[],[],,2026-08-15T07:16:51+00:00
地方 (345源),itv366,https://345.lishuhang.com/itv366.m3u8,http_error,502,https://345.lishuhang.com/itv366.m3u8,text/plain; charset=utf-8,3796.7,72,none,0,0,False,[],[],,2026-08-15T07:16:51+00:00
地方 (345源),itv194,https://345.lishuhang.com/itv194.m3u8,http_error,502,https://345.lishuhang.com/itv194.m3u8,text/plain; charset=utf-8,3635.9,72,none,0,0,False,[],[],,2026-08-15T07:16:52+00:00
地方 (345源),itv183,https://345.lishuhang.com/itv183.m3u8,request_exception,,,,,0,none,0,0,False,[],[],"HTTPSConnectionPool(host='345.lishuhang.com', port=443): Read timed out. (read timeout=12.0)",2026-08-15T07:16:53+00:00
地方 (345源),itv181,https://345.lishuhang.com/itv181.m3u8,http_error,502,https://345.lishuhang.com/itv181.m3u8,text/plain; charset=utf-8,10465.4,75,none,0,0,False,[],[],,2026-08-15T07:16:53+00:00
地方 (345源),itv182,https://345.lishuhang.com/itv182.m3u8,http_error,502,https://345.lishuhang.com/itv182.m3u8,text/plain; charset=utf-8,10172.4,75,none,0,0,False,[],[],,2026-08-15T07:16:54+00:00
地方 (345源),itv180,https://345.lishuhang.com/itv180.m3u8,http_error,502,https://345.lishuhang.com/itv180.m3u8,text/plain; charset=utf-8,11126.6,75,none,0,0,False,[],[],,2026-08-15T07:16:54+00:00
地方 (345源),itv386,https://345.lishuhang.com/itv386.m3u8,http_error,502,https://345.lishuhang.com/itv386.m3u8,text/plain; charset=utf-8,4614.5,72,none,0,0,False,[],[],,2026-08-15T07:16:55+00:00
地方 (345源),itv198,https://345.lishuhang.com/itv198.m3u8,http_error,502,https://345.lishuhang.com/itv198.m3u8,text/plain; charset=utf-8,3369.4,72,none,0,0,False,[],[],,2026-08-15T07:16:56+00:00
地方 (345源),itv198,https://345.lishuhang.com/migu84.m3u8,http_error,502,https://345.lishuhang.com/migu84.m3u8,text/plain; charset=utf-8,3519.5,102,none,0,0,False,[],[],,2026-08-15T07:16:59+00:00
地方 (345源),itv113,https://345.lishuhang.com/itv113.m3u8,request_exception,,,,,0,none,0,0,False,[],[],"HTTPSConnectionPool(host='345.lishuhang.com', port=443): Read timed out. (read timeout=12.0)",2026-08-15T07:16:59+00:00
地方 (345源),itv350,https://345.lishuhang.com/itv350.m3u8,request_exception,,,,,0,none,0,0,False,[],[],"HTTPSConnectionPool(host='345.lishuhang.com', port=443): Read timed out. (read timeout=12.0)",2026-08-15T07:17:02+00:00
地方 (345源),fjitv26,https://345.lishuhang.com/fjitv26.m3u8,http_error,502,https://345.lishuhang.com/fjitv26.m3u8,text/plain; charset=utf-8,4140.1,72,none,0,0,False,[],[],,2026-08-15T07:17:03+00:00
地方 (345源),itv226,https://345.lishuhang.com/itv226.m3u8,segment_failure,200,https://345.lishuhang.com/itv226.m3u8,application/vnd.apple.mpegurl,6690.9,1394,media,2,0,False,"[400, 400]","[623.9, 857.6]",,2026-08-15T07:17:04+00:00
地方 (345源),itv294,https://345.lishuhang.com/itv294.m3u8,http_error,502,https://345.lishuhang.com/itv294.m3u8,text/plain; charset=utf-8,4304.2,72,none,0,0,False,[],[],,2026-08-15T07:17:05+00:00
地方 (345源),itv137,https://345.lishuhang.com/itv137.m3u8,request_exception,,,,,0,none,0,0,False,[],[],"HTTPSConnectionPool(host='345.lishuhang.com', port=443): Read timed out. (read timeout=12.0)",2026-08-15T07:17:07+00:00
地方 (345源),itv341,https://345.lishuhang.com/itv341.m3u8,http_error,502,https://345.lishuhang.com/itv341.m3u8,text/plain; charset=utf-8,4754.3,72,none,0,0,False,[],[],,2026-08-15T07:17:07+00:00
地方 (345源),itv237,https://345.lishuhang.com/itv237.m3u8,http_error,502,https://345.lishuhang.com/itv237.m3u8,text/plain; charset=utf-8,8448.9,72,none,0,0,False,[],[],,2026-08-15T07:17:10+00:00
地方 (345源),itv238,https://345.lishuhang.com/itv238.m3u8,http_error,502,https://345.lishuhang.com/itv238.m3u8,text/plain; charset=utf-8,5516.7,72,none,0,0,False,[],[],,2026-08-15T07:17:12+00:00
地方 (345源),itv236,https://345.lishuhang.com/itv236.m3u8,http_error,502,https://345.lishuhang.com/itv236.m3u8,text/plain; charset=utf-8,5844.6,75,none,0,0,False,[],[],,2026-08-15T07:17:12+00:00
地方 (345源),itv342,https://345.lishuhang.com/itv342.m3u8,http_error,502,https://345.lishuhang.com/itv342.m3u8,text/plain; charset=utf-8,3934.2,72,none,0,0,False,[],[],,2026-08-15T07:17:13+00:00
地方 (345源),fjitv289,https://345.lishuhang.com/fjitv289.m3u8,http_error,502,https://345.lishuhang.com/fjitv289.m3u8,text/plain; charset=utf-8,3749.6,72,none,0,0,False,[],[],,2026-08-15T07:17:16+00:00
地方 (345源),itv115,https://345.lishuhang.com/itv115.m3u8,request_exception,,,,,0,none,0,0,False,[],[],"HTTPSConnectionPool(host='345.lishuhang.com', port=443): Read timed out. (read timeout=12.0)",2026-08-15T07:17:17+00:00
地方 (345源),fjitv95,https://345.lishuhang.com/fjitv95.m3u8,http_error,502,https://345.lishuhang.com/fjitv95.m3u8,text/plain; charset=utf-8,4881.9,72,none,0,0,False,[],[],,2026-08-15T07:17:18+00:00
地方 (345源),fjitv95,https://345.lishuhang.com/fjitv234.m3u8,http_error,502,https://345.lishuhang.com/fjitv234.m3u8,text/plain; charset=utf-8,3667.9,72,none,0,0,False,[],[],,2026-08-15T07:17:18+00:00
地方 (345源),fjitv95,https://345.lishuhang.com/itv248.m3u8,http_error,502,https://345.lishuhang.com/itv248.m3u8,text/plain; charset=utf-8,4478.0,72,none,0,0,False,[],[],,2026-08-15T07:17:18+00:00
地方 (345源),itv328,https://345.lishuhang.com/itv328.m3u8,segment_failure,200,https://345.lishuhang.com/itv328.m3u8,application/vnd.apple.mpegurl,6964.5,512,media,2,0,False,"[400, 400]","[484.9, 472.7]",,2026-08-15T07:17:20+00:00
地方 (345源),itv162,https://345.lishuhang.com/itv162.m3u8,request_exception,,,,,0,none,0,0,False,[],[],"HTTPSConnectionPool(host='345.lishuhang.com', port=443): Read timed out. (read timeout=12.0)",2026-08-15T07:17:21+00:00
地方 (345源),itv345,https://345.lishuhang.com/itv345.m3u8,not_hls,200,https://345.lishuhang.com/itv345.m3u8,application/vnd.apple.mpegurl,5941.5,74703,none,0,0,False,[],[],,2026-08-15T07:17:22+00:00
地方 (345源),itv346,https://345.lishuhang.com/itv346.m3u8,not_hls,200,https://345.lishuhang.com/itv346.m3u8,application/vnd.apple.mpegurl,5043.2,75198,none,0,0,False,[],[],,2026-08-15T07:17:22+00:00
地方 (345源),itv275,https://345.lishuhang.com/itv275.m3u8,http_error,502,https://345.lishuhang.com/itv275.m3u8,text/plain; charset=utf-8,7834.2,72,none,0,0,False,[],[],,2026-08-15T07:17:22+00:00
地方 (345源),itv273,https://345.lishuhang.com/itv273.m3u8,http_error,502,https://345.lishuhang.com/itv273.m3u8,text/plain; charset=utf-8,8798.4,72,none,0,0,False,[],[],,2026-08-15T07:17:27+00:00
地方 (345源),itv274,https://345.lishuhang.com/itv274.m3u8,http_error,502,https://345.lishuhang.com/itv274.m3u8,text/plain; charset=utf-8,9699.6,72,none,0,0,False,[],[],,2026-08-15T07:17:28+00:00
地方 (345源),itv295,https://345.lishuhang.com/itv295.m3u8,http_error,502,https://345.lishuhang.com/itv295.m3u8,text/plain; charset=utf-8,6928.0,72,none,0,0,False,[],[],,2026-08-15T07:17:28+00:00
地方 (345源),itv315,https://345.lishuhang.com/itv315.m3u8,http_error,502,https://345.lishuhang.com/itv315.m3u8,text/plain; charset=utf-8,5906.0,72,none,0,0,False,[],[],,2026-08-15T07:17:30+00:00
地方 (345源),itv314,https://345.lishuhang.com/itv314.m3u8,http_error,502,https://345.lishuhang.com/itv314.m3u8,text/plain; charset=utf-8,5485.6,72,none,0,0,False,[],[],,2026-08-15T07:17:31+00:00
地方 (345源),itv138,https://345.lishuhang.com/itv138.m3u8,request_exception,,,,,0,none,0,0,False,[],[],"HTTPSConnectionPool(host='345.lishuhang.com', port=443): Read timed out. (read timeout=12.0)",2026-08-15T07:17:35+00:00
地方 (345源),itv347,https://345.lishuhang.com/itv347.m3u8,http_error,502,https://345.lishuhang.com/itv347.m3u8,text/plain; charset=utf-8,3646.4,72,none,0,0,False,[],[],,2026-08-15T07:17:35+00:00
地方 (345源),itv348,https://345.lishuhang.com/itv348.m3u8,http_error,502,https://345.lishuhang.com/itv348.m3u8,text/plain; charset=utf-8,3640.1,72,none,0,0,False,[],[],,2026-08-15T07:17:36+00:00
地方 (345源),itv304,https://345.lishuhang.com/itv304.m3u8,http_error,502,https://345.lishuhang.com/itv304.m3u8,text/plain; charset=utf-8,3910.6,72,none,0,0,False,[],[],,2026-08-15T07:17:36+00:00
地方 (345源),itv303,https://345.lishuhang.com/itv303.m3u8,http_error,502,https://345.lishuhang.com/itv303.m3u8,text/plain; charset=utf-8,4135.1,72,none,0,0,False,[],[],,2026-08-15T07:17:36+00:00
地方 (345源),itv132,https://345.lishuhang.com/itv132.m3u8,request_exception,,,,,0,none,0,0,False,[],[],"HTTPSConnectionPool(host='345.lishuhang.com', port=443): Read timed out. (read timeout=12.0)",2026-08-15T07:17:37+00:00
地方 (345源),itv384,https://345.lishuhang.com/itv384.m3u8,http_error,502,https://345.lishuhang.com/itv384.m3u8,text/plain; charset=utf-8,3390.9,72,none,0,0,False,[],[],,2026-08-15T07:17:38+00:00
地方 (345源),itv383,https://345.lishuhang.com/itv383.m3u8,http_error,502,https://345.lishuhang.com/itv383.m3u8,text/plain; charset=utf-8,3456.5,72,none,0,0,False,[],[],,2026-08-15T07:17:40+00:00
地方 (345源),itv382,https://345.lishuhang.com/itv382.m3u8,http_error,502,https://345.lishuhang.com/itv382.m3u8,text/plain; charset=utf-8,3035.3,72,none,0,0,False,[],[],,2026-08-15T07:17:40+00:00
地方 (345源),itv243,https://345.lishuhang.com/itv243.m3u8,http_error,502,https://345.lishuhang.com/itv243.m3u8,text/plain; charset=utf-8,4390.5,72,none,0,0,False,[],[],,2026-08-15T07:17:41+00:00
地方 (345源),itv262,https://345.lishuhang.com/itv262.m3u8,http_error,502,https://345.lishuhang.com/itv262.m3u8,text/plain; charset=utf-8,4657.8,72,none,0,0,False,[],[],,2026-08-15T07:17:42+00:00
地方 (345源),itv261,https://345.lishuhang.com/itv261.m3u8,http_error,502,https://345.lishuhang.com/itv261.m3u8,text/plain; charset=utf-8,5745.4,72,none,0,0,False,[],[],,2026-08-15T07:17:43+00:00
地方 (345源),itv263,https://345.lishuhang.com/itv263.m3u8,http_error,502,https://345.lishuhang.com/itv263.m3u8,text/plain; charset=utf-8,4978.9,72,none,0,0,False,[],[],,2026-08-15T07:17:43+00:00
地方 (345源),itv191,https://345.lishuhang.com/itv191.m3u8,http_error,502,https://345.lishuhang.com/itv191.m3u8,text/plain; charset=utf-8,6509.7,72,none,0,0,False,[],[],,2026-08-15T07:17:45+00:00
地方 (345源),itv116,https://345.lishuhang.com/itv116.m3u8,request_exception,,,,,0,none,0,0,False,[],[],"HTTPSConnectionPool(host='345.lishuhang.com', port=443): Read timed out. (read timeout=12.0)",2026-08-15T07:17:46+00:00
地方 (345源),itv110,https://345.lishuhang.com/itv110.m3u8,request_exception,,,,,0,none,0,0,False,[],[],"HTTPSConnectionPool(host='345.lishuhang.com', port=443): Read timed out. (read timeout=12.0)",2026-08-15T07:17:48+00:00
地方 (345源),itv111,https://345.lishuhang.com/itv111.m3u8,request_exception,,,,,0,none,0,0,False,[],[],"HTTPSConnectionPool(host='345.lishuhang.com', port=443): Read timed out. (read timeout=12.0)",2026-08-15T07:17:48+00:00
地方 (345源),itv133,https://345.lishuhang.com/itv133.m3u8,request_exception,,,,,0,none,0,0,False,[],[],"HTTPSConnectionPool(host='345.lishuhang.com', port=443): Read timed out. (read timeout=12.0)",2026-08-15T07:17:49+00:00
地方 (345源),itv313,https://345.lishuhang.com/itv313.m3u8,http_error,502,https://345.lishuhang.com/itv313.m3u8,text/plain; charset=utf-8,3491.9,72,none,0,0,False,[],[],,2026-08-15T07:17:51+00:00
地方 (345源),itv312,https://345.lishuhang.com/itv312.m3u8,http_error,502,https://345.lishuhang.com/itv312.m3u8,text/plain; charset=utf-8,3378.2,72,none,0,0,False,[],[],,2026-08-15T07:17:52+00:00
地方 (345源),itv388,https://345.lishuhang.com/itv388.m3u8,http_error,502,https://345.lishuhang.com/itv388.m3u8,text/plain; charset=utf-8,4055.5,72,none,0,0,False,[],[],,2026-08-15T07:17:54+00:00
地方 (345源),itv387,https://345.lishuhang.com/itv387.m3u8,http_error,502,https://345.lishuhang.com/itv387.m3u8,text/plain; charset=utf-8,3384.7,72,none,0,0,False,[],[],,2026-08-15T07:17:55+00:00
地方 (345源),itv352,https://345.lishuhang.com/itv352.m3u8,http_error,502,https://345.lishuhang.com/itv352.m3u8,text/plain; charset=utf-8,6380.4,72,none,0,0,False,[],[],,2026-08-15T07:17:58+00:00
地方 (345源),itv334,https://345.lishuhang.com/itv334.m3u8,http_error,502,https://345.lishuhang.com/itv334.m3u8,text/plain; charset=utf-8,6065.6,72,none,0,0,False,[],[],,2026-08-15T07:17:58+00:00
地方 (345源),itv320,https://345.lishuhang.com/itv320.m3u8,http_error,502,https://345.lishuhang.com/itv320.m3u8,text/plain; charset=utf-8,6494.6,72,none,0,0,False,[],[],,2026-08-15T07:18:00+00:00
地方 (345源),itv319,https://345.lishuhang.com/itv319.m3u8,not_hls,200,https://345.lishuhang.com/itv319.m3u8,application/vnd.apple.mpegurl,5724.0,110741,none,0,0,False,[],[],,2026-08-15T07:18:02+00:00
地方 (345源),itv141,https://345.lishuhang.com/itv141.m3u8,request_exception,,,,,0,none,0,0,False,[],[],"HTTPSConnectionPool(host='345.lishuhang.com', port=443): Read timed out. (read timeout=12.0)",2026-08-15T07:18:02+00:00
地方 (345源),itv96,https://345.lishuhang.com/itv96.m3u8,http_error,502,https://345.lishuhang.com/itv96.m3u8,text/plain; charset=utf-8,3393.3,72,none,0,0,False,[],[],,2026-08-15T07:18:03+00:00
地方 (345源),itv126,https://345.lishuhang.com/itv126.m3u8,request_exception,,,,,0,none,0,0,False,[],[],"HTTPSConnectionPool(host='345.lishuhang.com', port=443): Read timed out. (read timeout=12.0)",2026-08-15T07:18:04+00:00
地方 (345源),itv189,https://345.lishuhang.com/itv189.m3u8,not_hls,200,https://345.lishuhang.com/itv189.m3u8,application/vnd.apple.mpegurl,8887.4,1852,none,0,0,False,[],[],,2026-08-15T07:18:05+00:00
地方 (345源),itv188,https://345.lishuhang.com/itv188.m3u8,not_hls,200,https://345.lishuhang.com/itv188.m3u8,application/vnd.apple.mpegurl,7633.9,1852,none,0,0,False,[],[],,2026-08-15T07:18:06+00:00
轮播 (345源),movie60,https://345.lishuhang.com/movie60.m3u8,http_error,502,https://345.lishuhang.com/movie60.m3u8,text/plain; charset=utf-8,8201.0,72,none,0,0,False,[],[],,2026-08-15T07:18:06+00:00
轮播 (345源),movie312,https://345.lishuhang.com/movie312.m3u8,http_error,502,https://345.lishuhang.com/movie312.m3u8,text/plain; charset=utf-8,8035.3,72,none,0,0,False,[],[],,2026-08-15T07:18:07+00:00
轮播 (345源),movie172,https://345.lishuhang.com/movie172.m3u8,http_error,502,https://345.lishuhang.com/movie172.m3u8,text/plain; charset=utf-8,9223.0,72,none,0,0,False,[],[],,2026-08-15T07:18:14+00:00
轮播 (345源),movie135,https://345.lishuhang.com/movie135.m3u8,http_error,502,https://345.lishuhang.com/movie135.m3u8,text/plain; charset=utf-8,6443.2,72,none,0,0,False,[],[],,2026-08-15T07:18:14+00:00
轮播 (345源),movie135,https://345.lishuhang.com/movie149.m3u8,http_error,502,https://345.lishuhang.com/movie149.m3u8,text/plain; charset=utf-8,8071.2,72,none,0,0,False,[],[],,2026-08-15T07:18:15+00:00
轮播 (345源),movie317,https://345.lishuhang.com/movie317.m3u8,http_error,502,https://345.lishuhang.com/movie317.m3u8,text/plain; charset=utf-8,9376.7,72,none,0,0,False,[],[],,2026-08-15T07:18:15+00:00
轮播 (345源),movie141,https://345.lishuhang.com/movie141.m3u8,http_error,502,https://345.lishuhang.com/movie141.m3u8,text/plain; charset=utf-8,6798.4,72,none,0,0,False,[],[],,2026-08-15T07:18:16+00:00
轮播 (345源),movie47,https://345.lishuhang.com/movie47.m3u8,http_error,502,https://345.lishuhang.com/movie47.m3u8,text/plain; charset=utf-8,7573.3,72,none,0,0,False,[],[],,2026-08-15T07:18:18+00:00
轮播 (345源),movie47,https://345.lishuhang.com/movie164.m3u8,http_error,502,https://345.lishuhang.com/movie164.m3u8,text/plain; charset=utf-8,5648.0,72,none,0,0,False,[],[],,2026-08-15T07:18:20+00:00
轮播 (345源),movie118,https://345.lishuhang.com/movie118.m3u8,http_error,502,https://345.lishuhang.com/movie118.m3u8,text/plain; charset=utf-8,6252.3,72,none,0,0,False,[],[],,2026-08-15T07:18:22+00:00
轮播 (345源),movie173,https://345.lishuhang.com/movie173.m3u8,http_error,502,https://345.lishuhang.com/movie173.m3u8,text/plain; charset=utf-8,6781.8,72,none,0,0,False,[],[],,2026-08-15T07:18:23+00:00
轮播 (345源),movie223,https://345.lishuhang.com/movie223.m3u8,http_error,502,https://345.lishuhang.com/movie223.m3u8,text/plain; charset=utf-8,5564.5,72,none,0,0,False,[],[],,2026-08-15T07:18:23+00:00
轮播 (345源),movie251,https://345.lishuhang.com/movie251.m3u8,http_error,502,https://345.lishuhang.com/movie251.m3u8,text/plain; charset=utf-8,6107.8,72,none,0,0,False,[],[],,2026-08-15T07:18:25+00:00
轮播 (345源),movie320,https://345.lishuhang.com/movie320.m3u8,http_error,502,https://345.lishuhang.com/movie320.m3u8,text/plain; charset=utf-8,7139.9,72,none,0,0,False,[],[],,2026-08-15T07:18:26+00:00
轮播 (345源),movie241,https://345.lishuhang.com/movie241.m3u8,http_error,502,https://345.lishuhang.com/movie241.m3u8,text/plain; charset=utf-8,6067.3,72,none,0,0,False,[],[],,2026-08-15T07:18:26+00:00
轮播 (345源),movie283,https://345.lishuhang.com/movie283.m3u8,http_error,502,https://345.lishuhang.com/movie283.m3u8,text/plain; charset=utf-8,6940.5,72,none,0,0,False,[],[],,2026-08-15T07:18:28+00:00
轮播 (345源),movie503,https://345.lishuhang.com/movie503.m3u8,http_error,502,https://345.lishuhang.com/movie503.m3u8,text/plain; charset=utf-8,3227.6,102,none,0,0,False,[],[],,2026-08-15T07:18:29+00:00
轮播 (345源),movie119,https://345.lishuhang.com/movie119.m3u8,http_error,502,https://345.lishuhang.com/movie119.m3u8,text/plain; charset=utf-8,6412.0,72,none,0,0,False,[],[],,2026-08-15T07:18:29+00:00
轮播 (345源),hlitv155,https://345.lishuhang.com/hlitv155.m3u8,request_exception,,,,,0,none,0,0,False,[],[],"HTTPSConnectionPool(host='345.lishuhang.com', port=443): Read timed out. (read timeout=12.0)",2026-08-15T07:18:31+00:00
轮播 (345源),hlitv95,https://345.lishuhang.com/hlitv95.m3u8,request_exception,,,,,0,none,0,0,False,[],[],"HTTPSConnectionPool(host='345.lishuhang.com', port=443): Read timed out. (read timeout=12.0)",2026-08-15T07:18:32+00:00
轮播 (345源),hlitv87,https://345.lishuhang.com/hlitv87.m3u8,request_exception,,,,,0,none,0,0,False,[],[],"HTTPSConnectionPool(host='345.lishuhang.com', port=443): Read timed out. (read timeout=12.0)",2026-08-15T07:18:32+00:00
轮播 (345源),hlitv82,https://345.lishuhang.com/hlitv82.m3u8,request_exception,,,,,0,none,0,0,False,[],[],"HTTPSConnectionPool(host='345.lishuhang.com', port=443): Read timed out. (read timeout=12.0)",2026-08-15T07:18:33+00:00
轮播 (345源),hlitv90,https://345.lishuhang.com/hlitv90.m3u8,request_exception,,,,,0,none,0,0,False,[],[],"HTTPSConnectionPool(host='345.lishuhang.com', port=443): Read timed out. (read timeout=12.0)",2026-08-15T07:18:35+00:00
轮播 (345源),hlitv97,https://345.lishuhang.com/hlitv97.m3u8,request_exception,,,,,0,none,0,0,False,[],[],"HTTPSConnectionPool(host='345.lishuhang.com', port=443): Read timed out. (read timeout=12.0)",2026-08-15T07:18:36+00:00
轮播 (345源),hlitv75,https://345.lishuhang.com/hlitv75.m3u8,request_exception,,,,,0,none,0,0,False,[],[],"HTTPSConnectionPool(host='345.lishuhang.com', port=443): Read timed out. (read timeout=12.0)",2026-08-15T07:18:44+00:00
轮播 (345源),hlitv76,https://345.lishuhang.com/hlitv76.m3u8,request_exception,,,,,0,none,0,0,False,[],[],"HTTPSConnectionPool(host='345.lishuhang.com', port=443): Read timed out. (read timeout=12.0)",2026-08-15T07:18:45+00:00
轮播 (345源),hlitv77,https://345.lishuhang.com/hlitv77.m3u8,request_exception,,,,,0,none,0,0,False,[],[],"HTTPSConnectionPool(host='345.lishuhang.com', port=443): Read timed out. (read timeout=12.0)",2026-08-15T07:18:45+00:00
轮播 (345源),hlitv91,https://345.lishuhang.com/hlitv91.m3u8,request_exception,,,,,0,none,0,0,False,[],[],"HTTPSConnectionPool(host='345.lishuhang.com', port=443): Read timed out. (read timeout=12.0)",2026-08-15T07:18:46+00:00
轮播 (345源),hlitv79,https://345.lishuhang.com/hlitv79.m3u8,request_exception,,,,,0,none,0,0,False,[],[],"HTTPSConnectionPool(host='345.lishuhang.com', port=443): Read timed out. (read timeout=12.0)",2026-08-15T07:18:49+00:00
轮播 (345源),hlitv94,https://345.lishuhang.com/hlitv94.m3u8,request_exception,,,,,0,none,0,0,False,[],[],"HTTPSConnectionPool(host='345.lishuhang.com', port=443): Read timed out. (read timeout=12.0)",2026-08-15T07:18:49+00:00
轮播 (345源),hlitv78,https://345.lishuhang.com/hlitv78.m3u8,request_exception,,,,,0,none,0,0,False,[],[],"HTTPSConnectionPool(host='345.lishuhang.com', port=443): Read timed out. (read timeout=12.0)",2026-08-15T07:18:58+00:00
轮播 (345源),hlitv156,https://345.lishuhang.com/hlitv156.m3u8,request_exception,,,,,0,none,0,0,False,[],[],"HTTPSConnectionPool(host='345.lishuhang.com', port=443): Read timed out. (read timeout=12.0)",2026-08-15T07:18:59+00:00
轮播 (345源),hlitv85,https://345.lishuhang.com/hlitv85.m3u8,request_exception,,,,,0,none,0,0,False,[],[],"HTTPSConnectionPool(host='345.lishuhang.com', port=443): Read timed out. (read timeout=12.0)",2026-08-15T07:18:59+00:00
轮播 (345源),hlitv99,https://345.lishuhang.com/hlitv99.m3u8,request_exception,,,,,0,none,0,0,False,[],[],"HTTPSConnectionPool(host='345.lishuhang.com', port=443): Read timed out. (read timeout=12.0)",2026-08-15T07:19:00+00:00
轮播 (345源),hlitv133,https://345.lishuhang.com/hlitv133.m3u8,request_exception,,,,,0,none,0,0,False,[],[],"HTTPSConnectionPool(host='345.lishuhang.com', port=443): Read timed out. (read timeout=12.0)",2026-08-15T07:19:02+00:00
轮播 (345源),hlitv83,https://345.lishuhang.com/hlitv83.m3u8,request_exception,,,,,0,none,0,0,False,[],[],"HTTPSConnectionPool(host='345.lishuhang.com', port=443): Read timed out. (read timeout=12.0)",2026-08-15T07:19:03+00:00
轮播 (345源),hlitv89,https://345.lishuhang.com/hlitv89.m3u8,request_exception,,,,,0,none,0,0,False,[],[],"HTTPSConnectionPool(host='345.lishuhang.com', port=443): Read timed out. (read timeout=12.0)",2026-08-15T07:19:12+00:00
轮播 (345源),hlitv89,https://345.lishuhang.com/hlitv126.m3u8,request_exception,,,,,0,none,0,0,False,[],[],"HTTPSConnectionPool(host='345.lishuhang.com', port=443): Read timed out. (read timeout=12.0)",2026-08-15T07:19:13+00:00
轮播 (345源),hlitv89,https://345.lishuhang.com/hlitv127.m3u8,request_exception,,,,,0,none,0,0,False,[],[],"HTTPSConnectionPool(host='345.lishuhang.com', port=443): Read timed out. (read timeout=12.0)",2026-08-15T07:19:14+00:00
轮播 (345源),hlitv88,https://345.lishuhang.com/hlitv88.m3u8,request_exception,,,,,0,none,0,0,False,[],[],"HTTPSConnectionPool(host='345.lishuhang.com', port=443): Read timed out. (read timeout=12.0)",2026-08-15T07:19:14+00:00
轮播 (345源),hlitv84,https://345.lishuhang.com/hlitv84.m3u8,request_exception,,,,,0,none,0,0,False,[],[],"HTTPSConnectionPool(host='345.lishuhang.com', port=443): Read timed out. (read timeout=12.0)",2026-08-15T07:19:16+00:00
轮播 (345源),hlitv81,https://345.lishuhang.com/hlitv81.m3u8,request_exception,,,,,0,none,0,0,False,[],[],"HTTPSConnectionPool(host='345.lishuhang.com', port=443): Read timed out. (read timeout=12.0)",2026-08-15T07:19:17+00:00
轮播 (345源),hlitv86,https://345.lishuhang.com/hlitv86.m3u8,request_exception,,,,,0,none,0,0,False,[],[],"HTTPSConnectionPool(host='345.lishuhang.com', port=443): Read timed out. (read timeout=12.0)",2026-08-15T07:19:25+00:00
轮播 (345源),hlitv129,https://345.lishuhang.com/hlitv129.m3u8,request_exception,,,,,0,none,0,0,False,[],[],"HTTPSConnectionPool(host='345.lishuhang.com', port=443): Read timed out. (read timeout=12.0)",2026-08-15T07:19:26+00:00
轮播 (345源),hlitv131,https://345.lishuhang.com/hlitv131.m3u8,request_exception,,,,,0,none,0,0,False,[],[],"HTTPSConnectionPool(host='345.lishuhang.com', port=443): Read timed out. (read timeout=12.0)",2026-08-15T07:19:27+00:00
轮播 (345源),hlitv130,https://345.lishuhang.com/hlitv130.m3u8,request_exception,,,,,0,none,0,0,False,[],[],"HTTPSConnectionPool(host='345.lishuhang.com', port=443): Read timed out. (read timeout=12.0)",2026-08-15T07:19:27+00:00
轮播 (345源),hlitv128,https://345.lishuhang.com/hlitv128.m3u8,request_exception,,,,,0,none,0,0,False,[],[],"HTTPSConnectionPool(host='345.lishuhang.com', port=443): Read timed out. (read timeout=12.0)",2026-08-15T07:19:30+00:00
轮播 (345源),hlitv80,https://345.lishuhang.com/hlitv80.m3u8,request_exception,,,,,0,none,0,0,False,[],[],"HTTPSConnectionPool(host='345.lishuhang.com', port=443): Read timed out. (read timeout=12.0)",2026-08-15T07:19:30+00:00
轮播 (345源),fjitv119,https://345.lishuhang.com/fjitv119.m3u8,http_error,502,https://345.lishuhang.com/fjitv119.m3u8,text/plain; charset=utf-8,3211.9,72,none,0,0,False,[],[],,2026-08-15T07:19:39+00:00
轮播 (345源),fjitv119,https://345.lishuhang.com/fjitv202.m3u8,http_error,502,https://345.lishuhang.com/fjitv202.m3u8,text/plain; charset=utf-8,3420.7,72,none,0,0,False,[],[],,2026-08-15T07:19:40+00:00
轮播 (345源),fjitv114,https://345.lishuhang.com/fjitv114.m3u8,http_error,502,https://345.lishuhang.com/fjitv114.m3u8,text/plain; charset=utf-8,3279.3,72,none,0,0,False,[],[],,2026-08-15T07:19:41+00:00
轮播 (345源),fjitv114,https://345.lishuhang.com/fjitv190.m3u8,http_error,502,https://345.lishuhang.com/fjitv190.m3u8,text/plain; charset=utf-8,3981.8,72,none,0,0,False,[],[],,2026-08-15T07:19:41+00:00
轮播 (345源),fjitv116,https://345.lishuhang.com/fjitv116.m3u8,http_error,502,https://345.lishuhang.com/fjitv116.m3u8,text/plain; charset=utf-8,3356.8,72,none,0,0,False,[],[],,2026-08-15T07:19:42+00:00
轮播 (345源),fjitv116,https://345.lishuhang.com/fjitv197.m3u8,http_error,502,https://345.lishuhang.com/fjitv197.m3u8,text/plain; charset=utf-8,3930.5,72,none,0,0,False,[],[],,2026-08-15T07:19:43+00:00
轮播 (345源),fjitv115,https://345.lishuhang.com/fjitv115.m3u8,http_error,502,https://345.lishuhang.com/fjitv115.m3u8,text/plain; charset=utf-8,3239.4,72,none,0,0,False,[],[],,2026-08-15T07:19:43+00:00
轮播 (345源),fjitv115,https://345.lishuhang.com/fjitv194.m3u8,http_error,502,https://345.lishuhang.com/fjitv194.m3u8,text/plain; charset=utf-8,3429.1,72,none,0,0,False,[],[],,2026-08-15T07:19:44+00:00
轮播 (345源),fjitv46,https://345.lishuhang.com/fjitv46.m3u8,http_error,502,https://345.lishuhang.com/fjitv46.m3u8,text/plain; charset=utf-8,3204.0,72,none,0,0,False,[],[],,2026-08-15T07:19:44+00:00
轮播 (345源),fjitv46,https://345.lishuhang.com/fjitv186.m3u8,http_error,502,https://345.lishuhang.com/fjitv186.m3u8,text/plain; charset=utf-8,3798.6,72,none,0,0,False,[],[],,2026-08-15T07:19:45+00:00
轮播 (345源),fjitv45,https://345.lishuhang.com/fjitv45.m3u8,http_error,502,https://345.lishuhang.com/fjitv45.m3u8,text/plain; charset=utf-8,3248.3,72,none,0,0,False,[],[],,2026-08-15T07:19:45+00:00
轮播 (345源),fjitv45,https://345.lishuhang.com/fjitv185.m3u8,http_error,502,https://345.lishuhang.com/fjitv185.m3u8,text/plain; charset=utf-8,3179.3,72,none,0,0,False,[],[],,2026-08-15T07:19:47+00:00
轮播 (345源),fjitv112,https://345.lishuhang.com/fjitv112.m3u8,http_error,502,https://345.lishuhang.com/fjitv112.m3u8,text/plain; charset=utf-8,3460.3,72,none,0,0,False,[],[],,2026-08-15T07:19:47+00:00
轮播 (345源),fjitv112,https://345.lishuhang.com/fjitv187.m3u8,http_error,502,https://345.lishuhang.com/fjitv187.m3u8,text/plain; charset=utf-8,3470.9,72,none,0,0,False,[],[],,2026-08-15T07:19:47+00:00
轮播 (345源),fjitv117,https://345.lishuhang.com/fjitv117.m3u8,http_error,502,https://345.lishuhang.com/fjitv117.m3u8,text/plain; charset=utf-8,3451.9,72,none,0,0,False,[],[],,2026-08-15T07:19:47+00:00
轮播 (345源),fjitv47,https://345.lishuhang.com/fjitv47.m3u8,http_error,502,https://345.lishuhang.com/fjitv47.m3u8,text/plain; charset=utf-8,3276.1,72,none,0,0,False,[],[],,2026-08-15T07:19:48+00:00
轮播 (345源),fjitv47,https://345.lishuhang.com/fjitv189.m3u8,http_error,502,https://345.lishuhang.com/fjitv189.m3u8,text/plain; charset=utf-8,3237.8,72,none,0,0,False,[],[],,2026-08-15T07:19:49+00:00
轮播 (345源),fjitv49,https://345.lishuhang.com/fjitv49.m3u8,http_error,502,https://345.lishuhang.com/fjitv49.m3u8,text/plain; charset=utf-8,3331.9,72,none,0,0,False,[],[],,2026-08-15T07:19:50+00:00
轮播 (345源),fjitv49,https://345.lishuhang.com/fjitv192.m3u8,http_error,502,https://345.lishuhang.com/fjitv192.m3u8,text/plain; charset=utf-8,3225.8,72,none,0,0,False,[],[],,2026-08-15T07:19:50+00:00
轮播 (345源),fjitv120,https://345.lishuhang.com/fjitv120.m3u8,http_error,502,https://345.lishuhang.com/fjitv120.m3u8,text/plain; charset=utf-8,3276.9,72,none,0,0,False,[],[],,2026-08-15T07:19:51+00:00
轮播 (345源),fjitv53,https://345.lishuhang.com/fjitv53.m3u8,http_error,502,https://345.lishuhang.com/fjitv53.m3u8,text/plain; charset=utf-8,3343.5,72,none,0,0,False,[],[],,2026-08-15T07:19:51+00:00
轮播 (345源),fjitv53,https://345.lishuhang.com/fjitv199.m3u8,http_error,502,https://345.lishuhang.com/fjitv199.m3u8,text/plain; charset=utf-8,3306.1,72,none,0,0,False,[],[],,2026-08-15T07:19:52+00:00
轮播 (345源),fjitv113,https://345.lishuhang.com/fjitv113.m3u8,http_error,502,https://345.lishuhang.com/fjitv113.m3u8,text/plain; charset=utf-8,3455.6,72,none,0,0,False,[],[],,2026-08-15T07:19:52+00:00
轮播 (345源),fjitv113,https://345.lishuhang.com/fjitv188.m3u8,http_error,502,https://345.lishuhang.com/fjitv188.m3u8,text/plain; charset=utf-8,3772.0,72,none,0,0,False,[],[],,2026-08-15T07:19:53+00:00
轮播 (345源),fjitv118,https://345.lishuhang.com/fjitv118.m3u8,http_error,502,https://345.lishuhang.com/fjitv118.m3u8,text/plain; charset=utf-8,3463.6,72,none,0,0,False,[],[],,2026-08-15T07:19:54+00:00
轮播 (345源),fjitv118,https://345.lishuhang.com/fjitv230.m3u8,http_error,502,https://345.lishuhang.com/fjitv230.m3u8,text/plain; charset=utf-8,3847.6,72,none,0,0,False,[],[],,2026-08-15T07:19:54+00:00
轮播 (345源),fjitv293,https://345.lishuhang.com/fjitv293.m3u8,http_error,502,https://345.lishuhang.com/fjitv293.m3u8,text/plain; charset=utf-8,3717.0,72,none,0,0,False,[],[],,2026-08-15T07:19:54+00:00
轮播 (345源),fjitv111,https://345.lishuhang.com/fjitv111.m3u8,http_error,502,https://345.lishuhang.com/fjitv111.m3u8,text/plain; charset=utf-8,3550.3,72,none,0,0,False,[],[],,2026-08-15T07:19:55+00:00
轮播 (345源),fjitv111,https://345.lishuhang.com/fjitv184.m3u8,http_error,502,https://345.lishuhang.com/fjitv184.m3u8,text/plain; charset=utf-8,3435.6,72,none,0,0,False,[],[],,2026-08-15T07:19:55+00:00
轮播 (345源),fjitv200,https://345.lishuhang.com/fjitv200.m3u8,http_error,502,https://345.lishuhang.com/fjitv200.m3u8,text/plain; charset=utf-8,3129.7,72,none,0,0,False,[],[],,2026-08-15T07:19:57+00:00
轮播 (345源),fjitv200,https://345.lishuhang.com/fjitv286.m3u8,http_error,502,https://345.lishuhang.com/fjitv286.m3u8,text/plain; charset=utf-8,3479.1,72,none,0,0,False,[],[],,2026-08-15T07:19:57+00:00
轮播 (345源),fjitv200,https://345.lishuhang.com/fjitv287.m3u8,http_error,502,https://345.lishuhang.com/fjitv287.m3u8,text/plain; charset=utf-8,3299.5,72,none,0,0,False,[],[],,2026-08-15T07:19:58+00:00
轮播 (345源),fjitv54,https://345.lishuhang.com/fjitv54.m3u8,http_error,502,https://345.lishuhang.com/fjitv54.m3u8,text/plain; charset=utf-8,3236.9,72,none,0,0,False,[],[],,2026-08-15T07:19:58+00:00
轮播 (345源),fjitv54,https://345.lishuhang.com/fjitv193.m3u8,http_error,502,https://345.lishuhang.com/fjitv193.m3u8,text/plain; charset=utf-8,3193.6,72,none,0,0,False,[],[],,2026-08-15T07:19:59+00:00
轮播 (345源),fjitv51,https://345.lishuhang.com/fjitv51.m3u8,http_error,502,https://345.lishuhang.com/fjitv51.m3u8,text/plain; charset=utf-8,3243.9,72,none,0,0,False,[],[],,2026-08-15T07:19:59+00:00
轮播 (345源),fjitv51,https://345.lishuhang.com/fjitv196.m3u8,http_error,502,https://345.lishuhang.com/fjitv196.m3u8,text/plain; charset=utf-8,4054.6,72,none,0,0,False,[],[],,2026-08-15T07:20:00+00:00
轮播 (345源),fjitv52,https://345.lishuhang.com/fjitv52.m3u8,http_error,502,https://345.lishuhang.com/fjitv52.m3u8,text/plain; charset=utf-8,3258.0,72,none,0,0,False,[],[],,2026-08-15T07:20:01+00:00
轮播 (345源),fjitv52,https://345.lishuhang.com/fjitv198.m3u8,http_error,502,https://345.lishuhang.com/fjitv198.m3u8,text/plain; charset=utf-8,3214.3,72,none,0,0,False,[],[],,2026-08-15T07:20:01+00:00
轮播 (345源),fjitv50,https://345.lishuhang.com/fjitv50.m3u8,http_error,502,https://345.lishuhang.com/fjitv50.m3u8,text/plain; charset=utf-8,3485.6,72,none,0,0,False,[],[],,2026-08-15T07:20:01+00:00
轮播 (345源),fjitv50,https://345.lishuhang.com/fjitv195.m3u8,http_error,502,https://345.lishuhang.com/fjitv195.m3u8,text/plain; charset=utf-8,3158.9,72,none,0,0,False,[],[],,2026-08-15T07:20:02+00:00
轮播 (345源),fjitv127,https://345.lishuhang.com/fjitv127.m3u8,http_error,502,https://345.lishuhang.com/fjitv127.m3u8,text/plain; charset=utf-8,3759.4,72,none,0,0,False,[],[],,2026-08-15T07:20:02+00:00
轮播 (345源),fjitv127,https://345.lishuhang.com/fjitv208.m3u8,http_error,502,https://345.lishuhang.com/fjitv208.m3u8,text/plain; charset=utf-8,3270.1,72,none,0,0,False,[],[],,2026-08-15T07:20:04+00:00
轮播 (345源),fjitv128,https://345.lishuhang.com/fjitv128.m3u8,http_error,502,https://345.lishuhang.com/fjitv128.m3u8,text/plain; charset=utf-8,3469.9,72,none,0,0,False,[],[],,2026-08-15T07:20:04+00:00
轮播 (345源),fjitv128,https://345.lishuhang.com/fjitv209.m3u8,http_error,502,https://345.lishuhang.com/fjitv209.m3u8,text/plain; charset=utf-8,3612.3,72,none,0,0,False,[],[],,2026-08-15T07:20:04+00:00
轮播 (345源),fjitv130,https://345.lishuhang.com/fjitv130.m3u8,http_error,502,https://345.lishuhang.com/fjitv130.m3u8,text/plain; charset=utf-8,3550.6,72,none,0,0,False,[],[],,2026-08-15T07:20:05+00:00
轮播 (345源),fjitv130,https://345.lishuhang.com/fjitv211.m3u8,http_error,502,https://345.lishuhang.com/fjitv211.m3u8,text/plain; charset=utf-8,3151.9,72,none,0,0,False,[],[],,2026-08-15T07:20:05+00:00
轮播 (345源),fjitv125,https://345.lishuhang.com/fjitv125.m3u8,http_error,502,https://345.lishuhang.com/fjitv125.m3u8,text/plain; charset=utf-8,3416.3,72,none,0,0,False,[],[],,2026-08-15T07:20:06+00:00
轮播 (345源),fjitv125,https://345.lishuhang.com/fjitv207.m3u8,http_error,502,https://345.lishuhang.com/fjitv207.m3u8,text/plain; charset=utf-8,3170.1,72,none,0,0,False,[],[],,2026-08-15T07:20:07+00:00
轮播 (345源),fjitv48,https://345.lishuhang.com/fjitv48.m3u8,http_error,502,https://345.lishuhang.com/fjitv48.m3u8,text/plain; charset=utf-8,3501.1,72,none,0,0,False,[],[],,2026-08-15T07:20:08+00:00
轮播 (345源),movie67,https://345.lishuhang.com/movie67.m3u8,http_error,502,https://345.lishuhang.com/movie67.m3u8,text/plain; charset=utf-8,6591.3,72,none,0,0,False,[],[],,2026-08-15T07:20:08+00:00
轮播 (345源),movie67,https://345.lishuhang.com/movie232.m3u8,http_error,502,https://345.lishuhang.com/movie232.m3u8,text/plain; charset=utf-8,6602.9,72,none,0,0,False,[],[],,2026-08-15T07:20:08+00:00
轮播 (345源),movie287,https://345.lishuhang.com/movie287.m3u8,http_error,502,https://345.lishuhang.com/movie287.m3u8,text/plain; charset=utf-8,8948.1,72,none,0,0,False,[],[],,2026-08-15T07:20:08+00:00
轮播 (345源),movie114,https://345.lishuhang.com/movie114.m3u8,http_error,502,https://345.lishuhang.com/movie114.m3u8,text/plain; charset=utf-8,10808.0,72,none,0,0,False,[],[],,2026-08-15T07:20:09+00:00
轮播 (345源),movie63,https://345.lishuhang.com/movie63.m3u8,http_error,502,https://345.lishuhang.com/movie63.m3u8,text/plain; charset=utf-8,6433.1,72,none,0,0,False,[],[],,2026-08-15T07:20:10+00:00
轮播 (345源),movie109,https://345.lishuhang.com/movie109.m3u8,http_error,502,https://345.lishuhang.com/movie109.m3u8,text/plain; charset=utf-8,7017.2,72,none,0,0,False,[],[],,2026-08-15T07:20:11+00:00
轮播 (345源),fjitv236,https://345.lishuhang.com/fjitv236.m3u8,http_error,502,https://345.lishuhang.com/fjitv236.m3u8,text/plain; charset=utf-8,3297.2,72,none,0,0,False,[],[],,2026-08-15T07:20:14+00:00
轮播 (345源),movie88,https://345.lishuhang.com/movie88.m3u8,http_error,502,https://345.lishuhang.com/movie88.m3u8,text/plain; charset=utf-8,6558.7,72,none,0,0,False,[],[],,2026-08-15T07:20:15+00:00
轮播 (345源),movie103,https://345.lishuhang.com/movie103.m3u8,http_error,502,https://345.lishuhang.com/movie103.m3u8,text/plain; charset=utf-8,6500.2,72,none,0,0,False,[],[],,2026-08-15T07:20:17+00:00
轮播 (345源),movie142,https://345.lishuhang.com/movie142.m3u8,http_error,502,https://345.lishuhang.com/movie142.m3u8,text/plain; charset=utf-8,6049.2,72,none,0,0,False,[],[],,2026-08-15T07:20:17+00:00
轮播 (345源),movie142,https://345.lishuhang.com/movie150.m3u8,http_error,502,https://345.lishuhang.com/movie150.m3u8,text/plain; charset=utf-8,6998.2,72,none,0,0,False,[],[],,2026-08-15T07:20:18+00:00
轮播 (345源),movie186,https://345.lishuhang.com/movie186.m3u8,http_error,502,https://345.lishuhang.com/movie186.m3u8,text/plain; charset=utf-8,6209.7,72,none,0,0,False,[],[],,2026-08-15T07:20:18+00:00
轮播 (345源),movie286,https://345.lishuhang.com/movie286.m3u8,http_error,502,https://345.lishuhang.com/movie286.m3u8,text/plain; charset=utf-8,5516.3,72,none,0,0,False,[],[],,2026-08-15T07:20:20+00:00
轮播 (345源),movie210,https://345.lishuhang.com/movie210.m3u8,http_error,502,https://345.lishuhang.com/movie210.m3u8,text/plain; charset=utf-8,5684.4,72,none,0,0,False,[],[],,2026-08-15T07:20:21+00:00
轮播 (345源),movie90,https://345.lishuhang.com/movie90.m3u8,http_error,502,https://345.lishuhang.com/movie90.m3u8,text/plain; charset=utf-8,7169.4,72,none,0,0,False,[],[],,2026-08-15T07:20:23+00:00
轮播 (345源),movie229,https://345.lishuhang.com/movie229.m3u8,http_error,502,https://345.lishuhang.com/movie229.m3u8,text/plain; charset=utf-8,6380.1,72,none,0,0,False,[],[],,2026-08-15T07:20:23+00:00
轮播 (345源),movie66,https://345.lishuhang.com/movie66.m3u8,http_error,502,https://345.lishuhang.com/movie66.m3u8,text/plain; charset=utf-8,7182.7,72,none,0,0,False,[],[],,2026-08-15T07:20:24+00:00
轮播 (345源),movie336,https://345.lishuhang.com/movie336.m3u8,http_error,502,https://345.lishuhang.com/movie336.m3u8,text/plain; charset=utf-8,4604.0,72,none,0,0,False,[],[],,2026-08-15T07:20:25+00:00
轮播 (345源),movie276,https://345.lishuhang.com/movie276.m3u8,http_error,502,https://345.lishuhang.com/movie276.m3u8,text/plain; charset=utf-8,6560.4,72,none,0,0,False,[],[],,2026-08-15T07:20:25+00:00
轮播 (345源),movie254,https://345.lishuhang.com/movie254.m3u8,http_error,502,https://345.lishuhang.com/movie254.m3u8,text/plain; charset=utf-8,5834.3,72,none,0,0,False,[],[],,2026-08-15T07:20:27+00:00
轮播 (345源),movie532,https://345.lishuhang.com/movie532.m3u8,http_error,502,https://345.lishuhang.com/movie532.m3u8,text/plain; charset=utf-8,3460.8,102,none,0,0,False,[],[],,2026-08-15T07:20:29+00:00
轮播 (345源),movie531,https://345.lishuhang.com/movie531.m3u8,http_error,502,https://345.lishuhang.com/movie531.m3u8,text/plain; charset=utf-8,3036.3,102,none,0,0,False,[],[],,2026-08-15T07:20:30+00:00
轮播 (345源),migu87,https://345.lishuhang.com/migu87.m3u8,http_error,502,https://345.lishuhang.com/migu87.m3u8,text/plain; charset=utf-8,3385.0,102,none,0,0,False,[],[],,2026-08-15T07:20:30+00:00
轮播 (345源),hlitv152,https://345.lishuhang.com/hlitv152.m3u8,request_exception,,,,,0,none,0,0,False,[],[],"HTTPSConnectionPool(host='345.lishuhang.com', port=443): Read timed out. (read timeout=12.0)",2026-08-15T07:20:31+00:00
轮播 (345源),hlitv152,https://345.lishuhang.com/ipv623.m3u8,http_error,502,https://345.lishuhang.com/ipv623.m3u8,text/plain; charset=utf-8,2325.7,87,none,0,0,False,[],[],,2026-08-15T07:20:32+00:00
轮播 (345源),hlitv152,https://345.lishuhang.com/itv202.m3u8,http_error,502,https://345.lishuhang.com/itv202.m3u8,text/plain; charset=utf-8,3322.4,72,none,0,0,False,[],[],,2026-08-15T07:20:33+00:00
轮播 (345源),movie130,https://345.lishuhang.com/movie130.m3u8,http_error,502,https://345.lishuhang.com/movie130.m3u8,text/plain; charset=utf-8,7220.6,72,none,0,0,False,[],[],,2026-08-15T07:20:33+00:00
轮播 (345源),movie130,https://345.lishuhang.com/movie157.m3u8,http_error,502,https://345.lishuhang.com/movie157.m3u8,text/plain; charset=utf-8,7444.9,72,none,0,0,False,[],[],,2026-08-15T07:20:33+00:00
轮播 (345源),movie506,https://345.lishuhang.com/movie506.m3u8,http_error,502,https://345.lishuhang.com/movie506.m3u8,text/plain; charset=utf-8,3306.3,102,none,0,0,False,[],[],,2026-08-15T07:20:34+00:00
轮播 (345源),movie231,https://345.lishuhang.com/movie231.m3u8,http_error,502,https://345.lishuhang.com/movie231.m3u8,text/plain; charset=utf-8,5761.0,72,none,0,0,False,[],[],,2026-08-15T07:20:34+00:00
轮播 (345源),movie545,https://345.lishuhang.com/movie545.m3u8,http_error,502,https://345.lishuhang.com/movie545.m3u8,text/plain; charset=utf-8,3322.4,102,none,0,0,False,[],[],,2026-08-15T07:20:36+00:00
轮播 (345源),movie508,https://345.lishuhang.com/movie508.m3u8,http_error,502,https://345.lishuhang.com/movie508.m3u8,text/plain; charset=utf-8,3046.2,102,none,0,0,False,[],[],,2026-08-15T07:20:37+00:00
轮播 (345源),movie292,https://345.lishuhang.com/movie292.m3u8,http_error,502,https://345.lishuhang.com/movie292.m3u8,text/plain; charset=utf-8,6642.7,72,none,0,0,False,[],[],,2026-08-15T07:20:39+00:00
轮播 (345源),movie397,https://345.lishuhang.com/movie397.m3u8,http_error,502,https://345.lishuhang.com/movie397.m3u8,text/plain; charset=utf-8,4826.7,72,none,0,0,False,[],[],,2026-08-15T07:20:40+00:00
轮播 (345源),movie48,https://345.lishuhang.com/movie48.m3u8,http_error,502,https://345.lishuhang.com/movie48.m3u8,text/plain; charset=utf-8,6352.3,72,none,0,0,False,[],[],,2026-08-15T07:20:40+00:00
轮播 (345源),movie159,https://345.lishuhang.com/movie159.m3u8,http_error,502,https://345.lishuhang.com/movie159.m3u8,text/plain; charset=utf-8,6163.5,72,none,0,0,False,[],[],,2026-08-15T07:20:40+00:00
轮播 (345源),movie161,https://345.lishuhang.com/movie161.m3u8,http_error,502,https://345.lishuhang.com/movie161.m3u8,text/plain; charset=utf-8,7297.7,72,none,0,0,False,[],[],,2026-08-15T07:20:40+00:00
轮播 (345源),movie219,https://345.lishuhang.com/movie219.m3u8,http_error,502,https://345.lishuhang.com/movie219.m3u8,text/plain; charset=utf-8,5665.1,72,none,0,0,False,[],[],,2026-08-15T07:20:45+00:00
轮播 (345源),movie20,https://345.lishuhang.com/movie20.m3u8,http_error,502,https://345.lishuhang.com/movie20.m3u8,text/plain; charset=utf-8,6413.9,72,none,0,0,False,[],[],,2026-08-15T07:20:45+00:00
轮播 (345源),movie206,https://345.lishuhang.com/movie206.m3u8,http_error,502,https://345.lishuhang.com/movie206.m3u8,text/plain; charset=utf-8,6048.3,72,none,0,0,False,[],[],,2026-08-15T07:20:46+00:00
轮播 (345源),movie124,https://345.lishuhang.com/movie124.m3u8,http_error,502,https://345.lishuhang.com/movie124.m3u8,text/plain; charset=utf-8,5644.3,72,none,0,0,False,[],[],,2026-08-15T07:20:46+00:00
轮播 (345源),movie253,https://345.lishuhang.com/movie253.m3u8,http_error,502,https://345.lishuhang.com/movie253.m3u8,text/plain; charset=utf-8,6249.4,72,none,0,0,False,[],[],,2026-08-15T07:20:46+00:00
轮播 (345源),movie65,https://345.lishuhang.com/movie65.m3u8,http_error,502,https://345.lishuhang.com/movie65.m3u8,text/plain; charset=utf-8,6183.9,72,none,0,0,False,[],[],,2026-08-15T07:20:48+00:00
轮播 (345源),movie492,https://345.lishuhang.com/movie492.m3u8,http_error,502,https://345.lishuhang.com/movie492.m3u8,text/plain; charset=utf-8,4786.0,102,none,0,0,False,[],[],,2026-08-15T07:20:50+00:00
轮播 (345源),movie349,https://345.lishuhang.com/movie349.m3u8,http_error,502,https://345.lishuhang.com/movie349.m3u8,text/plain; charset=utf-8,4396.3,72,none,0,0,False,[],[],,2026-08-15T07:20:52+00:00
轮播 (345源),movie207,https://345.lishuhang.com/movie207.m3u8,http_error,502,https://345.lishuhang.com/movie207.m3u8,text/plain; charset=utf-8,6430.1,72,none,0,0,False,[],[],,2026-08-15T07:20:52+00:00
轮播 (345源),movie237,https://345.lishuhang.com/movie237.m3u8,http_error,502,https://345.lishuhang.com/movie237.m3u8,text/plain; charset=utf-8,6557.6,72,none,0,0,False,[],[],,2026-08-15T07:20:52+00:00
轮播 (345源),movie145,https://345.lishuhang.com/movie145.m3u8,http_error,502,https://345.lishuhang.com/movie145.m3u8,text/plain; charset=utf-8,6362.4,72,none,0,0,False,[],[],,2026-08-15T07:20:53+00:00
轮播 (345源),movie145,https://345.lishuhang.com/movie155.m3u8,http_error,502,https://345.lishuhang.com/movie155.m3u8,text/plain; charset=utf-8,5278.0,72,none,0,0,False,[],[],,2026-08-15T07:20:54+00:00
轮播 (345源),movie112,https://345.lishuhang.com/movie112.m3u8,http_error,502,https://345.lishuhang.com/movie112.m3u8,text/plain; charset=utf-8,6329.2,72,none,0,0,False,[],[],,2026-08-15T07:20:55+00:00
轮播 (345源),movie474,https://345.lishuhang.com/movie474.m3u8,http_error,502,https://345.lishuhang.com/movie474.m3u8,text/plain; charset=utf-8,4466.2,72,none,0,0,False,[],[],,2026-08-15T07:20:56+00:00
轮播 (345源),movie475,https://345.lishuhang.com/movie475.m3u8,http_error,502,https://345.lishuhang.com/movie475.m3u8,text/plain; charset=utf-8,4274.5,72,none,0,0,False,[],[],,2026-08-15T07:20:58+00:00
轮播 (345源),movie476,https://345.lishuhang.com/movie476.m3u8,http_error,502,https://345.lishuhang.com/movie476.m3u8,text/plain; charset=utf-8,4324.5,72,none,0,0,False,[],[],,2026-08-15T07:20:59+00:00
轮播 (345源),movie477,https://345.lishuhang.com/movie477.m3u8,http_error,502,https://345.lishuhang.com/movie477.m3u8,text/plain; charset=utf-8,4305.7,72,none,0,0,False,[],[],,2026-08-15T07:20:59+00:00
轮播 (345源),movie78,https://345.lishuhang.com/movie78.m3u8,http_error,502,https://345.lishuhang.com/movie78.m3u8,text/plain; charset=utf-8,6845.8,72,none,0,0,False,[],[],,2026-08-15T07:20:59+00:00
轮播 (345源),movie4,https://345.lishuhang.com/movie4.m3u8,http_error,502,https://345.lishuhang.com/movie4.m3u8,text/plain; charset=utf-8,5906.5,72,none,0,0,False,[],[],,2026-08-15T07:21:00+00:00
轮播 (345源),movie102,https://345.lishuhang.com/movie102.m3u8,http_error,502,https://345.lishuhang.com/movie102.m3u8,text/plain; charset=utf-8,5249.9,72,none,0,0,False,[],[],,2026-08-15T07:21:02+00:00
轮播 (345源),fjitv94,https://345.lishuhang.com/fjitv94.m3u8,http_error,502,https://345.lishuhang.com/fjitv94.m3u8,text/plain; charset=utf-8,3317.2,72,none,0,0,False,[],[],,2026-08-15T07:21:03+00:00
轮播 (345源),fjitv94,https://345.lishuhang.com/fjitv232.m3u8,http_error,502,https://345.lishuhang.com/fjitv232.m3u8,text/plain; charset=utf-8,3378.1,72,none,0,0,False,[],[],,2026-08-15T07:21:03+00:00
轮播 (345源),fjitv94,https://345.lishuhang.com/itv251.m3u8,http_error,502,https://345.lishuhang.com/itv251.m3u8,text/plain; charset=utf-8,5352.8,72,none,0,0,False,[],[],,2026-08-15T07:21:03+00:00
轮播 (345源),fjitv94,https://345.lishuhang.com/ty16.m3u8,http_error,502,https://345.lishuhang.com/ty16.m3u8,text/plain; charset=utf-8,4213.9,72,none,0,0,False,[],[],,2026-08-15T07:21:06+00:00
轮播 (345源),movie225,https://345.lishuhang.com/movie225.m3u8,http_error,502,https://345.lishuhang.com/movie225.m3u8,text/plain; charset=utf-8,5890.3,72,none,0,0,False,[],[],,2026-08-15T07:21:06+00:00
轮播 (345源),movie53,https://345.lishuhang.com/movie53.m3u8,http_error,502,https://345.lishuhang.com/movie53.m3u8,text/plain; charset=utf-8,6352.8,72,none,0,0,False,[],[],,2026-08-15T07:21:06+00:00
轮播 (345源),movie511,https://345.lishuhang.com/movie511.m3u8,http_error,502,https://345.lishuhang.com/movie511.m3u8,text/plain; charset=utf-8,3149.2,102,none,0,0,False,[],[],,2026-08-15T07:21:06+00:00
轮播 (345源),fjitv309,https://345.lishuhang.com/fjitv309.m3u8,http_error,502,https://345.lishuhang.com/fjitv309.m3u8,text/plain; charset=utf-8,3263.9,72,none,0,0,False,[],[],,2026-08-15T07:21:07+00:00
轮播 (345源),movie359,https://345.lishuhang.com/movie359.m3u8,http_error,502,https://345.lishuhang.com/movie359.m3u8,text/plain; charset=utf-8,6585.7,72,none,0,0,False,[],[],,2026-08-15T07:21:09+00:00
轮播 (345源),movie294,https://345.lishuhang.com/movie294.m3u8,http_error,502,https://345.lishuhang.com/movie294.m3u8,text/plain; charset=utf-8,6069.8,72,none,0,0,False,[],[],,2026-08-15T07:21:09+00:00
轮播 (345源),movie488,https://345.lishuhang.com/movie488.m3u8,http_error,502,https://345.lishuhang.com/movie488.m3u8,text/plain; charset=utf-8,3121.5,102,none,0,0,False,[],[],,2026-08-15T07:21:10+00:00
轮播 (345源),movie462,https://345.lishuhang.com/movie462.m3u8,http_error,502,https://345.lishuhang.com/movie462.m3u8,text/plain; charset=utf-8,4268.7,72,none,0,0,False,[],[],,2026-08-15T07:21:10+00:00
轮播 (345源),movie52,https://345.lishuhang.com/movie52.m3u8,http_error,502,https://345.lishuhang.com/movie52.m3u8,text/plain; charset=utf-8,7049.7,72,none,0,0,False,[],[],,2026-08-15T07:21:12+00:00
轮播 (345源),movie52,https://345.lishuhang.com/movie195.m3u8,http_error,502,https://345.lishuhang.com/movie195.m3u8,text/plain; charset=utf-8,6487.5,72,none,0,0,False,[],[],,2026-08-15T07:21:13+00:00
轮播 (345源),movie25,https://345.lishuhang.com/movie25.m3u8,http_error,502,https://345.lishuhang.com/movie25.m3u8,text/plain; charset=utf-8,9308.2,72,none,0,0,False,[],[],,2026-08-15T07:21:13+00:00
轮播 (345源),movie99,https://345.lishuhang.com/movie99.m3u8,http_error,502,https://345.lishuhang.com/movie99.m3u8,text/plain; charset=utf-8,8100.0,72,none,0,0,False,[],[],,2026-08-15T07:21:14+00:00
轮播 (345源),movie344,https://345.lishuhang.com/movie344.m3u8,http_error,502,https://345.lishuhang.com/movie344.m3u8,text/plain; charset=utf-8,4860.4,72,none,0,0,False,[],[],,2026-08-15T07:21:15+00:00
轮播 (345源),movie8,https://345.lishuhang.com/movie8.m3u8,http_error,502,https://345.lishuhang.com/movie8.m3u8,text/plain; charset=utf-8,8048.2,72,none,0,0,False,[],[],,2026-08-15T07:21:16+00:00
轮播 (345源),movie389,https://345.lishuhang.com/movie389.m3u8,http_error,502,https://345.lishuhang.com/movie389.m3u8,text/plain; charset=utf-8,5778.9,72,none,0,0,False,[],[],,2026-08-15T07:21:19+00:00
轮播 (345源),movie194,https://345.lishuhang.com/movie194.m3u8,http_error,502,https://345.lishuhang.com/movie194.m3u8,text/plain; charset=utf-8,7340.3,72,none,0,0,False,[],[],,2026-08-15T07:21:19+00:00
轮播 (345源),movie36,https://345.lishuhang.com/movie36.m3u8,http_error,502,https://345.lishuhang.com/movie36.m3u8,text/plain; charset=utf-8,7707.9,72,none,0,0,False,[],[],,2026-08-15T07:21:20+00:00
轮播 (345源),movie64,https://345.lishuhang.com/movie64.m3u8,http_error,502,https://345.lishuhang.com/movie64.m3u8,text/plain; charset=utf-8,6578.9,72,none,0,0,False,[],[],,2026-08-15T07:21:23+00:00
轮播 (345源),movie551,https://345.lishuhang.com/movie551.m3u8,http_error,502,https://345.lishuhang.com/movie551.m3u8,text/plain; charset=utf-8,3131.7,102,none,0,0,False,[],[],,2026-08-15T07:21:23+00:00
轮播 (345源),movie526,https://345.lishuhang.com/movie526.m3u8,http_error,502,https://345.lishuhang.com/movie526.m3u8,text/plain; charset=utf-8,2991.5,102,none,0,0,False,[],[],,2026-08-15T07:21:24+00:00
轮播 (345源),fjitv99,https://345.lishuhang.com/fjitv99.m3u8,http_error,502,https://345.lishuhang.com/fjitv99.m3u8,text/plain; charset=utf-8,3428.3,72,none,0,0,False,[],[],,2026-08-15T07:21:25+00:00
轮播 (345源),fjitv99,https://345.lishuhang.com/fjitv237.m3u8,http_error,502,https://345.lishuhang.com/fjitv237.m3u8,text/plain; charset=utf-8,3372.4,72,none,0,0,False,[],[],,2026-08-15T07:21:26+00:00
轮播 (345源),fjitv99,https://345.lishuhang.com/itv208.m3u8,http_error,502,https://345.lishuhang.com/itv208.m3u8,text/plain; charset=utf-8,3108.0,72,none,0,0,False,[],[],,2026-08-15T07:21:26+00:00
轮播 (345源),movie471,https://345.lishuhang.com/movie471.m3u8,http_error,502,https://345.lishuhang.com/movie471.m3u8,text/plain; charset=utf-8,5391.2,72,none,0,0,False,[],[],,2026-08-15T07:21:27+00:00
轮播 (345源),movie472,https://345.lishuhang.com/movie472.m3u8,http_error,502,https://345.lishuhang.com/movie472.m3u8,text/plain; charset=utf-8,5499.1,72,none,0,0,False,[],[],,2026-08-15T07:21:28+00:00
轮播 (345源),movie337,https://345.lishuhang.com/movie337.m3u8,http_error,502,https://345.lishuhang.com/movie337.m3u8,text/plain; charset=utf-8,4225.6,72,none,0,0,False,[],[],,2026-08-15T07:21:28+00:00
轮播 (345源),movie46,https://345.lishuhang.com/movie46.m3u8,http_error,502,https://345.lishuhang.com/movie46.m3u8,text/plain; charset=utf-8,7242.5,72,none,0,0,False,[],[],,2026-08-15T07:21:29+00:00
轮播 (345源),movie107,https://345.lishuhang.com/movie107.m3u8,http_error,502,https://345.lishuhang.com/movie107.m3u8,text/plain; charset=utf-8,7155.2,72,none,0,0,False,[],[],,2026-08-15T07:21:29+00:00
轮播 (345源),movie54,https://345.lishuhang.com/movie54.m3u8,http_error,502,https://345.lishuhang.com/movie54.m3u8,text/plain; charset=utf-8,6649.1,72,none,0,0,False,[],[],,2026-08-15T07:21:30+00:00
轮播 (345源),movie197,https://345.lishuhang.com/movie197.m3u8,http_error,502,https://345.lishuhang.com/movie197.m3u8,text/plain; charset=utf-8,6518.9,72,none,0,0,False,[],[],,2026-08-15T07:21:32+00:00
轮播 (345源),movie529,https://345.lishuhang.com/movie529.m3u8,http_error,502,https://345.lishuhang.com/movie529.m3u8,text/plain; charset=utf-8,3051.2,102,none,0,0,False,[],[],,2026-08-15T07:21:32+00:00
轮播 (345源),movie89,https://345.lishuhang.com/movie89.m3u8,http_error,502,https://345.lishuhang.com/movie89.m3u8,text/plain; charset=utf-8,6060.7,72,none,0,0,False,[],[],,2026-08-15T07:21:33+00:00
轮播 (345源),movie374,https://345.lishuhang.com/movie374.m3u8,http_error,502,https://345.lishuhang.com/movie374.m3u8,text/plain; charset=utf-8,4438.4,72,none,0,0,False,[],[],,2026-08-15T07:21:35+00:00
轮播 (345源),movie18,https://345.lishuhang.com/movie18.m3u8,http_error,502,https://345.lishuhang.com/movie18.m3u8,text/plain; charset=utf-8,8159.8,72,none,0,0,False,[],[],,2026-08-15T07:21:36+00:00
轮播 (345源),movie18,https://345.lishuhang.com/movie523.m3u8,http_error,502,https://345.lishuhang.com/movie523.m3u8,text/plain; charset=utf-8,3188.7,102,none,0,0,False,[],[],,2026-08-15T07:21:36+00:00
轮播 (345源),movie220,https://345.lishuhang.com/movie220.m3u8,http_error,502,https://345.lishuhang.com/movie220.m3u8,text/plain; charset=utf-8,6860.5,72,none,0,0,False,[],[],,2026-08-15T07:21:36+00:00
轮播 (345源),movie70,https://345.lishuhang.com/movie70.m3u8,http_error,502,https://345.lishuhang.com/movie70.m3u8,text/plain; charset=utf-8,6300.7,72,none,0,0,False,[],[],,2026-08-15T07:21:39+00:00
轮播 (345源),movie218,https://345.lishuhang.com/movie218.m3u8,http_error,502,https://345.lishuhang.com/movie218.m3u8,text/plain; charset=utf-8,5795.0,72,none,0,0,False,[],[],,2026-08-15T07:21:39+00:00
轮播 (345源),movie140,https://345.lishuhang.com/movie140.m3u8,http_error,502,https://345.lishuhang.com/movie140.m3u8,text/plain; charset=utf-8,6027.2,72,none,0,0,False,[],[],,2026-08-15T07:21:39+00:00
轮播 (345源),movie140,https://345.lishuhang.com/movie151.m3u8,http_error,502,https://345.lishuhang.com/movie151.m3u8,text/plain; charset=utf-8,7410.8,72,none,0,0,False,[],[],,2026-08-15T07:21:40+00:00
轮播 (345源),movie120,https://345.lishuhang.com/movie120.m3u8,http_error,502,https://345.lishuhang.com/movie120.m3u8,text/plain; charset=utf-8,7016.5,72,none,0,0,False,[],[],,2026-08-15T07:21:43+00:00
轮播 (345源),movie14,https://345.lishuhang.com/movie14.m3u8,http_error,502,https://345.lishuhang.com/movie14.m3u8,text/plain; charset=utf-8,6914.0,72,none,0,0,False,[],[],,2026-08-15T07:21:44+00:00
轮播 (345源),movie350,https://345.lishuhang.com/movie350.m3u8,http_error,502,https://345.lishuhang.com/movie350.m3u8,text/plain; charset=utf-8,4356.5,72,none,0,0,False,[],[],,2026-08-15T07:21:45+00:00
轮播 (345源),movie115,https://345.lishuhang.com/movie115.m3u8,http_error,502,https://345.lishuhang.com/movie115.m3u8,text/plain; charset=utf-8,6228.6,72,none,0,0,False,[],[],,2026-08-15T07:21:45+00:00
轮播 (345源),movie129,https://345.lishuhang.com/movie129.m3u8,http_error,502,https://345.lishuhang.com/movie129.m3u8,text/plain; charset=utf-8,7251.9,72,none,0,0,False,[],[],,2026-08-15T07:21:45+00:00
轮播 (345源),movie2,https://345.lishuhang.com/movie2.m3u8,http_error,502,https://345.lishuhang.com/movie2.m3u8,text/plain; charset=utf-8,7023.0,72,none,0,0,False,[],[],,2026-08-15T07:21:47+00:00
轮播 (345源),movie342,https://345.lishuhang.com/movie342.m3u8,http_error,502,https://345.lishuhang.com/movie342.m3u8,text/plain; charset=utf-8,4409.1,72,none,0,0,False,[],[],,2026-08-15T07:21:49+00:00
轮播 (345源),movie174,https://345.lishuhang.com/movie174.m3u8,http_error,502,https://345.lishuhang.com/movie174.m3u8,text/plain; charset=utf-8,6072.0,72,none,0,0,False,[],[],,2026-08-15T07:21:50+00:00
轮播 (345源),movie348,https://345.lishuhang.com/movie348.m3u8,http_error,502,https://345.lishuhang.com/movie348.m3u8,text/plain; charset=utf-8,4269.3,72,none,0,0,False,[],[],,2026-08-15T07:21:51+00:00
轮播 (345源),movie10,https://345.lishuhang.com/movie10.m3u8,http_error,502,https://345.lishuhang.com/movie10.m3u8,text/plain; charset=utf-8,6470.0,72,none,0,0,False,[],[],,2026-08-15T07:21:51+00:00
轮播 (345源),movie473,https://345.lishuhang.com/movie473.m3u8,http_error,502,https://345.lishuhang.com/movie473.m3u8,text/plain; charset=utf-8,4873.0,72,none,0,0,False,[],[],,2026-08-15T07:21:53+00:00
轮播 (345源),movie127,https://345.lishuhang.com/movie127.m3u8,http_error,502,https://345.lishuhang.com/movie127.m3u8,text/plain; charset=utf-8,6780.7,72,none,0,0,False,[],[],,2026-08-15T07:21:54+00:00
轮播 (345源),movie522,https://345.lishuhang.com/movie522.m3u8,http_error,502,https://345.lishuhang.com/movie522.m3u8,text/plain; charset=utf-8,3121.3,102,none,0,0,False,[],[],,2026-08-15T07:21:54+00:00
轮播 (345源),movie512,https://345.lishuhang.com/movie512.m3u8,http_error,502,https://345.lishuhang.com/movie512.m3u8,text/plain; charset=utf-8,3192.7,102,none,0,0,False,[],[],,2026-08-15T07:21:56+00:00
轮播 (345源),movie493,https://345.lishuhang.com/movie493.m3u8,http_error,502,https://345.lishuhang.com/movie493.m3u8,text/plain; charset=utf-8,3092.9,102,none,0,0,False,[],[],,2026-08-15T07:21:56+00:00
轮播 (345源),movie305,https://345.lishuhang.com/movie305.m3u8,http_error,502,https://345.lishuhang.com/movie305.m3u8,text/plain; charset=utf-8,5805.9,72,none,0,0,False,[],[],,2026-08-15T07:21:57+00:00
轮播 (345源),movie193,https://345.lishuhang.com/movie193.m3u8,http_error,502,https://345.lishuhang.com/movie193.m3u8,text/plain; charset=utf-8,7249.0,72,none,0,0,False,[],[],,2026-08-15T07:21:58+00:00
轮播 (345源),movie202,https://345.lishuhang.com/movie202.m3u8,http_error,502,https://345.lishuhang.com/movie202.m3u8,text/plain; charset=utf-8,5725.6,72,none,0,0,False,[],[],,2026-08-15T07:21:58+00:00
轮播 (345源),movie131,https://345.lishuhang.com/movie131.m3u8,http_error,502,https://345.lishuhang.com/movie131.m3u8,text/plain; charset=utf-8,5910.5,72,none,0,0,False,[],[],,2026-08-15T07:21:59+00:00
轮播 (345源),movie146,https://345.lishuhang.com/movie146.m3u8,http_error,502,https://345.lishuhang.com/movie146.m3u8,text/plain; charset=utf-8,6568.9,72,none,0,0,False,[],[],,2026-08-15T07:21:59+00:00
轮播 (345源),movie458,https://345.lishuhang.com/movie458.m3u8,http_error,502,https://345.lishuhang.com/movie458.m3u8,text/plain; charset=utf-8,4908.2,72,none,0,0,False,[],[],,2026-08-15T07:22:00+00:00
轮播 (345源),movie222,https://345.lishuhang.com/movie222.m3u8,http_error,502,https://345.lishuhang.com/movie222.m3u8,text/plain; charset=utf-8,6457.3,72,none,0,0,False,[],[],,2026-08-15T07:22:03+00:00
轮播 (345源),movie169,https://345.lishuhang.com/movie169.m3u8,http_error,502,https://345.lishuhang.com/movie169.m3u8,text/plain; charset=utf-8,9782.7,72,none,0,0,False,[],[],,2026-08-15T07:22:04+00:00
轮播 (345源),movie375,https://345.lishuhang.com/movie375.m3u8,http_error,502,https://345.lishuhang.com/movie375.m3u8,text/plain; charset=utf-8,4237.0,72,none,0,0,False,[],[],,2026-08-15T07:22:05+00:00
轮播 (345源),movie153,https://345.lishuhang.com/movie153.m3u8,http_error,502,https://345.lishuhang.com/movie153.m3u8,text/plain; charset=utf-8,6351.7,72,none,0,0,False,[],[],,2026-08-15T07:22:05+00:00
轮播 (345源),movie165,https://345.lishuhang.com/movie165.m3u8,http_error,502,https://345.lishuhang.com/movie165.m3u8,text/plain; charset=utf-8,5916.8,72,none,0,0,False,[],[],,2026-08-15T07:22:05+00:00
轮播 (345源),movie285,https://345.lishuhang.com/movie285.m3u8,http_error,502,https://345.lishuhang.com/movie285.m3u8,text/plain; charset=utf-8,5628.1,72,none,0,0,False,[],[],,2026-08-15T07:22:06+00:00
轮播 (345源),movie180,https://345.lishuhang.com/movie180.m3u8,http_error,502,https://345.lishuhang.com/movie180.m3u8,text/plain; charset=utf-8,7083.7,72,none,0,0,False,[],[],,2026-08-15T07:22:09+00:00
轮播 (345源),movie371,https://345.lishuhang.com/movie371.m3u8,http_error,502,https://345.lishuhang.com/movie371.m3u8,text/plain; charset=utf-8,4419.7,72,none,0,0,False,[],[],,2026-08-15T07:22:10+00:00
轮播 (345源),movie449,https://345.lishuhang.com/movie449.m3u8,http_error,502,https://345.lishuhang.com/movie449.m3u8,text/plain; charset=utf-8,4551.0,72,none,0,0,False,[],[],,2026-08-15T07:22:11+00:00
轮播 (345源),movie533,https://345.lishuhang.com/movie533.m3u8,http_error,502,https://345.lishuhang.com/movie533.m3u8,text/plain; charset=utf-8,3149.8,102,none,0,0,False,[],[],,2026-08-15T07:22:11+00:00
轮播 (345源),movie398,https://345.lishuhang.com/movie398.m3u8,http_error,502,https://345.lishuhang.com/movie398.m3u8,text/plain; charset=utf-8,4451.9,72,none,0,0,False,[],[],,2026-08-15T07:22:12+00:00
轮播 (345源),movie517,https://345.lishuhang.com/movie517.m3u8,http_error,502,https://345.lishuhang.com/movie517.m3u8,text/plain; charset=utf-8,3135.5,102,none,0,0,False,[],[],,2026-08-15T07:22:13+00:00
轮播 (345源),movie121,https://345.lishuhang.com/movie121.m3u8,http_error,502,https://345.lishuhang.com/movie121.m3u8,text/plain; charset=utf-8,8026.6,72,none,0,0,False,[],[],,2026-08-15T07:22:14+00:00
轮播 (345源),movie538,https://345.lishuhang.com/movie538.m3u8,http_error,502,https://345.lishuhang.com/movie538.m3u8,text/plain; charset=utf-8,2956.3,102,none,0,0,False,[],[],,2026-08-15T07:22:14+00:00
轮播 (345源),movie527,https://345.lishuhang.com/movie527.m3u8,http_error,502,https://345.lishuhang.com/movie527.m3u8,text/plain; charset=utf-8,3301.7,102,none,0,0,False,[],[],,2026-08-15T07:22:16+00:00
轮播 (345源),movie203,https://345.lishuhang.com/movie203.m3u8,http_error,502,https://345.lishuhang.com/movie203.m3u8,text/plain; charset=utf-8,8040.9,72,none,0,0,False,[],[],,2026-08-15T07:22:16+00:00
轮播 (345源),movie392,https://345.lishuhang.com/movie392.m3u8,http_error,502,https://345.lishuhang.com/movie392.m3u8,text/plain; charset=utf-8,4287.6,72,none,0,0,False,[],[],,2026-08-15T07:22:16+00:00
轮播 (345源),movie495,https://345.lishuhang.com/movie495.m3u8,http_error,502,https://345.lishuhang.com/movie495.m3u8,text/plain; charset=utf-8,3116.0,102,none,0,0,False,[],[],,2026-08-15T07:22:17+00:00
轮播 (345源),movie98,https://345.lishuhang.com/movie98.m3u8,http_error,502,https://345.lishuhang.com/movie98.m3u8,text/plain; charset=utf-8,6983.1,72,none,0,0,False,[],[],,2026-08-15T07:22:17+00:00
轮播 (345源),movie323,https://345.lishuhang.com/movie323.m3u8,http_error,502,https://345.lishuhang.com/movie323.m3u8,text/plain; charset=utf-8,6219.7,72,none,0,0,False,[],[],,2026-08-15T07:22:19+00:00
轮播 (345源),movie291,https://345.lishuhang.com/movie291.m3u8,http_error,502,https://345.lishuhang.com/movie291.m3u8,text/plain; charset=utf-8,5911.1,72,none,0,0,False,[],[],,2026-08-15T07:22:20+00:00
轮播 (345源),movie453,https://345.lishuhang.com/movie453.m3u8,http_error,502,https://345.lishuhang.com/movie453.m3u8,text/plain; charset=utf-8,6213.3,72,none,0,0,False,[],[],,2026-08-15T07:22:20+00:00
轮播 (345源),movie261,https://345.lishuhang.com/movie261.m3u8,http_error,502,https://345.lishuhang.com/movie261.m3u8,text/plain; charset=utf-8,7881.7,72,none,0,0,False,[],[],,2026-08-15T07:22:22+00:00
轮播 (345源),movie261,https://345.lishuhang.com/movie274.m3u8,http_error,502,https://345.lishuhang.com/movie274.m3u8,text/plain; charset=utf-8,5954.0,72,none,0,0,False,[],[],,2026-08-15T07:22:24+00:00
轮播 (345源),movie356,https://345.lishuhang.com/movie356.m3u8,http_error,502,https://345.lishuhang.com/movie356.m3u8,text/plain; charset=utf-8,4857.7,72,none,0,0,False,[],[],,2026-08-15T07:22:24+00:00
轮播 (345源),movie468,https://345.lishuhang.com/movie468.m3u8,http_error,502,https://345.lishuhang.com/movie468.m3u8,text/plain; charset=utf-8,4669.4,72,none,0,0,False,[],[],,2026-08-15T07:22:25+00:00
轮播 (345源),movie402,https://345.lishuhang.com/movie402.m3u8,http_error,502,https://345.lishuhang.com/movie402.m3u8,text/plain; charset=utf-8,4827.6,72,none,0,0,False,[],[],,2026-08-15T07:22:26+00:00
轮播 (345源),movie528,https://345.lishuhang.com/movie528.m3u8,http_error,502,https://345.lishuhang.com/movie528.m3u8,text/plain; charset=utf-8,3275.2,102,none,0,0,False,[],[],,2026-08-15T07:22:27+00:00
轮播 (345源),fjitv110,https://345.lishuhang.com/fjitv110.m3u8,http_error,502,https://345.lishuhang.com/fjitv110.m3u8,text/plain; charset=utf-8,3461.7,72,none,0,0,False,[],[],,2026-08-15T07:22:29+00:00
轮播 (345源),fjitv110,https://345.lishuhang.com/fjitv183.m3u8,http_error,502,https://345.lishuhang.com/fjitv183.m3u8,text/plain; charset=utf-8,3652.2,72,none,0,0,False,[],[],,2026-08-15T07:22:30+00:00
轮播 (345源),fjitv110,https://345.lishuhang.com/hlitv96.m3u8,request_exception,,,,,0,none,0,0,False,[],[],"HTTPSConnectionPool(host='345.lishuhang.com', port=443): Read timed out. (read timeout=12.0)",2026-08-15T07:22:30+00:00
轮播 (345源),movie519,https://345.lishuhang.com/movie519.m3u8,http_error,502,https://345.lishuhang.com/movie519.m3u8,text/plain; charset=utf-8,3854.9,102,none,0,0,False,[],[],,2026-08-15T07:22:30+00:00
轮播 (345源),movie250,https://345.lishuhang.com/movie250.m3u8,http_error,502,https://345.lishuhang.com/movie250.m3u8,text/plain; charset=utf-8,6274.9,72,none,0,0,False,[],[],,2026-08-15T07:22:30+00:00
轮播 (345源),movie74,https://345.lishuhang.com/movie74.m3u8,http_error,502,https://345.lishuhang.com/movie74.m3u8,text/plain; charset=utf-8,7269.8,72,none,0,0,False,[],[],,2026-08-15T07:22:30+00:00
轮播 (345源),movie264,https://345.lishuhang.com/movie264.m3u8,http_error,502,https://345.lishuhang.com/movie264.m3u8,text/plain; charset=utf-8,6179.4,72,none,0,0,False,[],[],,2026-08-15T07:22:33+00:00
轮播 (345源),movie264,https://345.lishuhang.com/movie269.m3u8,http_error,502,https://345.lishuhang.com/movie269.m3u8,text/plain; charset=utf-8,5610.7,72,none,0,0,False,[],[],,2026-08-15T07:22:33+00:00
轮播 (345源),movie340,https://345.lishuhang.com/movie340.m3u8,http_error,502,https://345.lishuhang.com/movie340.m3u8,text/plain; charset=utf-8,5170.4,72,none,0,0,False,[],[],,2026-08-15T07:22:34+00:00
轮播 (345源),movie38,https://345.lishuhang.com/movie38.m3u8,http_error,502,https://345.lishuhang.com/movie38.m3u8,text/plain; charset=utf-8,6147.1,72,none,0,0,False,[],[],,2026-08-15T07:22:36+00:00
轮播 (345源),movie260,https://345.lishuhang.com/movie260.m3u8,http_error,502,https://345.lishuhang.com/movie260.m3u8,text/plain; charset=utf-8,7117.1,72,none,0,0,False,[],[],,2026-08-15T07:22:38+00:00
轮播 (345源),movie187,https://345.lishuhang.com/movie187.m3u8,http_error,502,https://345.lishuhang.com/movie187.m3u8,text/plain; charset=utf-8,6732.1,72,none,0,0,False,[],[],,2026-08-15T07:22:39+00:00
轮播 (345源),movie410,https://345.lishuhang.com/movie410.m3u8,http_error,502,https://345.lishuhang.com/movie410.m3u8,text/plain; charset=utf-8,4814.9,72,none,0,0,False,[],[],,2026-08-15T07:22:39+00:00
轮播 (345源),movie29,https://345.lishuhang.com/movie29.m3u8,http_error,502,https://345.lishuhang.com/movie29.m3u8,text/plain; charset=utf-8,6827.3,72,none,0,0,False,[],[],,2026-08-15T07:22:39+00:00
轮播 (345源),movie221,https://345.lishuhang.com/movie221.m3u8,http_error,502,https://345.lishuhang.com/movie221.m3u8,text/plain; charset=utf-8,6828.4,72,none,0,0,False,[],[],,2026-08-15T07:22:42+00:00
轮播 (345源),movie325,https://345.lishuhang.com/movie325.m3u8,http_error,502,https://345.lishuhang.com/movie325.m3u8,text/plain; charset=utf-8,7357.8,72,none,0,0,False,[],[],,2026-08-15T07:22:44+00:00
轮播 (345源),movie310,https://345.lishuhang.com/movie310.m3u8,http_error,502,https://345.lishuhang.com/movie310.m3u8,text/plain; charset=utf-8,6769.4,72,none,0,0,False,[],[],,2026-08-15T07:22:44+00:00
轮播 (345源),movie451,https://345.lishuhang.com/movie451.m3u8,http_error,502,https://345.lishuhang.com/movie451.m3u8,text/plain; charset=utf-8,4762.8,72,none,0,0,False,[],[],,2026-08-15T07:22:45+00:00
轮播 (345源),movie148,https://345.lishuhang.com/movie148.m3u8,http_error,502,https://345.lishuhang.com/movie148.m3u8,text/plain; charset=utf-8,6262.1,72,none,0,0,False,[],[],,2026-08-15T07:22:46+00:00
轮播 (345源),movie156,https://345.lishuhang.com/movie156.m3u8,http_error,502,https://345.lishuhang.com/movie156.m3u8,text/plain; charset=utf-8,6781.1,72,none,0,0,False,[],[],,2026-08-15T07:22:46+00:00
轮播 (345源),movie51,https://345.lishuhang.com/movie51.m3u8,http_error,502,https://345.lishuhang.com/movie51.m3u8,text/plain; charset=utf-8,6842.6,72,none,0,0,False,[],[],,2026-08-15T07:22:49+00:00
轮播 (345源),movie33,https://345.lishuhang.com/movie33.m3u8,http_error,502,https://345.lishuhang.com/movie33.m3u8,text/plain; charset=utf-8,6520.6,72,none,0,0,False,[],[],,2026-08-15T07:22:50+00:00
轮播 (345源),movie405,https://345.lishuhang.com/movie405.m3u8,http_error,502,https://345.lishuhang.com/movie405.m3u8,text/plain; charset=utf-8,4476.1,72,none,0,0,False,[],[],,2026-08-15T07:22:51+00:00
轮播 (345源),movie84,https://345.lishuhang.com/movie84.m3u8,http_error,502,https://345.lishuhang.com/movie84.m3u8,text/plain; charset=utf-8,6601.1,72,none,0,0,False,[],[],,2026-08-15T07:22:51+00:00
轮播 (345源),movie144,https://345.lishuhang.com/movie144.m3u8,http_error,502,https://345.lishuhang.com/movie144.m3u8,text/plain; charset=utf-8,7977.5,72,none,0,0,False,[],[],,2026-08-15T07:22:52+00:00
轮播 (345源),movie144,https://345.lishuhang.com/movie154.m3u8,http_error,502,https://345.lishuhang.com/movie154.m3u8,text/plain; charset=utf-8,6554.6,72,none,0,0,False,[],[],,2026-08-15T07:22:53+00:00
轮播 (345源),movie35,https://345.lishuhang.com/movie35.m3u8,http_error,502,https://345.lishuhang.com/movie35.m3u8,text/plain; charset=utf-8,6340.6,72,none,0,0,False,[],[],,2026-08-15T07:22:55+00:00
轮播 (345源),movie259,https://345.lishuhang.com/movie259.m3u8,http_error,502,https://345.lishuhang.com/movie259.m3u8,text/plain; charset=utf-8,6897.4,72,none,0,0,False,[],[],,2026-08-15T07:22:56+00:00
轮播 (345源),movie259,https://345.lishuhang.com/movie267.m3u8,http_error,502,https://345.lishuhang.com/movie267.m3u8,text/plain; charset=utf-8,6704.5,72,none,0,0,False,[],[],,2026-08-15T07:22:56+00:00
轮播 (345源),movie113,https://345.lishuhang.com/movie113.m3u8,http_error,502,https://345.lishuhang.com/movie113.m3u8,text/plain; charset=utf-8,6297.6,72,none,0,0,False,[],[],,2026-08-15T07:22:58+00:00
轮播 (345源),movie302,https://345.lishuhang.com/movie302.m3u8,http_error,502,https://345.lishuhang.com/movie302.m3u8,text/plain; charset=utf-8,6989.9,72,none,0,0,False,[],[],,2026-08-15T07:22:59+00:00
轮播 (345源),movie17,https://345.lishuhang.com/movie17.m3u8,http_error,502,https://345.lishuhang.com/movie17.m3u8,text/plain; charset=utf-8,6007.6,72,none,0,0,False,[],[],,2026-08-15T07:23:00+00:00
轮播 (345源),itv307,https://345.lishuhang.com/itv307.m3u8,http_error,502,https://345.lishuhang.com/itv307.m3u8,text/plain; charset=utf-8,3834.3,72,none,0,0,False,[],[],,2026-08-15T07:23:02+00:00
轮播 (345源),movie515,https://345.lishuhang.com/movie515.m3u8,http_error,502,https://345.lishuhang.com/movie515.m3u8,text/plain; charset=utf-8,4333.8,102,none,0,0,False,[],[],,2026-08-15T07:23:03+00:00
轮播 (345源),movie160,https://345.lishuhang.com/movie160.m3u8,http_error,502,https://345.lishuhang.com/movie160.m3u8,text/plain; charset=utf-8,7258.9,72,none,0,0,False,[],[],,2026-08-15T07:23:03+00:00
轮播 (345源),movie411,https://345.lishuhang.com/movie411.m3u8,http_error,502,https://345.lishuhang.com/movie411.m3u8,text/plain; charset=utf-8,4636.8,72,none,0,0,False,[],[],,2026-08-15T07:23:04+00:00
轮播 (345源),movie470,https://345.lishuhang.com/movie470.m3u8,http_error,502,https://345.lishuhang.com/movie470.m3u8,text/plain; charset=utf-8,4640.8,72,none,0,0,False,[],[],,2026-08-15T07:23:05+00:00
轮播 (345源),movie189,https://345.lishuhang.com/movie189.m3u8,http_error,502,https://345.lishuhang.com/movie189.m3u8,text/plain; charset=utf-8,6044.8,72,none,0,0,False,[],[],,2026-08-15T07:23:06+00:00
轮播 (345源),movie516,https://345.lishuhang.com/movie516.m3u8,http_error,502,https://345.lishuhang.com/movie516.m3u8,text/plain; charset=utf-8,3327.8,102,none,0,0,False,[],[],,2026-08-15T07:23:06+00:00
轮播 (345源),movie510,https://345.lishuhang.com/movie510.m3u8,http_error,502,https://345.lishuhang.com/movie510.m3u8,text/plain; charset=utf-8,3281.9,102,none,0,0,False,[],[],,2026-08-15T07:23:07+00:00
轮播 (345源),movie83,https://345.lishuhang.com/movie83.m3u8,http_error,502,https://345.lishuhang.com/movie83.m3u8,text/plain; charset=utf-8,7138.0,72,none,0,0,False,[],[],,2026-08-15T07:23:09+00:00
轮播 (345源),movie347,https://345.lishuhang.com/movie347.m3u8,http_error,502,https://345.lishuhang.com/movie347.m3u8,text/plain; charset=utf-8,4513.1,72,none,0,0,False,[],[],,2026-08-15T07:23:10+00:00
轮播 (345源),movie419,https://345.lishuhang.com/movie419.m3u8,http_error,502,https://345.lishuhang.com/movie419.m3u8,text/plain; charset=utf-8,4957.6,72,none,0,0,False,[],[],,2026-08-15T07:23:10+00:00
轮播 (345源),movie353,https://345.lishuhang.com/movie353.m3u8,http_error,502,https://345.lishuhang.com/movie353.m3u8,text/plain; charset=utf-8,4966.4,72,none,0,0,False,[],[],,2026-08-15T07:23:10+00:00
轮播 (345源),movie381,https://345.lishuhang.com/movie381.m3u8,http_error,502,https://345.lishuhang.com/movie381.m3u8,text/plain; charset=utf-8,4463.1,72,none,0,0,False,[],[],,2026-08-15T07:23:10+00:00
轮播 (345源),movie299,https://345.lishuhang.com/movie299.m3u8,http_error,502,https://345.lishuhang.com/movie299.m3u8,text/plain; charset=utf-8,6282.5,72,none,0,0,False,[],[],,2026-08-15T07:23:12+00:00
轮播 (345源),movie425,https://345.lishuhang.com/movie425.m3u8,http_error,502,https://345.lishuhang.com/movie425.m3u8,text/plain; charset=utf-8,4832.6,72,none,0,0,False,[],[],,2026-08-15T07:23:14+00:00
轮播 (345源),movie313,https://345.lishuhang.com/movie313.m3u8,http_error,502,https://345.lishuhang.com/movie313.m3u8,text/plain; charset=utf-8,6746.6,72,none,0,0,False,[],[],,2026-08-15T07:23:15+00:00
轮播 (345源),movie245,https://345.lishuhang.com/movie245.m3u8,http_error,502,https://345.lishuhang.com/movie245.m3u8,text/plain; charset=utf-8,6644.4,72,none,0,0,False,[],[],,2026-08-15T07:23:15+00:00
轮播 (345源),movie421,https://345.lishuhang.com/movie421.m3u8,http_error,502,https://345.lishuhang.com/movie421.m3u8,text/plain; charset=utf-8,4725.9,72,none,0,0,False,[],[],,2026-08-15T07:23:15+00:00
轮播 (345源),movie209,https://345.lishuhang.com/movie209.m3u8,http_error,502,https://345.lishuhang.com/movie209.m3u8,text/plain; charset=utf-8,7197.6,72,none,0,0,False,[],[],,2026-08-15T07:23:16+00:00
轮播 (345源),movie514,https://345.lishuhang.com/movie514.m3u8,http_error,502,https://345.lishuhang.com/movie514.m3u8,text/plain; charset=utf-8,3356.0,102,none,0,0,False,[],[],,2026-08-15T07:23:18+00:00
轮播 (345源),movie399,https://345.lishuhang.com/movie399.m3u8,http_error,502,https://345.lishuhang.com/movie399.m3u8,text/plain; charset=utf-8,4776.5,72,none,0,0,False,[],[],,2026-08-15T07:23:19+00:00
轮播 (345源),movie171,https://345.lishuhang.com/movie171.m3u8,http_error,502,https://345.lishuhang.com/movie171.m3u8,text/plain; charset=utf-8,8032.6,72,none,0,0,False,[],[],,2026-08-15T07:23:20+00:00
轮播 (345源),fjitv27,https://345.lishuhang.com/fjitv27.m3u8,http_error,502,https://345.lishuhang.com/fjitv27.m3u8,text/plain; charset=utf-8,3333.7,72,none,0,0,False,[],[],,2026-08-15T07:23:22+00:00
轮播 (345源),fjitv27,https://345.lishuhang.com/fjitv233.m3u8,http_error,502,https://345.lishuhang.com/fjitv233.m3u8,text/plain; charset=utf-8,3387.9,72,none,0,0,False,[],[],,2026-08-15T07:23:22+00:00
轮播 (345源),fjitv27,https://345.lishuhang.com/itv250.m3u8,http_error,502,https://345.lishuhang.com/itv250.m3u8,text/plain; charset=utf-8,5660.0,72,none,0,0,False,[],[],,2026-08-15T07:23:22+00:00
轮播 (345源),fjitv27,https://345.lishuhang.com/ty15.m3u8,http_error,502,https://345.lishuhang.com/ty15.m3u8,text/plain; charset=utf-8,5281.9,72,none,0,0,False,[],[],,2026-08-15T07:23:23+00:00
轮播 (345源),fjitv108,https://345.lishuhang.com/fjitv108.m3u8,http_error,502,https://345.lishuhang.com/fjitv108.m3u8,text/plain; charset=utf-8,3563.7,72,none,0,0,False,[],[],,2026-08-15T07:23:24+00:00
轮播 (345源),movie499,https://345.lishuhang.com/movie499.m3u8,http_error,502,https://345.lishuhang.com/movie499.m3u8,text/plain; charset=utf-8,3117.9,102,none,0,0,False,[],[],,2026-08-15T07:23:25+00:00
轮播 (345源),movie490,https://345.lishuhang.com/movie490.m3u8,http_error,502,https://345.lishuhang.com/movie490.m3u8,text/plain; charset=utf-8,3244.2,102,none,0,0,False,[],[],,2026-08-15T07:23:25+00:00
轮播 (345源),movie137,https://345.lishuhang.com/movie137.m3u8,http_error,502,https://345.lishuhang.com/movie137.m3u8,text/plain; charset=utf-8,6933.4,72,none,0,0,False,[],[],,2026-08-15T07:23:27+00:00
轮播 (345源),movie272,https://345.lishuhang.com/movie272.m3u8,http_error,502,https://345.lishuhang.com/movie272.m3u8,text/plain; charset=utf-8,6403.4,72,none,0,0,False,[],[],,2026-08-15T07:23:27+00:00
轮播 (345源),movie370,https://345.lishuhang.com/movie370.m3u8,http_error,502,https://345.lishuhang.com/movie370.m3u8,text/plain; charset=utf-8,4306.3,72,none,0,0,False,[],[],,2026-08-15T07:23:28+00:00
轮播 (345源),movie504,https://345.lishuhang.com/movie504.m3u8,http_error,502,https://345.lishuhang.com/movie504.m3u8,text/plain; charset=utf-8,3120.6,102,none,0,0,False,[],[],,2026-08-15T07:23:28+00:00
轮播 (345源),movie383,https://345.lishuhang.com/movie383.m3u8,http_error,502,https://345.lishuhang.com/movie383.m3u8,text/plain; charset=utf-8,4244.3,72,none,0,0,False,[],[],,2026-08-15T07:23:28+00:00
轮播 (345源),movie518,https://345.lishuhang.com/movie518.m3u8,http_error,502,https://345.lishuhang.com/movie518.m3u8,text/plain; charset=utf-8,3024.5,102,none,0,0,False,[],[],,2026-08-15T07:23:28+00:00
轮播 (345源),movie343,https://345.lishuhang.com/movie343.m3u8,http_error,502,https://345.lishuhang.com/movie343.m3u8,text/plain; charset=utf-8,4957.6,72,none,0,0,False,[],[],,2026-08-15T07:23:31+00:00
轮播 (345源),movie11,https://345.lishuhang.com/movie11.m3u8,http_error,502,https://345.lishuhang.com/movie11.m3u8,text/plain; charset=utf-8,6989.5,72,none,0,0,False,[],[],,2026-08-15T07:23:31+00:00
轮播 (345源),movie384,https://345.lishuhang.com/movie384.m3u8,http_error,502,https://345.lishuhang.com/movie384.m3u8,text/plain; charset=utf-8,4287.3,72,none,0,0,False,[],[],,2026-08-15T07:23:32+00:00
轮播 (345源),movie303,https://345.lishuhang.com/movie303.m3u8,http_error,502,https://345.lishuhang.com/movie303.m3u8,text/plain; charset=utf-8,6946.4,72,none,0,0,False,[],[],,2026-08-15T07:23:33+00:00
轮播 (345源),movie166,https://345.lishuhang.com/movie166.m3u8,http_error,502,https://345.lishuhang.com/movie166.m3u8,text/plain; charset=utf-8,6091.2,72,none,0,0,False,[],[],,2026-08-15T07:23:34+00:00
轮播 (345源),movie104,https://345.lishuhang.com/movie104.m3u8,http_error,502,https://345.lishuhang.com/movie104.m3u8,text/plain; charset=utf-8,5820.5,72,none,0,0,False,[],[],,2026-08-15T07:23:34+00:00
轮播 (345源),movie382,https://345.lishuhang.com/movie382.m3u8,http_error,502,https://345.lishuhang.com/movie382.m3u8,text/plain; charset=utf-8,4875.8,72,none,0,0,False,[],[],,2026-08-15T07:23:36+00:00
轮播 (345源),movie105,https://345.lishuhang.com/movie105.m3u8,http_error,502,https://345.lishuhang.com/movie105.m3u8,text/plain; charset=utf-8,6006.5,72,none,0,0,False,[],[],,2026-08-15T07:23:37+00:00
轮播 (345源),movie179,https://345.lishuhang.com/movie179.m3u8,http_error,502,https://345.lishuhang.com/movie179.m3u8,text/plain; charset=utf-8,6841.6,72,none,0,0,False,[],[],,2026-08-15T07:23:38+00:00
轮播 (345源),movie58,https://345.lishuhang.com/movie58.m3u8,http_error,502,https://345.lishuhang.com/movie58.m3u8,text/plain; charset=utf-8,6005.5,72,none,0,0,False,[],[],,2026-08-15T07:23:40+00:00
轮播 (345源),movie69,https://345.lishuhang.com/movie69.m3u8,http_error,502,https://345.lishuhang.com/movie69.m3u8,text/plain; charset=utf-8,9389.3,72,none,0,0,False,[],[],,2026-08-15T07:23:40+00:00
轮播 (345源),movie40,https://345.lishuhang.com/movie40.m3u8,http_error,502,https://345.lishuhang.com/movie40.m3u8,text/plain; charset=utf-8,6524.5,72,none,0,0,False,[],[],,2026-08-15T07:23:40+00:00
轮播 (345源),movie91,https://345.lishuhang.com/movie91.m3u8,http_error,502,https://345.lishuhang.com/movie91.m3u8,text/plain; charset=utf-8,6681.8,72,none,0,0,False,[],[],,2026-08-15T07:23:41+00:00
轮播 (345源),movie316,https://345.lishuhang.com/movie316.m3u8,http_error,502,https://345.lishuhang.com/movie316.m3u8,text/plain; charset=utf-8,5871.7,72,none,0,0,False,[],[],,2026-08-15T07:23:43+00:00
轮播 (345源),movie92,https://345.lishuhang.com/movie92.m3u8,http_error,502,https://345.lishuhang.com/movie92.m3u8,text/plain; charset=utf-8,6907.3,72,none,0,0,False,[],[],,2026-08-15T07:23:45+00:00
轮播 (345源),movie386,https://345.lishuhang.com/movie386.m3u8,http_error,502,https://345.lishuhang.com/movie386.m3u8,text/plain; charset=utf-8,4605.2,72,none,0,0,False,[],[],,2026-08-15T07:23:46+00:00
轮播 (345源),movie77,https://345.lishuhang.com/movie77.m3u8,http_error,502,https://345.lishuhang.com/movie77.m3u8,text/plain; charset=utf-8,7141.8,72,none,0,0,False,[],[],,2026-08-15T07:23:47+00:00
轮播 (345源),movie387,https://345.lishuhang.com/movie387.m3u8,http_error,502,https://345.lishuhang.com/movie387.m3u8,text/plain; charset=utf-8,5642.2,72,none,0,0,False,[],[],,2026-08-15T07:23:48+00:00
轮播 (345源),movie388,https://345.lishuhang.com/movie388.m3u8,http_error,502,https://345.lishuhang.com/movie388.m3u8,text/plain; charset=utf-8,4703.7,72,none,0,0,False,[],[],,2026-08-15T07:23:48+00:00
轮播 (345源),movie461,https://345.lishuhang.com/movie461.m3u8,http_error,502,https://345.lishuhang.com/movie461.m3u8,text/plain; charset=utf-8,4329.4,72,none,0,0,False,[],[],,2026-08-15T07:23:49+00:00
轮播 (345源),movie224,https://345.lishuhang.com/movie224.m3u8,http_error,502,https://345.lishuhang.com/movie224.m3u8,text/plain; charset=utf-8,7535.2,72,none,0,0,False,[],[],,2026-08-15T07:23:50+00:00
轮播 (345源),movie548,https://345.lishuhang.com/movie548.m3u8,http_error,502,https://345.lishuhang.com/movie548.m3u8,text/plain; charset=utf-8,2948.6,102,none,0,0,False,[],[],,2026-08-15T07:23:52+00:00
轮播 (345源),movie491,https://345.lishuhang.com/movie491.m3u8,http_error,502,https://345.lishuhang.com/movie491.m3u8,text/plain; charset=utf-8,3648.9,102,none,0,0,False,[],[],,2026-08-15T07:23:53+00:00
轮播 (345源),movie355,https://345.lishuhang.com/movie355.m3u8,http_error,502,https://345.lishuhang.com/movie355.m3u8,text/plain; charset=utf-8,4338.3,72,none,0,0,False,[],[],,2026-08-15T07:23:53+00:00
轮播 (345源),movie72,https://345.lishuhang.com/movie72.m3u8,http_error,502,https://345.lishuhang.com/movie72.m3u8,text/plain; charset=utf-8,7069.6,72,none,0,0,False,[],[],,2026-08-15T07:23:54+00:00
轮播 (345源),movie87,https://345.lishuhang.com/movie87.m3u8,http_error,502,https://345.lishuhang.com/movie87.m3u8,text/plain; charset=utf-8,6388.1,72,none,0,0,False,[],[],,2026-08-15T07:23:54+00:00
轮播 (345源),movie143,https://345.lishuhang.com/movie143.m3u8,http_error,502,https://345.lishuhang.com/movie143.m3u8,text/plain; charset=utf-8,7365.3,72,none,0,0,False,[],[],,2026-08-15T07:23:55+00:00
轮播 (345源),movie143,https://345.lishuhang.com/movie158.m3u8,http_error,502,https://345.lishuhang.com/movie158.m3u8,text/plain; charset=utf-8,5675.4,72,none,0,0,False,[],[],,2026-08-15T07:23:57+00:00
轮播 (345源),movie306,https://345.lishuhang.com/movie306.m3u8,http_error,502,https://345.lishuhang.com/movie306.m3u8,text/plain; charset=utf-8,6088.8,72,none,0,0,False,[],[],,2026-08-15T07:23:58+00:00
轮播 (345源),movie478,https://345.lishuhang.com/movie478.m3u8,http_error,502,https://345.lishuhang.com/movie478.m3u8,text/plain; charset=utf-8,5400.1,72,none,0,0,False,[],[],,2026-08-15T07:23:58+00:00
轮播 (345源),movie543,https://345.lishuhang.com/movie543.m3u8,http_error,502,https://345.lishuhang.com/movie543.m3u8,text/plain; charset=utf-8,4214.1,102,none,0,0,False,[],[],,2026-08-15T07:24:00+00:00
轮播 (345源),movie239,https://345.lishuhang.com/movie239.m3u8,http_error,502,https://345.lishuhang.com/movie239.m3u8,text/plain; charset=utf-8,8775.8,72,none,0,0,False,[],[],,2026-08-15T07:24:01+00:00
轮播 (345源),movie395,https://345.lishuhang.com/movie395.m3u8,http_error,502,https://345.lishuhang.com/movie395.m3u8,text/plain; charset=utf-8,4321.8,72,none,0,0,False,[],[],,2026-08-15T07:24:02+00:00
轮播 (345源),fjitv285,https://345.lishuhang.com/fjitv285.m3u8,http_error,502,https://345.lishuhang.com/fjitv285.m3u8,text/plain; charset=utf-8,3438.9,72,none,0,0,False,[],[],,2026-08-15T07:24:02+00:00
轮播 (345源),fjitv285,https://345.lishuhang.com/fjitv291.m3u8,http_error,502,https://345.lishuhang.com/fjitv291.m3u8,text/plain; charset=utf-8,3006.2,72,none,0,0,False,[],[],,2026-08-15T07:24:03+00:00
轮播 (345源),fjitv285,https://345.lishuhang.com/fjitv298.m3u8,http_error,502,https://345.lishuhang.com/fjitv298.m3u8,text/plain; charset=utf-8,3293.8,72,none,0,0,False,[],[],,2026-08-15T07:24:04+00:00
轮播 (345源),fjitv285,https://345.lishuhang.com/fjitv299.m3u8,http_error,502,https://345.lishuhang.com/fjitv299.m3u8,text/plain; charset=utf-8,3348.4,72,none,0,0,False,[],[],,2026-08-15T07:24:04+00:00
轮播 (345源),fjitv285,https://345.lishuhang.com/fjitv302.m3u8,http_error,502,https://345.lishuhang.com/fjitv302.m3u8,text/plain; charset=utf-8,3287.7,72,none,0,0,False,[],[],,2026-08-15T07:24:06+00:00
轮播 (345源),fjitv285,https://345.lishuhang.com/fjitv304.m3u8,http_error,502,https://345.lishuhang.com/fjitv304.m3u8,text/plain; charset=utf-8,3316.8,72,none,0,0,False,[],[],,2026-08-15T07:24:06+00:00
轮播 (345源),fjitv284,https://345.lishuhang.com/fjitv284.m3u8,http_error,502,https://345.lishuhang.com/fjitv284.m3u8,text/plain; charset=utf-8,3425.3,72,none,0,0,False,[],[],,2026-08-15T07:24:07+00:00
轮播 (345源),fjitv284,https://345.lishuhang.com/fjitv288.m3u8,http_error,502,https://345.lishuhang.com/fjitv288.m3u8,text/plain; charset=utf-8,3622.8,72,none,0,0,False,[],[],,2026-08-15T07:24:07+00:00
轮播 (345源),fjitv284,https://345.lishuhang.com/fjitv292.m3u8,http_error,502,https://345.lishuhang.com/fjitv292.m3u8,text/plain; charset=utf-8,3397.4,72,none,0,0,False,[],[],,2026-08-15T07:24:08+00:00
轮播 (345源),fjitv284,https://345.lishuhang.com/fjitv295.m3u8,http_error,502,https://345.lishuhang.com/fjitv295.m3u8,text/plain; charset=utf-8,3440.9,72,none,0,0,False,[],[],,2026-08-15T07:24:09+00:00
轮播 (345源),fjitv284,https://345.lishuhang.com/fjitv297.m3u8,http_error,502,https://345.lishuhang.com/fjitv297.m3u8,text/plain; charset=utf-8,3441.9,72,none,0,0,False,[],[],,2026-08-15T07:24:09+00:00
轮播 (345源),fjitv284,https://345.lishuhang.com/fjitv303.m3u8,http_error,502,https://345.lishuhang.com/fjitv303.m3u8,text/plain; charset=utf-8,4322.8,72,none,0,0,False,[],[],,2026-08-15T07:24:09+00:00
轮播 (345源),fjitv284,https://345.lishuhang.com/fjitv313.m3u8,http_error,502,https://345.lishuhang.com/fjitv313.m3u8,text/plain; charset=utf-8,3224.9,72,none,0,0,False,[],[],,2026-08-15T07:24:10+00:00
轮播 (345源),movie268,https://345.lishuhang.com/movie268.m3u8,http_error,502,https://345.lishuhang.com/movie268.m3u8,text/plain; charset=utf-8,7119.8,72,none,0,0,False,[],[],,2026-08-15T07:24:11+00:00
轮播 (345源),movie391,https://345.lishuhang.com/movie391.m3u8,http_error,502,https://345.lishuhang.com/movie391.m3u8,text/plain; charset=utf-8,4618.9,72,none,0,0,False,[],[],,2026-08-15T07:24:11+00:00
轮播 (345源),movie494,https://345.lishuhang.com/movie494.m3u8,http_error,502,https://345.lishuhang.com/movie494.m3u8,text/plain; charset=utf-8,3148.6,102,none,0,0,False,[],[],,2026-08-15T07:24:13+00:00
轮播 (345源),ty42,https://345.lishuhang.com/ty42.m3u8,http_error,502,https://345.lishuhang.com/ty42.m3u8,text/plain; charset=utf-8,2557.6,86,none,0,0,False,[],[],,2026-08-15T07:24:13+00:00
轮播 (345源),movie479,https://345.lishuhang.com/movie479.m3u8,http_error,502,https://345.lishuhang.com/movie479.m3u8,text/plain; charset=utf-8,4846.9,72,none,0,0,False,[],[],,2026-08-15T07:24:13+00:00
轮播 (345源),movie192,https://345.lishuhang.com/movie192.m3u8,http_error,502,https://345.lishuhang.com/movie192.m3u8,text/plain; charset=utf-8,6847.8,72,none,0,0,False,[],[],,2026-08-15T07:24:14+00:00
轮播 (345源),movie213,https://345.lishuhang.com/movie213.m3u8,http_error,502,https://345.lishuhang.com/movie213.m3u8,text/plain; charset=utf-8,5812.7,72,none,0,0,False,[],[],,2026-08-15T07:24:15+00:00
轮播 (345源),movie500,https://345.lishuhang.com/movie500.m3u8,http_error,502,https://345.lishuhang.com/movie500.m3u8,text/plain; charset=utf-8,3255.4,102,none,0,0,False,[],[],,2026-08-15T07:24:16+00:00
轮播 (345源),movie262,https://345.lishuhang.com/movie262.m3u8,http_error,502,https://345.lishuhang.com/movie262.m3u8,text/plain; charset=utf-8,5977.8,72,none,0,0,False,[],[],,2026-08-15T07:24:16+00:00
轮播 (345源),movie262,https://345.lishuhang.com/movie277.m3u8,http_error,502,https://345.lishuhang.com/movie277.m3u8,text/plain; charset=utf-8,5375.6,72,none,0,0,False,[],[],,2026-08-15T07:24:18+00:00
轮播 (345源),movie452,https://345.lishuhang.com/movie452.m3u8,http_error,502,https://345.lishuhang.com/movie452.m3u8,text/plain; charset=utf-8,4485.4,72,none,0,0,False,[],[],,2026-08-15T07:24:18+00:00
轮播 (345源),movie454,https://345.lishuhang.com/movie454.m3u8,http_error,502,https://345.lishuhang.com/movie454.m3u8,text/plain; charset=utf-8,4311.0,72,none,0,0,False,[],[],,2026-08-15T07:24:19+00:00
轮播 (345源),movie243,https://345.lishuhang.com/movie243.m3u8,http_error,502,https://345.lishuhang.com/movie243.m3u8,text/plain; charset=utf-8,5927.9,72,none,0,0,False,[],[],,2026-08-15T07:24:21+00:00
轮播 (345源),movie101,https://345.lishuhang.com/movie101.m3u8,http_error,502,https://345.lishuhang.com/movie101.m3u8,text/plain; charset=utf-8,6512.9,72,none,0,0,False,[],[],,2026-08-15T07:24:21+00:00
轮播 (345源),movie242,https://345.lishuhang.com/movie242.m3u8,http_error,502,https://345.lishuhang.com/movie242.m3u8,text/plain; charset=utf-8,5867.0,72,none,0,0,False,[],[],,2026-08-15T07:24:22+00:00
轮播 (345源),movie80,https://345.lishuhang.com/movie80.m3u8,http_error,502,https://345.lishuhang.com/movie80.m3u8,text/plain; charset=utf-8,5324.2,72,none,0,0,False,[],[],,2026-08-15T07:24:23+00:00
轮播 (345源),movie199,https://345.lishuhang.com/movie199.m3u8,http_error,502,https://345.lishuhang.com/movie199.m3u8,text/plain; charset=utf-8,7236.7,72,none,0,0,False,[],[],,2026-08-15T07:24:23+00:00
轮播 (345源),movie372,https://345.lishuhang.com/movie372.m3u8,http_error,502,https://345.lishuhang.com/movie372.m3u8,text/plain; charset=utf-8,4295.8,72,none,0,0,False,[],[],,2026-08-15T07:24:23+00:00
轮播 (345源),movie530,https://345.lishuhang.com/movie530.m3u8,http_error,502,https://345.lishuhang.com/movie530.m3u8,text/plain; charset=utf-8,3234.0,102,none,0,0,False,[],[],,2026-08-15T07:24:27+00:00
轮播 (345源),movie208,https://345.lishuhang.com/movie208.m3u8,http_error,502,https://345.lishuhang.com/movie208.m3u8,text/plain; charset=utf-8,6257.5,72,none,0,0,False,[],[],,2026-08-15T07:24:28+00:00
轮播 (345源),movie265,https://345.lishuhang.com/movie265.m3u8,http_error,502,https://345.lishuhang.com/movie265.m3u8,text/plain; charset=utf-8,6581.6,72,none,0,0,False,[],[],,2026-08-15T07:24:28+00:00
轮播 (345源),movie152,https://345.lishuhang.com/movie152.m3u8,http_error,502,https://345.lishuhang.com/movie152.m3u8,text/plain; charset=utf-8,5660.9,72,none,0,0,False,[],[],,2026-08-15T07:24:28+00:00
轮播 (345源),movie341,https://345.lishuhang.com/movie341.m3u8,http_error,502,https://345.lishuhang.com/movie341.m3u8,text/plain; charset=utf-8,4899.9,72,none,0,0,False,[],[],,2026-08-15T07:24:28+00:00
轮播 (345源),movie9,https://345.lishuhang.com/movie9.m3u8,http_error,502,https://345.lishuhang.com/movie9.m3u8,text/plain; charset=utf-8,5963.6,72,none,0,0,False,[],[],,2026-08-15T07:24:30+00:00
轮播 (345源),movie32,https://345.lishuhang.com/movie32.m3u8,http_error,502,https://345.lishuhang.com/movie32.m3u8,text/plain; charset=utf-8,6828.0,72,none,0,0,False,[],[],,2026-08-15T07:24:30+00:00
轮播 (345源),movie85,https://345.lishuhang.com/movie85.m3u8,http_error,502,https://345.lishuhang.com/movie85.m3u8,text/plain; charset=utf-8,6600.8,72,none,0,0,False,[],[],,2026-08-15T07:24:33+00:00
轮播 (345源),movie162,https://345.lishuhang.com/movie162.m3u8,http_error,502,https://345.lishuhang.com/movie162.m3u8,text/plain; charset=utf-8,6688.6,72,none,0,0,False,[],[],,2026-08-15T07:24:33+00:00
轮播 (345源),movie407,https://345.lishuhang.com/movie407.m3u8,http_error,502,https://345.lishuhang.com/movie407.m3u8,text/plain; charset=utf-8,4392.4,72,none,0,0,False,[],[],,2026-08-15T07:24:34+00:00
轮播 (345源),fjitv98,https://345.lishuhang.com/fjitv98.m3u8,http_error,502,https://345.lishuhang.com/fjitv98.m3u8,text/plain; charset=utf-8,3175.5,72,none,0,0,False,[],[],,2026-08-15T07:24:34+00:00
轮播 (345源),fjitv98,https://345.lishuhang.com/ty12.m3u8,http_error,502,https://345.lishuhang.com/ty12.m3u8,text/plain; charset=utf-8,3917.3,72,none,0,0,False,[],[],,2026-08-15T07:24:36+00:00
轮播 (345源),movie6,https://345.lishuhang.com/movie6.m3u8,http_error,502,https://345.lishuhang.com/movie6.m3u8,text/plain; charset=utf-8,5013.5,72,none,0,0,False,[],[],,2026-08-15T07:24:37+00:00
轮播 (345源),movie95,https://345.lishuhang.com/movie95.m3u8,http_error,502,https://345.lishuhang.com/movie95.m3u8,text/plain; charset=utf-8,6413.4,72,none,0,0,False,[],[],,2026-08-15T07:24:37+00:00
轮播 (345源),movie41,https://345.lishuhang.com/movie41.m3u8,http_error,502,https://345.lishuhang.com/movie41.m3u8,text/plain; charset=utf-8,6929.0,72,none,0,0,False,[],[],,2026-08-15T07:24:38+00:00
轮播 (345源),movie214,https://345.lishuhang.com/movie214.m3u8,http_error,502,https://345.lishuhang.com/movie214.m3u8,text/plain; charset=utf-8,6233.2,72,none,0,0,False,[],[],,2026-08-15T07:24:40+00:00
轮播 (345源),movie385,https://345.lishuhang.com/movie385.m3u8,http_error,502,https://345.lishuhang.com/movie385.m3u8,text/plain; charset=utf-8,4369.7,72,none,0,0,False,[],[],,2026-08-15T07:24:40+00:00
轮播 (345源),movie96,https://345.lishuhang.com/movie96.m3u8,http_error,502,https://345.lishuhang.com/movie96.m3u8,text/plain; charset=utf-8,6404.6,72,none,0,0,False,[],[],,2026-08-15T07:24:40+00:00
轮播 (345源),movie400,https://345.lishuhang.com/movie400.m3u8,http_error,502,https://345.lishuhang.com/movie400.m3u8,text/plain; charset=utf-8,4303.6,72,none,0,0,False,[],[],,2026-08-15T07:24:42+00:00
轮播 (345源),fjitv96,https://345.lishuhang.com/fjitv96.m3u8,http_error,502,https://345.lishuhang.com/fjitv96.m3u8,text/plain; charset=utf-8,3334.0,72,none,0,0,False,[],[],,2026-08-15T07:24:44+00:00
轮播 (345源),fjitv96,https://345.lishuhang.com/fjitv305.m3u8,http_error,502,https://345.lishuhang.com/fjitv305.m3u8,text/plain; charset=utf-8,3171.3,72,none,0,0,False,[],[],,2026-08-15T07:24:44+00:00
轮播 (345源),fjitv96,https://345.lishuhang.com/itv205.m3u8,http_error,502,https://345.lishuhang.com/itv205.m3u8,text/plain; charset=utf-8,3188.2,72,none,0,0,False,[],[],,2026-08-15T07:24:45+00:00
轮播 (345源),fjitv96,https://345.lishuhang.com/movie28.m3u8,http_error,502,https://345.lishuhang.com/movie28.m3u8,text/plain; charset=utf-8,5986.1,72,none,0,0,False,[],[],,2026-08-15T07:24:46+00:00
轮播 (345源),movie334,https://345.lishuhang.com/movie334.m3u8,http_error,502,https://345.lishuhang.com/movie334.m3u8,text/plain; charset=utf-8,4424.0,72,none,0,0,False,[],[],,2026-08-15T07:24:46+00:00
轮播 (345源),movie450,https://345.lishuhang.com/movie450.m3u8,http_error,502,https://345.lishuhang.com/movie450.m3u8,text/plain; charset=utf-8,4267.5,72,none,0,0,False,[],[],,2026-08-15T07:24:47+00:00
轮播 (345源),movie167,https://345.lishuhang.com/movie167.m3u8,http_error,502,https://345.lishuhang.com/movie167.m3u8,text/plain; charset=utf-8,6324.6,72,none,0,0,False,[],[],,2026-08-15T07:24:47+00:00
轮播 (345源),movie280,https://345.lishuhang.com/movie280.m3u8,http_error,502,https://345.lishuhang.com/movie280.m3u8,text/plain; charset=utf-8,7096.5,72,none,0,0,False,[],[],,2026-08-15T07:24:47+00:00
轮播 (345源),movie252,https://345.lishuhang.com/movie252.m3u8,http_error,502,https://345.lishuhang.com/movie252.m3u8,text/plain; charset=utf-8,6564.4,72,none,0,0,False,[],[],,2026-08-15T07:24:48+00:00
轮播 (345源),movie252,https://345.lishuhang.com/movie273.m3u8,http_error,502,https://345.lishuhang.com/movie273.m3u8,text/plain; charset=utf-8,6217.4,72,none,0,0,False,[],[],,2026-08-15T07:24:51+00:00
轮播 (345源),movie16,https://345.lishuhang.com/movie16.m3u8,http_error,502,https://345.lishuhang.com/movie16.m3u8,text/plain; charset=utf-8,6809.5,72,none,0,0,False,[],[],,2026-08-15T07:24:51+00:00
轮播 (345源),movie5,https://345.lishuhang.com/movie5.m3u8,http_error,502,https://345.lishuhang.com/movie5.m3u8,text/plain; charset=utf-8,5814.7,72,none,0,0,False,[],[],,2026-08-15T07:24:52+00:00
轮播 (345源),movie61,https://345.lishuhang.com/movie61.m3u8,http_error,502,https://345.lishuhang.com/movie61.m3u8,text/plain; charset=utf-8,6500.8,72,none,0,0,False,[],[],,2026-08-15T07:24:53+00:00
轮播 (345源),movie147,https://345.lishuhang.com/movie147.m3u8,http_error,502,https://345.lishuhang.com/movie147.m3u8,text/plain; charset=utf-8,6221.3,72,none,0,0,False,[],[],,2026-08-15T07:24:54+00:00
轮播 (345源),movie246,https://345.lishuhang.com/movie246.m3u8,http_error,502,https://345.lishuhang.com/movie246.m3u8,text/plain; charset=utf-8,6058.3,72,none,0,0,False,[],[],,2026-08-15T07:24:55+00:00
轮播 (345源),movie390,https://345.lishuhang.com/movie390.m3u8,http_error,502,https://345.lishuhang.com/movie390.m3u8,text/plain; charset=utf-8,4701.3,72,none,0,0,False,[],[],,2026-08-15T07:24:57+00:00
轮播 (345源),movie403,https://345.lishuhang.com/movie403.m3u8,http_error,502,https://345.lishuhang.com/movie403.m3u8,text/plain; charset=utf-8,4569.4,72,none,0,0,False,[],[],,2026-08-15T07:24:58+00:00
轮播 (345源),movie332,https://345.lishuhang.com/movie332.m3u8,http_error,502,https://345.lishuhang.com/movie332.m3u8,text/plain; charset=utf-8,4715.9,72,none,0,0,False,[],[],,2026-08-15T07:24:58+00:00
轮播 (345源),movie13,https://345.lishuhang.com/movie13.m3u8,http_error,502,https://345.lishuhang.com/movie13.m3u8,text/plain; charset=utf-8,6158.7,72,none,0,0,False,[],[],,2026-08-15T07:25:00+00:00
轮播 (345源),movie256,https://345.lishuhang.com/movie256.m3u8,http_error,502,https://345.lishuhang.com/movie256.m3u8,text/plain; charset=utf-8,6786.7,72,none,0,0,False,[],[],,2026-08-15T07:25:01+00:00
轮播 (345源),movie256,https://345.lishuhang.com/movie275.m3u8,http_error,502,https://345.lishuhang.com/movie275.m3u8,text/plain; charset=utf-8,7386.0,72,none,0,0,False,[],[],,2026-08-15T07:25:01+00:00
轮播 (345源),movie263,https://345.lishuhang.com/movie263.m3u8,http_error,502,https://345.lishuhang.com/movie263.m3u8,text/plain; charset=utf-8,5716.4,72,none,0,0,False,[],[],,2026-08-15T07:25:02+00:00
轮播 (345源),movie184,https://345.lishuhang.com/movie184.m3u8,http_error,502,https://345.lishuhang.com/movie184.m3u8,text/plain; charset=utf-8,5827.0,72,none,0,0,False,[],[],,2026-08-15T07:25:02+00:00
轮播 (345源),movie373,https://345.lishuhang.com/movie373.m3u8,http_error,502,https://345.lishuhang.com/movie373.m3u8,text/plain; charset=utf-8,4381.6,72,none,0,0,False,[],[],,2026-08-15T07:25:02+00:00
轮播 (345源),movie507,https://345.lishuhang.com/movie507.m3u8,http_error,502,https://345.lishuhang.com/movie507.m3u8,text/plain; charset=utf-8,3197.9,102,none,0,0,False,[],[],,2026-08-15T07:25:06+00:00
轮播 (345源),movie535,https://345.lishuhang.com/movie535.m3u8,http_error,502,https://345.lishuhang.com/movie535.m3u8,text/plain; charset=utf-8,3185.9,102,none,0,0,False,[],[],,2026-08-15T07:25:07+00:00
轮播 (345源),movie71,https://345.lishuhang.com/movie71.m3u8,http_error,502,https://345.lishuhang.com/movie71.m3u8,text/plain; charset=utf-8,6723.7,72,none,0,0,False,[],[],,2026-08-15T07:25:07+00:00
轮播 (345源),movie408,https://345.lishuhang.com/movie408.m3u8,http_error,502,https://345.lishuhang.com/movie408.m3u8,text/plain; charset=utf-8,4326.7,72,none,0,0,False,[],[],,2026-08-15T07:25:07+00:00
轮播 (345源),movie238,https://345.lishuhang.com/movie238.m3u8,http_error,502,https://345.lishuhang.com/movie238.m3u8,text/plain; charset=utf-8,6382.6,72,none,0,0,False,[],[],,2026-08-15T07:25:08+00:00
轮播 (345源),movie255,https://345.lishuhang.com/movie255.m3u8,http_error,502,https://345.lishuhang.com/movie255.m3u8,text/plain; charset=utf-8,6694.8,72,none,0,0,False,[],[],,2026-08-15T07:25:08+00:00
轮播 (345源),movie284,https://345.lishuhang.com/movie284.m3u8,http_error,502,https://345.lishuhang.com/movie284.m3u8,text/plain; charset=utf-8,6573.8,72,none,0,0,False,[],[],,2026-08-15T07:25:09+00:00
轮播 (345源),movie339,https://345.lishuhang.com/movie339.m3u8,http_error,502,https://345.lishuhang.com/movie339.m3u8,text/plain; charset=utf-8,4157.7,72,none,0,0,False,[],[],,2026-08-15T07:25:10+00:00
轮播 (345源),movie413,https://345.lishuhang.com/movie413.m3u8,http_error,502,https://345.lishuhang.com/movie413.m3u8,text/plain; charset=utf-8,4446.7,72,none,0,0,False,[],[],,2026-08-15T07:25:12+00:00
轮播 (345源),movie393,https://345.lishuhang.com/movie393.m3u8,http_error,502,https://345.lishuhang.com/movie393.m3u8,text/plain; charset=utf-8,4574.0,72,none,0,0,False,[],[],,2026-08-15T07:25:14+00:00
轮播 (345源),movie175,https://345.lishuhang.com/movie175.m3u8,http_error,502,https://345.lishuhang.com/movie175.m3u8,text/plain; charset=utf-8,7011.4,72,none,0,0,False,[],[],,2026-08-15T07:25:14+00:00
轮播 (345源),movie281,https://345.lishuhang.com/movie281.m3u8,http_error,502,https://345.lishuhang.com/movie281.m3u8,text/plain; charset=utf-8,6391.7,72,none,0,0,False,[],[],,2026-08-15T07:25:14+00:00
轮播 (345源),movie406,https://345.lishuhang.com/movie406.m3u8,http_error,502,https://345.lishuhang.com/movie406.m3u8,text/plain; charset=utf-8,4136.9,72,none,0,0,False,[],[],,2026-08-15T07:25:15+00:00
轮播 (345源),movie513,https://345.lishuhang.com/movie513.m3u8,http_error,502,https://345.lishuhang.com/movie513.m3u8,text/plain; charset=utf-8,3197.4,102,none,0,0,False,[],[],,2026-08-15T07:25:16+00:00
轮播 (345源),movie501,https://345.lishuhang.com/movie501.m3u8,http_error,502,https://345.lishuhang.com/movie501.m3u8,text/plain; charset=utf-8,4358.5,102,none,0,0,False,[],[],,2026-08-15T07:25:16+00:00
轮播 (345源),movie116,https://345.lishuhang.com/movie116.m3u8,http_error,502,https://345.lishuhang.com/movie116.m3u8,text/plain; charset=utf-8,6334.0,72,none,0,0,False,[],[],,2026-08-15T07:25:19+00:00
轮播 (345源),movie196,https://345.lishuhang.com/movie196.m3u8,http_error,502,https://345.lishuhang.com/movie196.m3u8,text/plain; charset=utf-8,6834.6,72,none,0,0,False,[],[],,2026-08-15T07:25:19+00:00
轮播 (345源),movie424,https://345.lishuhang.com/movie424.m3u8,http_error,502,https://345.lishuhang.com/movie424.m3u8,text/plain; charset=utf-8,4397.3,72,none,0,0,False,[],[],,2026-08-15T07:25:19+00:00
轮播 (345源),movie181,https://345.lishuhang.com/movie181.m3u8,http_error,502,https://345.lishuhang.com/movie181.m3u8,text/plain; charset=utf-8,7876.4,72,none,0,0,False,[],[],,2026-08-15T07:25:21+00:00
轮播 (345源),movie55,https://345.lishuhang.com/movie55.m3u8,http_error,502,https://345.lishuhang.com/movie55.m3u8,text/plain; charset=utf-8,6793.9,72,none,0,0,False,[],[],,2026-08-15T07:25:21+00:00
轮播 (345源),movie536,https://345.lishuhang.com/movie536.m3u8,http_error,502,https://345.lishuhang.com/movie536.m3u8,text/plain; charset=utf-8,3567.0,102,none,0,0,False,[],[],,2026-08-15T07:25:21+00:00
轮播 (345源),movie282,https://345.lishuhang.com/movie282.m3u8,http_error,502,https://345.lishuhang.com/movie282.m3u8,text/plain; charset=utf-8,7885.8,72,none,0,0,False,[],[],,2026-08-15T07:25:24+00:00
轮播 (345源),movie417,https://345.lishuhang.com/movie417.m3u8,http_error,502,https://345.lishuhang.com/movie417.m3u8,text/plain; charset=utf-8,4991.3,72,none,0,0,False,[],[],,2026-08-15T07:25:25+00:00
轮播 (345源),movie191,https://345.lishuhang.com/movie191.m3u8,http_error,502,https://345.lishuhang.com/movie191.m3u8,text/plain; charset=utf-8,6156.6,72,none,0,0,False,[],[],,2026-08-15T07:25:25+00:00
轮播 (345源),movie279,https://345.lishuhang.com/movie279.m3u8,http_error,502,https://345.lishuhang.com/movie279.m3u8,text/plain; charset=utf-8,8992.7,72,none,0,0,False,[],[],,2026-08-15T07:25:26+00:00
轮播 (345源),movie448,https://345.lishuhang.com/movie448.m3u8,http_error,502,https://345.lishuhang.com/movie448.m3u8,text/plain; charset=utf-8,5122.8,72,none,0,0,False,[],[],,2026-08-15T07:25:28+00:00
轮播 (345源),movie201,https://345.lishuhang.com/movie201.m3u8,http_error,502,https://345.lishuhang.com/movie201.m3u8,text/plain; charset=utf-8,7336.1,72,none,0,0,False,[],[],,2026-08-15T07:25:28+00:00
轮播 (345源),movie412,https://345.lishuhang.com/movie412.m3u8,http_error,502,https://345.lishuhang.com/movie412.m3u8,text/plain; charset=utf-8,5014.9,72,none,0,0,False,[],[],,2026-08-15T07:25:30+00:00
轮播 (345源),movie139,https://345.lishuhang.com/movie139.m3u8,http_error,502,https://345.lishuhang.com/movie139.m3u8,text/plain; charset=utf-8,6933.7,72,none,0,0,False,[],[],,2026-08-15T07:25:31+00:00
轮播 (345源),movie547,https://345.lishuhang.com/movie547.m3u8,http_error,502,https://345.lishuhang.com/movie547.m3u8,text/plain; charset=utf-8,3249.0,102,none,0,0,False,[],[],,2026-08-15T07:25:31+00:00
轮播 (345源),movie418,https://345.lishuhang.com/movie418.m3u8,http_error,502,https://345.lishuhang.com/movie418.m3u8,text/plain; charset=utf-8,4736.8,72,none,0,0,False,[],[],,2026-08-15T07:25:33+00:00
轮播 (345源),movie296,https://345.lishuhang.com/movie296.m3u8,http_error,502,https://345.lishuhang.com/movie296.m3u8,text/plain; charset=utf-8,6044.4,72,none,0,0,False,[],[],,2026-08-15T07:25:35+00:00
轮播 (345源),movie487,https://345.lishuhang.com/movie487.m3u8,http_error,502,https://345.lishuhang.com/movie487.m3u8,text/plain; charset=utf-8,3369.5,102,none,0,0,False,[],[],,2026-08-15T07:25:35+00:00
轮播 (345源),itv209,https://345.lishuhang.com/itv209.m3u8,http_error,502,https://345.lishuhang.com/itv209.m3u8,text/plain; charset=utf-8,3509.8,72,none,0,0,False,[],[],,2026-08-15T07:25:35+00:00
轮播 (345源),movie304,https://345.lishuhang.com/movie304.m3u8,http_error,502,https://345.lishuhang.com/movie304.m3u8,text/plain; charset=utf-8,6256.3,72,none,0,0,False,[],[],,2026-08-15T07:25:36+00:00
轮播 (345源),hlitv157,https://345.lishuhang.com/hlitv157.m3u8,request_exception,,,,,0,none,0,0,False,[],[],"HTTPSConnectionPool(host='345.lishuhang.com', port=443): Read timed out. (read timeout=12.0)",2026-08-15T07:25:37+00:00
轮播 (345源),movie427,https://345.lishuhang.com/movie427.m3u8,http_error,502,https://345.lishuhang.com/movie427.m3u8,text/plain; charset=utf-8,4504.8,72,none,0,0,False,[],[],,2026-08-15T07:25:38+00:00
轮播 (345源),movie434,https://345.lishuhang.com/movie434.m3u8,http_error,502,https://345.lishuhang.com/movie434.m3u8,text/plain; charset=utf-8,4526.0,72,none,0,0,False,[],[],,2026-08-15T07:25:38+00:00
轮播 (345源),movie435,https://345.lishuhang.com/movie435.m3u8,http_error,502,https://345.lishuhang.com/movie435.m3u8,text/plain; charset=utf-8,4863.7,72,none,0,0,False,[],[],,2026-08-15T07:25:38+00:00
轮播 (345源),movie436,https://345.lishuhang.com/movie436.m3u8,http_error,502,https://345.lishuhang.com/movie436.m3u8,text/plain; charset=utf-8,4351.0,72,none,0,0,False,[],[],,2026-08-15T07:25:41+00:00
轮播 (345源),movie437,https://345.lishuhang.com/movie437.m3u8,http_error,502,https://345.lishuhang.com/movie437.m3u8,text/plain; charset=utf-8,4414.1,72,none,0,0,False,[],[],,2026-08-15T07:25:42+00:00
轮播 (345源),movie438,https://345.lishuhang.com/movie438.m3u8,http_error,502,https://345.lishuhang.com/movie438.m3u8,text/plain; charset=utf-8,4327.3,72,none,0,0,False,[],[],,2026-08-15T07:25:43+00:00
轮播 (345源),movie439,https://345.lishuhang.com/movie439.m3u8,http_error,502,https://345.lishuhang.com/movie439.m3u8,text/plain; charset=utf-8,4576.6,72,none,0,0,False,[],[],,2026-08-15T07:25:43+00:00
轮播 (345源),movie440,https://345.lishuhang.com/movie440.m3u8,http_error,502,https://345.lishuhang.com/movie440.m3u8,text/plain; charset=utf-8,4604.5,72,none,0,0,False,[],[],,2026-08-15T07:25:43+00:00
轮播 (345源),movie441,https://345.lishuhang.com/movie441.m3u8,http_error,502,https://345.lishuhang.com/movie441.m3u8,text/plain; charset=utf-8,4328.2,72,none,0,0,False,[],[],,2026-08-15T07:25:45+00:00
轮播 (345源),movie379,https://345.lishuhang.com/movie379.m3u8,http_error,502,https://345.lishuhang.com/movie379.m3u8,text/plain; charset=utf-8,4692.8,72,none,0,0,False,[],[],,2026-08-15T07:25:46+00:00
轮播 (345源),movie428,https://345.lishuhang.com/movie428.m3u8,http_error,502,https://345.lishuhang.com/movie428.m3u8,text/plain; charset=utf-8,4299.9,72,none,0,0,False,[],[],,2026-08-15T07:25:47+00:00
轮播 (345源),movie442,https://345.lishuhang.com/movie442.m3u8,http_error,502,https://345.lishuhang.com/movie442.m3u8,text/plain; charset=utf-8,5163.9,72,none,0,0,False,[],[],,2026-08-15T07:25:47+00:00
轮播 (345源),movie443,https://345.lishuhang.com/movie443.m3u8,http_error,502,https://345.lishuhang.com/movie443.m3u8,text/plain; charset=utf-8,4810.1,72,none,0,0,False,[],[],,2026-08-15T07:25:48+00:00
轮播 (345源),movie444,https://345.lishuhang.com/movie444.m3u8,http_error,502,https://345.lishuhang.com/movie444.m3u8,text/plain; charset=utf-8,4326.7,72,none,0,0,False,[],[],,2026-08-15T07:25:49+00:00
轮播 (345源),movie445,https://345.lishuhang.com/movie445.m3u8,http_error,502,https://345.lishuhang.com/movie445.m3u8,text/plain; charset=utf-8,5189.4,72,none,0,0,False,[],[],,2026-08-15T07:25:51+00:00
轮播 (345源),movie377,https://345.lishuhang.com/movie377.m3u8,http_error,502,https://345.lishuhang.com/movie377.m3u8,text/plain; charset=utf-8,4490.1,72,none,0,0,False,[],[],,2026-08-15T07:25:51+00:00
轮播 (345源),movie429,https://345.lishuhang.com/movie429.m3u8,http_error,502,https://345.lishuhang.com/movie429.m3u8,text/plain; charset=utf-8,4599.8,72,none,0,0,False,[],[],,2026-08-15T07:25:51+00:00
轮播 (345源),movie430,https://345.lishuhang.com/movie430.m3u8,http_error,502,https://345.lishuhang.com/movie430.m3u8,text/plain; charset=utf-8,4525.4,72,none,0,0,False,[],[],,2026-08-15T07:25:52+00:00
轮播 (345源),movie378,https://345.lishuhang.com/movie378.m3u8,http_error,502,https://345.lishuhang.com/movie378.m3u8,text/plain; charset=utf-8,5007.1,72,none,0,0,False,[],[],,2026-08-15T07:25:53+00:00
轮播 (345源),movie431,https://345.lishuhang.com/movie431.m3u8,http_error,502,https://345.lishuhang.com/movie431.m3u8,text/plain; charset=utf-8,5321.1,72,none,0,0,False,[],[],,2026-08-15T07:25:54+00:00
轮播 (345源),movie432,https://345.lishuhang.com/movie432.m3u8,http_error,502,https://345.lishuhang.com/movie432.m3u8,text/plain; charset=utf-8,7398.0,72,none,0,0,False,[],[],,2026-08-15T07:25:56+00:00
轮播 (345源),movie433,https://345.lishuhang.com/movie433.m3u8,http_error,502,https://345.lishuhang.com/movie433.m3u8,text/plain; charset=utf-8,4475.6,72,none,0,0,False,[],[],,2026-08-15T07:25:56+00:00
轮播 (345源),movie327,https://345.lishuhang.com/movie327.m3u8,http_error,502,https://345.lishuhang.com/movie327.m3u8,text/plain; charset=utf-8,6133.0,72,none,0,0,False,[],[],,2026-08-15T07:25:56+00:00
轮播 (345源),movie240,https://345.lishuhang.com/movie240.m3u8,http_error,502,https://345.lishuhang.com/movie240.m3u8,text/plain; charset=utf-8,7743.0,72,none,0,0,False,[],[],,2026-08-15T07:25:57+00:00
轮播 (345源),movie315,https://345.lishuhang.com/movie315.m3u8,http_error,502,https://345.lishuhang.com/movie315.m3u8,text/plain; charset=utf-8,7572.2,72,none,0,0,False,[],[],,2026-08-15T07:25:58+00:00
轮播 (345源),movie307,https://345.lishuhang.com/movie307.m3u8,http_error,502,https://345.lishuhang.com/movie307.m3u8,text/plain; charset=utf-8,6855.6,72,none,0,0,False,[],[],,2026-08-15T07:25:59+00:00
轮播 (345源),itv309,https://345.lishuhang.com/itv309.m3u8,http_error,502,https://345.lishuhang.com/itv309.m3u8,text/plain; charset=utf-8,3505.3,72,none,0,0,False,[],[],,2026-08-15T07:26:00+00:00
轮播 (345源),movie426,https://345.lishuhang.com/movie426.m3u8,http_error,502,https://345.lishuhang.com/movie426.m3u8,text/plain; charset=utf-8,4970.7,72,none,0,0,False,[],[],,2026-08-15T07:26:02+00:00
轮播 (345源),movie93,https://345.lishuhang.com/movie93.m3u8,http_error,502,https://345.lishuhang.com/movie93.m3u8,text/plain; charset=utf-8,6023.6,72,none,0,0,False,[],[],,2026-08-15T07:26:03+00:00
轮播 (345源),movie198,https://345.lishuhang.com/movie198.m3u8,http_error,502,https://345.lishuhang.com/movie198.m3u8,text/plain; charset=utf-8,6620.5,72,none,0,0,False,[],[],,2026-08-15T07:26:04+00:00
轮播 (345源),movie228,https://345.lishuhang.com/movie228.m3u8,http_error,502,https://345.lishuhang.com/movie228.m3u8,text/plain; charset=utf-8,6179.9,72,none,0,0,False,[],[],,2026-08-15T07:26:05+00:00
轮播 (345源),movie544,https://345.lishuhang.com/movie544.m3u8,http_error,502,https://345.lishuhang.com/movie544.m3u8,text/plain; charset=utf-8,3959.9,102,none,0,0,False,[],[],,2026-08-15T07:26:05+00:00
轮播 (345源),movie244,https://345.lishuhang.com/movie244.m3u8,http_error,502,https://345.lishuhang.com/movie244.m3u8,text/plain; charset=utf-8,6101.3,72,none,0,0,False,[],[],,2026-08-15T07:26:06+00:00
轮播 (345源),movie394,https://345.lishuhang.com/movie394.m3u8,http_error,502,https://345.lishuhang.com/movie394.m3u8,text/plain; charset=utf-8,4790.4,72,none,0,0,False,[],[],,2026-08-15T07:26:07+00:00
轮播 (345源),movie446,https://345.lishuhang.com/movie446.m3u8,http_error,502,https://345.lishuhang.com/movie446.m3u8,text/plain; charset=utf-8,4754.6,72,none,0,0,False,[],[],,2026-08-15T07:26:09+00:00
轮播 (345源),movie447,https://345.lishuhang.com/movie447.m3u8,http_error,502,https://345.lishuhang.com/movie447.m3u8,text/plain; charset=utf-8,5015.8,72,none,0,0,False,[],[],,2026-08-15T07:26:09+00:00
轮播 (345源),movie380,https://345.lishuhang.com/movie380.m3u8,http_error,502,https://345.lishuhang.com/movie380.m3u8,text/plain; charset=utf-8,4864.5,72,none,0,0,False,[],[],,2026-08-15T07:26:11+00:00
轮播 (345源),movie24,https://345.lishuhang.com/movie24.m3u8,http_error,502,https://345.lishuhang.com/movie24.m3u8,text/plain; charset=utf-8,6303.5,72,none,0,0,False,[],[],,2026-08-15T07:26:11+00:00
轮播 (345源),movie489,https://345.lishuhang.com/movie489.m3u8,http_error,502,https://345.lishuhang.com/movie489.m3u8,text/plain; charset=utf-8,4079.5,102,none,0,0,False,[],[],,2026-08-15T07:26:12+00:00
轮播 (345源),movie126,https://345.lishuhang.com/movie126.m3u8,http_error,502,https://345.lishuhang.com/movie126.m3u8,text/plain; charset=utf-8,5881.2,72,none,0,0,False,[],[],,2026-08-15T07:26:12+00:00
轮播 (345源),movie81,https://345.lishuhang.com/movie81.m3u8,http_error,502,https://345.lishuhang.com/movie81.m3u8,text/plain; charset=utf-8,5958.9,72,none,0,0,False,[],[],,2026-08-15T07:26:14+00:00
轮播 (345源),movie293,https://345.lishuhang.com/movie293.m3u8,http_error,502,https://345.lishuhang.com/movie293.m3u8,text/plain; charset=utf-8,9275.8,72,none,0,0,False,[],[],,2026-08-15T07:26:14+00:00
轮播 (345源),movie509,https://345.lishuhang.com/movie509.m3u8,http_error,502,https://345.lishuhang.com/movie509.m3u8,text/plain; charset=utf-8,3038.8,102,none,0,0,False,[],[],,2026-08-15T07:26:15+00:00
轮播 (345源),movie211,https://345.lishuhang.com/movie211.m3u8,http_error,502,https://345.lishuhang.com/movie211.m3u8,text/plain; charset=utf-8,7682.7,72,none,0,0,False,[],[],,2026-08-15T07:26:16+00:00
轮播 (345源),movie39,https://345.lishuhang.com/movie39.m3u8,http_error,502,https://345.lishuhang.com/movie39.m3u8,text/plain; charset=utf-8,5729.8,72,none,0,0,False,[],[],,2026-08-15T07:26:17+00:00
轮播 (345源),movie23,https://345.lishuhang.com/movie23.m3u8,http_error,502,https://345.lishuhang.com/movie23.m3u8,text/plain; charset=utf-8,5879.8,72,none,0,0,False,[],[],,2026-08-15T07:26:18+00:00
轮播 (345源),movie68,https://345.lishuhang.com/movie68.m3u8,http_error,502,https://345.lishuhang.com/movie68.m3u8,text/plain; charset=utf-8,5910.1,72,none,0,0,False,[],[],,2026-08-15T07:26:19+00:00
轮播 (345源),movie216,https://345.lishuhang.com/movie216.m3u8,http_error,502,https://345.lishuhang.com/movie216.m3u8,text/plain; charset=utf-8,6109.0,72,none,0,0,False,[],[],,2026-08-15T07:26:20+00:00
轮播 (345源),movie110,https://345.lishuhang.com/movie110.m3u8,http_error,502,https://345.lishuhang.com/movie110.m3u8,text/plain; charset=utf-8,5631.4,72,none,0,0,False,[],[],,2026-08-15T07:26:23+00:00
轮播 (345源),movie496,https://345.lishuhang.com/movie496.m3u8,http_error,502,https://345.lishuhang.com/movie496.m3u8,text/plain; charset=utf-8,3344.5,102,none,0,0,False,[],[],,2026-08-15T07:26:24+00:00
轮播 (345源),movie183,https://345.lishuhang.com/movie183.m3u8,http_error,502,https://345.lishuhang.com/movie183.m3u8,text/plain; charset=utf-8,6576.1,72,none,0,0,False,[],[],,2026-08-15T07:26:24+00:00
轮播 (345源),movie176,https://345.lishuhang.com/movie176.m3u8,http_error,502,https://345.lishuhang.com/movie176.m3u8,text/plain; charset=utf-8,7156.6,72,none,0,0,False,[],[],,2026-08-15T07:26:24+00:00
轮播 (345源),itv308,https://345.lishuhang.com/itv308.m3u8,http_error,502,https://345.lishuhang.com/itv308.m3u8,text/plain; charset=utf-8,2965.8,72,none,0,0,False,[],[],,2026-08-15T07:26:24+00:00
轮播 (345源),movie481,https://345.lishuhang.com/movie481.m3u8,http_error,502,https://345.lishuhang.com/movie481.m3u8,text/plain; charset=utf-8,4864.6,72,none,0,0,False,[],[],,2026-08-15T07:26:26+00:00
轮播 (345源),movie464,https://345.lishuhang.com/movie464.m3u8,http_error,502,https://345.lishuhang.com/movie464.m3u8,text/plain; charset=utf-8,4708.8,72,none,0,0,False,[],[],,2026-08-15T07:26:27+00:00
轮播 (345源),movie465,https://345.lishuhang.com/movie465.m3u8,http_error,502,https://345.lishuhang.com/movie465.m3u8,text/plain; charset=utf-8,4799.5,72,none,0,0,False,[],[],,2026-08-15T07:26:27+00:00
轮播 (345源),movie466,https://345.lishuhang.com/movie466.m3u8,http_error,502,https://345.lishuhang.com/movie466.m3u8,text/plain; charset=utf-8,4676.6,72,none,0,0,False,[],[],,2026-08-15T07:26:29+00:00
轮播 (345源),movie466,https://345.lishuhang.com/movie467.m3u8,http_error,502,https://345.lishuhang.com/movie467.m3u8,text/plain; charset=utf-8,4224.0,72,none,0,0,False,[],[],,2026-08-15T07:26:30+00:00
轮播 (345源),movie82,https://345.lishuhang.com/movie82.m3u8,http_error,502,https://345.lishuhang.com/movie82.m3u8,text/plain; charset=utf-8,5336.8,72,none,0,0,False,[],[],,2026-08-15T07:26:31+00:00
轮播 (345源),movie333,https://345.lishuhang.com/movie333.m3u8,http_error,502,https://345.lishuhang.com/movie333.m3u8,text/plain; charset=utf-8,4586.6,72,none,0,0,False,[],[],,2026-08-15T07:26:31+00:00
轮播 (345源),movie365,https://345.lishuhang.com/movie365.m3u8,http_error,502,https://345.lishuhang.com/movie365.m3u8,text/plain; charset=utf-8,4259.0,72,none,0,0,False,[],[],,2026-08-15T07:26:32+00:00
轮播 (345源),movie364,https://345.lishuhang.com/movie364.m3u8,http_error,502,https://345.lishuhang.com/movie364.m3u8,text/plain; charset=utf-8,4560.9,72,none,0,0,False,[],[],,2026-08-15T07:26:32+00:00
轮播 (345源),movie366,https://345.lishuhang.com/movie366.m3u8,http_error,502,https://345.lishuhang.com/movie366.m3u8,text/plain; charset=utf-8,4866.3,72,none,0,0,False,[],[],,2026-08-15T07:26:33+00:00
轮播 (345源),movie363,https://345.lishuhang.com/movie363.m3u8,http_error,502,https://345.lishuhang.com/movie363.m3u8,text/plain; charset=utf-8,4448.5,72,none,0,0,False,[],[],,2026-08-15T07:26:35+00:00
轮播 (345源),movie311,https://345.lishuhang.com/movie311.m3u8,http_error,502,https://345.lishuhang.com/movie311.m3u8,text/plain; charset=utf-8,6826.3,72,none,0,0,False,[],[],,2026-08-15T07:26:36+00:00
轮播 (345源),movie486,https://345.lishuhang.com/movie486.m3u8,http_error,502,https://345.lishuhang.com/movie486.m3u8,text/plain; charset=utf-8,3297.6,102,none,0,0,False,[],[],,2026-08-15T07:26:36+00:00
轮播 (345源),movie541,https://345.lishuhang.com/movie541.m3u8,http_error,502,https://345.lishuhang.com/movie541.m3u8,text/plain; charset=utf-8,3163.4,102,none,0,0,False,[],[],,2026-08-15T07:26:36+00:00
轮播 (345源),movie455,https://345.lishuhang.com/movie455.m3u8,http_error,502,https://345.lishuhang.com/movie455.m3u8,text/plain; charset=utf-8,3783.3,72,none,0,0,False,[],[],,2026-08-15T07:26:37+00:00
轮播 (345源),movie455,https://345.lishuhang.com/movie456.m3u8,http_error,502,https://345.lishuhang.com/movie456.m3u8,text/plain; charset=utf-8,4626.4,72,none,0,0,False,[],[],,2026-08-15T07:26:38+00:00
轮播 (345源),movie459,https://345.lishuhang.com/movie459.m3u8,http_error,502,https://345.lishuhang.com/movie459.m3u8,text/plain; charset=utf-8,4816.1,72,none,0,0,False,[],[],,2026-08-15T07:26:39+00:00
轮播 (345源),movie459,https://345.lishuhang.com/movie546.m3u8,http_error,502,https://345.lishuhang.com/movie546.m3u8,text/plain; charset=utf-8,3185.9,102,none,0,0,False,[],[],,2026-08-15T07:26:39+00:00
轮播 (345源),movie460,https://345.lishuhang.com/movie460.m3u8,http_error,502,https://345.lishuhang.com/movie460.m3u8,text/plain; charset=utf-8,5887.4,72,none,0,0,False,[],[],,2026-08-15T07:26:39+00:00
轮播 (345源),movie457,https://345.lishuhang.com/movie457.m3u8,http_error,502,https://345.lishuhang.com/movie457.m3u8,text/plain; charset=utf-8,4699.8,72,none,0,0,False,[],[],,2026-08-15T07:26:41+00:00
轮播 (345源),movie497,https://345.lishuhang.com/movie497.m3u8,http_error,502,https://345.lishuhang.com/movie497.m3u8,text/plain; charset=utf-8,3580.2,102,none,0,0,False,[],[],,2026-08-15T07:26:42+00:00
轮播 (345源),movie368,https://345.lishuhang.com/movie368.m3u8,http_error,502,https://345.lishuhang.com/movie368.m3u8,text/plain; charset=utf-8,4057.1,72,none,0,0,False,[],[],,2026-08-15T07:26:43+00:00
轮播 (345源),movie358,https://345.lishuhang.com/movie358.m3u8,http_error,502,https://345.lishuhang.com/movie358.m3u8,text/plain; charset=utf-8,4817.7,72,none,0,0,False,[],[],,2026-08-15T07:26:43+00:00
轮播 (345源),movie525,https://345.lishuhang.com/movie525.m3u8,http_error,502,https://345.lishuhang.com/movie525.m3u8,text/plain; charset=utf-8,2969.2,102,none,0,0,False,[],[],,2026-08-15T07:26:44+00:00
轮播 (345源),movie542,https://345.lishuhang.com/movie542.m3u8,http_error,502,https://345.lishuhang.com/movie542.m3u8,text/plain; charset=utf-8,3452.1,102,none,0,0,False,[],[],,2026-08-15T07:26:45+00:00
轮播 (345源),movie414,https://345.lishuhang.com/movie414.m3u8,http_error,502,https://345.lishuhang.com/movie414.m3u8,text/plain; charset=utf-8,4988.3,72,none,0,0,False,[],[],,2026-08-15T07:26:45+00:00
轮播 (345源),movie550,https://345.lishuhang.com/movie550.m3u8,http_error,502,https://345.lishuhang.com/movie550.m3u8,text/plain; charset=utf-8,4765.0,102,none,0,0,False,[],[],,2026-08-15T07:26:46+00:00
轮播 (345源),movie43,https://345.lishuhang.com/movie43.m3u8,http_error,502,https://345.lishuhang.com/movie43.m3u8,text/plain; charset=utf-8,4651.1,72,none,0,0,False,[],[],,2026-08-15T07:26:47+00:00
轮播 (345源),movie520,https://345.lishuhang.com/movie520.m3u8,http_error,502,https://345.lishuhang.com/movie520.m3u8,text/plain; charset=utf-8,5064.2,102,none,0,0,False,[],[],,2026-08-15T07:26:47+00:00
轮播 (345源),movie134,https://345.lishuhang.com/movie134.m3u8,http_error,502,https://345.lishuhang.com/movie134.m3u8,text/plain; charset=utf-8,7014.3,72,none,0,0,False,[],[],,2026-08-15T07:26:48+00:00
轮播 (345源),movie212,https://345.lishuhang.com/movie212.m3u8,http_error,502,https://345.lishuhang.com/movie212.m3u8,text/plain; charset=utf-8,6674.7,72,none,0,0,False,[],[],,2026-08-15T07:26:49+00:00
轮播 (345源),movie338,https://345.lishuhang.com/movie338.m3u8,http_error,502,https://345.lishuhang.com/movie338.m3u8,text/plain; charset=utf-8,4549.0,72,none,0,0,False,[],[],,2026-08-15T07:26:50+00:00
轮播 (345源),movie235,https://345.lishuhang.com/movie235.m3u8,http_error,502,https://345.lishuhang.com/movie235.m3u8,text/plain; charset=utf-8,7089.0,72,none,0,0,False,[],[],,2026-08-15T07:26:51+00:00
轮播 (345源),movie50,https://345.lishuhang.com/movie50.m3u8,http_error,502,https://345.lishuhang.com/movie50.m3u8,text/plain; charset=utf-8,5895.5,72,none,0,0,False,[],[],,2026-08-15T07:26:51+00:00
轮播 (345源),movie200,https://345.lishuhang.com/movie200.m3u8,http_error,502,https://345.lishuhang.com/movie200.m3u8,text/plain; charset=utf-8,6139.9,72,none,0,0,False,[],[],,2026-08-15T07:26:52+00:00
轮播 (345源),movie205,https://345.lishuhang.com/movie205.m3u8,http_error,502,https://345.lishuhang.com/movie205.m3u8,text/plain; charset=utf-8,6117.4,72,none,0,0,False,[],[],,2026-08-15T07:26:55+00:00
轮播 (345源),movie537,https://345.lishuhang.com/movie537.m3u8,http_error,502,https://345.lishuhang.com/movie537.m3u8,text/plain; charset=utf-8,3235.3,102,none,0,0,False,[],[],,2026-08-15T07:26:55+00:00
轮播 (345源),movie122,https://345.lishuhang.com/movie122.m3u8,http_error,502,https://345.lishuhang.com/movie122.m3u8,text/plain; charset=utf-8,4593.2,72,none,0,0,False,[],[],,2026-08-15T07:26:55+00:00
轮播 (345源),movie188,https://345.lishuhang.com/movie188.m3u8,http_error,502,https://345.lishuhang.com/movie188.m3u8,text/plain; charset=utf-8,7260.5,72,none,0,0,False,[],[],,2026-08-15T07:26:57+00:00
轮播 (345源),movie301,https://345.lishuhang.com/movie301.m3u8,http_error,502,https://345.lishuhang.com/movie301.m3u8,text/plain; charset=utf-8,6921.9,72,none,0,0,False,[],[],,2026-08-15T07:26:58+00:00
轮播 (345源),movie463,https://345.lishuhang.com/movie463.m3u8,http_error,502,https://345.lishuhang.com/movie463.m3u8,text/plain; charset=utf-8,5513.0,72,none,0,0,False,[],[],,2026-08-15T07:26:58+00:00
轮播 (345源),movie133,https://345.lishuhang.com/movie133.m3u8,http_error,502,https://345.lishuhang.com/movie133.m3u8,text/plain; charset=utf-8,6751.9,72,none,0,0,False,[],[],,2026-08-15T07:26:58+00:00
轮播 (345源),movie539,https://345.lishuhang.com/movie539.m3u8,http_error,502,https://345.lishuhang.com/movie539.m3u8,text/plain; charset=utf-8,3401.6,102,none,0,0,False,[],[],,2026-08-15T07:27:00+00:00
轮播 (345源),movie247,https://345.lishuhang.com/movie247.m3u8,http_error,502,https://345.lishuhang.com/movie247.m3u8,text/plain; charset=utf-8,8185.4,72,none,0,0,False,[],[],,2026-08-15T07:27:01+00:00
轮播 (345源),movie248,https://345.lishuhang.com/movie248.m3u8,http_error,502,https://345.lishuhang.com/movie248.m3u8,text/plain; charset=utf-8,5462.0,72,none,0,0,False,[],[],,2026-08-15T07:27:03+00:00
轮播 (345源),movie106,https://345.lishuhang.com/movie106.m3u8,http_error,502,https://345.lishuhang.com/movie106.m3u8,text/plain; charset=utf-8,7282.5,72,none,0,0,False,[],[],,2026-08-15T07:27:04+00:00
轮播 (345源),movie73,https://345.lishuhang.com/movie73.m3u8,http_error,502,https://345.lishuhang.com/movie73.m3u8,text/plain; charset=utf-8,4443.7,72,none,0,0,False,[],[],,2026-08-15T07:27:04+00:00
轮播 (345源),movie484,https://345.lishuhang.com/movie484.m3u8,http_error,502,https://345.lishuhang.com/movie484.m3u8,text/plain; charset=utf-8,3666.8,72,none,0,0,False,[],[],,2026-08-15T07:27:05+00:00
轮播 (345源),movie59,https://345.lishuhang.com/movie59.m3u8,http_error,502,https://345.lishuhang.com/movie59.m3u8,text/plain; charset=utf-8,4550.7,72,none,0,0,False,[],[],,2026-08-15T07:27:05+00:00
轮播 (345源),movie549,https://345.lishuhang.com/movie549.m3u8,http_error,502,https://345.lishuhang.com/movie549.m3u8,text/plain; charset=utf-8,3061.7,102,none,0,0,False,[],[],,2026-08-15T07:27:08+00:00
轮播 (345源),movie97,https://345.lishuhang.com/movie97.m3u8,http_error,502,https://345.lishuhang.com/movie97.m3u8,text/plain; charset=utf-8,7892.5,72,none,0,0,False,[],[],,2026-08-15T07:27:09+00:00
轮播 (345源),movie170,https://345.lishuhang.com/movie170.m3u8,http_error,502,https://345.lishuhang.com/movie170.m3u8,text/plain; charset=utf-8,4785.6,72,none,0,0,False,[],[],,2026-08-15T07:27:09+00:00
轮播 (345源),movie420,https://345.lishuhang.com/movie420.m3u8,http_error,502,https://345.lishuhang.com/movie420.m3u8,text/plain; charset=utf-8,3658.1,72,none,0,0,False,[],[],,2026-08-15T07:27:09+00:00
轮播 (345源),movie288,https://345.lishuhang.com/movie288.m3u8,http_error,502,https://345.lishuhang.com/movie288.m3u8,text/plain; charset=utf-8,7906.3,72,none,0,0,False,[],[],,2026-08-15T07:27:09+00:00
轮播 (345源),movie79,https://345.lishuhang.com/movie79.m3u8,http_error,502,https://345.lishuhang.com/movie79.m3u8,text/plain; charset=utf-8,6652.1,72,none,0,0,False,[],[],,2026-08-15T07:27:11+00:00
轮播 (345源),movie45,https://345.lishuhang.com/movie45.m3u8,http_error,502,https://345.lishuhang.com/movie45.m3u8,text/plain; charset=utf-8,5839.7,72,none,0,0,False,[],[],,2026-08-15T07:27:12+00:00
轮播 (345源),movie258,https://345.lishuhang.com/movie258.m3u8,http_error,502,https://345.lishuhang.com/movie258.m3u8,text/plain; charset=utf-8,5976.4,72,none,0,0,False,[],[],,2026-08-15T07:27:13+00:00
轮播 (345源),movie258,https://345.lishuhang.com/movie270.m3u8,http_error,502,https://345.lishuhang.com/movie270.m3u8,text/plain; charset=utf-8,6598.1,72,none,0,0,False,[],[],,2026-08-15T07:27:14+00:00
轮播 (345源),movie34,https://345.lishuhang.com/movie34.m3u8,http_error,502,https://345.lishuhang.com/movie34.m3u8,text/plain; charset=utf-8,6766.5,72,none,0,0,False,[],[],,2026-08-15T07:27:17+00:00
轮播 (345源),movie300,https://345.lishuhang.com/movie300.m3u8,http_error,502,https://345.lishuhang.com/movie300.m3u8,text/plain; charset=utf-8,4041.3,72,none,0,0,False,[],[],,2026-08-15T07:27:17+00:00
轮播 (345源),movie271,https://345.lishuhang.com/movie271.m3u8,http_error,502,https://345.lishuhang.com/movie271.m3u8,text/plain; charset=utf-8,4395.0,72,none,0,0,False,[],[],,2026-08-15T07:27:17+00:00
轮播 (345源),movie309,https://345.lishuhang.com/movie309.m3u8,http_error,502,https://345.lishuhang.com/movie309.m3u8,text/plain; charset=utf-8,5982.4,72,none,0,0,False,[],[],,2026-08-15T07:27:17+00:00
轮播 (345源),movie226,https://345.lishuhang.com/movie226.m3u8,http_error,502,https://345.lishuhang.com/movie226.m3u8,text/plain; charset=utf-8,4405.0,72,none,0,0,False,[],[],,2026-08-15T07:27:19+00:00
轮播 (345源),movie290,https://345.lishuhang.com/movie290.m3u8,http_error,502,https://345.lishuhang.com/movie290.m3u8,text/plain; charset=utf-8,7956.7,72,none,0,0,False,[],[],,2026-08-15T07:27:20+00:00
轮播 (345源),movie3,https://345.lishuhang.com/movie3.m3u8,http_error,502,https://345.lishuhang.com/movie3.m3u8,text/plain; charset=utf-8,4802.4,72,none,0,0,False,[],[],,2026-08-15T07:27:21+00:00
轮播 (345源),movie409,https://345.lishuhang.com/movie409.m3u8,http_error,502,https://345.lishuhang.com/movie409.m3u8,text/plain; charset=utf-8,4362.6,72,none,0,0,False,[],[],,2026-08-15T07:27:22+00:00
轮播 (345源),movie469,https://345.lishuhang.com/movie469.m3u8,http_error,502,https://345.lishuhang.com/movie469.m3u8,text/plain; charset=utf-8,5500.2,72,none,0,0,False,[],[],,2026-08-15T07:27:23+00:00
轮播 (345源),movie42,https://345.lishuhang.com/movie42.m3u8,http_error,502,https://345.lishuhang.com/movie42.m3u8,text/plain; charset=utf-8,6713.3,72,none,0,0,False,[],[],,2026-08-15T07:27:23+00:00
轮播 (345源),movie322,https://345.lishuhang.com/movie322.m3u8,http_error,502,https://345.lishuhang.com/movie322.m3u8,text/plain; charset=utf-8,4255.3,72,none,0,0,False,[],[],,2026-08-15T07:27:23+00:00
轮播 (345源),movie234,https://345.lishuhang.com/movie234.m3u8,http_error,502,https://345.lishuhang.com/movie234.m3u8,text/plain; charset=utf-8,5042.4,72,none,0,0,False,[],[],,2026-08-15T07:27:26+00:00
轮播 (345源),movie236,https://345.lishuhang.com/movie236.m3u8,http_error,502,https://345.lishuhang.com/movie236.m3u8,text/plain; charset=utf-8,4956.7,72,none,0,0,False,[],[],,2026-08-15T07:27:26+00:00
轮播 (345源),movie27,https://345.lishuhang.com/movie27.m3u8,http_error,502,https://345.lishuhang.com/movie27.m3u8,text/plain; charset=utf-8,4648.1,72,none,0,0,False,[],[],,2026-08-15T07:27:28+00:00
轮播 (345源),movie217,https://345.lishuhang.com/movie217.m3u8,http_error,502,https://345.lishuhang.com/movie217.m3u8,text/plain; charset=utf-8,4732.3,72,none,0,0,False,[],[],,2026-08-15T07:27:28+00:00
轮播 (345源),movie75,https://345.lishuhang.com/movie75.m3u8,http_error,502,https://345.lishuhang.com/movie75.m3u8,text/plain; charset=utf-8,4796.4,72,none,0,0,False,[],[],,2026-08-15T07:27:28+00:00
轮播 (345源),itv272,https://345.lishuhang.com/itv272.m3u8,http_error,502,https://345.lishuhang.com/itv272.m3u8,text/plain; charset=utf-8,3098.4,72,none,0,0,False,[],[],,2026-08-15T07:27:30+00:00
轮播 (345源),movie534,https://345.lishuhang.com/movie534.m3u8,http_error,502,https://345.lishuhang.com/movie534.m3u8,text/plain; charset=utf-8,3354.7,102,none,0,0,False,[],[],,2026-08-15T07:27:31+00:00
轮播 (345源),movie369,https://345.lishuhang.com/movie369.m3u8,http_error,502,https://345.lishuhang.com/movie369.m3u8,text/plain; charset=utf-8,7130.2,72,none,0,0,False,[],[],,2026-08-15T07:27:31+00:00
轮播 (345源),movie401,https://345.lishuhang.com/movie401.m3u8,http_error,502,https://345.lishuhang.com/movie401.m3u8,text/plain; charset=utf-8,4429.1,72,none,0,0,False,[],[],,2026-08-15T07:27:32+00:00
轮播 (345源),movie480,https://345.lishuhang.com/movie480.m3u8,http_error,502,https://345.lishuhang.com/movie480.m3u8,text/plain; charset=utf-8,4128.0,72,none,0,0,False,[],[],,2026-08-15T07:27:33+00:00
轮播 (345源),movie346,https://345.lishuhang.com/movie346.m3u8,http_error,502,https://345.lishuhang.com/movie346.m3u8,text/plain; charset=utf-8,5293.2,72,none,0,0,False,[],[],,2026-08-15T07:27:33+00:00
轮播 (345源),movie227,https://345.lishuhang.com/movie227.m3u8,http_error,502,https://345.lishuhang.com/movie227.m3u8,text/plain; charset=utf-8,5392.4,72,none,0,0,False,[],[],,2026-08-15T07:27:33+00:00
轮播 (345源),movie22,https://345.lishuhang.com/movie22.m3u8,request_exception,,,,,0,none,0,0,False,[],[],"HTTPSConnectionPool(host='345.lishuhang.com', port=443): Read timed out. (read timeout=5.0)",2026-08-15T07:27:34+00:00
轮播 (345源),movie289,https://345.lishuhang.com/movie289.m3u8,http_error,502,https://345.lishuhang.com/movie289.m3u8,text/plain; charset=utf-8,4094.8,72,none,0,0,False,[],[],,2026-08-15T07:27:37+00:00
轮播 (345源),movie404,https://345.lishuhang.com/movie404.m3u8,http_error,502,https://345.lishuhang.com/movie404.m3u8,text/plain; charset=utf-8,5574.4,72,none,0,0,False,[],[],,2026-08-15T07:27:37+00:00
轮播 (345源),movie376,https://345.lishuhang.com/movie376.m3u8,http_error,502,https://345.lishuhang.com/movie376.m3u8,text/plain; charset=utf-8,3880.6,72,none,0,0,False,[],[],,2026-08-15T07:27:38+00:00
轮播 (345源),movie123,https://345.lishuhang.com/movie123.m3u8,http_error,502,https://345.lishuhang.com/movie123.m3u8,text/plain; charset=utf-8,7465.4,72,none,0,0,False,[],[],,2026-08-15T07:27:39+00:00
轮播 (345源),movie138,https://345.lishuhang.com/movie138.m3u8,http_error,502,https://345.lishuhang.com/movie138.m3u8,text/plain; charset=utf-8,12495.2,72,none,0,0,False,[],[],,2026-08-15T07:27:39+00:00
轮播 (345源),movie328,https://345.lishuhang.com/movie328.m3u8,http_error,502,https://345.lishuhang.com/movie328.m3u8,text/plain; charset=utf-8,5936.3,72,none,0,0,False,[],[],,2026-08-15T07:27:40+00:00
轮播 (345源),movie163,https://345.lishuhang.com/movie163.m3u8,http_error,502,https://345.lishuhang.com/movie163.m3u8,text/plain; charset=utf-8,6770.5,72,none,0,0,False,[],[],,2026-08-15T07:27:41+00:00
轮播 (345源),movie178,https://345.lishuhang.com/movie178.m3u8,http_error,502,https://345.lishuhang.com/movie178.m3u8,text/plain; charset=utf-8,4865.6,72,none,0,0,False,[],[],,2026-08-15T07:27:42+00:00
轮播 (345源),movie422,https://345.lishuhang.com/movie422.m3u8,http_error,502,https://345.lishuhang.com/movie422.m3u8,text/plain; charset=utf-8,3681.1,72,none,0,0,False,[],[],,2026-08-15T07:27:43+00:00
轮播 (345源),movie423,https://345.lishuhang.com/movie423.m3u8,http_error,502,https://345.lishuhang.com/movie423.m3u8,text/plain; charset=utf-8,14535.2,72,none,0,0,False,[],[],,2026-08-15T07:27:45+00:00
轮播 (345源),movie215,https://345.lishuhang.com/movie215.m3u8,http_error,502,https://345.lishuhang.com/movie215.m3u8,text/plain; charset=utf-8,4943.2,72,none,0,0,False,[],[],,2026-08-15T07:27:46+00:00
轮播 (345源),movie352,https://345.lishuhang.com/movie352.m3u8,http_error,502,https://345.lishuhang.com/movie352.m3u8,text/plain; charset=utf-8,3708.4,72,none,0,0,False,[],[],,2026-08-15T07:27:46+00:00
轮播 (345源),movie354,https://345.lishuhang.com/movie354.m3u8,http_error,502,https://345.lishuhang.com/movie354.m3u8,text/plain; charset=utf-8,3700.5,72,none,0,0,False,[],[],,2026-08-15T07:27:47+00:00
轮播 (345源),movie314,https://345.lishuhang.com/movie314.m3u8,http_error,502,https://345.lishuhang.com/movie314.m3u8,text/plain; charset=utf-8,7530.3,72,none,0,0,False,[],[],,2026-08-15T07:27:48+00:00
轮播 (345源),movie345,https://345.lishuhang.com/movie345.m3u8,http_error,502,https://345.lishuhang.com/movie345.m3u8,text/plain; charset=utf-8,3921.4,72,none,0,0,False,[],[],,2026-08-15T07:27:50+00:00
轮播 (345源),itv206,https://345.lishuhang.com/itv206.m3u8,http_error,502,https://345.lishuhang.com/itv206.m3u8,text/plain; charset=utf-8,3305.2,72,none,0,0,False,[],[],,2026-08-15T07:27:51+00:00
轮播 (345源),movie204,https://345.lishuhang.com/movie204.m3u8,http_error,502,https://345.lishuhang.com/movie204.m3u8,text/plain; charset=utf-8,6678.7,72,none,0,0,False,[],[],,2026-08-15T07:27:51+00:00
轮播 (345源),movie57,https://345.lishuhang.com/movie57.m3u8,http_error,502,https://345.lishuhang.com/movie57.m3u8,text/plain; charset=utf-8,6352.0,72,none,0,0,False,[],[],,2026-08-15T07:27:51+00:00
轮播 (345源),movie362,https://345.lishuhang.com/movie362.m3u8,http_error,502,https://345.lishuhang.com/movie362.m3u8,text/plain; charset=utf-8,4741.8,72,none,0,0,False,[],[],,2026-08-15T07:27:54+00:00
轮播 (345源),movie361,https://345.lishuhang.com/movie361.m3u8,http_error,502,https://345.lishuhang.com/movie361.m3u8,text/plain; charset=utf-8,7028.4,72,none,0,0,False,[],[],,2026-08-15T07:27:54+00:00
轮播 (345源),movie360,https://345.lishuhang.com/movie360.m3u8,http_error,502,https://345.lishuhang.com/movie360.m3u8,text/plain; charset=utf-8,6612.3,72,none,0,0,False,[],[],,2026-08-15T07:27:55+00:00
轮播 (345源),movie136,https://345.lishuhang.com/movie136.m3u8,http_error,502,https://345.lishuhang.com/movie136.m3u8,text/plain; charset=utf-8,4472.0,72,none,0,0,False,[],[],,2026-08-15T07:27:58+00:00
轮播 (345源),movie357,https://345.lishuhang.com/movie357.m3u8,http_error,502,https://345.lishuhang.com/movie357.m3u8,text/plain; charset=utf-8,4006.9,72,none,0,0,False,[],[],,2026-08-15T07:27:58+00:00
轮播 (345源),movie19,https://345.lishuhang.com/movie19.m3u8,request_exception,,,,,0,none,0,0,False,[],[],"HTTPSConnectionPool(host='345.lishuhang.com', port=443): Read timed out. (read timeout=5.0)",2026-08-15T07:27:59+00:00
轮播 (345源),movie125,https://345.lishuhang.com/movie125.m3u8,http_error,502,https://345.lishuhang.com/movie125.m3u8,text/plain; charset=utf-8,6374.2,72,none,0,0,False,[],[],,2026-08-15T07:28:00+00:00
轮播 (345源),movie524,https://345.lishuhang.com/movie524.m3u8,http_error,502,https://345.lishuhang.com/movie524.m3u8,text/plain; charset=utf-8,3426.9,102,none,0,0,False,[],[],,2026-08-15T07:28:01+00:00
轮播 (345源),movie416,https://345.lishuhang.com/movie416.m3u8,http_error,502,https://345.lishuhang.com/movie416.m3u8,text/plain; charset=utf-8,3952.8,72,none,0,0,False,[],[],,2026-08-15T07:28:02+00:00
轮播 (345源),movie31,https://345.lishuhang.com/movie31.m3u8,http_error,502,https://345.lishuhang.com/movie31.m3u8,text/plain; charset=utf-8,5083.7,72,none,0,0,False,[],[],,2026-08-15T07:28:02+00:00
轮播 (345源),movie100,https://345.lishuhang.com/movie100.m3u8,http_error,502,https://345.lishuhang.com/movie100.m3u8,text/plain; charset=utf-8,6814.2,72,none,0,0,False,[],[],,2026-08-15T07:28:02+00:00
轮播 (345源),movie249,https://345.lishuhang.com/movie249.m3u8,http_error,502,https://345.lishuhang.com/movie249.m3u8,text/plain; charset=utf-8,8447.3,72,none,0,0,False,[],[],,2026-08-15T07:28:04+00:00
轮播 (345源),movie278,https://345.lishuhang.com/movie278.m3u8,http_error,502,https://345.lishuhang.com/movie278.m3u8,text/plain; charset=utf-8,7015.0,72,none,0,0,False,[],[],,2026-08-15T07:28:05+00:00
轮播 (345源),movie111,https://345.lishuhang.com/movie111.m3u8,http_error,502,https://345.lishuhang.com/movie111.m3u8,text/plain; charset=utf-8,4057.5,72,none,0,0,False,[],[],,2026-08-15T07:28:06+00:00
轮播 (345源),movie295,https://345.lishuhang.com/movie295.m3u8,http_error,502,https://345.lishuhang.com/movie295.m3u8,text/plain; charset=utf-8,4860.1,72,none,0,0,False,[],[],,2026-08-15T07:28:06+00:00
轮播 (345源),movie308,https://345.lishuhang.com/movie308.m3u8,http_error,502,https://345.lishuhang.com/movie308.m3u8,text/plain; charset=utf-8,4663.1,72,none,0,0,False,[],[],,2026-08-15T07:28:07+00:00
轮播 (345源),movie324,https://345.lishuhang.com/movie324.m3u8,http_error,502,https://345.lishuhang.com/movie324.m3u8,text/plain; charset=utf-8,4594.2,72,none,0,0,False,[],[],,2026-08-15T07:28:09+00:00
轮播 (345源),movie1,https://345.lishuhang.com/movie1.m3u8,http_error,502,https://345.lishuhang.com/movie1.m3u8,text/plain; charset=utf-8,10414.6,72,none,0,0,False,[],[],,2026-08-15T07:28:10+00:00
轮播 (345源),movie1,https://345.lishuhang.com/movie30.m3u8,http_error,502,https://345.lishuhang.com/movie30.m3u8,text/plain; charset=utf-8,4840.9,72,none,0,0,False,[],[],,2026-08-15T07:28:11+00:00
轮播 (345源),movie521,https://345.lishuhang.com/movie521.m3u8,http_error,502,https://345.lishuhang.com/movie521.m3u8,text/plain; charset=utf-8,3379.9,102,none,0,0,False,[],[],,2026-08-15T07:28:12+00:00
轮播 (345源),movie117,https://345.lishuhang.com/movie117.m3u8,http_error,502,https://345.lishuhang.com/movie117.m3u8,text/plain; charset=utf-8,4647.2,72,none,0,0,False,[],[],,2026-08-15T07:28:12+00:00
轮播 (345源),movie321,https://345.lishuhang.com/movie321.m3u8,http_error,502,https://345.lishuhang.com/movie321.m3u8,text/plain; charset=utf-8,4160.7,72,none,0,0,False,[],[],,2026-08-15T07:28:12+00:00
轮播 (345源),movie233,https://345.lishuhang.com/movie233.m3u8,http_error,502,https://345.lishuhang.com/movie233.m3u8,text/plain; charset=utf-8,5118.2,72,none,0,0,False,[],[],,2026-08-15T07:28:13+00:00
轮播 (345源),movie168,https://345.lishuhang.com/movie168.m3u8,http_error,502,https://345.lishuhang.com/movie168.m3u8,text/plain; charset=utf-8,4473.5,72,none,0,0,False,[],[],,2026-08-15T07:28:15+00:00
轮播 (345源),movie190,https://345.lishuhang.com/movie190.m3u8,http_error,502,https://345.lishuhang.com/movie190.m3u8,text/plain; charset=utf-8,4866.7,72,none,0,0,False,[],[],,2026-08-15T07:28:16+00:00
轮播 (345源),movie483,https://345.lishuhang.com/movie483.m3u8,http_error,502,https://345.lishuhang.com/movie483.m3u8,text/plain; charset=utf-8,4146.6,72,none,0,0,False,[],[],,2026-08-15T07:28:16+00:00
轮播 (345源),movie396,https://345.lishuhang.com/movie396.m3u8,http_error,502,https://345.lishuhang.com/movie396.m3u8,text/plain; charset=utf-8,3999.8,72,none,0,0,False,[],[],,2026-08-15T07:28:16+00:00
轮播 (345源),movie318,https://345.lishuhang.com/movie318.m3u8,http_error,502,https://345.lishuhang.com/movie318.m3u8,text/plain; charset=utf-8,5160.6,72,none,0,0,False,[],[],,2026-08-15T07:28:19+00:00
轮播 (345源),movie94,https://345.lishuhang.com/movie94.m3u8,http_error,502,https://345.lishuhang.com/movie94.m3u8,text/plain; charset=utf-8,10707.9,72,none,0,0,False,[],[],,2026-08-15T07:28:19+00:00
轮播 (345源),movie56,https://345.lishuhang.com/movie56.m3u8,http_error,502,https://345.lishuhang.com/movie56.m3u8,text/plain; charset=utf-8,5641.1,72,none,0,0,False,[],[],,2026-08-15T07:28:20+00:00
轮播 (345源),movie26,https://345.lishuhang.com/movie26.m3u8,http_error,502,https://345.lishuhang.com/movie26.m3u8,text/plain; charset=utf-8,4510.6,72,none,0,0,False,[],[],,2026-08-15T07:28:20+00:00
轮播 (345源),movie257,https://345.lishuhang.com/movie257.m3u8,http_error,502,https://345.lishuhang.com/movie257.m3u8,text/plain; charset=utf-8,8080.4,72,none,0,0,False,[],[],,2026-08-15T07:28:20+00:00
轮播 (345源),movie76,https://345.lishuhang.com/movie76.m3u8,http_error,502,https://345.lishuhang.com/movie76.m3u8,text/plain; charset=utf-8,7587.1,72,none,0,0,False,[],[],,2026-08-15T07:28:21+00:00
轮播 (345源),movie540,https://345.lishuhang.com/movie540.m3u8,http_error,502,https://345.lishuhang.com/movie540.m3u8,text/plain; charset=utf-8,3408.1,102,none,0,0,False,[],[],,2026-08-15T07:28:24+00:00
轮播 (345源),movie298,https://345.lishuhang.com/movie298.m3u8,http_error,502,https://345.lishuhang.com/movie298.m3u8,text/plain; charset=utf-8,4987.2,72,none,0,0,False,[],[],,2026-08-15T07:28:25+00:00
轮播 (345源),movie266,https://345.lishuhang.com/movie266.m3u8,http_error,502,https://345.lishuhang.com/movie266.m3u8,text/plain; charset=utf-8,4649.4,72,none,0,0,False,[],[],,2026-08-15T07:28:26+00:00
轮播 (345源),movie49,https://345.lishuhang.com/movie49.m3u8,http_error,502,https://345.lishuhang.com/movie49.m3u8,text/plain; charset=utf-8,5870.8,72,none,0,0,False,[],[],,2026-08-15T07:28:27+00:00
轮播 (345源),movie335,https://345.lishuhang.com/movie335.m3u8,http_error,502,https://345.lishuhang.com/movie335.m3u8,text/plain; charset=utf-8,3649.2,72,none,0,0,False,[],[],,2026-08-15T07:28:28+00:00
轮播 (345源),movie482,https://345.lishuhang.com/movie482.m3u8,http_error,502,https://345.lishuhang.com/movie482.m3u8,text/plain; charset=utf-8,3838.7,72,none,0,0,False,[],[],,2026-08-15T07:28:29+00:00
轮播 (345源),fjitv109,https://345.lishuhang.com/fjitv109.m3u8,http_error,502,https://345.lishuhang.com/fjitv109.m3u8,text/plain; charset=utf-8,3520.4,72,none,0,0,False,[],[],,2026-08-15T07:28:30+00:00
轮播 (345源),fjitv109,https://345.lishuhang.com/fjitv182.m3u8,http_error,502,https://345.lishuhang.com/fjitv182.m3u8,text/plain; charset=utf-8,3587.8,72,none,0,0,False,[],[],,2026-08-15T07:28:30+00:00
轮播 (345源),fjitv109,https://345.lishuhang.com/hlitv93.m3u8,request_exception,,,,,0,none,0,0,False,[],[],"HTTPSConnectionPool(host='345.lishuhang.com', port=443): Read timed out. (read timeout=12.0)",2026-08-15T07:28:30+00:00
轮播 (345源),movie498,https://345.lishuhang.com/movie498.m3u8,http_error,502,https://345.lishuhang.com/movie498.m3u8,text/plain; charset=utf-8,2925.9,102,none,0,0,False,[],[],,2026-08-15T07:28:32+00:00
轮播 (345源),movie128,https://345.lishuhang.com/movie128.m3u8,http_error,502,https://345.lishuhang.com/movie128.m3u8,text/plain; charset=utf-8,6169.5,72,none,0,0,False,[],[],,2026-08-15T07:28:32+00:00
轮播 (345源),movie319,https://345.lishuhang.com/movie319.m3u8,http_error,502,https://345.lishuhang.com/movie319.m3u8,text/plain; charset=utf-8,6993.8,72,none,0,0,False,[],[],,2026-08-15T07:28:33+00:00
轮播 (345源),movie230,https://345.lishuhang.com/movie230.m3u8,http_error,502,https://345.lishuhang.com/movie230.m3u8,text/plain; charset=utf-8,5525.3,72,none,0,0,False,[],[],,2026-08-15T07:28:33+00:00
轮播 (345源),movie505,https://345.lishuhang.com/movie505.m3u8,http_error,502,https://345.lishuhang.com/movie505.m3u8,text/plain; charset=utf-8,2941.7,102,none,0,0,False,[],[],,2026-08-15T07:28:34+00:00
轮播 (345源),movie177,https://345.lishuhang.com/movie177.m3u8,http_error,502,https://345.lishuhang.com/movie177.m3u8,text/plain; charset=utf-8,6595.0,72,none,0,0,False,[],[],,2026-08-15T07:28:35+00:00
轮播 (345源),migu94,https://345.lishuhang.com/migu94.m3u8,http_error,502,https://345.lishuhang.com/migu94.m3u8,text/plain; charset=utf-8,3252.4,102,none,0,0,False,[],[],,2026-08-15T07:28:37+00:00
轮播 (345源),migu94,https://345.lishuhang.com/ty22.m3u8,http_error,502,https://345.lishuhang.com/ty22.m3u8,text/plain; charset=utf-8,3178.2,72,none,0,0,False,[],[],,2026-08-15T07:28:39+00:00
轮播 (345源),movie415,https://345.lishuhang.com/movie415.m3u8,http_error,502,https://345.lishuhang.com/movie415.m3u8,text/plain; charset=utf-8,4605.1,72,none,0,0,False,[],[],,2026-08-15T07:28:39+00:00
轮播 (345源),movie37,https://345.lishuhang.com/movie37.m3u8,http_error,502,https://345.lishuhang.com/movie37.m3u8,text/plain; charset=utf-8,4683.1,72,none,0,0,False,[],[],,2026-08-15T07:28:40+00:00
轮播 (345源),movie182,https://345.lishuhang.com/movie182.m3u8,http_error,502,https://345.lishuhang.com/movie182.m3u8,text/plain; charset=utf-8,7740.0,72,none,0,0,False,[],[],,2026-08-15T07:28:40+00:00
轮播 (345源),movie44,https://345.lishuhang.com/movie44.m3u8,http_error,502,https://345.lishuhang.com/movie44.m3u8,text/plain; charset=utf-8,4910.4,72,none,0,0,False,[],[],,2026-08-15T07:28:42+00:00
轮播 (345源),movie185,https://345.lishuhang.com/movie185.m3u8,http_error,502,https://345.lishuhang.com/movie185.m3u8,text/plain; charset=utf-8,4544.7,72,none,0,0,False,[],[],,2026-08-15T07:28:42+00:00
轮播 (345源),movie132,https://345.lishuhang.com/movie132.m3u8,http_error,502,https://345.lishuhang.com/movie132.m3u8,text/plain; charset=utf-8,7240.6,72,none,0,0,False,[],[],,2026-08-15T07:28:44+00:00
轮播 (345源),movie351,https://345.lishuhang.com/movie351.m3u8,http_error,502,https://345.lishuhang.com/movie351.m3u8,text/plain; charset=utf-8,3741.3,72,none,0,0,False,[],[],,2026-08-15T07:28:44+00:00
轮播 (345源),movie12,https://345.lishuhang.com/movie12.m3u8,http_error,502,https://345.lishuhang.com/movie12.m3u8,text/plain; charset=utf-8,3538.2,72,none,0,0,False,[],[],,2026-08-15T07:28:45+00:00
轮播 (345源),movie297,https://345.lishuhang.com/movie297.m3u8,http_error,502,https://345.lishuhang.com/movie297.m3u8,text/plain; charset=utf-8,4765.2,72,none,0,0,False,[],[],,2026-08-15T07:28:46+00:00
轮播 (345源),movie331,https://345.lishuhang.com/movie331.m3u8,http_error,502,https://345.lishuhang.com/movie331.m3u8,text/plain; charset=utf-8,3817.1,72,none,0,0,False,[],[],,2026-08-15T07:28:47+00:00
轮播 (345源),movie21,https://345.lishuhang.com/movie21.m3u8,http_error,502,https://345.lishuhang.com/movie21.m3u8,text/plain; charset=utf-8,6542.3,72,none,0,0,False,[],[],,2026-08-15T07:28:48+00:00
轮播 (345源),movie502,https://345.lishuhang.com/movie502.m3u8,http_error,502,https://345.lishuhang.com/movie502.m3u8,text/plain; charset=utf-8,2813.8,102,none,0,0,False,[],[],,2026-08-15T07:28:48+00:00
轮播 (345源),movie326,https://345.lishuhang.com/movie326.m3u8,http_error,502,https://345.lishuhang.com/movie326.m3u8,text/plain; charset=utf-8,4735.9,72,none,0,0,False,[],[],,2026-08-15T07:28:48+00:00
