2026-09-21 12:58:15 [INFO] ============================================================
2026-09-21 12:58:15 [INFO] keepitrun v1.24 启动
2026-09-21 12:58:15 [INFO] 脚本目录: C:\Users\james\Dropbox\WORKS\SOFT\AI-Python\keepitrun
2026-09-21 12:58:15 [INFO] 日志目录: C:\Users\james\Dropbox\WORKS\SOFT\AI-Python\keepitrun\logs
2026-09-21 12:58:15 [INFO] 临时目录: C:\Users\james\Dropbox\WORKS\SOFT\AI-Python\keepitrun\tmp
2026-09-21 12:58:15 [INFO] 归档目录: C:\Users\james\Dropbox\WORKS\SOFT\AI-Python\keepitrun\archived
2026-09-21 12:58:15 [INFO] 
2026-09-21 12:58:15 [INFO] 清理策略:
2026-09-21 12:58:15 [INFO]   tmp/       > 1 天  -> 删除
2026-09-21 12:58:15 [INFO]   logs/      > 7 天  -> 移入 logs/archive/
2026-09-21 12:58:15 [INFO]   logs/archive/ > 30 天 -> 删除
2026-09-21 12:58:15 [INFO]   archived/  > 30 天 -> 删除
2026-09-21 12:58:15 [INFO] 
2026-09-21 12:58:15 [INFO] 每日任务计划（GMT+8）:
2026-09-21 12:58:15 [INFO]   02:00 - RSS 抓取（第 1 次） [01_getrss.py]
2026-09-21 12:58:15 [INFO]   10:05 - AIGC 早报 [03_convert-daily.py]
2026-09-21 12:58:15 [INFO]   10:10 - 博客文章 [04_convert-blog.py]
2026-09-21 12:58:15 [INFO]   14:00 - RSS 抓取（第 2 次） [01_getrss.py]
2026-09-21 12:58:15 [INFO]   14:05 - RSS 合并、去重与翻译 [02_combine-gemini.py]
2026-09-21 12:58:15 [INFO]   15:00 - Photos 自动同步 [05_photos-update.py]
2026-09-21 12:58:15 [INFO]   首次启动维护 - daily 清理预览/执行 [90_cleanup-daily-from-blog.py]
2026-09-21 12:58:15 [INFO] 版本感知追踪: 已启用 (task_completion.json)
2026-09-21 12:58:15 [INFO] ============================================================
2026-09-21 12:58:15 [INFO] 日志归档: 移动了 3 个超过 7 天的日志到 logs/archive/
2026-09-21 12:58:15 [INFO] 日志清理: 删除了 5 个超过 30 天的归档日志
2026-09-21 12:58:15 [INFO] archived/ 清理: 删除了 2 个超过 30 天的归档文件
2026-09-21 12:58:15 [INFO] ============================================================
2026-09-21 12:58:15 [INFO] 检测到今日首次启动，立即执行全部任务
2026-09-21 12:58:15 [INFO] ============================================================
2026-09-21 12:58:15 [INFO] [首次启动] 步骤 1/4: 恢复并合并 RSS 结果
2026-09-21 12:58:15 [INFO] [首次启动] 发现今天 1 份 RSS 文件和 0 份积压摘要（GMT+8 12:58）
2026-09-21 12:58:15 [INFO] [首次启动] 位于 02:00-14:05，补抓一次以与已有文件合并
2026-09-21 12:58:15 [INFO] 执行 01_getrss.py（第 1/3 次，单次时限 1200 秒）: C:\Users\james\AppData\Local\Programs\Python\Python314\python.exe C:\Users\james\Dropbox\WORKS\SOFT\AI-Python\keepitrun\01_getrss.py
2026-09-21 12:58:16 [WARNING]   [01_getrss.py:stderr] 2026-09-21 12:58:16,560 - INFO - 开始执行 RSS 处理脚本
2026-09-21 12:58:16 [WARNING]   [01_getrss.py:stderr] 2026-09-21 12:58:16,600 - INFO - 加载了 39 个 RSS 源
2026-09-21 12:58:16 [WARNING]   [01_getrss.py:stderr] 2026-09-21 12:58:16,600 - INFO - 加载了 424 个关键词
2026-09-21 12:58:16 [WARNING]   [01_getrss.py:stderr] 2026-09-21 12:58:16,600 - INFO - 正在获取 RSS 源: http://feeds.feedburner.com/CBer
2026-09-21 12:58:16 [WARNING]   [01_getrss.py:stderr] 2026-09-21 12:58:16,833 - INFO - 从 http://feeds.feedburner.com/CBer 获取到 20 个条目
2026-09-21 12:58:16 [WARNING]   [01_getrss.py:stderr] 2026-09-21 12:58:16,833 - INFO - 正在获取 RSS 源: http://techmeme.com/feed.xml
2026-09-21 12:58:17 [WARNING]   [01_getrss.py:stderr] 2026-09-21 12:58:17,183 - WARNING - RSS 源 http://techmeme.com/feed.xml 解析时出现问题: document declared as us-ascii, but parsed as utf-8
2026-09-21 12:58:17 [WARNING]   [01_getrss.py:stderr] 2026-09-21 12:58:17,184 - INFO - 从 http://techmeme.com/feed.xml 获取到 15 个条目
2026-09-21 12:58:17 [WARNING]   [01_getrss.py:stderr] 2026-09-21 12:58:17,185 - INFO - 从 Techmeme RSS 摘要提取原始文章链接: fintech.global
2026-09-21 12:58:17 [WARNING]   [01_getrss.py:stderr] 2026-09-21 12:58:17,185 - INFO - 从 Techmeme RSS 摘要提取原始文章链接: www.axios.com
2026-09-21 12:58:17 [WARNING]   [01_getrss.py:stderr] 2026-09-21 12:58:17,186 - INFO - 从 Techmeme RSS 摘要提取原始文章链接: www.bloomberg.com
2026-09-21 12:58:17 [WARNING]   [01_getrss.py:stderr] 2026-09-21 12:58:17,187 - INFO - 从 Techmeme RSS 摘要提取原始文章链接: www.axios.com
2026-09-21 12:58:17 [WARNING]   [01_getrss.py:stderr] 2026-09-21 12:58:17,188 - INFO - 从 Techmeme RSS 摘要提取原始文章链接: www.wsj.com
2026-09-21 12:58:17 [WARNING]   [01_getrss.py:stderr] 2026-09-21 12:58:17,188 - INFO - 从 Techmeme RSS 摘要提取原始文章链接: www.ft.com
2026-09-21 12:58:17 [WARNING]   [01_getrss.py:stderr] 2026-09-21 12:58:17,189 - INFO - 从 Techmeme RSS 摘要提取原始文章链接: www.axios.com
2026-09-21 12:58:17 [WARNING]   [01_getrss.py:stderr] 2026-09-21 12:58:17,190 - INFO - 从 Techmeme RSS 摘要提取原始文章链接: www.theguardian.com
2026-09-21 12:58:17 [WARNING]   [01_getrss.py:stderr] 2026-09-21 12:58:17,190 - INFO - 从 Techmeme RSS 摘要提取原始文章链接: www.theatlantic.com
2026-09-21 12:58:17 [WARNING]   [01_getrss.py:stderr] 2026-09-21 12:58:17,191 - INFO - 从 Techmeme RSS 摘要提取原始文章链接: qwen.ai
2026-09-21 12:58:17 [WARNING]   [01_getrss.py:stderr] 2026-09-21 12:58:17,192 - INFO - 从 Techmeme RSS 摘要提取原始文章链接: www.businessinsider.com
2026-09-21 12:58:17 [WARNING]   [01_getrss.py:stderr] 2026-09-21 12:58:17,192 - INFO - 从 Techmeme RSS 摘要提取原始文章链接: www.ft.com
2026-09-21 12:58:17 [WARNING]   [01_getrss.py:stderr] 2026-09-21 12:58:17,193 - INFO - 从 Techmeme RSS 摘要提取原始文章链接: www.wsj.com
2026-09-21 12:58:17 [WARNING]   [01_getrss.py:stderr] 2026-09-21 12:58:17,194 - INFO - 从 Techmeme RSS 摘要提取原始文章链接: www.forbes.com
2026-09-21 12:58:17 [WARNING]   [01_getrss.py:stderr] 2026-09-21 12:58:17,194 - INFO - 从 Techmeme RSS 摘要提取原始文章链接: www.bloomberg.com
2026-09-21 12:58:17 [WARNING]   [01_getrss.py:stderr] 2026-09-21 12:58:17,194 - INFO - 正在获取 RSS 源: https://techcrunch.com/feed/
2026-09-21 12:58:17 [WARNING]   [01_getrss.py:stderr] 2026-09-21 12:58:17,254 - INFO - 从 https://techcrunch.com/feed/ 获取到 20 个条目
2026-09-21 12:58:17 [WARNING]   [01_getrss.py:stderr] 2026-09-21 12:58:17,255 - INFO - 正在获取 RSS 源: https://feeds.arstechnica.com/arstechnica/index/
2026-09-21 12:58:17 [WARNING]   [01_getrss.py:stderr] 2026-09-21 12:58:17,508 - INFO - 从 https://feeds.arstechnica.com/arstechnica/index/ 获取到 20 个条目
2026-09-21 12:58:17 [WARNING]   [01_getrss.py:stderr] 2026-09-21 12:58:17,508 - INFO - 正在获取 RSS 源: https://www.technologyreview.com/feed/
2026-09-21 12:58:17 [WARNING]   [01_getrss.py:stderr] 2026-09-21 12:58:17,652 - INFO - 从 https://www.technologyreview.com/feed/ 获取到 10 个条目
2026-09-21 12:58:17 [WARNING]   [01_getrss.py:stderr] 2026-09-21 12:58:17,652 - INFO - 正在获取 RSS 源: https://www.engadget.com/rss.xml
2026-09-21 12:58:17 [WARNING]   [01_getrss.py:stderr] 2026-09-21 12:58:17,753 - INFO - 从 https://www.engadget.com/rss.xml 获取到 20 个条目
2026-09-21 12:58:17 [WARNING]   [01_getrss.py:stderr] 2026-09-21 12:58:17,753 - INFO - 正在获取 RSS 源: http://feeds.feedburner.com/businessinsider/
2026-09-21 12:58:18 [WARNING]   [01_getrss.py:stderr] 2026-09-21 12:58:18,343 - INFO - 从 http://feeds.feedburner.com/businessinsider/ 获取到 50 个条目
2026-09-21 12:58:18 [WARNING]   [01_getrss.py:stderr] 2026-09-21 12:58:18,343 - INFO - 正在获取 RSS 源: https://www.cnet.com/rss/all/
2026-09-21 12:58:18 [WARNING]   [01_getrss.py:stderr] 2026-09-21 12:58:18,545 - INFO - 从 https://www.cnet.com/rss/all/ 获取到 25 个条目
2026-09-21 12:58:18 [WARNING]   [01_getrss.py:stderr] 2026-09-21 12:58:18,545 - INFO - 正在获取 RSS 源: https://www.techradar.com/feeds.xml
2026-09-21 12:58:18 [WARNING]   [01_getrss.py:stderr] 2026-09-21 12:58:18,994 - INFO - 从 https://www.techradar.com/feeds.xml 获取到 50 个条目
2026-09-21 12:58:18 [WARNING]   [01_getrss.py:stderr] 2026-09-21 12:58:18,995 - INFO - 正在获取 RSS 源: https://mashable.com/feeds/rss/all
2026-09-21 12:58:19 [WARNING]   [01_getrss.py:stderr] 2026-09-21 12:58:19,623 - INFO - 从 https://mashable.com/feeds/rss/all 获取到 100 个条目
2026-09-21 12:58:19 [WARNING]   [01_getrss.py:stderr] 2026-09-21 12:58:19,624 - INFO - 正在获取 RSS 源: https://www.theverge.com/rss/index.xml
2026-09-21 12:58:19 [WARNING]   [01_getrss.py:stderr] 2026-09-21 12:58:19,708 - INFO - 从 https://www.theverge.com/rss/index.xml 获取到 10 个条目
2026-09-21 12:58:19 [WARNING]   [01_getrss.py:stderr] 2026-09-21 12:58:19,709 - INFO - 正在获取 RSS 源: https://www.wired.com/feed/tag/ai/latest/rss
2026-09-21 12:58:19 [WARNING]   [01_getrss.py:stderr] 2026-09-21 12:58:19,877 - INFO - 从 https://www.wired.com/feed/tag/ai/latest/rss 获取到 10 个条目
2026-09-21 12:58:19 [WARNING]   [01_getrss.py:stderr] 2026-09-21 12:58:19,877 - INFO - 正在获取 RSS 源: https://feeds.bbci.co.uk/news/technology/rss.xml
2026-09-21 12:58:20 [WARNING]   [01_getrss.py:stderr] 2026-09-21 12:58:20,177 - INFO - 从 https://feeds.bbci.co.uk/news/technology/rss.xml 获取到 21 个条目
2026-09-21 12:58:20 [WARNING]   [01_getrss.py:stderr] 2026-09-21 12:58:20,177 - INFO - 正在获取 RSS 源: https://www.economist.com/science-and-technology/rss.xml
2026-09-21 12:58:20 [WARNING]   [01_getrss.py:stderr] 2026-09-21 12:58:20,421 - WARNING - RSS 源 https://www.economist.com/science-and-technology/rss.xml 解析时出现问题: document declared as us-ascii, but parsed as utf-8
2026-09-21 12:58:20 [WARNING]   [01_getrss.py:stderr] 2026-09-21 12:58:20,421 - INFO - 从 https://www.economist.com/science-and-technology/rss.xml 获取到 300 个条目
2026-09-21 12:58:20 [WARNING]   [01_getrss.py:stderr] 2026-09-21 12:58:20,422 - INFO - 正在获取 RSS 源: https://www.economist.com/business/rss.xml
2026-09-21 12:58:20 [WARNING]   [01_getrss.py:stderr] 2026-09-21 12:58:20,609 - WARNING - RSS 源 https://www.economist.com/business/rss.xml 解析时出现问题: document declared as us-ascii, but parsed as utf-8
2026-09-21 12:58:20 [WARNING]   [01_getrss.py:stderr] 2026-09-21 12:58:20,609 - INFO - 从 https://www.economist.com/business/rss.xml 获取到 300 个条目
2026-09-21 12:58:20 [WARNING]   [01_getrss.py:stderr] 2026-09-21 12:58:20,610 - INFO - 正在获取 RSS 源: https://www.economist.com/international/rss.xml
2026-09-21 12:58:20 [WARNING]   [01_getrss.py:stderr] 2026-09-21 12:58:20,786 - WARNING - RSS 源 https://www.economist.com/international/rss.xml 解析时出现问题: document declared as us-ascii, but parsed as utf-8
2026-09-21 12:58:20 [WARNING]   [01_getrss.py:stderr] 2026-09-21 12:58:20,787 - INFO - 从 https://www.economist.com/international/rss.xml 获取到 300 个条目
2026-09-21 12:58:20 [WARNING]   [01_getrss.py:stderr] 2026-09-21 12:58:20,787 - INFO - 正在获取 RSS 源: https://www.economist.com/china/rss.xml
2026-09-21 12:58:20 [WARNING]   [01_getrss.py:stderr] 2026-09-21 12:58:20,957 - WARNING - RSS 源 https://www.economist.com/china/rss.xml 解析时出现问题: document declared as us-ascii, but parsed as utf-8
2026-09-21 12:58:20 [WARNING]   [01_getrss.py:stderr] 2026-09-21 12:58:20,957 - INFO - 从 https://www.economist.com/china/rss.xml 获取到 300 个条目
2026-09-21 12:58:20 [WARNING]   [01_getrss.py:stderr] 2026-09-21 12:58:20,958 - INFO - 正在获取 RSS 源: https://arstechnica.com/feed/
2026-09-21 12:58:21 [WARNING]   [01_getrss.py:stderr] 2026-09-21 12:58:21,354 - INFO - 从 https://arstechnica.com/feed/ 获取到 20 个条目
2026-09-21 12:58:21 [WARNING]   [01_getrss.py:stderr] 2026-09-21 12:58:21,354 - INFO - 正在获取 RSS 源: https://www.google.com/alerts/feeds/00120727335941528291/15923614493533912620
2026-09-21 12:58:21 [WARNING]   [01_getrss.py:stderr] 2026-09-21 12:58:21,583 - INFO - 从 https://www.google.com/alerts/feeds/00120727335941528291/15923614493533912620 获取到 20 个条目
2026-09-21 12:58:21 [WARNING]   [01_getrss.py:stderr] 2026-09-21 12:58:21,583 - INFO - 正在获取 RSS 源: https://36kr.com/feed-newsflash
2026-09-21 12:58:23 [WARNING]   [01_getrss.py:stderr] 2026-09-21 12:58:23,497 - WARNING - RSS 源 https://36kr.com/feed-newsflash 解析时出现问题: <unknown>:10:542: not well-formed (invalid token)
2026-09-21 12:58:23 [WARNING]   [01_getrss.py:stderr] 2026-09-21 12:58:23,497 - WARNING - RSS 源 https://36kr.com/feed-newsflash 没有返回条目
2026-09-21 12:58:23 [WARNING]   [01_getrss.py:stderr] 2026-09-21 12:58:23,497 - INFO - 正在获取 RSS 源: https://36kr.com/feed-article
2026-09-21 12:58:24 [WARNING]   [01_getrss.py:stderr] 2026-09-21 12:58:24,370 - WARNING - RSS 源 https://36kr.com/feed-article 解析时出现问题: <unknown>:10:542: not well-formed (invalid token)
2026-09-21 12:58:24 [WARNING]   [01_getrss.py:stderr] 2026-09-21 12:58:24,370 - WARNING - RSS 源 https://36kr.com/feed-article 没有返回条目
2026-09-21 12:58:24 [WARNING]   [01_getrss.py:stderr] 2026-09-21 12:58:24,370 - INFO - 正在获取 RSS 源: https://www.ithome.com/rss/
2026-09-21 12:58:25 [WARNING]   [01_getrss.py:stderr] 2026-09-21 12:58:25,563 - INFO - 从 https://www.ithome.com/rss/ 获取到 60 个条目
2026-09-21 12:58:25 [WARNING]   [01_getrss.py:stderr] 2026-09-21 12:58:25,564 - INFO - 正在获取 RSS 源: https://rss.mydrivers.com/Rss.aspx?Tid=1
2026-09-21 12:58:27 [WARNING]   [01_getrss.py:stderr] 2026-09-21 12:58:27,500 - INFO - 从 https://rss.mydrivers.com/Rss.aspx?Tid=1 获取到 100 个条目
2026-09-21 12:58:27 [WARNING]   [01_getrss.py:stderr] 2026-09-21 12:58:27,501 - INFO - 正在获取 RSS 源: https://www.solidot.org/index.rss
2026-09-21 12:58:30 [WARNING]   [01_getrss.py:stderr] 2026-09-21 12:58:30,324 - INFO - 从 https://www.solidot.org/index.rss 获取到 20 个条目
2026-09-21 12:58:30 [WARNING]   [01_getrss.py:stderr] 2026-09-21 12:58:30,325 - INFO - 正在获取 RSS 源: https://www.geekpark.net/rss
2026-09-21 12:58:32 [WARNING]   [01_getrss.py:stderr] 2026-09-21 12:58:32,233 - INFO - 从 https://www.geekpark.net/rss 获取到 30 个条目
2026-09-21 12:58:32 [WARNING]   [01_getrss.py:stderr] 2026-09-21 12:58:32,234 - INFO - 正在获取 RSS 源: https://www.ifanr.com/feed
2026-09-21 12:58:33 [WARNING]   [01_getrss.py:stderr] 2026-09-21 12:58:33,513 - INFO - 从 https://www.ifanr.com/feed 获取到 20 个条目
2026-09-21 12:58:33 [WARNING]   [01_getrss.py:stderr] 2026-09-21 12:58:33,513 - INFO - 正在获取 RSS 源: https://www.tmtpost.com/rss.xml
2026-09-21 12:58:36 [WARNING]   [01_getrss.py:stderr] 2026-09-21 12:58:36,921 - INFO - 从 https://www.tmtpost.com/rss.xml 获取到 18 个条目
2026-09-21 12:58:36 [WARNING]   [01_getrss.py:stderr] 2026-09-21 12:58:36,921 - INFO - 正在获取 RSS 源: https://rss.huxiu.com/
2026-09-21 12:58:39 [WARNING]   [01_getrss.py:stderr] 2026-09-21 12:58:39,113 - INFO - 从 https://rss.huxiu.com/ 获取到 53 个条目
2026-09-21 12:58:39 [WARNING]   [01_getrss.py:stderr] 2026-09-21 12:58:39,114 - INFO - 正在获取 RSS 源: https://www.qbitai.com/feed
2026-09-21 12:58:40 [WARNING]   [01_getrss.py:stderr] 2026-09-21 12:58:40,313 - INFO - 从 https://www.qbitai.com/feed 获取到 10 个条目
2026-09-21 12:58:40 [WARNING]   [01_getrss.py:stderr] 2026-09-21 12:58:40,313 - INFO - 正在获取 RSS 源: https://www.leiphone.com/feed/
2026-09-21 12:58:42 [WARNING]   [01_getrss.py:stderr] 2026-09-21 12:58:42,414 - INFO - 从 https://www.leiphone.com/feed/ 获取到 20 个条目
2026-09-21 12:58:42 [WARNING]   [01_getrss.py:stderr] 2026-09-21 12:58:42,414 - INFO - 正在获取 RSS 源: https://plink.anyfeeder.com/mittrchina/hot
2026-09-21 12:58:42 [WARNING]   [01_getrss.py:stderr] 2026-09-21 12:58:42,605 - INFO - 从 https://plink.anyfeeder.com/mittrchina/hot 获取到 10 个条目
2026-09-21 12:58:42 [WARNING]   [01_getrss.py:stderr] 2026-09-21 12:58:42,605 - INFO - 正在获取 RSS 源: https://sspai.com/feed
2026-09-21 12:58:43 [WARNING]   [01_getrss.py:stderr] 2026-09-21 12:58:43,469 - INFO - 从 https://sspai.com/feed 获取到 10 个条目
2026-09-21 12:58:43 [WARNING]   [01_getrss.py:stderr] 2026-09-21 12:58:43,470 - INFO - 正在获取 RSS 源: https://v2ex.com/index.xml
2026-09-21 12:58:44 [WARNING]   [01_getrss.py:stderr] 2026-09-21 12:58:44,095 - INFO - 从 https://v2ex.com/index.xml 获取到 50 个条目
2026-09-21 12:58:44 [WARNING]   [01_getrss.py:stderr] 2026-09-21 12:58:44,096 - INFO - 正在获取 RSS 源: https://plink.anyfeeder.com/zaobao/realtime/china
2026-09-21 12:58:44 [WARNING]   [01_getrss.py:stderr] 2026-09-21 12:58:44,367 - INFO - 从 https://plink.anyfeeder.com/zaobao/realtime/china 获取到 24 个条目
2026-09-21 12:58:44 [WARNING]   [01_getrss.py:stderr] 2026-09-21 12:58:44,368 - INFO - 正在获取 RSS 源: https://plink.anyfeeder.com/zaobao/realtime/world
2026-09-21 12:58:44 [WARNING]   [01_getrss.py:stderr] 2026-09-21 12:58:44,663 - INFO - 从 https://plink.anyfeeder.com/zaobao/realtime/world 获取到 24 个条目
2026-09-21 12:58:44 [WARNING]   [01_getrss.py:stderr] 2026-09-21 12:58:44,664 - INFO - 正在获取 RSS 源: https://hnrss.org/frontpage
2026-09-21 12:58:45 [WARNING]   [01_getrss.py:stderr] 2026-09-21 12:58:45,160 - INFO - 从 https://hnrss.org/frontpage 获取到 20 个条目
2026-09-21 12:58:45 [WARNING]   [01_getrss.py:stderr] 2026-09-21 12:58:45,161 - INFO - 正在获取 RSS 源: https://www.jiqizhixin.com/feed
2026-09-21 12:58:45 [WARNING]   [01_getrss.py:stderr] 2026-09-21 12:58:45,853 - WARNING - RSS 源 https://www.jiqizhixin.com/feed 解析时出现问题: <unknown>:8:82: not well-formed (invalid token)
2026-09-21 12:58:45 [WARNING]   [01_getrss.py:stderr] 2026-09-21 12:58:45,853 - WARNING - RSS 源 https://www.jiqizhixin.com/feed 没有返回条目
2026-09-21 12:58:45 [WARNING]   [01_getrss.py:stderr] 2026-09-21 12:58:45,853 - INFO - 正在获取 RSS 源: https://blogs.nvidia.com/feed/
2026-09-21 12:58:46 [WARNING]   [01_getrss.py:stderr] 2026-09-21 12:58:46,349 - INFO - 从 https://blogs.nvidia.com/feed/ 获取到 18 个条目
2026-09-21 12:58:46 [WARNING]   [01_getrss.py:stderr] 2026-09-21 12:58:46,349 - INFO - 正在获取 RSS 源: https://ai.googleblog.com/feeds/posts/default
2026-09-21 12:58:46 [WARNING]   [01_getrss.py:stderr] 2026-09-21 12:58:46,576 - WARNING - RSS 源 https://ai.googleblog.com/feeds/posts/default 解析时出现问题: <unknown>:4:31: mismatched tag
2026-09-21 12:58:46 [WARNING]   [01_getrss.py:stderr] 2026-09-21 12:58:46,576 - WARNING - RSS 源 https://ai.googleblog.com/feeds/posts/default 没有返回条目
2026-09-21 12:58:46 [WARNING]   [01_getrss.py:stderr] 2026-09-21 12:58:46,576 - INFO - 总共获取到 465 个有效条目
2026-09-21 12:58:46 [WARNING]   [01_getrss.py:stderr] 2026-09-21 12:58:46,631 - INFO - 关键词过滤后剩余 220 个条目
2026-09-21 12:58:46 [WARNING]   [01_getrss.py:stderr] 2026-09-21 12:58:46,637 - INFO - 解析 Google 重定向链接为原始地址
2026-09-21 12:58:46 [WARNING]   [01_getrss.py:stderr] 2026-09-21 12:58:46,639 - INFO - 解析 Google 重定向链接为原始地址
2026-09-21 12:58:46 [WARNING]   [01_getrss.py:stderr] 2026-09-21 12:58:46,640 - INFO - 解析 Google 重定向链接为原始地址
2026-09-21 12:58:46 [WARNING]   [01_getrss.py:stderr] 2026-09-21 12:58:46,640 - INFO - 解析 Google 重定向链接为原始地址
2026-09-21 12:58:46 [WARNING]   [01_getrss.py:stderr] 2026-09-21 12:58:46,640 - INFO - 解析 Google 重定向链接为原始地址
2026-09-21 12:58:46 [WARNING]   [01_getrss.py:stderr] 2026-09-21 12:58:46,640 - INFO - 解析 Google 重定向链接为原始地址
2026-09-21 12:58:46 [WARNING]   [01_getrss.py:stderr] 2026-09-21 12:58:46,641 - INFO - 解析 Google 重定向链接为原始地址
2026-09-21 12:58:46 [WARNING]   [01_getrss.py:stderr] 2026-09-21 12:58:46,641 - INFO - 解析 Google 重定向链接为原始地址
2026-09-21 12:58:46 [WARNING]   [01_getrss.py:stderr] 2026-09-21 12:58:46,642 - INFO - 解析 Google 重定向链接为原始地址
2026-09-21 12:58:46 [WARNING]   [01_getrss.py:stderr] 2026-09-21 12:58:46,642 - INFO - 解析 Google 重定向链接为原始地址
2026-09-21 12:58:46 [WARNING]   [01_getrss.py:stderr] 2026-09-21 12:58:46,642 - INFO - 解析 Google 重定向链接为原始地址
2026-09-21 12:58:46 [WARNING]   [01_getrss.py:stderr] 2026-09-21 12:58:46,642 - INFO - 解析 Google 重定向链接为原始地址
2026-09-21 12:58:46 [WARNING]   [01_getrss.py:stderr] 2026-09-21 12:58:46,642 - INFO - 解析 Google 重定向链接为原始地址
2026-09-21 12:58:46 [WARNING]   [01_getrss.py:stderr] 2026-09-21 12:58:46,642 - INFO - 解析 Google 重定向链接为原始地址
2026-09-21 12:58:46 [WARNING]   [01_getrss.py:stderr] 2026-09-21 12:58:46,642 - INFO - 解析 Google 重定向链接为原始地址
2026-09-21 12:58:46 [WARNING]   [01_getrss.py:stderr] 2026-09-21 12:58:46,643 - INFO - 解析 Google 重定向链接为原始地址
2026-09-21 12:58:46 [WARNING]   [01_getrss.py:stderr] 2026-09-21 12:58:46,643 - INFO - 解析 Google 重定向链接为原始地址
2026-09-21 12:58:46 [WARNING]   [01_getrss.py:stderr] 2026-09-21 12:58:46,643 - INFO - 解析 Google 重定向链接为原始地址
2026-09-21 12:58:46 [WARNING]   [01_getrss.py:stderr] 2026-09-21 12:58:46,653 - INFO - 规范化后得到 220 个候选条目，交由 02 跨批次去重
2026-09-21 12:58:46 [WARNING]   [01_getrss.py:stderr] 2026-09-21 12:58:46,655 - INFO - 处理完成，结果已保存到 C:\Users\james\Dropbox\WORKS\SOFT\AI-Python\keepitrun\tmp\rss_2026-09-21_12-58-46.md
2026-09-21 12:58:46 [INFO]   [01_getrss.py] Processed Markdown saved to C:\Users\james\Dropbox\WORKS\SOFT\AI-Python\keepitrun\tmp\rss_2026-09-21_12-58-46.md
2026-09-21 12:58:46 [DEBUG] 记录任务完成: rss_2 @ 2026-09-21 (v1.24)
2026-09-21 12:58:46 [INFO] -- 开始合并 RSS 结果 --
2026-09-21 12:58:46 [INFO] 将合并当天 2 份 RSS 文件与 0 份积压摘要；积压摘要由合并器优先收敛
2026-09-21 12:58:46 [INFO] 执行 02_combine-gemini.py（第 1/3 次，单次时限 3600 秒）: C:\Users\james\AppData\Local\Programs\Python\Python314\python.exe C:\Users\james\Dropbox\WORKS\SOFT\AI-Python\keepitrun\02_combine-gemini.py rss_2026-09-21_02-00-51.md rss_2026-09-21_12-58-46.md
2026-09-21 12:58:47 [INFO]   [02_combine-gemini.py] Translation engine order: gemini -> glm -> google_free
2026-09-21 12:58:47 [INFO]   [02_combine-gemini.py] Total content lines loaded across all inputs: 418
2026-09-21 12:58:47 [INFO]   [02_combine-gemini.py] Total unique lines loaded: 387
2026-09-21 12:58:47 [INFO]   [02_combine-gemini.py] Chinese lines: 254, English lines: 133
2026-09-21 12:58:47 [INFO]   [02_combine-gemini.py] Translating 16 titles with gemini (attempt 1/2)...
2026-09-21 12:59:17 [INFO]   [02_combine-gemini.py] Translating 16 titles with gemini (attempt 1/2)...
2026-09-21 12:59:36 [INFO]   [02_combine-gemini.py] Translating 16 titles with gemini (attempt 1/2)...
2026-09-21 12:59:51 [INFO]   [02_combine-gemini.py] Translating 16 titles with gemini (attempt 1/2)...
2026-09-21 13:00:03 [INFO]   [02_combine-gemini.py] Translating 16 titles with gemini (attempt 1/2)...
2026-09-21 13:00:16 [INFO]   [02_combine-gemini.py] Translating 16 titles with gemini (attempt 1/2)...
2026-09-21 13:00:34 [INFO] ============================================================
2026-09-21 13:00:34 [INFO] keepitrun v1.24 启动
2026-09-21 13:00:34 [INFO] 脚本目录: C:\Users\james\Dropbox\WORKS\SOFT\AI-Python\keepitrun
2026-09-21 13:00:34 [INFO] 日志目录: C:\Users\james\Dropbox\WORKS\SOFT\AI-Python\keepitrun\logs
2026-09-21 13:00:34 [INFO] 临时目录: C:\Users\james\Dropbox\WORKS\SOFT\AI-Python\keepitrun\tmp
2026-09-21 13:00:34 [INFO] 归档目录: C:\Users\james\Dropbox\WORKS\SOFT\AI-Python\keepitrun\archived
2026-09-21 13:00:34 [INFO] 
2026-09-21 13:00:34 [INFO] 清理策略:
2026-09-21 13:00:34 [INFO]   tmp/       > 1 天  -> 删除
2026-09-21 13:00:34 [INFO]   logs/      > 7 天  -> 移入 logs/archive/
2026-09-21 13:00:34 [INFO]   logs/archive/ > 30 天 -> 删除
2026-09-21 13:00:34 [INFO]   archived/  > 30 天 -> 删除
2026-09-21 13:00:34 [INFO] 
2026-09-21 13:00:34 [INFO] 每日任务计划（GMT+8）:
2026-09-21 13:00:34 [INFO]   02:00 - RSS 抓取（第 1 次） [01_getrss.py]
2026-09-21 13:00:34 [INFO]   10:05 - AIGC 早报 [03_convert-daily.py]
2026-09-21 13:00:34 [INFO]   10:10 - 博客文章 [04_convert-blog.py]
2026-09-21 13:00:34 [INFO]   14:00 - RSS 抓取（第 2 次） [01_getrss.py]
2026-09-21 13:00:34 [INFO]   14:05 - RSS 合并、去重与翻译 [02_combine-gemini.py]
2026-09-21 13:00:34 [INFO]   15:00 - Photos 自动同步 [05_photos-update.py]
2026-09-21 13:00:34 [INFO]   首次启动维护 - daily 清理预览/执行 [90_cleanup-daily-from-blog.py]
2026-09-21 13:00:34 [INFO] 版本感知追踪: 已启用 (task_completion.json)
2026-09-21 13:00:34 [INFO] ============================================================
2026-09-21 13:00:34 [INFO] ============================================================
2026-09-21 13:00:34 [INFO] 检测到今日首次启动，立即执行全部任务
2026-09-21 13:00:34 [INFO] ============================================================
2026-09-21 13:00:34 [INFO] [首次启动] 步骤 1/4: 恢复并合并 RSS 结果
2026-09-21 13:00:34 [INFO] [首次启动] 发现今天 2 份 RSS 文件和 0 份积压摘要（GMT+8 13:00）
2026-09-21 13:00:34 [INFO] [首次启动] 直接合并已有 RSS 文件
2026-09-21 13:00:34 [INFO] -- 开始合并 RSS 结果 --
2026-09-21 13:00:34 [INFO] 将合并当天 2 份 RSS 文件与 0 份积压摘要；积压摘要由合并器优先收敛
2026-09-21 13:00:34 [INFO] 执行 02_combine-gemini.py（第 1/3 次，单次时限 3600 秒）: C:\Users\james\AppData\Local\Programs\Python\Python314\python.exe C:\Users\james\Dropbox\WORKS\SOFT\AI-Python\keepitrun\02_combine-gemini.py rss_2026-09-21_02-00-51.md rss_2026-09-21_12-58-46.md
2026-09-21 13:00:34 [INFO]   [02_combine-gemini.py] Translation engine order: gemini -> glm -> google_free
2026-09-21 13:00:34 [INFO]   [02_combine-gemini.py] Total content lines loaded across all inputs: 418
2026-09-21 13:00:34 [INFO]   [02_combine-gemini.py] Total unique lines loaded: 387
2026-09-21 13:00:34 [INFO]   [02_combine-gemini.py] Chinese lines: 254, English lines: 133
2026-09-21 13:00:34 [INFO]   [02_combine-gemini.py] Translating 16 titles with gemini (attempt 1/2)...
2026-09-21 13:00:59 [INFO]   [02_combine-gemini.py] Translating 16 titles with gemini (attempt 1/2)...
2026-09-21 13:01:00 [INFO]   [02_combine-gemini.py]   gemini failed: DeadlineExceeded
2026-09-21 13:01:02 [INFO]   [02_combine-gemini.py] Translating 16 titles with gemini (attempt 2/2)...
2026-09-21 13:01:18 [INFO]   [02_combine-gemini.py] Translating 16 titles with gemini (attempt 1/2)...
2026-09-21 13:01:22 [INFO]   [02_combine-gemini.py] Translating 16 titles with gemini (attempt 1/2)...
2026-09-21 13:01:24 [INFO]   [02_combine-gemini.py]   gemini failed: ResourceExhausted
2026-09-21 13:01:26 [INFO]   [02_combine-gemini.py] Translating 16 titles with gemini (attempt 2/2)...
2026-09-21 13:01:26 [INFO]   [02_combine-gemini.py]   gemini failed: ResourceExhausted
2026-09-21 13:01:26 [INFO]   [02_combine-gemini.py]   Falling back from gemini to glm...
2026-09-21 13:01:26 [INFO]   [02_combine-gemini.py] Translating 16 titles with glm (attempt 1/2)...
2026-09-21 13:01:38 [INFO]   [02_combine-gemini.py] Translating 16 titles with gemini (attempt 1/2)...
2026-09-21 13:01:38 [INFO]   [02_combine-gemini.py]   gemini failed: ResourceExhausted
2026-09-21 13:01:40 [INFO]   [02_combine-gemini.py] Translating 16 titles with gemini (attempt 2/2)...
2026-09-21 13:01:40 [INFO]   [02_combine-gemini.py]   gemini failed: ResourceExhausted
2026-09-21 13:01:40 [INFO]   [02_combine-gemini.py]   Falling back from gemini to glm...
2026-09-21 13:01:40 [INFO]   [02_combine-gemini.py] Translating 16 titles with glm (attempt 1/2)...
2026-09-21 13:01:49 [INFO]   [02_combine-gemini.py]   GLM content-safety refusal detected; trying the next engine without dropping English source titles.
2026-09-21 13:01:51 [INFO]   [02_combine-gemini.py] Translating 16 titles with glm (attempt 2/2)...
2026-09-21 13:01:51 [INFO]   [02_combine-gemini.py] Translating 16 titles with glm (attempt 1/2)...
2026-09-21 13:02:04 [INFO]   [02_combine-gemini.py]   GLM content-safety refusal detected; trying the next engine without dropping English source titles.
2026-09-21 13:02:04 [INFO]   [02_combine-gemini.py]   Falling back from glm to google_free...
2026-09-21 13:02:04 [INFO]   [02_combine-gemini.py] Translating 16 titles with google_free (attempt 1/2)...
2026-09-21 13:02:08 [INFO]   [02_combine-gemini.py] Translating 16 titles with glm (attempt 1/2)...
2026-09-21 13:02:13 [INFO]   [02_combine-gemini.py] Translating 5 titles with google_free (attempt 1/2)...
2026-09-21 13:02:16 [INFO]   [02_combine-gemini.py] Process complete. Saved to: C:\Users\james\Dropbox\WORKS\SOFT\AI-Python\keepitrun\20260921-130216.md
2026-09-21 13:02:18 [INFO] RSS 合并去重翻译完成
2026-09-21 13:02:18 [INFO] 已将 2 个 RSS 抓取结果文件移动到 C:\Users\james\Dropbox\WORKS\SOFT\AI-Python\keepitrun\archived
2026-09-21 13:02:18 [DEBUG] 记录任务完成: combine @ 2026-09-21 (v1.24)
2026-09-21 13:02:18 [INFO] [首次启动] RSS 合并去重翻译完成
2026-09-21 13:02:18 [INFO] [首次启动] 步骤 2/4: 爬取最新 daily + blog
2026-09-21 13:02:18 [INFO] 执行 03_convert-daily.py（第 1/3 次，单次时限 1800 秒）: C:\Users\james\AppData\Local\Programs\Python\Python314\python.exe C:\Users\james\Dropbox\WORKS\SOFT\AI-Python\keepitrun\03_convert-daily.py --non-interactive
2026-09-21 13:02:19 [WARNING]   [03_convert-daily.py:stderr] 13:02:19 工作目录: C:\Users\james\Dropbox\WORKS\SOFT\AI-Python\keepitrun
2026-09-21 13:02:19 [WARNING]   [03_convert-daily.py:stderr] 13:02:19 日志文件: C:\Users\james\Dropbox\WORKS\SOFT\AI-Python\keepitrun\logs\daily_20260921_130219.log
2026-09-21 13:02:20 [WARNING]   [03_convert-daily.py:stderr] 13:02:20 GitHub 认证成功: lishuhang
2026-09-21 13:02:20 [WARNING]   [03_convert-daily.py:stderr] 13:02:20 ═══ 自动模式 ═══
2026-09-21 13:02:20 [WARNING]   [03_convert-daily.py:stderr] 13:02:20 仓库最新文章: 2026-09-21
2026-09-21 13:02:20 [WARNING]   [03_convert-daily.py:stderr] 13:02:20 开始遍历专辑
2026-09-21 13:02:20 [WARNING]   [03_convert-daily.py:stderr] 13:02:20   起始日期: 2026-09-21
2026-09-21 13:02:22 [WARNING]   [03_convert-daily.py:stderr] 13:02:22 已到达起始日期边界
2026-09-21 13:02:22 [WARNING]   [03_convert-daily.py:stderr] 13:02:22 专辑遍历完成: 共 1 篇文章
2026-09-21 13:02:22 [WARNING]   [03_convert-daily.py:stderr] 13:02:22 没有发现尚未发布到 daily 仓库的文章
2026-09-21 13:02:22 [DEBUG] 记录任务完成: daily @ 2026-09-21 (v1.24)
2026-09-21 13:02:23 [ERROR] 脚本 02_combine-gemini.py 返回非零退出码: 3221225786
2026-09-21 13:02:24 [INFO] 执行 04_convert-blog.py（第 1/3 次，单次时限 3600 秒）: C:\Users\james\AppData\Local\Programs\Python\Python314\python.exe C:\Users\james\Dropbox\WORKS\SOFT\AI-Python\keepitrun\04_convert-blog.py album:20260921 --non-interactive
2026-09-21 13:02:24 [WARNING]   [04_convert-blog.py:stderr] C:\Users\james\Dropbox\WORKS\SOFT\AI-Python\keepitrun\04_convert-blog.py:28: SyntaxWarning: "\s" is an invalid escape sequence. Such sequences will not work in the future. Did you mean "\\s"? A raw string is also an option.
2026-09-21 13:02:24 [WARNING]   [04_convert-blog.py:stderr]   - _is_daily_report_title(): \u5339\u914d "\u6bcf\u65e5\s*AIGC\s*\u65e9\u62a5" (\u5927\u5c0f\u5199\u4e0d\u654f\u611f\uff0c\u517c\u5bb9\u5404\u79cd\u7a7a\u683c)
2026-09-21 13:02:25 [WARNING]   [04_convert-blog.py:stderr] 13:02:25 工作目录: C:\Users\james\Dropbox\WORKS\SOFT\AI-Python\keepitrun
2026-09-21 13:02:25 [WARNING]   [04_convert-blog.py:stderr] 13:02:25 日志文件: C:\Users\james\Dropbox\WORKS\SOFT\AI-Python\keepitrun\logs\blog_20260921_130225.log
2026-09-21 13:02:25 [WARNING]   [04_convert-blog.py:stderr] 13:02:25 合集模式: 自 2026-09-21
2026-09-21 13:02:25 [WARNING]   [04_convert-blog.py:stderr] 13:02:25 ═══ 开始遍历全部 7 个合集 ═══
2026-09-21 13:02:25 [WARNING]   [04_convert-blog.py:stderr] 13:02:25 开始遍历合集 [新闻实验室] (album_id=3902494251036180488)
2026-09-21 13:02:25 [WARNING]   [04_convert-blog.py:stderr] 13:02:25   起始日期: 2026-09-21
2026-09-21 13:02:26 [WARNING]   [04_convert-blog.py:stderr] 13:02:26   [新闻实验室] 已到达起始日期边界
2026-09-21 13:02:26 [WARNING]   [04_convert-blog.py:stderr] 13:02:26   [新闻实验室] 遍历完成: 共 0 篇文章
2026-09-21 13:02:27 [WARNING]   [04_convert-blog.py:stderr] 13:02:27 开始遍历合集 [随笔] (album_id=2615905303213441024)
2026-09-21 13:02:27 [WARNING]   [04_convert-blog.py:stderr] 13:02:27   起始日期: 2026-09-21
2026-09-21 13:02:28 [WARNING]   [04_convert-blog.py:stderr] 13:02:28   [随笔] 已到达起始日期边界
2026-09-21 13:02:28 [WARNING]   [04_convert-blog.py:stderr] 13:02:28   [随笔] 遍历完成: 共 0 篇文章
2026-09-21 13:02:29 [WARNING]   [04_convert-blog.py:stderr] 13:02:29 开始遍历合集 [航通社的朋友们] (album_id=3477575130983596037)
2026-09-21 13:02:29 [WARNING]   [04_convert-blog.py:stderr] 13:02:29   起始日期: 2026-09-21
2026-09-21 13:02:30 [WARNING]   [04_convert-blog.py:stderr] 13:02:30   [航通社的朋友们] 已到达起始日期边界
2026-09-21 13:02:30 [WARNING]   [04_convert-blog.py:stderr] 13:02:30   [航通社的朋友们] 遍历完成: 共 0 篇文章
2026-09-21 13:02:30 [WARNING]   [04_convert-blog.py:stderr] 13:02:30 开始遍历合集 [AI] (album_id=1525375142552518658)
2026-09-21 13:02:30 [WARNING]   [04_convert-blog.py:stderr] 13:02:30   起始日期: 2026-09-21
2026-09-21 13:02:32 [WARNING]   [04_convert-blog.py:stderr] 13:02:32   [AI] 已到达起始日期边界
2026-09-21 13:02:32 [WARNING]   [04_convert-blog.py:stderr] 13:02:32   [AI] 遍历完成: 共 0 篇文章
2026-09-21 13:02:32 [WARNING]   [04_convert-blog.py:stderr] 13:02:32 开始遍历合集 [科技] (album_id=1584782882340978691)
2026-09-21 13:02:32 [WARNING]   [04_convert-blog.py:stderr] 13:02:32   起始日期: 2026-09-21
2026-09-21 13:02:34 [WARNING]   [04_convert-blog.py:stderr] 13:02:34   [科技] 已到达起始日期边界
2026-09-21 13:02:34 [WARNING]   [04_convert-blog.py:stderr] 13:02:34   [科技] 遍历完成: 共 0 篇文章
2026-09-21 13:02:34 [WARNING]   [04_convert-blog.py:stderr] 13:02:34 开始遍历合集 [历史] (album_id=1903521189994545155)
2026-09-21 13:02:34 [WARNING]   [04_convert-blog.py:stderr] 13:02:34   起始日期: 2026-09-21
2026-09-21 13:02:35 [WARNING]   [04_convert-blog.py:stderr] 13:02:35   [历史] 已到达起始日期边界
2026-09-21 13:02:35 [WARNING]   [04_convert-blog.py:stderr] 13:02:35   [历史] 遍历完成: 共 0 篇文章
2026-09-21 13:02:36 [WARNING]   [04_convert-blog.py:stderr] 13:02:36 开始遍历合集 [传媒] (album_id=2046079811625844737)
2026-09-21 13:02:36 [WARNING]   [04_convert-blog.py:stderr] 13:02:36   起始日期: 2026-09-21
2026-09-21 13:02:38 [WARNING]   [04_convert-blog.py:stderr] 13:02:38   [传媒] 已到达起始日期边界
2026-09-21 13:02:38 [WARNING]   [04_convert-blog.py:stderr] 13:02:38   [传媒] 遍历完成: 共 0 篇文章
2026-09-21 13:02:38 [WARNING]   [04_convert-blog.py:stderr] 13:02:38 ═══ 全部合集遍历完成: 共 0 篇不重复文章 ═══
2026-09-21 13:02:38 [WARNING]   [04_convert-blog.py:stderr] 13:02:38 合集中没有符合条件的文章
2026-09-21 13:02:38 [WARNING]   [04_convert-blog.py:stderr] 13:02:38 没有可处理的URL
2026-09-21 13:02:39 [DEBUG] 记录任务完成: blog @ 2026-09-21 (v1.24)
2026-09-21 13:02:39 [INFO] [首次启动] 步骤 3/4: Photos 自动同步
2026-09-21 13:02:39 [INFO] -- 开始运行 Photos 自动同步 --
2026-09-21 13:02:39 [INFO]   脚本路径: C:\Users\james\Dropbox\WORKS\SOFT\AI-Python\keepitrun\05_photos-update.py
2026-09-21 13:02:39 [INFO] 执行 05_photos-update.py（第 1/3 次，单次时限 1800 秒）: C:\Users\james\AppData\Local\Programs\Python\Python314\python.exe C:\Users\james\Dropbox\WORKS\SOFT\AI-Python\keepitrun\05_photos-update.py
2026-09-21 13:02:40 [INFO]   [05_photos-update.py] ============================================================
2026-09-21 13:02:40 [INFO]   [05_photos-update.py] 📸 Photos Update — 图片库自动同步工具
2026-09-21 13:02:40 [INFO]   [05_photos-update.py] ============================================================
2026-09-21 13:02:40 [INFO]   [05_photos-update.py] 🔍 自动检测模式
2026-09-21 13:02:40 [INFO]   [05_photos-update.py] 🕐 当前时间: 2026-09-21
2026-09-21 13:02:40 [INFO]   [05_photos-update.py] 📁 检查 lishuhang/photos 最新月份...
2026-09-21 13:02:41 [INFO]   [05_photos-update.py]   最新 JSON 月份: 202609
2026-09-21 13:02:41 [INFO]   [05_photos-update.py] 🔄 按图床配置检查 202609 至 202609
2026-09-21 13:02:41 [INFO]   [05_photos-update.py] ============================================================
2026-09-21 13:02:41 [INFO]   [05_photos-update.py] 📅 检查 2026-09
2026-09-21 13:02:43 [INFO]   [05_photos-update.py]   🔍 扫描 modem-56k/img2@main 的 2026/09 目录...
2026-09-21 13:03:01 [INFO]   [05_photos-update.py]   📷 发现 15 天，共 1014 张图片
2026-09-21 13:03:02 [INFO]   [05_photos-update.py]   ✅ JSON 内容一致，无需更新
2026-09-21 13:03:02 [INFO]   [05_photos-update.py] ✨ 一切已是最新，无需更新
2026-09-21 13:03:02 [INFO] Photos 自动同步完成
2026-09-21 13:03:02 [DEBUG] 记录任务完成: photos_update @ 2026-09-21 (v1.24)
2026-09-21 13:03:02 [INFO] [首次启动] 步骤 4/4: AIGC 早报清理（一次性维护）
2026-09-21 13:03:02 [INFO] -- 开始运行 AIGC 早报清理 (v1.9 一次性) --
2026-09-21 13:03:02 [INFO]   脚本路径: C:\Users\james\Dropbox\WORKS\SOFT\AI-Python\keepitrun\90_cleanup-daily-from-blog.py
2026-09-21 13:03:02 [INFO] 执行 90_cleanup-daily-from-blog.py（第 1/3 次，单次时限 1800 秒）: C:\Users\james\AppData\Local\Programs\Python\Python314\python.exe C:\Users\james\Dropbox\WORKS\SOFT\AI-Python\keepitrun\90_cleanup-daily-from-blog.py --dry-run
2026-09-21 13:03:02 [INFO]   [90_cleanup-daily-from-blog.py] ============================================================
2026-09-21 13:03:02 [INFO]   [90_cleanup-daily-from-blog.py] AIGC 早报清理脚本 (v1.9) - 2026-09-21 13:03:02
2026-09-21 13:03:02 [INFO]   [90_cleanup-daily-from-blog.py] 目标仓库: lishuhang/lishuhang.github.io
2026-09-21 13:03:02 [INFO]   [90_cleanup-daily-from-blog.py] 目标路径: _posts/
2026-09-21 13:03:02 [INFO]   [90_cleanup-daily-from-blog.py] 模式: DRY-RUN (仅列出)
2026-09-21 13:03:02 [INFO]   [90_cleanup-daily-from-blog.py] ============================================================
2026-09-21 13:03:02 [INFO]   [90_cleanup-daily-from-blog.py] [0/3] 探测仓库默认分支...
2026-09-21 13:03:03 [INFO]   [90_cleanup-daily-from-blog.py]   检测到分支: main
2026-09-21 13:03:03 [INFO]   [90_cleanup-daily-from-blog.py] [1/3] 列出 _posts/ 目录下所有 .md 文件 (branch: main)...
2026-09-21 13:03:26 [INFO]   [90_cleanup-daily-from-blog.py]   共 20000 个 .md 文件
2026-09-21 13:03:26 [INFO]   [90_cleanup-daily-from-blog.py] [2/3] 检查每个文件是否为 AIGC 早报...
2026-09-21 13:33:02 [ERROR] 脚本 90_cleanup-daily-from-blog.py 在 1800 秒后超时
2026-09-21 13:33:02 [WARNING] 90_cleanup-daily-from-blog.py 将在 30 秒后重试
2026-09-21 13:33:32 [INFO] 执行 90_cleanup-daily-from-blog.py（第 2/3 次，单次时限 1800 秒）: C:\Users\james\AppData\Local\Programs\Python\Python314\python.exe C:\Users\james\Dropbox\WORKS\SOFT\AI-Python\keepitrun\90_cleanup-daily-from-blog.py --dry-run
2026-09-21 13:33:32 [INFO]   [90_cleanup-daily-from-blog.py] ============================================================
2026-09-21 13:33:32 [INFO]   [90_cleanup-daily-from-blog.py] AIGC 早报清理脚本 (v1.9) - 2026-09-21 13:33:32
2026-09-21 13:33:32 [INFO]   [90_cleanup-daily-from-blog.py] 目标仓库: lishuhang/lishuhang.github.io
2026-09-21 13:33:32 [INFO]   [90_cleanup-daily-from-blog.py] 目标路径: _posts/
2026-09-21 13:33:32 [INFO]   [90_cleanup-daily-from-blog.py] 模式: DRY-RUN (仅列出)
2026-09-21 13:33:32 [INFO]   [90_cleanup-daily-from-blog.py] ============================================================
2026-09-21 13:33:32 [INFO]   [90_cleanup-daily-from-blog.py] [0/3] 探测仓库默认分支...
2026-09-21 13:33:33 [INFO]   [90_cleanup-daily-from-blog.py]   检测到分支: main
2026-09-21 13:33:33 [INFO]   [90_cleanup-daily-from-blog.py] [1/3] 列出 _posts/ 目录下所有 .md 文件 (branch: main)...
2026-09-21 13:33:55 [INFO]   [90_cleanup-daily-from-blog.py]   共 20000 个 .md 文件
2026-09-21 13:33:55 [INFO]   [90_cleanup-daily-from-blog.py] [2/3] 检查每个文件是否为 AIGC 早报...
2026-09-21 14:03:32 [ERROR] 脚本 90_cleanup-daily-from-blog.py 在 1800 秒后超时
2026-09-21 14:03:32 [WARNING] 90_cleanup-daily-from-blog.py 将在 60 秒后重试
2026-09-21 14:04:32 [INFO] 执行 90_cleanup-daily-from-blog.py（第 3/3 次，单次时限 1800 秒）: C:\Users\james\AppData\Local\Programs\Python\Python314\python.exe C:\Users\james\Dropbox\WORKS\SOFT\AI-Python\keepitrun\90_cleanup-daily-from-blog.py --dry-run
2026-09-21 14:04:32 [INFO]   [90_cleanup-daily-from-blog.py] ============================================================
2026-09-21 14:04:32 [INFO]   [90_cleanup-daily-from-blog.py] AIGC 早报清理脚本 (v1.9) - 2026-09-21 14:04:32
2026-09-21 14:04:32 [INFO]   [90_cleanup-daily-from-blog.py] 目标仓库: lishuhang/lishuhang.github.io
2026-09-21 14:04:32 [INFO]   [90_cleanup-daily-from-blog.py] 目标路径: _posts/
2026-09-21 14:04:32 [INFO]   [90_cleanup-daily-from-blog.py] 模式: DRY-RUN (仅列出)
2026-09-21 14:04:32 [INFO]   [90_cleanup-daily-from-blog.py] ============================================================
2026-09-21 14:04:32 [INFO]   [90_cleanup-daily-from-blog.py] [0/3] 探测仓库默认分支...
2026-09-21 14:04:33 [INFO]   [90_cleanup-daily-from-blog.py]   检测到分支: main
2026-09-21 14:04:33 [INFO]   [90_cleanup-daily-from-blog.py] [1/3] 列出 _posts/ 目录下所有 .md 文件 (branch: main)...
2026-09-21 14:04:55 [INFO]   [90_cleanup-daily-from-blog.py]   共 20000 个 .md 文件
2026-09-21 14:04:55 [INFO]   [90_cleanup-daily-from-blog.py] [2/3] 检查每个文件是否为 AIGC 早报...
2026-09-21 14:34:32 [ERROR] 脚本 90_cleanup-daily-from-blog.py 在 1800 秒后超时
2026-09-21 14:34:32 [ERROR] [cleanup] 预览失败，停止实际删除
2026-09-21 14:34:32 [INFO] ============================================================
2026-09-21 14:34:32 [INFO] 首次启动全部任务执行完毕，进入定时调度模式
2026-09-21 14:34:32 [INFO] ============================================================
2026-09-21 15:00:02 [INFO] 任务 photos_update 今天已完成 (v1.24), already_done
2026-09-21 15:00:32 [INFO] 任务 photos_update 今天已完成 (v1.24), already_done
2026-09-22 00:00:02 [INFO] 日志归档: 移动了 1 个超过 7 天的日志到 logs/archive/
2026-09-22 02:00:02 [INFO] >>> 触发 02:00 RSS 抓取 (第1次)
2026-09-22 02:00:02 [INFO] 执行 01_getrss.py（第 1/3 次，单次时限 1200 秒）: C:\Users\james\AppData\Local\Programs\Python\Python314\python.exe C:\Users\james\Dropbox\WORKS\SOFT\AI-Python\keepitrun\01_getrss.py
2026-09-22 02:00:03 [WARNING]   [01_getrss.py:stderr] 2026-09-22 02:00:03,211 - INFO - 开始执行 RSS 处理脚本
2026-09-22 02:00:03 [WARNING]   [01_getrss.py:stderr] 2026-09-22 02:00:03,245 - INFO - 加载了 39 个 RSS 源
2026-09-22 02:00:03 [WARNING]   [01_getrss.py:stderr] 2026-09-22 02:00:03,245 - INFO - 加载了 424 个关键词
2026-09-22 02:00:03 [WARNING]   [01_getrss.py:stderr] 2026-09-22 02:00:03,245 - INFO - 正在获取 RSS 源: http://feeds.feedburner.com/CBer
2026-09-22 02:00:03 [WARNING]   [01_getrss.py:stderr] 2026-09-22 02:00:03,490 - INFO - 从 http://feeds.feedburner.com/CBer 获取到 20 个条目
2026-09-22 02:00:03 [WARNING]   [01_getrss.py:stderr] 2026-09-22 02:00:03,490 - INFO - 正在获取 RSS 源: http://techmeme.com/feed.xml
2026-09-22 02:00:03 [WARNING]   [01_getrss.py:stderr] 2026-09-22 02:00:03,985 - INFO - 从 http://techmeme.com/feed.xml 获取到 15 个条目
2026-09-22 02:00:03 [WARNING]   [01_getrss.py:stderr] 2026-09-22 02:00:03,986 - INFO - 从 Techmeme RSS 摘要提取原始文章链接: www.axios.com
2026-09-22 02:00:03 [WARNING]   [01_getrss.py:stderr] 2026-09-22 02:00:03,987 - INFO - 从 Techmeme RSS 摘要提取原始文章链接: www.barrons.com
2026-09-22 02:00:03 [WARNING]   [01_getrss.py:stderr] 2026-09-22 02:00:03,987 - INFO - 从 Techmeme RSS 摘要提取原始文章链接: therecord.media
2026-09-22 02:00:03 [WARNING]   [01_getrss.py:stderr] 2026-09-22 02:00:03,988 - INFO - 从 Techmeme RSS 摘要提取原始文章链接: www.reuters.com
2026-09-22 02:00:03 [WARNING]   [01_getrss.py:stderr] 2026-09-22 02:00:03,989 - INFO - 从 Techmeme RSS 摘要提取原始文章链接: x.ai
2026-09-22 02:00:03 [WARNING]   [01_getrss.py:stderr] 2026-09-22 02:00:03,990 - INFO - 从 Techmeme RSS 摘要提取原始文章链接: www.macstories.net
2026-09-22 02:00:03 [WARNING]   [01_getrss.py:stderr] 2026-09-22 02:00:03,991 - INFO - 从 Techmeme RSS 摘要提取原始文章链接: www.axios.com
2026-09-22 02:00:03 [WARNING]   [01_getrss.py:stderr] 2026-09-22 02:00:03,991 - INFO - 从 Techmeme RSS 摘要提取原始文章链接: www.reuters.com
2026-09-22 02:00:03 [WARNING]   [01_getrss.py:stderr] 2026-09-22 02:00:03,992 - INFO - 从 Techmeme RSS 摘要提取原始文章链接: www.theinformation.com
2026-09-22 02:00:03 [WARNING]   [01_getrss.py:stderr] 2026-09-22 02:00:03,993 - INFO - 从 Techmeme RSS 摘要提取原始文章链接: www.theverge.com
2026-09-22 02:00:03 [WARNING]   [01_getrss.py:stderr] 2026-09-22 02:00:03,994 - INFO - 从 Techmeme RSS 摘要提取原始文章链接: www.bloomberg.com
2026-09-22 02:00:03 [WARNING]   [01_getrss.py:stderr] 2026-09-22 02:00:03,994 - INFO - 从 Techmeme RSS 摘要提取原始文章链接: www.bloomberg.com
2026-09-22 02:00:03 [WARNING]   [01_getrss.py:stderr] 2026-09-22 02:00:03,995 - INFO - 从 Techmeme RSS 摘要提取原始文章链接: www.theverge.com
2026-09-22 02:00:03 [WARNING]   [01_getrss.py:stderr] 2026-09-22 02:00:03,996 - INFO - 从 Techmeme RSS 摘要提取原始文章链接: www.ft.com
2026-09-22 02:00:03 [WARNING]   [01_getrss.py:stderr] 2026-09-22 02:00:03,997 - INFO - 从 Techmeme RSS 摘要提取原始文章链接: www.tomshardware.com
2026-09-22 02:00:03 [WARNING]   [01_getrss.py:stderr] 2026-09-22 02:00:03,997 - INFO - 正在获取 RSS 源: https://techcrunch.com/feed/
2026-09-22 02:00:04 [WARNING]   [01_getrss.py:stderr] 2026-09-22 02:00:04,076 - INFO - 从 https://techcrunch.com/feed/ 获取到 20 个条目
2026-09-22 02:00:04 [WARNING]   [01_getrss.py:stderr] 2026-09-22 02:00:04,076 - INFO - 正在获取 RSS 源: https://feeds.arstechnica.com/arstechnica/index/
2026-09-22 02:00:04 [WARNING]   [01_getrss.py:stderr] 2026-09-22 02:00:04,183 - INFO - 从 https://feeds.arstechnica.com/arstechnica/index/ 获取到 20 个条目
2026-09-22 02:00:04 [WARNING]   [01_getrss.py:stderr] 2026-09-22 02:00:04,183 - INFO - 正在获取 RSS 源: https://www.technologyreview.com/feed/
2026-09-22 02:00:04 [WARNING]   [01_getrss.py:stderr] 2026-09-22 02:00:04,340 - INFO - 从 https://www.technologyreview.com/feed/ 获取到 10 个条目
2026-09-22 02:00:04 [WARNING]   [01_getrss.py:stderr] 2026-09-22 02:00:04,340 - INFO - 正在获取 RSS 源: https://www.engadget.com/rss.xml
2026-09-22 02:00:04 [WARNING]   [01_getrss.py:stderr] 2026-09-22 02:00:04,515 - INFO - 从 https://www.engadget.com/rss.xml 获取到 20 个条目
2026-09-22 02:00:04 [WARNING]   [01_getrss.py:stderr] 2026-09-22 02:00:04,515 - INFO - 正在获取 RSS 源: http://feeds.feedburner.com/businessinsider/
2026-09-22 02:00:05 [WARNING]   [01_getrss.py:stderr] 2026-09-22 02:00:05,024 - INFO - 从 http://feeds.feedburner.com/businessinsider/ 获取到 50 个条目
2026-09-22 02:00:05 [WARNING]   [01_getrss.py:stderr] 2026-09-22 02:00:05,025 - INFO - 正在获取 RSS 源: https://www.cnet.com/rss/all/
2026-09-22 02:00:05 [WARNING]   [01_getrss.py:stderr] 2026-09-22 02:00:05,115 - INFO - 从 https://www.cnet.com/rss/all/ 获取到 25 个条目
2026-09-22 02:00:05 [WARNING]   [01_getrss.py:stderr] 2026-09-22 02:00:05,115 - INFO - 正在获取 RSS 源: https://www.techradar.com/feeds.xml
2026-09-22 02:00:05 [WARNING]   [01_getrss.py:stderr] 2026-09-22 02:00:05,458 - INFO - 从 https://www.techradar.com/feeds.xml 获取到 50 个条目
2026-09-22 02:00:05 [WARNING]   [01_getrss.py:stderr] 2026-09-22 02:00:05,459 - INFO - 正在获取 RSS 源: https://mashable.com/feeds/rss/all
2026-09-22 02:00:06 [WARNING]   [01_getrss.py:stderr] 2026-09-22 02:00:06,063 - INFO - 从 https://mashable.com/feeds/rss/all 获取到 100 个条目
2026-09-22 02:00:06 [WARNING]   [01_getrss.py:stderr] 2026-09-22 02:00:06,064 - INFO - 正在获取 RSS 源: https://www.theverge.com/rss/index.xml
2026-09-22 02:00:06 [WARNING]   [01_getrss.py:stderr] 2026-09-22 02:00:06,139 - INFO - 从 https://www.theverge.com/rss/index.xml 获取到 10 个条目
2026-09-22 02:00:06 [WARNING]   [01_getrss.py:stderr] 2026-09-22 02:00:06,139 - INFO - 正在获取 RSS 源: https://www.wired.com/feed/tag/ai/latest/rss
2026-09-22 02:00:06 [WARNING]   [01_getrss.py:stderr] 2026-09-22 02:00:06,288 - INFO - 从 https://www.wired.com/feed/tag/ai/latest/rss 获取到 10 个条目
2026-09-22 02:00:06 [WARNING]   [01_getrss.py:stderr] 2026-09-22 02:00:06,289 - INFO - 正在获取 RSS 源: https://feeds.bbci.co.uk/news/technology/rss.xml
2026-09-22 02:00:06 [WARNING]   [01_getrss.py:stderr] 2026-09-22 02:00:06,385 - INFO - 从 https://feeds.bbci.co.uk/news/technology/rss.xml 获取到 21 个条目
2026-09-22 02:00:06 [WARNING]   [01_getrss.py:stderr] 2026-09-22 02:00:06,386 - INFO - 正在获取 RSS 源: https://www.economist.com/science-and-technology/rss.xml
2026-09-22 02:00:06 [WARNING]   [01_getrss.py:stderr] 2026-09-22 02:00:06,664 - WARNING - RSS 源 https://www.economist.com/science-and-technology/rss.xml 解析时出现问题: document declared as us-ascii, but parsed as utf-8
2026-09-22 02:00:06 [WARNING]   [01_getrss.py:stderr] 2026-09-22 02:00:06,664 - INFO - 从 https://www.economist.com/science-and-technology/rss.xml 获取到 300 个条目
2026-09-22 02:00:06 [WARNING]   [01_getrss.py:stderr] 2026-09-22 02:00:06,665 - INFO - 正在获取 RSS 源: https://www.economist.com/business/rss.xml
2026-09-22 02:00:06 [WARNING]   [01_getrss.py:stderr] 2026-09-22 02:00:06,846 - WARNING - RSS 源 https://www.economist.com/business/rss.xml 解析时出现问题: document declared as us-ascii, but parsed as utf-8
2026-09-22 02:00:06 [WARNING]   [01_getrss.py:stderr] 2026-09-22 02:00:06,846 - INFO - 从 https://www.economist.com/business/rss.xml 获取到 300 个条目
2026-09-22 02:00:06 [WARNING]   [01_getrss.py:stderr] 2026-09-22 02:00:06,847 - INFO - 正在获取 RSS 源: https://www.economist.com/international/rss.xml
2026-09-22 02:00:07 [WARNING]   [01_getrss.py:stderr] 2026-09-22 02:00:07,052 - WARNING - RSS 源 https://www.economist.com/international/rss.xml 解析时出现问题: document declared as us-ascii, but parsed as utf-8
2026-09-22 02:00:07 [WARNING]   [01_getrss.py:stderr] 2026-09-22 02:00:07,052 - INFO - 从 https://www.economist.com/international/rss.xml 获取到 300 个条目
2026-09-22 02:00:07 [WARNING]   [01_getrss.py:stderr] 2026-09-22 02:00:07,054 - INFO - 正在获取 RSS 源: https://www.economist.com/china/rss.xml
2026-09-22 02:00:07 [WARNING]   [01_getrss.py:stderr] 2026-09-22 02:00:07,256 - WARNING - RSS 源 https://www.economist.com/china/rss.xml 解析时出现问题: document declared as us-ascii, but parsed as utf-8
2026-09-22 02:00:07 [WARNING]   [01_getrss.py:stderr] 2026-09-22 02:00:07,256 - INFO - 从 https://www.economist.com/china/rss.xml 获取到 300 个条目
2026-09-22 02:00:07 [WARNING]   [01_getrss.py:stderr] 2026-09-22 02:00:07,257 - INFO - 正在获取 RSS 源: https://arstechnica.com/feed/
2026-09-22 02:00:07 [WARNING]   [01_getrss.py:stderr] 2026-09-22 02:00:07,669 - INFO - 从 https://arstechnica.com/feed/ 获取到 20 个条目
2026-09-22 02:00:07 [WARNING]   [01_getrss.py:stderr] 2026-09-22 02:00:07,670 - INFO - 正在获取 RSS 源: https://www.google.com/alerts/feeds/00120727335941528291/15923614493533912620
2026-09-22 02:00:07 [WARNING]   [01_getrss.py:stderr] 2026-09-22 02:00:07,940 - INFO - 从 https://www.google.com/alerts/feeds/00120727335941528291/15923614493533912620 获取到 20 个条目
2026-09-22 02:00:07 [WARNING]   [01_getrss.py:stderr] 2026-09-22 02:00:07,940 - INFO - 正在获取 RSS 源: https://36kr.com/feed-newsflash
2026-09-22 02:00:08 [WARNING]   [01_getrss.py:stderr] 2026-09-22 02:00:08,790 - WARNING - RSS 源 https://36kr.com/feed-newsflash 解析时出现问题: <unknown>:10:542: not well-formed (invalid token)
2026-09-22 02:00:08 [WARNING]   [01_getrss.py:stderr] 2026-09-22 02:00:08,790 - WARNING - RSS 源 https://36kr.com/feed-newsflash 没有返回条目
2026-09-22 02:00:08 [WARNING]   [01_getrss.py:stderr] 2026-09-22 02:00:08,790 - INFO - 正在获取 RSS 源: https://36kr.com/feed-article
2026-09-22 02:00:09 [WARNING]   [01_getrss.py:stderr] 2026-09-22 02:00:09,607 - WARNING - RSS 源 https://36kr.com/feed-article 解析时出现问题: <unknown>:10:542: not well-formed (invalid token)
2026-09-22 02:00:09 [WARNING]   [01_getrss.py:stderr] 2026-09-22 02:00:09,607 - WARNING - RSS 源 https://36kr.com/feed-article 没有返回条目
2026-09-22 02:00:09 [WARNING]   [01_getrss.py:stderr] 2026-09-22 02:00:09,607 - INFO - 正在获取 RSS 源: https://www.ithome.com/rss/
2026-09-22 02:00:11 [WARNING]   [01_getrss.py:stderr] 2026-09-22 02:00:11,555 - INFO - 从 https://www.ithome.com/rss/ 获取到 60 个条目
2026-09-22 02:00:11 [WARNING]   [01_getrss.py:stderr] 2026-09-22 02:00:11,556 - INFO - 正在获取 RSS 源: https://rss.mydrivers.com/Rss.aspx?Tid=1
2026-09-22 02:00:12 [WARNING]   [01_getrss.py:stderr] 2026-09-22 02:00:12,720 - INFO - 从 https://rss.mydrivers.com/Rss.aspx?Tid=1 获取到 100 个条目
2026-09-22 02:00:12 [WARNING]   [01_getrss.py:stderr] 2026-09-22 02:00:12,721 - INFO - 正在获取 RSS 源: https://www.solidot.org/index.rss
2026-09-22 02:00:14 [WARNING]   [01_getrss.py:stderr] 2026-09-22 02:00:14,413 - INFO - 从 https://www.solidot.org/index.rss 获取到 20 个条目
2026-09-22 02:00:14 [WARNING]   [01_getrss.py:stderr] 2026-09-22 02:00:14,414 - INFO - 正在获取 RSS 源: https://www.geekpark.net/rss
2026-09-22 02:00:49 [WARNING]   [01_getrss.py:stderr] 2026-09-22 02:00:49,080 - INFO - 从 https://www.geekpark.net/rss 获取到 30 个条目
2026-09-22 02:00:49 [WARNING]   [01_getrss.py:stderr] 2026-09-22 02:00:49,081 - INFO - 正在获取 RSS 源: https://www.ifanr.com/feed
2026-09-22 02:00:50 [WARNING]   [01_getrss.py:stderr] 2026-09-22 02:00:50,280 - INFO - 从 https://www.ifanr.com/feed 获取到 20 个条目
2026-09-22 02:00:50 [WARNING]   [01_getrss.py:stderr] 2026-09-22 02:00:50,280 - INFO - 正在获取 RSS 源: https://www.tmtpost.com/rss.xml
2026-09-22 02:00:53 [WARNING]   [01_getrss.py:stderr] 2026-09-22 02:00:53,533 - INFO - 从 https://www.tmtpost.com/rss.xml 获取到 17 个条目
2026-09-22 02:00:53 [WARNING]   [01_getrss.py:stderr] 2026-09-22 02:00:53,533 - INFO - 正在获取 RSS 源: https://rss.huxiu.com/
2026-09-22 02:00:54 [WARNING]   [01_getrss.py:stderr] 2026-09-22 02:00:54,516 - INFO - 从 https://rss.huxiu.com/ 获取到 3 个条目
2026-09-22 02:00:54 [WARNING]   [01_getrss.py:stderr] 2026-09-22 02:00:54,516 - INFO - 正在获取 RSS 源: https://www.qbitai.com/feed
2026-09-22 02:00:55 [WARNING]   [01_getrss.py:stderr] 2026-09-22 02:00:55,808 - INFO - 从 https://www.qbitai.com/feed 获取到 10 个条目
2026-09-22 02:00:55 [WARNING]   [01_getrss.py:stderr] 2026-09-22 02:00:55,809 - INFO - 正在获取 RSS 源: https://www.leiphone.com/feed/
2026-09-22 02:00:58 [WARNING]   [01_getrss.py:stderr] 2026-09-22 02:00:58,234 - INFO - 从 https://www.leiphone.com/feed/ 获取到 20 个条目
2026-09-22 02:00:58 [WARNING]   [01_getrss.py:stderr] 2026-09-22 02:00:58,235 - INFO - 正在获取 RSS 源: https://plink.anyfeeder.com/mittrchina/hot
2026-09-22 02:00:58 [WARNING]   [01_getrss.py:stderr] 2026-09-22 02:00:58,468 - INFO - 从 https://plink.anyfeeder.com/mittrchina/hot 获取到 10 个条目
2026-09-22 02:00:58 [WARNING]   [01_getrss.py:stderr] 2026-09-22 02:00:58,468 - INFO - 正在获取 RSS 源: https://sspai.com/feed
2026-09-22 02:01:00 [WARNING]   [01_getrss.py:stderr] 2026-09-22 02:01:00,286 - INFO - 从 https://sspai.com/feed 获取到 10 个条目
2026-09-22 02:01:00 [WARNING]   [01_getrss.py:stderr] 2026-09-22 02:01:00,287 - INFO - 正在获取 RSS 源: https://v2ex.com/index.xml
2026-09-22 02:01:00 [WARNING]   [01_getrss.py:stderr] 2026-09-22 02:01:00,571 - INFO - 从 https://v2ex.com/index.xml 获取到 50 个条目
2026-09-22 02:01:00 [WARNING]   [01_getrss.py:stderr] 2026-09-22 02:01:00,571 - INFO - 正在获取 RSS 源: https://plink.anyfeeder.com/zaobao/realtime/china
2026-09-22 02:01:00 [WARNING]   [01_getrss.py:stderr] 2026-09-22 02:01:00,792 - INFO - 从 https://plink.anyfeeder.com/zaobao/realtime/china 获取到 24 个条目
2026-09-22 02:01:00 [WARNING]   [01_getrss.py:stderr] 2026-09-22 02:01:00,792 - INFO - 正在获取 RSS 源: https://plink.anyfeeder.com/zaobao/realtime/world
2026-09-22 02:01:01 [WARNING]   [01_getrss.py:stderr] 2026-09-22 02:01:01,165 - INFO - 从 https://plink.anyfeeder.com/zaobao/realtime/world 获取到 24 个条目
2026-09-22 02:01:01 [WARNING]   [01_getrss.py:stderr] 2026-09-22 02:01:01,165 - INFO - 正在获取 RSS 源: https://hnrss.org/frontpage
2026-09-22 02:01:10 [WARNING]   [01_getrss.py:stderr] 2026-09-22 02:01:10,274 - INFO - 从 https://hnrss.org/frontpage 获取到 20 个条目
2026-09-22 02:01:10 [WARNING]   [01_getrss.py:stderr] 2026-09-22 02:01:10,274 - INFO - 正在获取 RSS 源: https://www.jiqizhixin.com/feed
2026-09-22 02:01:10 [WARNING]   [01_getrss.py:stderr] 2026-09-22 02:01:10,983 - WARNING - RSS 源 https://www.jiqizhixin.com/feed 解析时出现问题: <unknown>:8:82: not well-formed (invalid token)
2026-09-22 02:01:10 [WARNING]   [01_getrss.py:stderr] 2026-09-22 02:01:10,983 - WARNING - RSS 源 https://www.jiqizhixin.com/feed 没有返回条目
2026-09-22 02:01:10 [WARNING]   [01_getrss.py:stderr] 2026-09-22 02:01:10,983 - INFO - 正在获取 RSS 源: https://blogs.nvidia.com/feed/
2026-09-22 02:01:11 [WARNING]   [01_getrss.py:stderr] 2026-09-22 02:01:11,185 - INFO - 从 https://blogs.nvidia.com/feed/ 获取到 18 个条目
2026-09-22 02:01:11 [WARNING]   [01_getrss.py:stderr] 2026-09-22 02:01:11,185 - INFO - 正在获取 RSS 源: https://ai.googleblog.com/feeds/posts/default
2026-09-22 02:01:11 [WARNING]   [01_getrss.py:stderr] 2026-09-22 02:01:11,341 - WARNING - RSS 源 https://ai.googleblog.com/feeds/posts/default 解析时出现问题: <unknown>:4:31: mismatched tag
2026-09-22 02:01:11 [WARNING]   [01_getrss.py:stderr] 2026-09-22 02:01:11,341 - WARNING - RSS 源 https://ai.googleblog.com/feeds/posts/default 没有返回条目
2026-09-22 02:01:11 [WARNING]   [01_getrss.py:stderr] 2026-09-22 02:01:11,341 - INFO - 总共获取到 564 个有效条目
2026-09-22 02:01:11 [WARNING]   [01_getrss.py:stderr] 2026-09-22 02:01:11,370 - INFO - 关键词过滤后剩余 327 个条目
2026-09-22 02:01:11 [WARNING]   [01_getrss.py:stderr] 2026-09-22 02:01:11,374 - INFO - 解析 Google 重定向链接为原始地址
2026-09-22 02:01:11 [WARNING]   [01_getrss.py:stderr] 2026-09-22 02:01:11,374 - INFO - 解析 Google 重定向链接为原始地址
2026-09-22 02:01:11 [WARNING]   [01_getrss.py:stderr] 2026-09-22 02:01:11,374 - INFO - 解析 Google 重定向链接为原始地址
2026-09-22 02:01:11 [WARNING]   [01_getrss.py:stderr] 2026-09-22 02:01:11,375 - INFO - 解析 Google 重定向链接为原始地址
2026-09-22 02:01:11 [WARNING]   [01_getrss.py:stderr] 2026-09-22 02:01:11,375 - INFO - 解析 Google 重定向链接为原始地址
2026-09-22 02:01:11 [WARNING]   [01_getrss.py:stderr] 2026-09-22 02:01:11,375 - INFO - 解析 Google 重定向链接为原始地址
2026-09-22 02:01:11 [WARNING]   [01_getrss.py:stderr] 2026-09-22 02:01:11,375 - INFO - 解析 Google 重定向链接为原始地址
2026-09-22 02:01:11 [WARNING]   [01_getrss.py:stderr] 2026-09-22 02:01:11,375 - INFO - 解析 Google 重定向链接为原始地址
2026-09-22 02:01:11 [WARNING]   [01_getrss.py:stderr] 2026-09-22 02:01:11,375 - INFO - 解析 Google 重定向链接为原始地址
2026-09-22 02:01:11 [WARNING]   [01_getrss.py:stderr] 2026-09-22 02:01:11,375 - INFO - 解析 Google 重定向链接为原始地址
2026-09-22 02:01:11 [WARNING]   [01_getrss.py:stderr] 2026-09-22 02:01:11,375 - INFO - 解析 Google 重定向链接为原始地址
2026-09-22 02:01:11 [WARNING]   [01_getrss.py:stderr] 2026-09-22 02:01:11,376 - INFO - 解析 Google 重定向链接为原始地址
2026-09-22 02:01:11 [WARNING]   [01_getrss.py:stderr] 2026-09-22 02:01:11,376 - INFO - 解析 Google 重定向链接为原始地址
2026-09-22 02:01:11 [WARNING]   [01_getrss.py:stderr] 2026-09-22 02:01:11,376 - INFO - 解析 Google 重定向链接为原始地址
2026-09-22 02:01:11 [WARNING]   [01_getrss.py:stderr] 2026-09-22 02:01:11,376 - INFO - 解析 Google 重定向链接为原始地址
2026-09-22 02:01:11 [WARNING]   [01_getrss.py:stderr] 2026-09-22 02:01:11,376 - INFO - 解析 Google 重定向链接为原始地址
2026-09-22 02:01:11 [WARNING]   [01_getrss.py:stderr] 2026-09-22 02:01:11,376 - INFO - 解析 Google 重定向链接为原始地址
2026-09-22 02:01:11 [WARNING]   [01_getrss.py:stderr] 2026-09-22 02:01:11,377 - INFO - 解析 Google 重定向链接为原始地址
2026-09-22 02:01:11 [WARNING]   [01_getrss.py:stderr] 2026-09-22 02:01:11,384 - INFO - 规范化后得到 327 个候选条目，交由 02 跨批次去重
2026-09-22 02:01:11 [WARNING]   [01_getrss.py:stderr] 2026-09-22 02:01:11,386 - INFO - 处理完成，结果已保存到 C:\Users\james\Dropbox\WORKS\SOFT\AI-Python\keepitrun\tmp\rss_2026-09-22_02-01-11.md
2026-09-22 02:01:11 [INFO]   [01_getrss.py] Processed Markdown saved to C:\Users\james\Dropbox\WORKS\SOFT\AI-Python\keepitrun\tmp\rss_2026-09-22_02-01-11.md
2026-09-22 02:01:11 [DEBUG] 记录任务完成: rss_1 @ 2026-09-22 (v1.24)
2026-09-22 10:05:11 [INFO] >>> 触发 10:05 爬取最新 daily
2026-09-22 10:05:11 [INFO] 执行 03_convert-daily.py（第 1/3 次，单次时限 1800 秒）: C:\Users\james\AppData\Local\Programs\Python\Python314\python.exe C:\Users\james\Dropbox\WORKS\SOFT\AI-Python\keepitrun\03_convert-daily.py --non-interactive
2026-09-22 10:05:12 [WARNING]   [03_convert-daily.py:stderr] 10:05:12 工作目录: C:\Users\james\Dropbox\WORKS\SOFT\AI-Python\keepitrun
2026-09-22 10:05:12 [WARNING]   [03_convert-daily.py:stderr] 10:05:12 日志文件: C:\Users\james\Dropbox\WORKS\SOFT\AI-Python\keepitrun\logs\daily_20260922_100512.log
2026-09-22 10:05:13 [WARNING]   [03_convert-daily.py:stderr] 10:05:13 GitHub 认证成功: lishuhang
2026-09-22 10:05:13 [WARNING]   [03_convert-daily.py:stderr] 10:05:13 ═══ 自动模式 ═══
2026-09-22 10:05:13 [WARNING]   [03_convert-daily.py:stderr] 10:05:13 仓库最新文章: 2026-09-21
2026-09-22 10:05:13 [WARNING]   [03_convert-daily.py:stderr] 10:05:13 开始遍历专辑
2026-09-22 10:05:13 [WARNING]   [03_convert-daily.py:stderr] 10:05:13   起始日期: 2026-09-21
2026-09-22 10:05:15 [WARNING]   [03_convert-daily.py:stderr] 10:05:15 已到达起始日期边界
2026-09-22 10:05:15 [WARNING]   [03_convert-daily.py:stderr] 10:05:15 专辑遍历完成: 共 2 篇文章
2026-09-22 10:05:15 [WARNING]   [03_convert-daily.py:stderr] 10:05:15 发现 1 篇尚未发布的文章
2026-09-22 10:05:15 [WARNING]   [03_convert-daily.py:stderr] 10:05:15 [1/1] 2026-09-22 | 每日 AIGC 早报：2026.9.22
2026-09-22 10:05:15 [WARNING]   [03_convert-daily.py:stderr] 10:05:15 抓取文章: https://mp.weixin.qq.com/s?__biz=MjM5Mjg1ODIxMQ==&mid=2650674716&idx=1&sn=947642...
2026-09-22 10:05:18 [WARNING]   [03_convert-daily.py:stderr] 10:05:18 回退使用 og:image（可能为裁剪版）
2026-09-22 10:05:18 [WARNING]   [03_convert-daily.py:stderr] 10:05:18 下载封面图（JPG）...
2026-09-22 10:05:19 [WARNING]   [03_convert-daily.py:stderr] 10:05:19 本地保存图片: C:\Users\james\Dropbox\WORKS\SOFT\AI-Python\keepitrun\images\2026\09\0922-d.jpg
2026-09-22 10:05:19 [WARNING]   [03_convert-daily.py:stderr] 10:05:19 本地保存Markdown: C:\Users\james\Dropbox\WORKS\SOFT\AI-Python\keepitrun\_posts\2026-09-22-daily.md
2026-09-22 10:05:19 [WARNING]   [03_convert-daily.py:stderr] 10:05:19 图床路由: 2026-09 → lishuhang/img@master
2026-09-22 10:05:21 [WARNING]   [03_convert-daily.py:stderr] 10:05:21 已上传: 2026/09/0922-d.jpg
2026-09-22 10:05:22 [WARNING]   [03_convert-daily.py:stderr] 10:05:22 已上传: _posts/2026-09-22-daily.md
2026-09-22 10:05:22 [WARNING]   [03_convert-daily.py:stderr] 10:05:22 ═══ 完成: 1 成功, 0 跳过, 0 失败 ═══
2026-09-22 10:05:22 [DEBUG] 记录任务完成: daily @ 2026-09-22 (v1.24)
2026-09-22 10:05:22 [INFO] 已将 2 个 blog/daily 文件/目录归档到 C:\Users\james\Dropbox\WORKS\SOFT\AI-Python\keepitrun\archived
2026-09-22 10:10:22 [INFO] >>> 触发 10:10 爬取最新 blog
2026-09-22 10:10:22 [INFO] 执行 04_convert-blog.py（第 1/3 次，单次时限 3600 秒）: C:\Users\james\AppData\Local\Programs\Python\Python314\python.exe C:\Users\james\Dropbox\WORKS\SOFT\AI-Python\keepitrun\04_convert-blog.py album:20260921 --non-interactive
2026-09-22 10:10:22 [WARNING]   [04_convert-blog.py:stderr] C:\Users\james\Dropbox\WORKS\SOFT\AI-Python\keepitrun\04_convert-blog.py:28: SyntaxWarning: "\s" is an invalid escape sequence. Such sequences will not work in the future. Did you mean "\\s"? A raw string is also an option.
2026-09-22 10:10:22 [WARNING]   [04_convert-blog.py:stderr]   - _is_daily_report_title(): \u5339\u914d "\u6bcf\u65e5\s*AIGC\s*\u65e9\u62a5" (\u5927\u5c0f\u5199\u4e0d\u654f\u611f\uff0c\u517c\u5bb9\u5404\u79cd\u7a7a\u683c)
2026-09-22 10:10:23 [WARNING]   [04_convert-blog.py:stderr] 10:10:23 工作目录: C:\Users\james\Dropbox\WORKS\SOFT\AI-Python\keepitrun
2026-09-22 10:10:23 [WARNING]   [04_convert-blog.py:stderr] 10:10:23 日志文件: C:\Users\james\Dropbox\WORKS\SOFT\AI-Python\keepitrun\logs\blog_20260922_101023.log
2026-09-22 10:10:23 [WARNING]   [04_convert-blog.py:stderr] 10:10:23 合集模式: 自 2026-09-21
2026-09-22 10:10:23 [WARNING]   [04_convert-blog.py:stderr] 10:10:23 ═══ 开始遍历全部 7 个合集 ═══
2026-09-22 10:10:23 [WARNING]   [04_convert-blog.py:stderr] 10:10:23 开始遍历合集 [新闻实验室] (album_id=3902494251036180488)
2026-09-22 10:10:23 [WARNING]   [04_convert-blog.py:stderr] 10:10:23   起始日期: 2026-09-21
2026-09-22 10:10:24 [WARNING]   [04_convert-blog.py:stderr] 10:10:24   [新闻实验室] 已到达起始日期边界
2026-09-22 10:10:24 [WARNING]   [04_convert-blog.py:stderr] 10:10:24   [新闻实验室] 遍历完成: 共 0 篇文章
2026-09-22 10:10:25 [WARNING]   [04_convert-blog.py:stderr] 10:10:25 开始遍历合集 [随笔] (album_id=2615905303213441024)
2026-09-22 10:10:25 [WARNING]   [04_convert-blog.py:stderr] 10:10:25   起始日期: 2026-09-21
2026-09-22 10:10:26 [WARNING]   [04_convert-blog.py:stderr] 10:10:26   [随笔] 已到达起始日期边界
2026-09-22 10:10:26 [WARNING]   [04_convert-blog.py:stderr] 10:10:26   [随笔] 遍历完成: 共 0 篇文章
2026-09-22 10:10:26 [WARNING]   [04_convert-blog.py:stderr] 10:10:26 开始遍历合集 [航通社的朋友们] (album_id=3477575130983596037)
2026-09-22 10:10:26 [WARNING]   [04_convert-blog.py:stderr] 10:10:26   起始日期: 2026-09-21
2026-09-22 10:10:28 [WARNING]   [04_convert-blog.py:stderr] 10:10:28   [航通社的朋友们] 已到达起始日期边界
2026-09-22 10:10:28 [WARNING]   [04_convert-blog.py:stderr] 10:10:28   [航通社的朋友们] 遍历完成: 共 0 篇文章
2026-09-22 10:10:28 [WARNING]   [04_convert-blog.py:stderr] 10:10:28 开始遍历合集 [AI] (album_id=1525375142552518658)
2026-09-22 10:10:28 [WARNING]   [04_convert-blog.py:stderr] 10:10:28   起始日期: 2026-09-21
2026-09-22 10:10:29 [WARNING]   [04_convert-blog.py:stderr] 10:10:29   [AI] 已到达起始日期边界
2026-09-22 10:10:29 [WARNING]   [04_convert-blog.py:stderr] 10:10:29   [AI] 遍历完成: 共 0 篇文章
2026-09-22 10:10:30 [WARNING]   [04_convert-blog.py:stderr] 10:10:30 开始遍历合集 [科技] (album_id=1584782882340978691)
2026-09-22 10:10:30 [WARNING]   [04_convert-blog.py:stderr] 10:10:30   起始日期: 2026-09-21
2026-09-22 10:10:31 [WARNING]   [04_convert-blog.py:stderr] 10:10:31   [科技] 已到达起始日期边界
2026-09-22 10:10:31 [WARNING]   [04_convert-blog.py:stderr] 10:10:31   [科技] 遍历完成: 共 0 篇文章
2026-09-22 10:10:32 [WARNING]   [04_convert-blog.py:stderr] 10:10:32 开始遍历合集 [历史] (album_id=1903521189994545155)
2026-09-22 10:10:32 [WARNING]   [04_convert-blog.py:stderr] 10:10:32   起始日期: 2026-09-21
2026-09-22 10:10:34 [WARNING]   [04_convert-blog.py:stderr] 10:10:34   [历史] 已到达起始日期边界
2026-09-22 10:10:34 [WARNING]   [04_convert-blog.py:stderr] 10:10:34   [历史] 遍历完成: 共 0 篇文章
2026-09-22 10:10:34 [WARNING]   [04_convert-blog.py:stderr] 10:10:34 开始遍历合集 [传媒] (album_id=2046079811625844737)
2026-09-22 10:10:34 [WARNING]   [04_convert-blog.py:stderr] 10:10:34   起始日期: 2026-09-21
2026-09-22 10:10:35 [WARNING]   [04_convert-blog.py:stderr] 10:10:35   [传媒] 已到达起始日期边界
2026-09-22 10:10:35 [WARNING]   [04_convert-blog.py:stderr] 10:10:35   [传媒] 遍历完成: 共 0 篇文章
2026-09-22 10:10:36 [WARNING]   [04_convert-blog.py:stderr] 10:10:36 ═══ 全部合集遍历完成: 共 0 篇不重复文章 ═══
2026-09-22 10:10:36 [WARNING]   [04_convert-blog.py:stderr] 10:10:36 合集中没有符合条件的文章
2026-09-22 10:10:36 [WARNING]   [04_convert-blog.py:stderr] 10:10:36 没有可处理的URL
2026-09-22 10:10:36 [DEBUG] 记录任务完成: blog @ 2026-09-22 (v1.24)
2026-09-22 14:00:06 [INFO] >>> 触发 14:00 RSS 抓取 (第2次)
2026-09-22 14:00:06 [INFO] 执行 01_getrss.py（第 1/3 次，单次时限 1200 秒）: C:\Users\james\AppData\Local\Programs\Python\Python314\python.exe C:\Users\james\Dropbox\WORKS\SOFT\AI-Python\keepitrun\01_getrss.py
2026-09-22 14:00:07 [WARNING]   [01_getrss.py:stderr] 2026-09-22 14:00:07,523 - INFO - 开始执行 RSS 处理脚本
2026-09-22 14:00:07 [WARNING]   [01_getrss.py:stderr] 2026-09-22 14:00:07,554 - INFO - 加载了 39 个 RSS 源
2026-09-22 14:00:07 [WARNING]   [01_getrss.py:stderr] 2026-09-22 14:00:07,554 - INFO - 加载了 424 个关键词
2026-09-22 14:00:07 [WARNING]   [01_getrss.py:stderr] 2026-09-22 14:00:07,554 - INFO - 正在获取 RSS 源: http://feeds.feedburner.com/CBer
2026-09-22 14:00:07 [WARNING]   [01_getrss.py:stderr] 2026-09-22 14:00:07,794 - INFO - 从 http://feeds.feedburner.com/CBer 获取到 20 个条目
2026-09-22 14:00:07 [WARNING]   [01_getrss.py:stderr] 2026-09-22 14:00:07,795 - INFO - 正在获取 RSS 源: http://techmeme.com/feed.xml
2026-09-22 14:00:08 [WARNING]   [01_getrss.py:stderr] 2026-09-22 14:00:08,083 - INFO - 从 http://techmeme.com/feed.xml 获取到 15 个条目
2026-09-22 14:00:08 [WARNING]   [01_getrss.py:stderr] 2026-09-22 14:00:08,084 - INFO - 从 Techmeme RSS 摘要提取原始文章链接: www.axios.com
2026-09-22 14:00:08 [WARNING]   [01_getrss.py:stderr] 2026-09-22 14:00:08,085 - INFO - 从 Techmeme RSS 摘要提取原始文章链接: www.nytimes.com
2026-09-22 14:00:08 [WARNING]   [01_getrss.py:stderr] 2026-09-22 14:00:08,086 - INFO - 从 Techmeme RSS 摘要提取原始文章链接: 9to5mac.com
2026-09-22 14:00:08 [WARNING]   [01_getrss.py:stderr] 2026-09-22 14:00:08,087 - INFO - 从 Techmeme RSS 摘要提取原始文章链接: www.bloomberg.com
2026-09-22 14:00:08 [WARNING]   [01_getrss.py:stderr] 2026-09-22 14:00:08,087 - INFO - 从 Techmeme RSS 摘要提取原始文章链接: www.reuters.com
2026-09-22 14:00:08 [WARNING]   [01_getrss.py:stderr] 2026-09-22 14:00:08,088 - INFO - 从 Techmeme RSS 摘要提取原始文章链接: www.bloomberg.com
2026-09-22 14:00:08 [WARNING]   [01_getrss.py:stderr] 2026-09-22 14:00:08,089 - INFO - 从 Techmeme RSS 摘要提取原始文章链接: www.theinformation.com
2026-09-22 14:00:08 [WARNING]   [01_getrss.py:stderr] 2026-09-22 14:00:08,089 - INFO - 从 Techmeme RSS 摘要提取原始文章链接: venturebeat.com
2026-09-22 14:00:08 [WARNING]   [01_getrss.py:stderr] 2026-09-22 14:00:08,090 - INFO - 从 Techmeme RSS 摘要提取原始文章链接: www.wsj.com
2026-09-22 14:00:08 [WARNING]   [01_getrss.py:stderr] 2026-09-22 14:00:08,091 - INFO - 从 Techmeme RSS 摘要提取原始文章链接: arstechnica.com
2026-09-22 14:00:08 [WARNING]   [01_getrss.py:stderr] 2026-09-22 14:00:08,092 - INFO - 从 Techmeme RSS 摘要提取原始文章链接: www.wsj.com
2026-09-22 14:00:08 [WARNING]   [01_getrss.py:stderr] 2026-09-22 14:00:08,093 - INFO - 从 Techmeme RSS 摘要提取原始文章链接: mimo.xiaomi.com
2026-09-22 14:00:08 [WARNING]   [01_getrss.py:stderr] 2026-09-22 14:00:08,094 - INFO - 从 Techmeme RSS 摘要提取原始文章链接: www.bloomberg.com
2026-09-22 14:00:08 [WARNING]   [01_getrss.py:stderr] 2026-09-22 14:00:08,095 - INFO - 从 Techmeme RSS 摘要提取原始文章链接: www.nytimes.com
2026-09-22 14:00:08 [WARNING]   [01_getrss.py:stderr] 2026-09-22 14:00:08,096 - INFO - 从 Techmeme RSS 摘要提取原始文章链接: www.reuters.com
2026-09-22 14:00:08 [WARNING]   [01_getrss.py:stderr] 2026-09-22 14:00:08,096 - INFO - 正在获取 RSS 源: https://techcrunch.com/feed/
2026-09-22 14:00:08 [WARNING]   [01_getrss.py:stderr] 2026-09-22 14:00:08,227 - INFO - 从 https://techcrunch.com/feed/ 获取到 20 个条目
2026-09-22 14:00:08 [WARNING]   [01_getrss.py:stderr] 2026-09-22 14:00:08,228 - INFO - 正在获取 RSS 源: https://feeds.arstechnica.com/arstechnica/index/
2026-09-22 14:00:08 [WARNING]   [01_getrss.py:stderr] 2026-09-22 14:00:08,374 - INFO - 从 https://feeds.arstechnica.com/arstechnica/index/ 获取到 20 个条目
2026-09-22 14:00:08 [WARNING]   [01_getrss.py:stderr] 2026-09-22 14:00:08,374 - INFO - 正在获取 RSS 源: https://www.technologyreview.com/feed/
2026-09-22 14:00:08 [WARNING]   [01_getrss.py:stderr] 2026-09-22 14:00:08,546 - INFO - 从 https://www.technologyreview.com/feed/ 获取到 10 个条目
2026-09-22 14:00:08 [WARNING]   [01_getrss.py:stderr] 2026-09-22 14:00:08,547 - INFO - 正在获取 RSS 源: https://www.engadget.com/rss.xml
2026-09-22 14:00:08 [WARNING]   [01_getrss.py:stderr] 2026-09-22 14:00:08,696 - INFO - 从 https://www.engadget.com/rss.xml 获取到 20 个条目
2026-09-22 14:00:08 [WARNING]   [01_getrss.py:stderr] 2026-09-22 14:00:08,696 - INFO - 正在获取 RSS 源: http://feeds.feedburner.com/businessinsider/
2026-09-22 14:00:09 [WARNING]   [01_getrss.py:stderr] 2026-09-22 14:00:09,223 - INFO - 从 http://feeds.feedburner.com/businessinsider/ 获取到 50 个条目
2026-09-22 14:00:09 [WARNING]   [01_getrss.py:stderr] 2026-09-22 14:00:09,224 - INFO - 正在获取 RSS 源: https://www.cnet.com/rss/all/
2026-09-22 14:00:09 [WARNING]   [01_getrss.py:stderr] 2026-09-22 14:00:09,495 - INFO - 从 https://www.cnet.com/rss/all/ 获取到 25 个条目
2026-09-22 14:00:09 [WARNING]   [01_getrss.py:stderr] 2026-09-22 14:00:09,495 - INFO - 正在获取 RSS 源: https://www.techradar.com/feeds.xml
2026-09-22 14:00:09 [WARNING]   [01_getrss.py:stderr] 2026-09-22 14:00:09,851 - INFO - 从 https://www.techradar.com/feeds.xml 获取到 50 个条目
2026-09-22 14:00:09 [WARNING]   [01_getrss.py:stderr] 2026-09-22 14:00:09,852 - INFO - 正在获取 RSS 源: https://mashable.com/feeds/rss/all
2026-09-22 14:00:10 [WARNING]   [01_getrss.py:stderr] 2026-09-22 14:00:10,350 - INFO - 从 https://mashable.com/feeds/rss/all 获取到 100 个条目
2026-09-22 14:00:10 [WARNING]   [01_getrss.py:stderr] 2026-09-22 14:00:10,350 - INFO - 正在获取 RSS 源: https://www.theverge.com/rss/index.xml
2026-09-22 14:00:10 [WARNING]   [01_getrss.py:stderr] 2026-09-22 14:00:10,499 - INFO - 从 https://www.theverge.com/rss/index.xml 获取到 10 个条目
2026-09-22 14:00:10 [WARNING]   [01_getrss.py:stderr] 2026-09-22 14:00:10,500 - INFO - 正在获取 RSS 源: https://www.wired.com/feed/tag/ai/latest/rss
2026-09-22 14:00:10 [WARNING]   [01_getrss.py:stderr] 2026-09-22 14:00:10,638 - INFO - 从 https://www.wired.com/feed/tag/ai/latest/rss 获取到 10 个条目
2026-09-22 14:00:10 [WARNING]   [01_getrss.py:stderr] 2026-09-22 14:00:10,638 - INFO - 正在获取 RSS 源: https://feeds.bbci.co.uk/news/technology/rss.xml
2026-09-22 14:00:10 [WARNING]   [01_getrss.py:stderr] 2026-09-22 14:00:10,698 - INFO - 从 https://feeds.bbci.co.uk/news/technology/rss.xml 获取到 21 个条目
2026-09-22 14:00:10 [WARNING]   [01_getrss.py:stderr] 2026-09-22 14:00:10,698 - INFO - 正在获取 RSS 源: https://www.economist.com/science-and-technology/rss.xml
2026-09-22 14:00:10 [WARNING]   [01_getrss.py:stderr] 2026-09-22 14:00:10,957 - WARNING - RSS 源 https://www.economist.com/science-and-technology/rss.xml 解析时出现问题: document declared as us-ascii, but parsed as utf-8
2026-09-22 14:00:10 [WARNING]   [01_getrss.py:stderr] 2026-09-22 14:00:10,957 - INFO - 从 https://www.economist.com/science-and-technology/rss.xml 获取到 300 个条目
2026-09-22 14:00:10 [WARNING]   [01_getrss.py:stderr] 2026-09-22 14:00:10,958 - INFO - 正在获取 RSS 源: https://www.economist.com/business/rss.xml
2026-09-22 14:00:11 [WARNING]   [01_getrss.py:stderr] 2026-09-22 14:00:11,176 - WARNING - RSS 源 https://www.economist.com/business/rss.xml 解析时出现问题: document declared as us-ascii, but parsed as utf-8
2026-09-22 14:00:11 [WARNING]   [01_getrss.py:stderr] 2026-09-22 14:00:11,176 - INFO - 从 https://www.economist.com/business/rss.xml 获取到 300 个条目
2026-09-22 14:00:11 [WARNING]   [01_getrss.py:stderr] 2026-09-22 14:00:11,177 - INFO - 正在获取 RSS 源: https://www.economist.com/international/rss.xml
2026-09-22 14:00:11 [WARNING]   [01_getrss.py:stderr] 2026-09-22 14:00:11,348 - WARNING - RSS 源 https://www.economist.com/international/rss.xml 解析时出现问题: document declared as us-ascii, but parsed as utf-8
2026-09-22 14:00:11 [WARNING]   [01_getrss.py:stderr] 2026-09-22 14:00:11,348 - INFO - 从 https://www.economist.com/international/rss.xml 获取到 300 个条目
2026-09-22 14:00:11 [WARNING]   [01_getrss.py:stderr] 2026-09-22 14:00:11,349 - INFO - 正在获取 RSS 源: https://www.economist.com/china/rss.xml
2026-09-22 14:00:11 [WARNING]   [01_getrss.py:stderr] 2026-09-22 14:00:11,569 - WARNING - RSS 源 https://www.economist.com/china/rss.xml 解析时出现问题: document declared as us-ascii, but parsed as utf-8
2026-09-22 14:00:11 [WARNING]   [01_getrss.py:stderr] 2026-09-22 14:00:11,569 - INFO - 从 https://www.economist.com/china/rss.xml 获取到 300 个条目
2026-09-22 14:00:11 [WARNING]   [01_getrss.py:stderr] 2026-09-22 14:00:11,570 - INFO - 正在获取 RSS 源: https://arstechnica.com/feed/
2026-09-22 14:00:11 [WARNING]   [01_getrss.py:stderr] 2026-09-22 14:00:11,994 - INFO - 从 https://arstechnica.com/feed/ 获取到 20 个条目
2026-09-22 14:00:11 [WARNING]   [01_getrss.py:stderr] 2026-09-22 14:00:11,994 - INFO - 正在获取 RSS 源: https://www.google.com/alerts/feeds/00120727335941528291/15923614493533912620
2026-09-22 14:00:12 [WARNING]   [01_getrss.py:stderr] 2026-09-22 14:00:12,254 - INFO - 从 https://www.google.com/alerts/feeds/00120727335941528291/15923614493533912620 获取到 20 个条目
2026-09-22 14:00:12 [WARNING]   [01_getrss.py:stderr] 2026-09-22 14:00:12,254 - INFO - 正在获取 RSS 源: https://36kr.com/feed-newsflash
2026-09-22 14:00:13 [WARNING]   [01_getrss.py:stderr] 2026-09-22 14:00:13,175 - WARNING - RSS 源 https://36kr.com/feed-newsflash 解析时出现问题: <unknown>:10:542: not well-formed (invalid token)
2026-09-22 14:00:13 [WARNING]   [01_getrss.py:stderr] 2026-09-22 14:00:13,175 - WARNING - RSS 源 https://36kr.com/feed-newsflash 没有返回条目
2026-09-22 14:00:13 [WARNING]   [01_getrss.py:stderr] 2026-09-22 14:00:13,175 - INFO - 正在获取 RSS 源: https://36kr.com/feed-article
2026-09-22 14:00:14 [WARNING]   [01_getrss.py:stderr] 2026-09-22 14:00:14,032 - WARNING - RSS 源 https://36kr.com/feed-article 解析时出现问题: <unknown>:10:542: not well-formed (invalid token)
2026-09-22 14:00:14 [WARNING]   [01_getrss.py:stderr] 2026-09-22 14:00:14,032 - WARNING - RSS 源 https://36kr.com/feed-article 没有返回条目
2026-09-22 14:00:14 [WARNING]   [01_getrss.py:stderr] 2026-09-22 14:00:14,032 - INFO - 正在获取 RSS 源: https://www.ithome.com/rss/
2026-09-22 14:00:18 [WARNING]   [01_getrss.py:stderr] 2026-09-22 14:00:18,730 - INFO - 从 https://www.ithome.com/rss/ 获取到 60 个条目
2026-09-22 14:00:18 [WARNING]   [01_getrss.py:stderr] 2026-09-22 14:00:18,731 - INFO - 正在获取 RSS 源: https://rss.mydrivers.com/Rss.aspx?Tid=1
2026-09-22 14:00:41 [WARNING]   [01_getrss.py:stderr] 2026-09-22 14:00:41,200 - INFO - 从 https://rss.mydrivers.com/Rss.aspx?Tid=1 获取到 100 个条目
2026-09-22 14:00:41 [WARNING]   [01_getrss.py:stderr] 2026-09-22 14:00:41,201 - INFO - 正在获取 RSS 源: https://www.solidot.org/index.rss
2026-09-22 14:00:42 [WARNING]   [01_getrss.py:stderr] 2026-09-22 14:00:42,393 - INFO - 从 https://www.solidot.org/index.rss 获取到 20 个条目
2026-09-22 14:00:42 [WARNING]   [01_getrss.py:stderr] 2026-09-22 14:00:42,393 - INFO - 正在获取 RSS 源: https://www.geekpark.net/rss
2026-09-22 14:00:51 [WARNING]   [01_getrss.py:stderr] 2026-09-22 14:00:51,050 - INFO - 从 https://www.geekpark.net/rss 获取到 30 个条目
2026-09-22 14:00:51 [WARNING]   [01_getrss.py:stderr] 2026-09-22 14:00:51,051 - INFO - 正在获取 RSS 源: https://www.ifanr.com/feed
2026-09-22 14:00:52 [WARNING]   [01_getrss.py:stderr] 2026-09-22 14:00:52,326 - INFO - 从 https://www.ifanr.com/feed 获取到 20 个条目
2026-09-22 14:00:52 [WARNING]   [01_getrss.py:stderr] 2026-09-22 14:00:52,326 - INFO - 正在获取 RSS 源: https://www.tmtpost.com/rss.xml
2026-09-22 14:00:54 [WARNING]   [01_getrss.py:stderr] 2026-09-22 14:00:54,817 - INFO - 从 https://www.tmtpost.com/rss.xml 获取到 16 个条目
2026-09-22 14:00:54 [WARNING]   [01_getrss.py:stderr] 2026-09-22 14:00:54,818 - INFO - 正在获取 RSS 源: https://rss.huxiu.com/
2026-09-22 14:00:56 [WARNING]   [01_getrss.py:stderr] 2026-09-22 14:00:56,968 - INFO - 从 https://rss.huxiu.com/ 获取到 57 个条目
2026-09-22 14:00:56 [WARNING]   [01_getrss.py:stderr] 2026-09-22 14:00:56,968 - INFO - 正在获取 RSS 源: https://www.qbitai.com/feed
2026-09-22 14:00:58 [WARNING]   [01_getrss.py:stderr] 2026-09-22 14:00:58,556 - INFO - 从 https://www.qbitai.com/feed 获取到 10 个条目
2026-09-22 14:00:58 [WARNING]   [01_getrss.py:stderr] 2026-09-22 14:00:58,556 - INFO - 正在获取 RSS 源: https://www.leiphone.com/feed/
2026-09-22 14:01:00 [WARNING]   [01_getrss.py:stderr] 2026-09-22 14:01:00,960 - WARNING - RSS 源 https://www.leiphone.com/feed/ 解析时出现问题: <unknown>:42:1096: not well-formed (invalid token)
2026-09-22 14:01:00 [WARNING]   [01_getrss.py:stderr] 2026-09-22 14:01:00,960 - INFO - 从 https://www.leiphone.com/feed/ 获取到 20 个条目
2026-09-22 14:01:00 [WARNING]   [01_getrss.py:stderr] 2026-09-22 14:01:00,960 - INFO - 正在获取 RSS 源: https://plink.anyfeeder.com/mittrchina/hot
2026-09-22 14:01:01 [WARNING]   [01_getrss.py:stderr] 2026-09-22 14:01:01,120 - INFO - 从 https://plink.anyfeeder.com/mittrchina/hot 获取到 10 个条目
2026-09-22 14:01:01 [WARNING]   [01_getrss.py:stderr] 2026-09-22 14:01:01,120 - INFO - 正在获取 RSS 源: https://sspai.com/feed
2026-09-22 14:01:02 [WARNING]   [01_getrss.py:stderr] 2026-09-22 14:01:02,455 - INFO - 从 https://sspai.com/feed 获取到 10 个条目
2026-09-22 14:01:02 [WARNING]   [01_getrss.py:stderr] 2026-09-22 14:01:02,455 - INFO - 正在获取 RSS 源: https://v2ex.com/index.xml
2026-09-22 14:01:02 [WARNING]   [01_getrss.py:stderr] 2026-09-22 14:01:02,818 - INFO - 从 https://v2ex.com/index.xml 获取到 50 个条目
2026-09-22 14:01:02 [WARNING]   [01_getrss.py:stderr] 2026-09-22 14:01:02,818 - INFO - 正在获取 RSS 源: https://plink.anyfeeder.com/zaobao/realtime/china
2026-09-22 14:01:02 [WARNING]   [01_getrss.py:stderr] 2026-09-22 14:01:02,976 - INFO - 从 https://plink.anyfeeder.com/zaobao/realtime/china 获取到 24 个条目
2026-09-22 14:01:02 [WARNING]   [01_getrss.py:stderr] 2026-09-22 14:01:02,976 - INFO - 正在获取 RSS 源: https://plink.anyfeeder.com/zaobao/realtime/world
2026-09-22 14:01:03 [WARNING]   [01_getrss.py:stderr] 2026-09-22 14:01:03,139 - INFO - 从 https://plink.anyfeeder.com/zaobao/realtime/world 获取到 24 个条目
2026-09-22 14:01:03 [WARNING]   [01_getrss.py:stderr] 2026-09-22 14:01:03,140 - INFO - 正在获取 RSS 源: https://hnrss.org/frontpage
2026-09-22 14:01:04 [WARNING]   [01_getrss.py:stderr] 2026-09-22 14:01:04,595 - INFO - 从 https://hnrss.org/frontpage 获取到 20 个条目
2026-09-22 14:01:04 [WARNING]   [01_getrss.py:stderr] 2026-09-22 14:01:04,596 - INFO - 正在获取 RSS 源: https://www.jiqizhixin.com/feed
2026-09-22 14:01:05 [WARNING]   [01_getrss.py:stderr] 2026-09-22 14:01:05,283 - WARNING - RSS 源 https://www.jiqizhixin.com/feed 解析时出现问题: <unknown>:8:82: not well-formed (invalid token)
2026-09-22 14:01:05 [WARNING]   [01_getrss.py:stderr] 2026-09-22 14:01:05,284 - WARNING - RSS 源 https://www.jiqizhixin.com/feed 没有返回条目
2026-09-22 14:01:05 [WARNING]   [01_getrss.py:stderr] 2026-09-22 14:01:05,284 - INFO - 正在获取 RSS 源: https://blogs.nvidia.com/feed/
2026-09-22 14:01:05 [WARNING]   [01_getrss.py:stderr] 2026-09-22 14:01:05,457 - INFO - 从 https://blogs.nvidia.com/feed/ 获取到 18 个条目
2026-09-22 14:01:05 [WARNING]   [01_getrss.py:stderr] 2026-09-22 14:01:05,457 - INFO - 正在获取 RSS 源: https://ai.googleblog.com/feeds/posts/default
2026-09-22 14:01:05 [WARNING]   [01_getrss.py:stderr] 2026-09-22 14:01:05,599 - WARNING - RSS 源 https://ai.googleblog.com/feeds/posts/default 解析时出现问题: <unknown>:4:31: mismatched tag
2026-09-22 14:01:05 [WARNING]   [01_getrss.py:stderr] 2026-09-22 14:01:05,600 - WARNING - RSS 源 https://ai.googleblog.com/feeds/posts/default 没有返回条目
2026-09-22 14:01:05 [WARNING]   [01_getrss.py:stderr] 2026-09-22 14:01:05,600 - INFO - 总共获取到 558 个有效条目
2026-09-22 14:01:05 [WARNING]   [01_getrss.py:stderr] 2026-09-22 14:01:05,626 - INFO - 关键词过滤后剩余 295 个条目
2026-09-22 14:01:05 [WARNING]   [01_getrss.py:stderr] 2026-09-22 14:01:05,629 - INFO - 解析 Google 重定向链接为原始地址
2026-09-22 14:01:05 [WARNING]   [01_getrss.py:stderr] 2026-09-22 14:01:05,629 - INFO - 解析 Google 重定向链接为原始地址
2026-09-22 14:01:05 [WARNING]   [01_getrss.py:stderr] 2026-09-22 14:01:05,629 - INFO - 解析 Google 重定向链接为原始地址
2026-09-22 14:01:05 [WARNING]   [01_getrss.py:stderr] 2026-09-22 14:01:05,629 - INFO - 解析 Google 重定向链接为原始地址
2026-09-22 14:01:05 [WARNING]   [01_getrss.py:stderr] 2026-09-22 14:01:05,630 - INFO - 解析 Google 重定向链接为原始地址
2026-09-22 14:01:05 [WARNING]   [01_getrss.py:stderr] 2026-09-22 14:01:05,630 - INFO - 解析 Google 重定向链接为原始地址
2026-09-22 14:01:05 [WARNING]   [01_getrss.py:stderr] 2026-09-22 14:01:05,630 - INFO - 解析 Google 重定向链接为原始地址
2026-09-22 14:01:05 [WARNING]   [01_getrss.py:stderr] 2026-09-22 14:01:05,630 - INFO - 解析 Google 重定向链接为原始地址
2026-09-22 14:01:05 [WARNING]   [01_getrss.py:stderr] 2026-09-22 14:01:05,630 - INFO - 解析 Google 重定向链接为原始地址
2026-09-22 14:01:05 [WARNING]   [01_getrss.py:stderr] 2026-09-22 14:01:05,630 - INFO - 解析 Google 重定向链接为原始地址
2026-09-22 14:01:05 [WARNING]   [01_getrss.py:stderr] 2026-09-22 14:01:05,630 - INFO - 解析 Google 重定向链接为原始地址
2026-09-22 14:01:05 [WARNING]   [01_getrss.py:stderr] 2026-09-22 14:01:05,631 - INFO - 解析 Google 重定向链接为原始地址
2026-09-22 14:01:05 [WARNING]   [01_getrss.py:stderr] 2026-09-22 14:01:05,631 - INFO - 解析 Google 重定向链接为原始地址
2026-09-22 14:01:05 [WARNING]   [01_getrss.py:stderr] 2026-09-22 14:01:05,631 - INFO - 解析 Google 重定向链接为原始地址
2026-09-22 14:01:05 [WARNING]   [01_getrss.py:stderr] 2026-09-22 14:01:05,631 - INFO - 解析 Google 重定向链接为原始地址
2026-09-22 14:01:05 [WARNING]   [01_getrss.py:stderr] 2026-09-22 14:01:05,631 - INFO - 解析 Google 重定向链接为原始地址
2026-09-22 14:01:05 [WARNING]   [01_getrss.py:stderr] 2026-09-22 14:01:05,632 - INFO - 解析 Google 重定向链接为原始地址
2026-09-22 14:01:05 [WARNING]   [01_getrss.py:stderr] 2026-09-22 14:01:05,632 - INFO - 解析 Google 重定向链接为原始地址
2026-09-22 14:01:05 [WARNING]   [01_getrss.py:stderr] 2026-09-22 14:01:05,638 - INFO - 规范化后得到 295 个候选条目，交由 02 跨批次去重
2026-09-22 14:01:05 [WARNING]   [01_getrss.py:stderr] 2026-09-22 14:01:05,641 - INFO - 处理完成，结果已保存到 C:\Users\james\Dropbox\WORKS\SOFT\AI-Python\keepitrun\tmp\rss_2026-09-22_14-01-05.md
2026-09-22 14:01:05 [INFO]   [01_getrss.py] Processed Markdown saved to C:\Users\james\Dropbox\WORKS\SOFT\AI-Python\keepitrun\tmp\rss_2026-09-22_14-01-05.md
2026-09-22 14:01:05 [DEBUG] 记录任务完成: rss_2 @ 2026-09-22 (v1.24)
2026-09-22 14:05:05 [INFO] >>> 触发 14:05 合并去重翻译 RSS 结果
2026-09-22 14:05:05 [INFO] -- 开始合并 RSS 结果 --
2026-09-22 14:05:05 [INFO] 将合并当天 2 份 RSS 文件与 1 份积压摘要；积压摘要由合并器优先收敛
2026-09-22 14:05:05 [INFO] 执行 02_combine-gemini.py（第 1/3 次，单次时限 3600 秒）: C:\Users\james\AppData\Local\Programs\Python\Python314\python.exe C:\Users\james\Dropbox\WORKS\SOFT\AI-Python\keepitrun\02_combine-gemini.py rss_2026-09-22_02-01-11.md rss_2026-09-22_14-01-05.md
2026-09-22 14:05:05 [INFO]   [02_combine-gemini.py] Translation engine order: gemini -> glm -> google_free
2026-09-22 14:05:05 [INFO]   [02_combine-gemini.py] Pending summaries detected: 1; merging them before new RSS input.
2026-09-22 14:05:05 [INFO]   [02_combine-gemini.py] Total content lines loaded across all inputs: 1009
2026-09-22 14:05:05 [INFO]   [02_combine-gemini.py] Total unique lines loaded: 926
2026-09-22 14:05:05 [INFO]   [02_combine-gemini.py] Chinese lines: 661, English lines: 265
2026-09-22 14:05:05 [INFO]   [02_combine-gemini.py] Translating 16 titles with gemini (attempt 1/2)...
2026-09-22 14:05:51 [INFO]   [02_combine-gemini.py]   gemini failed: DeadlineExceeded
2026-09-22 14:05:53 [INFO]   [02_combine-gemini.py] Translating 16 titles with gemini (attempt 2/2)...
2026-09-22 14:06:24 [INFO]   [02_combine-gemini.py] Translating 16 titles with gemini (attempt 1/2)...
2026-09-22 14:07:05 [INFO]   [02_combine-gemini.py] Translating 16 titles with gemini (attempt 1/2)...
2026-09-22 14:07:22 [INFO]   [02_combine-gemini.py] Translating 16 titles with gemini (attempt 1/2)...
2026-09-22 14:08:07 [INFO]   [02_combine-gemini.py]   gemini failed: DeadlineExceeded
2026-09-22 14:08:09 [INFO]   [02_combine-gemini.py] Translating 16 titles with gemini (attempt 2/2)...
2026-09-22 14:08:54 [INFO]   [02_combine-gemini.py]   gemini failed: DeadlineExceeded
2026-09-22 14:08:54 [INFO]   [02_combine-gemini.py]   Falling back from gemini to glm...
2026-09-22 14:08:54 [INFO]   [02_combine-gemini.py] Translating 16 titles with glm (attempt 1/2)...
2026-09-22 14:09:13 [INFO]   [02_combine-gemini.py] Translating 16 titles with glm (attempt 1/2)...
2026-09-22 14:09:38 [INFO]   [02_combine-gemini.py] Translating 16 titles with glm (attempt 1/2)...
2026-09-22 14:10:06 [INFO]   [02_combine-gemini.py] Translating 16 titles with glm (attempt 1/2)...
2026-09-22 14:10:26 [INFO]   [02_combine-gemini.py] Translating 16 titles with glm (attempt 1/2)...
2026-09-22 14:10:51 [INFO]   [02_combine-gemini.py] Translating 16 titles with glm (attempt 1/2)...
2026-09-22 14:11:10 [INFO]   [02_combine-gemini.py] Translating 16 titles with glm (attempt 1/2)...
2026-09-22 14:11:28 [INFO]   [02_combine-gemini.py] Translating 16 titles with glm (attempt 1/2)...
2026-09-22 14:11:49 [INFO]   [02_combine-gemini.py] Translating 16 titles with glm (attempt 1/2)...
2026-09-22 14:12:22 [INFO]   [02_combine-gemini.py] Translating 16 titles with glm (attempt 1/2)...
2026-09-22 14:12:41 [INFO]   [02_combine-gemini.py] Translating 16 titles with glm (attempt 1/2)...
2026-09-22 14:13:07 [INFO]   [02_combine-gemini.py] Translating 16 titles with glm (attempt 1/2)...
2026-09-22 14:13:27 [INFO]   [02_combine-gemini.py] Translating 16 titles with glm (attempt 1/2)...
2026-09-22 14:13:50 [INFO]   [02_combine-gemini.py] Translating 9 titles with glm (attempt 1/2)...
2026-09-22 14:13:52 [INFO]   [02_combine-gemini.py]   GLM content-safety refusal detected; trying the next engine without dropping English source titles.
2026-09-22 14:13:54 [INFO]   [02_combine-gemini.py] Translating 9 titles with glm (attempt 2/2)...
2026-09-22 14:13:56 [INFO]   [02_combine-gemini.py]   GLM content-safety refusal detected; trying the next engine without dropping English source titles.
2026-09-22 14:13:56 [INFO]   [02_combine-gemini.py]   Falling back from glm to google_free...
2026-09-22 14:13:56 [INFO]   [02_combine-gemini.py] Translating 9 titles with google_free (attempt 1/2)...
2026-09-22 14:14:02 [INFO]   [02_combine-gemini.py] Removed 1 superseded pending summary file(s).
2026-09-22 14:14:02 [INFO]   [02_combine-gemini.py] Process complete. Saved to: C:\Users\james\Dropbox\WORKS\SOFT\AI-Python\keepitrun\20260922-141402.md
2026-09-22 14:14:04 [INFO] RSS 合并去重翻译完成
2026-09-22 14:14:04 [INFO] 已将 2 个 RSS 抓取结果文件移动到 C:\Users\james\Dropbox\WORKS\SOFT\AI-Python\keepitrun\archived
2026-09-22 14:14:04 [DEBUG] 记录任务完成: combine @ 2026-09-22 (v1.24)
2026-09-22 15:00:04 [INFO] >>> 触发 15:00 Photos 自动同步
2026-09-22 15:00:04 [INFO] -- 开始运行 Photos 自动同步 --
2026-09-22 15:00:04 [INFO]   脚本路径: C:\Users\james\Dropbox\WORKS\SOFT\AI-Python\keepitrun\05_photos-update.py
2026-09-22 15:00:04 [INFO] 执行 05_photos-update.py（第 1/3 次，单次时限 1800 秒）: C:\Users\james\AppData\Local\Programs\Python\Python314\python.exe C:\Users\james\Dropbox\WORKS\SOFT\AI-Python\keepitrun\05_photos-update.py
2026-09-22 15:00:04 [INFO]   [05_photos-update.py] ============================================================
2026-09-22 15:00:04 [INFO]   [05_photos-update.py] 📸 Photos Update — 图片库自动同步工具
2026-09-22 15:00:04 [INFO]   [05_photos-update.py] ============================================================
2026-09-22 15:00:04 [INFO]   [05_photos-update.py] 🔍 自动检测模式
2026-09-22 15:00:04 [INFO]   [05_photos-update.py] 🕐 当前时间: 2026-09-22
2026-09-22 15:00:04 [INFO]   [05_photos-update.py] 📁 检查 lishuhang/photos 最新月份...
2026-09-22 15:00:05 [INFO]   [05_photos-update.py]   最新 JSON 月份: 202609
2026-09-22 15:00:05 [INFO]   [05_photos-update.py] 🔄 按图床配置检查 202609 至 202609
2026-09-22 15:00:05 [INFO]   [05_photos-update.py] ============================================================
2026-09-22 15:00:05 [INFO]   [05_photos-update.py] 📅 检查 2026-09
2026-09-22 15:00:06 [INFO]   [05_photos-update.py]   🔍 扫描 modem-56k/img2@main 的 2026/09 目录...
2026-09-22 15:00:26 [INFO]   [05_photos-update.py]   📷 发现 21 天，共 1436 张图片
2026-09-22 15:00:27 [INFO]   [05_photos-update.py]   📝 检测到差异，将覆盖更新
2026-09-22 15:00:27 [INFO]   [05_photos-update.py]   ⬆️ 上传 202609.json...
2026-09-22 15:00:29 [INFO]   [05_photos-update.py]   ✅ 202609.json 已更新并推送到 GitHub
2026-09-22 15:00:29 [INFO] Photos 自动同步完成
2026-09-22 15:00:29 [DEBUG] 记录任务完成: photos_update @ 2026-09-22 (v1.24)
2026-09-23 00:00:29 [INFO] 日志归档: 移动了 4 个超过 7 天的日志到 logs/archive/
2026-09-23 00:00:29 [INFO] 日志清理: 删除了 4 个超过 30 天的归档日志
2026-09-23 00:00:29 [INFO] archived/ 清理: 删除了 6 个超过 30 天的归档文件
2026-09-23 02:00:29 [INFO] >>> 触发 02:00 RSS 抓取 (第1次)
2026-09-23 02:00:29 [INFO] 执行 01_getrss.py（第 1/3 次，单次时限 1200 秒）: C:\Users\james\AppData\Local\Programs\Python\Python314\python.exe C:\Users\james\Dropbox\WORKS\SOFT\AI-Python\keepitrun\01_getrss.py
2026-09-23 02:00:30 [WARNING]   [01_getrss.py:stderr] 2026-09-23 02:00:30,275 - INFO - 开始执行 RSS 处理脚本
2026-09-23 02:00:30 [WARNING]   [01_getrss.py:stderr] 2026-09-23 02:00:30,305 - INFO - 加载了 39 个 RSS 源
2026-09-23 02:00:30 [WARNING]   [01_getrss.py:stderr] 2026-09-23 02:00:30,306 - INFO - 加载了 424 个关键词
2026-09-23 02:00:30 [WARNING]   [01_getrss.py:stderr] 2026-09-23 02:00:30,306 - INFO - 正在获取 RSS 源: http://feeds.feedburner.com/CBer
2026-09-23 02:00:30 [WARNING]   [01_getrss.py:stderr] 2026-09-23 02:00:30,543 - INFO - 从 http://feeds.feedburner.com/CBer 获取到 20 个条目
2026-09-23 02:00:30 [WARNING]   [01_getrss.py:stderr] 2026-09-23 02:00:30,543 - INFO - 正在获取 RSS 源: http://techmeme.com/feed.xml
2026-09-23 02:00:31 [WARNING]   [01_getrss.py:stderr] 2026-09-23 02:00:31,347 - INFO - 从 http://techmeme.com/feed.xml 获取到 15 个条目
2026-09-23 02:00:31 [WARNING]   [01_getrss.py:stderr] 2026-09-23 02:00:31,348 - INFO - 从 Techmeme RSS 摘要提取原始文章链接: www.zdnet.com
2026-09-23 02:00:31 [WARNING]   [01_getrss.py:stderr] 2026-09-23 02:00:31,349 - INFO - 从 Techmeme RSS 摘要提取原始文章链接: www.bloomberg.com
2026-09-23 02:00:31 [WARNING]   [01_getrss.py:stderr] 2026-09-23 02:00:31,349 - INFO - 从 Techmeme RSS 摘要提取原始文章链接: www.bloomberg.com
2026-09-23 02:00:31 [WARNING]   [01_getrss.py:stderr] 2026-09-23 02:00:31,350 - INFO - 从 Techmeme RSS 摘要提取原始文章链接: the-decoder.com
2026-09-23 02:00:31 [WARNING]   [01_getrss.py:stderr] 2026-09-23 02:00:31,351 - INFO - 从 Techmeme RSS 摘要提取原始文章链接: www.theverge.com
2026-09-23 02:00:31 [WARNING]   [01_getrss.py:stderr] 2026-09-23 02:00:31,352 - INFO - 从 Techmeme RSS 摘要提取原始文章链接: www.bloomberg.com
2026-09-23 02:00:31 [WARNING]   [01_getrss.py:stderr] 2026-09-23 02:00:31,352 - INFO - 从 Techmeme RSS 摘要提取原始文章链接: www.theverge.com
2026-09-23 02:00:31 [WARNING]   [01_getrss.py:stderr] 2026-09-23 02:00:31,353 - INFO - 从 Techmeme RSS 摘要提取原始文章链接: www.calcalistech.com
2026-09-23 02:00:31 [WARNING]   [01_getrss.py:stderr] 2026-09-23 02:00:31,354 - INFO - 从 Techmeme RSS 摘要提取原始文章链接: www.cnbc.com
2026-09-23 02:00:31 [WARNING]   [01_getrss.py:stderr] 2026-09-23 02:00:31,354 - INFO - 从 Techmeme RSS 摘要提取原始文章链接: www.reuters.com
2026-09-23 02:00:31 [WARNING]   [01_getrss.py:stderr] 2026-09-23 02:00:31,355 - INFO - 从 Techmeme RSS 摘要提取原始文章链接: www.theverge.com
2026-09-23 02:00:31 [WARNING]   [01_getrss.py:stderr] 2026-09-23 02:00:31,356 - INFO - 从 Techmeme RSS 摘要提取原始文章链接: www.theverge.com
2026-09-23 02:00:31 [WARNING]   [01_getrss.py:stderr] 2026-09-23 02:00:31,357 - INFO - 从 Techmeme RSS 摘要提取原始文章链接: www.bloomberg.com
2026-09-23 02:00:31 [WARNING]   [01_getrss.py:stderr] 2026-09-23 02:00:31,357 - INFO - 从 Techmeme RSS 摘要提取原始文章链接: www.wsj.com
2026-09-23 02:00:31 [WARNING]   [01_getrss.py:stderr] 2026-09-23 02:00:31,358 - INFO - 从 Techmeme RSS 摘要提取原始文章链接: www.wired.com
2026-09-23 02:00:31 [WARNING]   [01_getrss.py:stderr] 2026-09-23 02:00:31,358 - INFO - 正在获取 RSS 源: https://techcrunch.com/feed/
2026-09-23 02:00:31 [WARNING]   [01_getrss.py:stderr] 2026-09-23 02:00:31,460 - INFO - 从 https://techcrunch.com/feed/ 获取到 20 个条目
2026-09-23 02:00:31 [WARNING]   [01_getrss.py:stderr] 2026-09-23 02:00:31,461 - INFO - 正在获取 RSS 源: https://feeds.arstechnica.com/arstechnica/index/
2026-09-23 02:00:31 [WARNING]   [01_getrss.py:stderr] 2026-09-23 02:00:31,759 - INFO - 从 https://feeds.arstechnica.com/arstechnica/index/ 获取到 20 个条目
2026-09-23 02:00:31 [WARNING]   [01_getrss.py:stderr] 2026-09-23 02:00:31,759 - INFO - 正在获取 RSS 源: https://www.technologyreview.com/feed/
2026-09-23 02:00:31 [WARNING]   [01_getrss.py:stderr] 2026-09-23 02:00:31,926 - INFO - 从 https://www.technologyreview.com/feed/ 获取到 10 个条目
2026-09-23 02:00:31 [WARNING]   [01_getrss.py:stderr] 2026-09-23 02:00:31,926 - INFO - 正在获取 RSS 源: https://www.engadget.com/rss.xml
2026-09-23 02:00:32 [WARNING]   [01_getrss.py:stderr] 2026-09-23 02:00:32,124 - INFO - 从 https://www.engadget.com/rss.xml 获取到 20 个条目
2026-09-23 02:00:32 [WARNING]   [01_getrss.py:stderr] 2026-09-23 02:00:32,124 - INFO - 正在获取 RSS 源: http://feeds.feedburner.com/businessinsider/
2026-09-23 02:00:32 [WARNING]   [01_getrss.py:stderr] 2026-09-23 02:00:32,625 - INFO - 从 http://feeds.feedburner.com/businessinsider/ 获取到 50 个条目
2026-09-23 02:00:32 [WARNING]   [01_getrss.py:stderr] 2026-09-23 02:00:32,626 - INFO - 正在获取 RSS 源: https://www.cnet.com/rss/all/
2026-09-23 02:00:32 [WARNING]   [01_getrss.py:stderr] 2026-09-23 02:00:32,763 - INFO - 从 https://www.cnet.com/rss/all/ 获取到 25 个条目
2026-09-23 02:00:32 [WARNING]   [01_getrss.py:stderr] 2026-09-23 02:00:32,764 - INFO - 正在获取 RSS 源: https://www.techradar.com/feeds.xml
2026-09-23 02:00:33 [WARNING]   [01_getrss.py:stderr] 2026-09-23 02:00:33,064 - INFO - 从 https://www.techradar.com/feeds.xml 获取到 50 个条目
2026-09-23 02:00:33 [WARNING]   [01_getrss.py:stderr] 2026-09-23 02:00:33,065 - INFO - 正在获取 RSS 源: https://mashable.com/feeds/rss/all
2026-09-23 02:00:33 [WARNING]   [01_getrss.py:stderr] 2026-09-23 02:00:33,767 - INFO - 从 https://mashable.com/feeds/rss/all 获取到 100 个条目
2026-09-23 02:00:33 [WARNING]   [01_getrss.py:stderr] 2026-09-23 02:00:33,768 - INFO - 正在获取 RSS 源: https://www.theverge.com/rss/index.xml
2026-09-23 02:00:33 [WARNING]   [01_getrss.py:stderr] 2026-09-23 02:00:33,812 - INFO - 从 https://www.theverge.com/rss/index.xml 获取到 10 个条目
2026-09-23 02:00:33 [WARNING]   [01_getrss.py:stderr] 2026-09-23 02:00:33,812 - INFO - 正在获取 RSS 源: https://www.wired.com/feed/tag/ai/latest/rss
2026-09-23 02:00:33 [WARNING]   [01_getrss.py:stderr] 2026-09-23 02:00:33,970 - INFO - 从 https://www.wired.com/feed/tag/ai/latest/rss 获取到 10 个条目
2026-09-23 02:00:33 [WARNING]   [01_getrss.py:stderr] 2026-09-23 02:00:33,970 - INFO - 正在获取 RSS 源: https://feeds.bbci.co.uk/news/technology/rss.xml
2026-09-23 02:00:34 [WARNING]   [01_getrss.py:stderr] 2026-09-23 02:00:34,118 - INFO - 从 https://feeds.bbci.co.uk/news/technology/rss.xml 获取到 21 个条目
2026-09-23 02:00:34 [WARNING]   [01_getrss.py:stderr] 2026-09-23 02:00:34,118 - INFO - 正在获取 RSS 源: https://www.economist.com/science-and-technology/rss.xml
2026-09-23 02:00:34 [WARNING]   [01_getrss.py:stderr] 2026-09-23 02:00:34,372 - WARNING - RSS 源 https://www.economist.com/science-and-technology/rss.xml 解析时出现问题: document declared as us-ascii, but parsed as utf-8
2026-09-23 02:00:34 [WARNING]   [01_getrss.py:stderr] 2026-09-23 02:00:34,372 - INFO - 从 https://www.economist.com/science-and-technology/rss.xml 获取到 300 个条目
2026-09-23 02:00:34 [WARNING]   [01_getrss.py:stderr] 2026-09-23 02:00:34,373 - INFO - 正在获取 RSS 源: https://www.economist.com/business/rss.xml
2026-09-23 02:00:34 [WARNING]   [01_getrss.py:stderr] 2026-09-23 02:00:34,548 - WARNING - RSS 源 https://www.economist.com/business/rss.xml 解析时出现问题: document declared as us-ascii, but parsed as utf-8
2026-09-23 02:00:34 [WARNING]   [01_getrss.py:stderr] 2026-09-23 02:00:34,549 - INFO - 从 https://www.economist.com/business/rss.xml 获取到 300 个条目
2026-09-23 02:00:34 [WARNING]   [01_getrss.py:stderr] 2026-09-23 02:00:34,549 - INFO - 正在获取 RSS 源: https://www.economist.com/international/rss.xml
2026-09-23 02:00:34 [WARNING]   [01_getrss.py:stderr] 2026-09-23 02:00:34,722 - WARNING - RSS 源 https://www.economist.com/international/rss.xml 解析时出现问题: document declared as us-ascii, but parsed as utf-8
2026-09-23 02:00:34 [WARNING]   [01_getrss.py:stderr] 2026-09-23 02:00:34,722 - INFO - 从 https://www.economist.com/international/rss.xml 获取到 300 个条目
2026-09-23 02:00:34 [WARNING]   [01_getrss.py:stderr] 2026-09-23 02:00:34,723 - INFO - 正在获取 RSS 源: https://www.economist.com/china/rss.xml
2026-09-23 02:00:34 [WARNING]   [01_getrss.py:stderr] 2026-09-23 02:00:34,935 - WARNING - RSS 源 https://www.economist.com/china/rss.xml 解析时出现问题: document declared as us-ascii, but parsed as utf-8
2026-09-23 02:00:34 [WARNING]   [01_getrss.py:stderr] 2026-09-23 02:00:34,935 - INFO - 从 https://www.economist.com/china/rss.xml 获取到 300 个条目
2026-09-23 02:00:34 [WARNING]   [01_getrss.py:stderr] 2026-09-23 02:00:34,936 - INFO - 正在获取 RSS 源: https://arstechnica.com/feed/
2026-09-23 02:00:35 [WARNING]   [01_getrss.py:stderr] 2026-09-23 02:00:35,397 - INFO - 从 https://arstechnica.com/feed/ 获取到 20 个条目
2026-09-23 02:00:35 [WARNING]   [01_getrss.py:stderr] 2026-09-23 02:00:35,397 - INFO - 正在获取 RSS 源: https://www.google.com/alerts/feeds/00120727335941528291/15923614493533912620
2026-09-23 02:00:35 [WARNING]   [01_getrss.py:stderr] 2026-09-23 02:00:35,672 - INFO - 从 https://www.google.com/alerts/feeds/00120727335941528291/15923614493533912620 获取到 20 个条目
2026-09-23 02:00:35 [WARNING]   [01_getrss.py:stderr] 2026-09-23 02:00:35,672 - INFO - 正在获取 RSS 源: https://36kr.com/feed-newsflash
2026-09-23 02:00:36 [WARNING]   [01_getrss.py:stderr] 2026-09-23 02:00:36,514 - WARNING - RSS 源 https://36kr.com/feed-newsflash 解析时出现问题: <unknown>:10:542: not well-formed (invalid token)
2026-09-23 02:00:36 [WARNING]   [01_getrss.py:stderr] 2026-09-23 02:00:36,514 - WARNING - RSS 源 https://36kr.com/feed-newsflash 没有返回条目
2026-09-23 02:00:36 [WARNING]   [01_getrss.py:stderr] 2026-09-23 02:00:36,514 - INFO - 正在获取 RSS 源: https://36kr.com/feed-article
2026-09-23 02:00:37 [WARNING]   [01_getrss.py:stderr] 2026-09-23 02:00:37,352 - WARNING - RSS 源 https://36kr.com/feed-article 解析时出现问题: <unknown>:10:542: not well-formed (invalid token)
2026-09-23 02:00:37 [WARNING]   [01_getrss.py:stderr] 2026-09-23 02:00:37,352 - WARNING - RSS 源 https://36kr.com/feed-article 没有返回条目
2026-09-23 02:00:37 [WARNING]   [01_getrss.py:stderr] 2026-09-23 02:00:37,352 - INFO - 正在获取 RSS 源: https://www.ithome.com/rss/
2026-09-23 02:00:41 [WARNING]   [01_getrss.py:stderr] 2026-09-23 02:00:41,275 - INFO - 从 https://www.ithome.com/rss/ 获取到 60 个条目
2026-09-23 02:00:41 [WARNING]   [01_getrss.py:stderr] 2026-09-23 02:00:41,275 - INFO - 正在获取 RSS 源: https://rss.mydrivers.com/Rss.aspx?Tid=1
2026-09-23 02:00:42 [WARNING]   [01_getrss.py:stderr] 2026-09-23 02:00:42,575 - INFO - 从 https://rss.mydrivers.com/Rss.aspx?Tid=1 获取到 100 个条目
2026-09-23 02:00:42 [WARNING]   [01_getrss.py:stderr] 2026-09-23 02:00:42,576 - INFO - 正在获取 RSS 源: https://www.solidot.org/index.rss
2026-09-23 02:00:46 [WARNING]   [01_getrss.py:stderr] 2026-09-23 02:00:46,126 - INFO - 从 https://www.solidot.org/index.rss 获取到 20 个条目
2026-09-23 02:00:46 [WARNING]   [01_getrss.py:stderr] 2026-09-23 02:00:46,126 - INFO - 正在获取 RSS 源: https://www.geekpark.net/rss
2026-09-23 02:00:47 [WARNING]   [01_getrss.py:stderr] 2026-09-23 02:00:47,931 - INFO - 从 https://www.geekpark.net/rss 获取到 30 个条目
2026-09-23 02:00:47 [WARNING]   [01_getrss.py:stderr] 2026-09-23 02:00:47,932 - INFO - 正在获取 RSS 源: https://www.ifanr.com/feed
2026-09-23 02:00:49 [WARNING]   [01_getrss.py:stderr] 2026-09-23 02:00:49,129 - INFO - 从 https://www.ifanr.com/feed 获取到 20 个条目
2026-09-23 02:00:49 [WARNING]   [01_getrss.py:stderr] 2026-09-23 02:00:49,129 - INFO - 正在获取 RSS 源: https://www.tmtpost.com/rss.xml
2026-09-23 02:00:51 [WARNING]   [01_getrss.py:stderr] 2026-09-23 02:00:51,659 - INFO - 从 https://www.tmtpost.com/rss.xml 获取到 16 个条目
2026-09-23 02:00:51 [WARNING]   [01_getrss.py:stderr] 2026-09-23 02:00:51,660 - INFO - 正在获取 RSS 源: https://rss.huxiu.com/
2026-09-23 02:00:52 [WARNING]   [01_getrss.py:stderr] 2026-09-23 02:00:52,372 - INFO - 从 https://rss.huxiu.com/ 获取到 1 个条目
2026-09-23 02:00:52 [WARNING]   [01_getrss.py:stderr] 2026-09-23 02:00:52,372 - INFO - 正在获取 RSS 源: https://www.qbitai.com/feed
2026-09-23 02:00:53 [WARNING]   [01_getrss.py:stderr] 2026-09-23 02:00:53,475 - INFO - 从 https://www.qbitai.com/feed 获取到 10 个条目
2026-09-23 02:00:53 [WARNING]   [01_getrss.py:stderr] 2026-09-23 02:00:53,475 - INFO - 正在获取 RSS 源: https://www.leiphone.com/feed/
2026-09-23 02:00:55 [WARNING]   [01_getrss.py:stderr] 2026-09-23 02:00:55,680 - WARNING - RSS 源 https://www.leiphone.com/feed/ 解析时出现问题: <unknown>:162:1096: not well-formed (invalid token)
2026-09-23 02:00:55 [WARNING]   [01_getrss.py:stderr] 2026-09-23 02:00:55,680 - INFO - 从 https://www.leiphone.com/feed/ 获取到 20 个条目
2026-09-23 02:00:55 [WARNING]   [01_getrss.py:stderr] 2026-09-23 02:00:55,681 - INFO - 正在获取 RSS 源: https://plink.anyfeeder.com/mittrchina/hot
2026-09-23 02:00:55 [WARNING]   [01_getrss.py:stderr] 2026-09-23 02:00:55,949 - INFO - 从 https://plink.anyfeeder.com/mittrchina/hot 获取到 10 个条目
2026-09-23 02:00:55 [WARNING]   [01_getrss.py:stderr] 2026-09-23 02:00:55,949 - INFO - 正在获取 RSS 源: https://sspai.com/feed
2026-09-23 02:00:57 [WARNING]   [01_getrss.py:stderr] 2026-09-23 02:00:57,025 - INFO - 从 https://sspai.com/feed 获取到 10 个条目
2026-09-23 02:00:57 [WARNING]   [01_getrss.py:stderr] 2026-09-23 02:00:57,025 - INFO - 正在获取 RSS 源: https://v2ex.com/index.xml
2026-09-23 02:00:57 [WARNING]   [01_getrss.py:stderr] 2026-09-23 02:00:57,374 - INFO - 从 https://v2ex.com/index.xml 获取到 50 个条目
2026-09-23 02:00:57 [WARNING]   [01_getrss.py:stderr] 2026-09-23 02:00:57,374 - INFO - 正在获取 RSS 源: https://plink.anyfeeder.com/zaobao/realtime/china
2026-09-23 02:00:57 [WARNING]   [01_getrss.py:stderr] 2026-09-23 02:00:57,638 - INFO - 从 https://plink.anyfeeder.com/zaobao/realtime/china 获取到 24 个条目
2026-09-23 02:00:57 [WARNING]   [01_getrss.py:stderr] 2026-09-23 02:00:57,639 - INFO - 正在获取 RSS 源: https://plink.anyfeeder.com/zaobao/realtime/world
2026-09-23 02:00:57 [WARNING]   [01_getrss.py:stderr] 2026-09-23 02:00:57,898 - INFO - 从 https://plink.anyfeeder.com/zaobao/realtime/world 获取到 24 个条目
2026-09-23 02:00:57 [WARNING]   [01_getrss.py:stderr] 2026-09-23 02:00:57,898 - INFO - 正在获取 RSS 源: https://hnrss.org/frontpage
2026-09-23 02:00:59 [WARNING]   [01_getrss.py:stderr] 2026-09-23 02:00:59,215 - INFO - 从 https://hnrss.org/frontpage 获取到 20 个条目
2026-09-23 02:00:59 [WARNING]   [01_getrss.py:stderr] 2026-09-23 02:00:59,215 - INFO - 正在获取 RSS 源: https://www.jiqizhixin.com/feed
2026-09-23 02:00:59 [WARNING]   [01_getrss.py:stderr] 2026-09-23 02:00:59,910 - WARNING - RSS 源 https://www.jiqizhixin.com/feed 解析时出现问题: <unknown>:8:82: not well-formed (invalid token)
2026-09-23 02:00:59 [WARNING]   [01_getrss.py:stderr] 2026-09-23 02:00:59,910 - WARNING - RSS 源 https://www.jiqizhixin.com/feed 没有返回条目
2026-09-23 02:00:59 [WARNING]   [01_getrss.py:stderr] 2026-09-23 02:00:59,910 - INFO - 正在获取 RSS 源: https://blogs.nvidia.com/feed/
2026-09-23 02:01:00 [WARNING]   [01_getrss.py:stderr] 2026-09-23 02:01:00,163 - INFO - 从 https://blogs.nvidia.com/feed/ 获取到 18 个条目
2026-09-23 02:01:00 [WARNING]   [01_getrss.py:stderr] 2026-09-23 02:01:00,163 - INFO - 正在获取 RSS 源: https://ai.googleblog.com/feeds/posts/default
2026-09-23 02:01:00 [WARNING]   [01_getrss.py:stderr] 2026-09-23 02:01:00,433 - WARNING - RSS 源 https://ai.googleblog.com/feeds/posts/default 解析时出现问题: <unknown>:4:31: mismatched tag
2026-09-23 02:01:00 [WARNING]   [01_getrss.py:stderr] 2026-09-23 02:01:00,433 - WARNING - RSS 源 https://ai.googleblog.com/feeds/posts/default 没有返回条目
2026-09-23 02:01:00 [WARNING]   [01_getrss.py:stderr] 2026-09-23 02:01:00,433 - INFO - 总共获取到 581 个有效条目
2026-09-23 02:01:00 [WARNING]   [01_getrss.py:stderr] 2026-09-23 02:01:00,463 - INFO - 关键词过滤后剩余 330 个条目
2026-09-23 02:01:00 [WARNING]   [01_getrss.py:stderr] 2026-09-23 02:01:00,467 - INFO - 解析 Google 重定向链接为原始地址
2026-09-23 02:01:00 [WARNING]   [01_getrss.py:stderr] 2026-09-23 02:01:00,467 - INFO - 解析 Google 重定向链接为原始地址
2026-09-23 02:01:00 [WARNING]   [01_getrss.py:stderr] 2026-09-23 02:01:00,467 - INFO - 解析 Google 重定向链接为原始地址
2026-09-23 02:01:00 [WARNING]   [01_getrss.py:stderr] 2026-09-23 02:01:00,467 - INFO - 解析 Google 重定向链接为原始地址
2026-09-23 02:01:00 [WARNING]   [01_getrss.py:stderr] 2026-09-23 02:01:00,467 - INFO - 解析 Google 重定向链接为原始地址
2026-09-23 02:01:00 [WARNING]   [01_getrss.py:stderr] 2026-09-23 02:01:00,467 - INFO - 解析 Google 重定向链接为原始地址
2026-09-23 02:01:00 [WARNING]   [01_getrss.py:stderr] 2026-09-23 02:01:00,468 - INFO - 解析 Google 重定向链接为原始地址
2026-09-23 02:01:00 [WARNING]   [01_getrss.py:stderr] 2026-09-23 02:01:00,468 - INFO - 解析 Google 重定向链接为原始地址
2026-09-23 02:01:00 [WARNING]   [01_getrss.py:stderr] 2026-09-23 02:01:00,468 - INFO - 解析 Google 重定向链接为原始地址
2026-09-23 02:01:00 [WARNING]   [01_getrss.py:stderr] 2026-09-23 02:01:00,468 - INFO - 解析 Google 重定向链接为原始地址
2026-09-23 02:01:00 [WARNING]   [01_getrss.py:stderr] 2026-09-23 02:01:00,468 - INFO - 解析 Google 重定向链接为原始地址
2026-09-23 02:01:00 [WARNING]   [01_getrss.py:stderr] 2026-09-23 02:01:00,468 - INFO - 解析 Google 重定向链接为原始地址
2026-09-23 02:01:00 [WARNING]   [01_getrss.py:stderr] 2026-09-23 02:01:00,469 - INFO - 解析 Google 重定向链接为原始地址
2026-09-23 02:01:00 [WARNING]   [01_getrss.py:stderr] 2026-09-23 02:01:00,469 - INFO - 解析 Google 重定向链接为原始地址
2026-09-23 02:01:00 [WARNING]   [01_getrss.py:stderr] 2026-09-23 02:01:00,469 - INFO - 解析 Google 重定向链接为原始地址
2026-09-23 02:01:00 [WARNING]   [01_getrss.py:stderr] 2026-09-23 02:01:00,469 - INFO - 解析 Google 重定向链接为原始地址
2026-09-23 02:01:00 [WARNING]   [01_getrss.py:stderr] 2026-09-23 02:01:00,469 - INFO - 解析 Google 重定向链接为原始地址
2026-09-23 02:01:00 [WARNING]   [01_getrss.py:stderr] 2026-09-23 02:01:00,469 - INFO - 解析 Google 重定向链接为原始地址
2026-09-23 02:01:00 [WARNING]   [01_getrss.py:stderr] 2026-09-23 02:01:00,470 - INFO - 解析 Google 重定向链接为原始地址
2026-09-23 02:01:00 [WARNING]   [01_getrss.py:stderr] 2026-09-23 02:01:00,477 - INFO - 规范化后得到 330 个候选条目，交由 02 跨批次去重
2026-09-23 02:01:00 [WARNING]   [01_getrss.py:stderr] 2026-09-23 02:01:00,480 - INFO - 处理完成，结果已保存到 C:\Users\james\Dropbox\WORKS\SOFT\AI-Python\keepitrun\tmp\rss_2026-09-23_02-01-00.md
2026-09-23 02:01:00 [INFO]   [01_getrss.py] Processed Markdown saved to C:\Users\james\Dropbox\WORKS\SOFT\AI-Python\keepitrun\tmp\rss_2026-09-23_02-01-00.md
2026-09-23 02:01:00 [DEBUG] 记录任务完成: rss_1 @ 2026-09-23 (v1.24)
2026-09-23 10:05:00 [INFO] >>> 触发 10:05 爬取最新 daily
2026-09-23 10:05:00 [INFO] 执行 03_convert-daily.py（第 1/3 次，单次时限 1800 秒）: C:\Users\james\AppData\Local\Programs\Python\Python314\python.exe C:\Users\james\Dropbox\WORKS\SOFT\AI-Python\keepitrun\03_convert-daily.py --non-interactive
2026-09-23 10:05:01 [WARNING]   [03_convert-daily.py:stderr] 10:05:01 工作目录: C:\Users\james\Dropbox\WORKS\SOFT\AI-Python\keepitrun
2026-09-23 10:05:01 [WARNING]   [03_convert-daily.py:stderr] 10:05:01 日志文件: C:\Users\james\Dropbox\WORKS\SOFT\AI-Python\keepitrun\logs\daily_20260923_100501.log
2026-09-23 10:05:02 [WARNING]   [03_convert-daily.py:stderr] 10:05:02 GitHub 认证成功: lishuhang
2026-09-23 10:05:02 [WARNING]   [03_convert-daily.py:stderr] 10:05:02 ═══ 自动模式 ═══
2026-09-23 10:05:02 [WARNING]   [03_convert-daily.py:stderr] 10:05:02 仓库最新文章: 2026-09-22
2026-09-23 10:05:02 [WARNING]   [03_convert-daily.py:stderr] 10:05:02 开始遍历专辑
2026-09-23 10:05:02 [WARNING]   [03_convert-daily.py:stderr] 10:05:02   起始日期: 2026-09-22
2026-09-23 10:05:04 [WARNING]   [03_convert-daily.py:stderr] 10:05:04 已到达起始日期边界
2026-09-23 10:05:04 [WARNING]   [03_convert-daily.py:stderr] 10:05:04 专辑遍历完成: 共 2 篇文章
2026-09-23 10:05:04 [WARNING]   [03_convert-daily.py:stderr] 10:05:04 发现 1 篇尚未发布的文章
2026-09-23 10:05:04 [WARNING]   [03_convert-daily.py:stderr] 10:05:04 [1/1] 2026-09-23 | 每日 AIGC 早报：2026.9.23
2026-09-23 10:05:04 [WARNING]   [03_convert-daily.py:stderr] 10:05:04 抓取文章: https://mp.weixin.qq.com/s?__biz=MjM5Mjg1ODIxMQ==&mid=2650674773&idx=1&sn=60af5b...
2026-09-23 10:05:07 [WARNING]   [03_convert-daily.py:stderr] 10:05:07 回退使用 og:image（可能为裁剪版）
2026-09-23 10:05:07 [WARNING]   [03_convert-daily.py:stderr] 10:05:07 下载封面图（JPG）...
2026-09-23 10:05:08 [WARNING]   [03_convert-daily.py:stderr] 10:05:08 本地保存图片: C:\Users\james\Dropbox\WORKS\SOFT\AI-Python\keepitrun\images\2026\09\0923-d.jpg
2026-09-23 10:05:09 [WARNING]   [03_convert-daily.py:stderr] 10:05:09 本地保存Markdown: C:\Users\james\Dropbox\WORKS\SOFT\AI-Python\keepitrun\_posts\2026-09-23-daily.md
2026-09-23 10:05:09 [WARNING]   [03_convert-daily.py:stderr] 10:05:09 图床路由: 2026-09 → lishuhang/img@master
2026-09-23 10:05:11 [WARNING]   [03_convert-daily.py:stderr] 10:05:11 已上传: 2026/09/0923-d.jpg
2026-09-23 10:05:12 [WARNING]   [03_convert-daily.py:stderr] 10:05:12 已上传: _posts/2026-09-23-daily.md
2026-09-23 10:05:12 [WARNING]   [03_convert-daily.py:stderr] 10:05:12 ═══ 完成: 1 成功, 0 跳过, 0 失败 ═══
2026-09-23 10:05:12 [DEBUG] 记录任务完成: daily @ 2026-09-23 (v1.24)
2026-09-23 10:05:12 [INFO] 已将 2 个 blog/daily 文件/目录归档到 C:\Users\james\Dropbox\WORKS\SOFT\AI-Python\keepitrun\archived
2026-09-23 10:10:12 [INFO] >>> 触发 10:10 爬取最新 blog
2026-09-23 10:10:12 [INFO] 执行 04_convert-blog.py（第 1/3 次，单次时限 3600 秒）: C:\Users\james\AppData\Local\Programs\Python\Python314\python.exe C:\Users\james\Dropbox\WORKS\SOFT\AI-Python\keepitrun\04_convert-blog.py album:20260922 --non-interactive
2026-09-23 10:10:12 [WARNING]   [04_convert-blog.py:stderr] C:\Users\james\Dropbox\WORKS\SOFT\AI-Python\keepitrun\04_convert-blog.py:28: SyntaxWarning: "\s" is an invalid escape sequence. Such sequences will not work in the future. Did you mean "\\s"? A raw string is also an option.
2026-09-23 10:10:12 [WARNING]   [04_convert-blog.py:stderr]   - _is_daily_report_title(): \u5339\u914d "\u6bcf\u65e5\s*AIGC\s*\u65e9\u62a5" (\u5927\u5c0f\u5199\u4e0d\u654f\u611f\uff0c\u517c\u5bb9\u5404\u79cd\u7a7a\u683c)
2026-09-23 10:10:13 [WARNING]   [04_convert-blog.py:stderr] 10:10:13 工作目录: C:\Users\james\Dropbox\WORKS\SOFT\AI-Python\keepitrun
2026-09-23 10:10:13 [WARNING]   [04_convert-blog.py:stderr] 10:10:13 日志文件: C:\Users\james\Dropbox\WORKS\SOFT\AI-Python\keepitrun\logs\blog_20260923_101013.log
2026-09-23 10:10:13 [WARNING]   [04_convert-blog.py:stderr] 10:10:13 合集模式: 自 2026-09-22
2026-09-23 10:10:13 [WARNING]   [04_convert-blog.py:stderr] 10:10:13 ═══ 开始遍历全部 7 个合集 ═══
2026-09-23 10:10:13 [WARNING]   [04_convert-blog.py:stderr] 10:10:13 开始遍历合集 [新闻实验室] (album_id=3902494251036180488)
2026-09-23 10:10:13 [WARNING]   [04_convert-blog.py:stderr] 10:10:13   起始日期: 2026-09-22
2026-09-23 10:10:14 [WARNING]   [04_convert-blog.py:stderr] 10:10:14   [新闻实验室] 已到达起始日期边界
2026-09-23 10:10:14 [WARNING]   [04_convert-blog.py:stderr] 10:10:14   [新闻实验室] 遍历完成: 共 0 篇文章
2026-09-23 10:10:15 [WARNING]   [04_convert-blog.py:stderr] 10:10:15 开始遍历合集 [随笔] (album_id=2615905303213441024)
2026-09-23 10:10:15 [WARNING]   [04_convert-blog.py:stderr] 10:10:15   起始日期: 2026-09-22
2026-09-23 10:10:16 [WARNING]   [04_convert-blog.py:stderr] 10:10:16   [随笔] 已到达起始日期边界
2026-09-23 10:10:16 [WARNING]   [04_convert-blog.py:stderr] 10:10:16   [随笔] 遍历完成: 共 0 篇文章
2026-09-23 10:10:17 [WARNING]   [04_convert-blog.py:stderr] 10:10:17 开始遍历合集 [航通社的朋友们] (album_id=3477575130983596037)
2026-09-23 10:10:17 [WARNING]   [04_convert-blog.py:stderr] 10:10:17   起始日期: 2026-09-22
2026-09-23 10:10:18 [WARNING]   [04_convert-blog.py:stderr] 10:10:18   [航通社的朋友们] 已到达起始日期边界
2026-09-23 10:10:18 [WARNING]   [04_convert-blog.py:stderr] 10:10:18   [航通社的朋友们] 遍历完成: 共 0 篇文章
2026-09-23 10:10:18 [WARNING]   [04_convert-blog.py:stderr] 10:10:18 开始遍历合集 [AI] (album_id=1525375142552518658)
2026-09-23 10:10:18 [WARNING]   [04_convert-blog.py:stderr] 10:10:18   起始日期: 2026-09-22
2026-09-23 10:10:20 [WARNING]   [04_convert-blog.py:stderr] 10:10:20   [AI] 已到达起始日期边界
2026-09-23 10:10:20 [WARNING]   [04_convert-blog.py:stderr] 10:10:20   [AI] 遍历完成: 共 0 篇文章
2026-09-23 10:10:20 [WARNING]   [04_convert-blog.py:stderr] 10:10:20 开始遍历合集 [科技] (album_id=1584782882340978691)
2026-09-23 10:10:20 [WARNING]   [04_convert-blog.py:stderr] 10:10:20   起始日期: 2026-09-22
2026-09-23 10:10:22 [WARNING]   [04_convert-blog.py:stderr] 10:10:22   [科技] 已到达起始日期边界
2026-09-23 10:10:22 [WARNING]   [04_convert-blog.py:stderr] 10:10:22   [科技] 遍历完成: 共 0 篇文章
2026-09-23 10:10:22 [WARNING]   [04_convert-blog.py:stderr] 10:10:22 开始遍历合集 [历史] (album_id=1903521189994545155)
2026-09-23 10:10:22 [WARNING]   [04_convert-blog.py:stderr] 10:10:22   起始日期: 2026-09-22
2026-09-23 10:10:24 [WARNING]   [04_convert-blog.py:stderr] 10:10:24   [历史] 已到达起始日期边界
2026-09-23 10:10:24 [WARNING]   [04_convert-blog.py:stderr] 10:10:24   [历史] 遍历完成: 共 0 篇文章
2026-09-23 10:10:24 [WARNING]   [04_convert-blog.py:stderr] 10:10:24 开始遍历合集 [传媒] (album_id=2046079811625844737)
2026-09-23 10:10:24 [WARNING]   [04_convert-blog.py:stderr] 10:10:24   起始日期: 2026-09-22
2026-09-23 10:10:25 [WARNING]   [04_convert-blog.py:stderr] 10:10:25   [传媒] 已到达起始日期边界
2026-09-23 10:10:25 [WARNING]   [04_convert-blog.py:stderr] 10:10:25   [传媒] 遍历完成: 共 0 篇文章
2026-09-23 10:10:26 [WARNING]   [04_convert-blog.py:stderr] 10:10:26 ═══ 全部合集遍历完成: 共 0 篇不重复文章 ═══
2026-09-23 10:10:26 [WARNING]   [04_convert-blog.py:stderr] 10:10:26 合集中没有符合条件的文章
2026-09-23 10:10:26 [WARNING]   [04_convert-blog.py:stderr] 10:10:26 没有可处理的URL
2026-09-23 10:10:26 [DEBUG] 记录任务完成: blog @ 2026-09-23 (v1.24)
2026-09-23 14:00:26 [INFO] >>> 触发 14:00 RSS 抓取 (第2次)
2026-09-23 14:00:26 [INFO] 执行 01_getrss.py（第 1/3 次，单次时限 1200 秒）: C:\Users\james\AppData\Local\Programs\Python\Python314\python.exe C:\Users\james\Dropbox\WORKS\SOFT\AI-Python\keepitrun\01_getrss.py
2026-09-23 14:00:27 [WARNING]   [01_getrss.py:stderr] 2026-09-23 14:00:27,323 - INFO - 开始执行 RSS 处理脚本
2026-09-23 14:00:27 [WARNING]   [01_getrss.py:stderr] 2026-09-23 14:00:27,354 - INFO - 加载了 39 个 RSS 源
2026-09-23 14:00:27 [WARNING]   [01_getrss.py:stderr] 2026-09-23 14:00:27,355 - INFO - 加载了 424 个关键词
2026-09-23 14:00:27 [WARNING]   [01_getrss.py:stderr] 2026-09-23 14:00:27,355 - INFO - 正在获取 RSS 源: http://feeds.feedburner.com/CBer
2026-09-23 14:00:27 [WARNING]   [01_getrss.py:stderr] 2026-09-23 14:00:27,575 - INFO - 从 http://feeds.feedburner.com/CBer 获取到 20 个条目
2026-09-23 14:00:27 [WARNING]   [01_getrss.py:stderr] 2026-09-23 14:00:27,575 - INFO - 正在获取 RSS 源: http://techmeme.com/feed.xml
2026-09-23 14:00:29 [WARNING]   [01_getrss.py:stderr] 2026-09-23 14:00:29,003 - INFO - 从 http://techmeme.com/feed.xml 获取到 15 个条目
2026-09-23 14:00:29 [WARNING]   [01_getrss.py:stderr] 2026-09-23 14:00:29,004 - INFO - 从 Techmeme RSS 摘要提取原始文章链接: www.bloomberg.com
2026-09-23 14:00:29 [WARNING]   [01_getrss.py:stderr] 2026-09-23 14:00:29,005 - INFO - 从 Techmeme RSS 摘要提取原始文章链接: x.com
2026-09-23 14:00:29 [WARNING]   [01_getrss.py:stderr] 2026-09-23 14:00:29,006 - INFO - 从 Techmeme RSS 摘要提取原始文章链接: www.ft.com
2026-09-23 14:00:29 [WARNING]   [01_getrss.py:stderr] 2026-09-23 14:00:29,006 - INFO - 从 Techmeme RSS 摘要提取原始文章链接: gizmodo.com
2026-09-23 14:00:29 [WARNING]   [01_getrss.py:stderr] 2026-09-23 14:00:29,007 - INFO - 从 Techmeme RSS 摘要提取原始文章链接: www.axios.com
2026-09-23 14:00:29 [WARNING]   [01_getrss.py:stderr] 2026-09-23 14:00:29,008 - INFO - 从 Techmeme RSS 摘要提取原始文章链接: www.reuters.com
2026-09-23 14:00:29 [WARNING]   [01_getrss.py:stderr] 2026-09-23 14:00:29,009 - INFO - 从 Techmeme RSS 摘要提取原始文章链接: www.bloomberg.com
2026-09-23 14:00:29 [WARNING]   [01_getrss.py:stderr] 2026-09-23 14:00:29,009 - INFO - 从 Techmeme RSS 摘要提取原始文章链接: www.theverge.com
2026-09-23 14:00:29 [WARNING]   [01_getrss.py:stderr] 2026-09-23 14:00:29,010 - INFO - 从 Techmeme RSS 摘要提取原始文章链接: www.engadget.com
2026-09-23 14:00:29 [WARNING]   [01_getrss.py:stderr] 2026-09-23 14:00:29,011 - INFO - 从 Techmeme RSS 摘要提取原始文章链接: www.forbes.com
2026-09-23 14:00:29 [WARNING]   [01_getrss.py:stderr] 2026-09-23 14:00:29,012 - INFO - 从 Techmeme RSS 摘要提取原始文章链接: siliconangle.com
2026-09-23 14:00:29 [WARNING]   [01_getrss.py:stderr] 2026-09-23 14:00:29,012 - INFO - 从 Techmeme RSS 摘要提取原始文章链接: www.wired.com
2026-09-23 14:00:29 [WARNING]   [01_getrss.py:stderr] 2026-09-23 14:00:29,013 - INFO - 从 Techmeme RSS 摘要提取原始文章链接: www.wsj.com
2026-09-23 14:00:29 [WARNING]   [01_getrss.py:stderr] 2026-09-23 14:00:29,014 - INFO - 从 Techmeme RSS 摘要提取原始文章链接: www.reuters.com
2026-09-23 14:00:29 [WARNING]   [01_getrss.py:stderr] 2026-09-23 14:00:29,015 - INFO - 从 Techmeme RSS 摘要提取原始文章链接: www.semafor.com
2026-09-23 14:00:29 [WARNING]   [01_getrss.py:stderr] 2026-09-23 14:00:29,015 - INFO - 正在获取 RSS 源: https://techcrunch.com/feed/
2026-09-23 14:00:29 [WARNING]   [01_getrss.py:stderr] 2026-09-23 14:00:29,098 - INFO - 从 https://techcrunch.com/feed/ 获取到 20 个条目
2026-09-23 14:00:29 [WARNING]   [01_getrss.py:stderr] 2026-09-23 14:00:29,099 - INFO - 正在获取 RSS 源: https://feeds.arstechnica.com/arstechnica/index/
2026-09-23 14:00:29 [WARNING]   [01_getrss.py:stderr] 2026-09-23 14:00:29,229 - INFO - 从 https://feeds.arstechnica.com/arstechnica/index/ 获取到 20 个条目
2026-09-23 14:00:29 [WARNING]   [01_getrss.py:stderr] 2026-09-23 14:00:29,230 - INFO - 正在获取 RSS 源: https://www.technologyreview.com/feed/
2026-09-23 14:00:29 [WARNING]   [01_getrss.py:stderr] 2026-09-23 14:00:29,373 - INFO - 从 https://www.technologyreview.com/feed/ 获取到 10 个条目
2026-09-23 14:00:29 [WARNING]   [01_getrss.py:stderr] 2026-09-23 14:00:29,373 - INFO - 正在获取 RSS 源: https://www.engadget.com/rss.xml
2026-09-23 14:00:29 [WARNING]   [01_getrss.py:stderr] 2026-09-23 14:00:29,525 - INFO - 从 https://www.engadget.com/rss.xml 获取到 20 个条目
2026-09-23 14:00:29 [WARNING]   [01_getrss.py:stderr] 2026-09-23 14:00:29,525 - INFO - 正在获取 RSS 源: http://feeds.feedburner.com/businessinsider/
2026-09-23 14:00:29 [WARNING]   [01_getrss.py:stderr] 2026-09-23 14:00:29,988 - INFO - 从 http://feeds.feedburner.com/businessinsider/ 获取到 50 个条目
2026-09-23 14:00:29 [WARNING]   [01_getrss.py:stderr] 2026-09-23 14:00:29,989 - INFO - 正在获取 RSS 源: https://www.cnet.com/rss/all/
2026-09-23 14:00:30 [WARNING]   [01_getrss.py:stderr] 2026-09-23 14:00:30,149 - INFO - 从 https://www.cnet.com/rss/all/ 获取到 25 个条目
2026-09-23 14:00:30 [WARNING]   [01_getrss.py:stderr] 2026-09-23 14:00:30,150 - INFO - 正在获取 RSS 源: https://www.techradar.com/feeds.xml
2026-09-23 14:00:30 [WARNING]   [01_getrss.py:stderr] 2026-09-23 14:00:30,484 - INFO - 从 https://www.techradar.com/feeds.xml 获取到 50 个条目
2026-09-23 14:00:30 [WARNING]   [01_getrss.py:stderr] 2026-09-23 14:00:30,485 - INFO - 正在获取 RSS 源: https://mashable.com/feeds/rss/all
2026-09-23 14:00:31 [WARNING]   [01_getrss.py:stderr] 2026-09-23 14:00:31,176 - INFO - 从 https://mashable.com/feeds/rss/all 获取到 100 个条目
2026-09-23 14:00:31 [WARNING]   [01_getrss.py:stderr] 2026-09-23 14:00:31,176 - INFO - 正在获取 RSS 源: https://www.theverge.com/rss/index.xml
2026-09-23 14:00:31 [WARNING]   [01_getrss.py:stderr] 2026-09-23 14:00:31,241 - INFO - 从 https://www.theverge.com/rss/index.xml 获取到 10 个条目
2026-09-23 14:00:31 [WARNING]   [01_getrss.py:stderr] 2026-09-23 14:00:31,241 - INFO - 正在获取 RSS 源: https://www.wired.com/feed/tag/ai/latest/rss
2026-09-23 14:00:31 [WARNING]   [01_getrss.py:stderr] 2026-09-23 14:00:31,368 - INFO - 从 https://www.wired.com/feed/tag/ai/latest/rss 获取到 10 个条目
2026-09-23 14:00:31 [WARNING]   [01_getrss.py:stderr] 2026-09-23 14:00:31,369 - INFO - 正在获取 RSS 源: https://feeds.bbci.co.uk/news/technology/rss.xml
2026-09-23 14:00:31 [WARNING]   [01_getrss.py:stderr] 2026-09-23 14:00:31,433 - INFO - 从 https://feeds.bbci.co.uk/news/technology/rss.xml 获取到 21 个条目
2026-09-23 14:00:31 [WARNING]   [01_getrss.py:stderr] 2026-09-23 14:00:31,433 - INFO - 正在获取 RSS 源: https://www.economist.com/science-and-technology/rss.xml
2026-09-23 14:00:31 [WARNING]   [01_getrss.py:stderr] 2026-09-23 14:00:31,651 - WARNING - RSS 源 https://www.economist.com/science-and-technology/rss.xml 解析时出现问题: document declared as us-ascii, but parsed as utf-8
2026-09-23 14:00:31 [WARNING]   [01_getrss.py:stderr] 2026-09-23 14:00:31,651 - INFO - 从 https://www.economist.com/science-and-technology/rss.xml 获取到 300 个条目
2026-09-23 14:00:31 [WARNING]   [01_getrss.py:stderr] 2026-09-23 14:00:31,652 - INFO - 正在获取 RSS 源: https://www.economist.com/business/rss.xml
2026-09-23 14:00:31 [WARNING]   [01_getrss.py:stderr] 2026-09-23 14:00:31,847 - WARNING - RSS 源 https://www.economist.com/business/rss.xml 解析时出现问题: document declared as us-ascii, but parsed as utf-8
2026-09-23 14:00:31 [WARNING]   [01_getrss.py:stderr] 2026-09-23 14:00:31,847 - INFO - 从 https://www.economist.com/business/rss.xml 获取到 300 个条目
2026-09-23 14:00:31 [WARNING]   [01_getrss.py:stderr] 2026-09-23 14:00:31,848 - INFO - 正在获取 RSS 源: https://www.economist.com/international/rss.xml
2026-09-23 14:00:32 [WARNING]   [01_getrss.py:stderr] 2026-09-23 14:00:32,066 - WARNING - RSS 源 https://www.economist.com/international/rss.xml 解析时出现问题: document declared as us-ascii, but parsed as utf-8
2026-09-23 14:00:32 [WARNING]   [01_getrss.py:stderr] 2026-09-23 14:00:32,066 - INFO - 从 https://www.economist.com/international/rss.xml 获取到 300 个条目
2026-09-23 14:00:32 [WARNING]   [01_getrss.py:stderr] 2026-09-23 14:00:32,066 - INFO - 正在获取 RSS 源: https://www.economist.com/china/rss.xml
2026-09-23 14:00:32 [WARNING]   [01_getrss.py:stderr] 2026-09-23 14:00:32,270 - WARNING - RSS 源 https://www.economist.com/china/rss.xml 解析时出现问题: document declared as us-ascii, but parsed as utf-8
2026-09-23 14:00:32 [WARNING]   [01_getrss.py:stderr] 2026-09-23 14:00:32,270 - INFO - 从 https://www.economist.com/china/rss.xml 获取到 300 个条目
2026-09-23 14:00:32 [WARNING]   [01_getrss.py:stderr] 2026-09-23 14:00:32,271 - INFO - 正在获取 RSS 源: https://arstechnica.com/feed/
2026-09-23 14:00:32 [WARNING]   [01_getrss.py:stderr] 2026-09-23 14:00:32,716 - INFO - 从 https://arstechnica.com/feed/ 获取到 20 个条目
2026-09-23 14:00:32 [WARNING]   [01_getrss.py:stderr] 2026-09-23 14:00:32,716 - INFO - 正在获取 RSS 源: https://www.google.com/alerts/feeds/00120727335941528291/15923614493533912620
2026-09-23 14:00:32 [WARNING]   [01_getrss.py:stderr] 2026-09-23 14:00:32,963 - INFO - 从 https://www.google.com/alerts/feeds/00120727335941528291/15923614493533912620 获取到 20 个条目
2026-09-23 14:00:32 [WARNING]   [01_getrss.py:stderr] 2026-09-23 14:00:32,963 - INFO - 正在获取 RSS 源: https://36kr.com/feed-newsflash
2026-09-23 14:00:33 [WARNING]   [01_getrss.py:stderr] 2026-09-23 14:00:33,828 - WARNING - RSS 源 https://36kr.com/feed-newsflash 解析时出现问题: <unknown>:10:542: not well-formed (invalid token)
2026-09-23 14:00:33 [WARNING]   [01_getrss.py:stderr] 2026-09-23 14:00:33,828 - WARNING - RSS 源 https://36kr.com/feed-newsflash 没有返回条目
2026-09-23 14:00:33 [WARNING]   [01_getrss.py:stderr] 2026-09-23 14:00:33,828 - INFO - 正在获取 RSS 源: https://36kr.com/feed-article
2026-09-23 14:00:34 [WARNING]   [01_getrss.py:stderr] 2026-09-23 14:00:34,692 - WARNING - RSS 源 https://36kr.com/feed-article 解析时出现问题: <unknown>:10:542: not well-formed (invalid token)
2026-09-23 14:00:34 [WARNING]   [01_getrss.py:stderr] 2026-09-23 14:00:34,692 - WARNING - RSS 源 https://36kr.com/feed-article 没有返回条目
2026-09-23 14:00:34 [WARNING]   [01_getrss.py:stderr] 2026-09-23 14:00:34,692 - INFO - 正在获取 RSS 源: https://www.ithome.com/rss/
2026-09-23 14:00:36 [WARNING]   [01_getrss.py:stderr] 2026-09-23 14:00:36,083 - INFO - 从 https://www.ithome.com/rss/ 获取到 60 个条目
2026-09-23 14:00:36 [WARNING]   [01_getrss.py:stderr] 2026-09-23 14:00:36,083 - INFO - 正在获取 RSS 源: https://rss.mydrivers.com/Rss.aspx?Tid=1
2026-09-23 14:00:36 [WARNING]   [01_getrss.py:stderr] 2026-09-23 14:00:36,973 - INFO - 从 https://rss.mydrivers.com/Rss.aspx?Tid=1 获取到 100 个条目
2026-09-23 14:00:36 [WARNING]   [01_getrss.py:stderr] 2026-09-23 14:00:36,974 - INFO - 正在获取 RSS 源: https://www.solidot.org/index.rss
2026-09-23 14:00:38 [WARNING]   [01_getrss.py:stderr] 2026-09-23 14:00:38,173 - INFO - 从 https://www.solidot.org/index.rss 获取到 20 个条目
2026-09-23 14:00:38 [WARNING]   [01_getrss.py:stderr] 2026-09-23 14:00:38,174 - INFO - 正在获取 RSS 源: https://www.geekpark.net/rss
2026-09-23 14:01:01 [WARNING]   [01_getrss.py:stderr] 2026-09-23 14:01:01,283 - INFO - 从 https://www.geekpark.net/rss 获取到 30 个条目
2026-09-23 14:01:01 [WARNING]   [01_getrss.py:stderr] 2026-09-23 14:01:01,283 - INFO - 正在获取 RSS 源: https://www.ifanr.com/feed
2026-09-23 14:01:02 [WARNING]   [01_getrss.py:stderr] 2026-09-23 14:01:02,475 - INFO - 从 https://www.ifanr.com/feed 获取到 20 个条目
2026-09-23 14:01:02 [WARNING]   [01_getrss.py:stderr] 2026-09-23 14:01:02,475 - INFO - 正在获取 RSS 源: https://www.tmtpost.com/rss.xml
2026-09-23 14:01:04 [WARNING]   [01_getrss.py:stderr] 2026-09-23 14:01:04,856 - INFO - 从 https://www.tmtpost.com/rss.xml 获取到 19 个条目
2026-09-23 14:01:04 [WARNING]   [01_getrss.py:stderr] 2026-09-23 14:01:04,857 - INFO - 正在获取 RSS 源: https://rss.huxiu.com/
2026-09-23 14:01:06 [WARNING]   [01_getrss.py:stderr] 2026-09-23 14:01:06,813 - INFO - 从 https://rss.huxiu.com/ 获取到 51 个条目
2026-09-23 14:01:06 [WARNING]   [01_getrss.py:stderr] 2026-09-23 14:01:06,814 - INFO - 正在获取 RSS 源: https://www.qbitai.com/feed
2026-09-23 14:01:07 [WARNING]   [01_getrss.py:stderr] 2026-09-23 14:01:07,923 - INFO - 从 https://www.qbitai.com/feed 获取到 10 个条目
2026-09-23 14:01:07 [WARNING]   [01_getrss.py:stderr] 2026-09-23 14:01:07,924 - INFO - 正在获取 RSS 源: https://www.leiphone.com/feed/
2026-09-23 14:01:14 [WARNING]   [01_getrss.py:stderr] 2026-09-23 14:01:14,083 - INFO - 从 https://www.leiphone.com/feed/ 获取到 20 个条目
2026-09-23 14:01:14 [WARNING]   [01_getrss.py:stderr] 2026-09-23 14:01:14,083 - INFO - 正在获取 RSS 源: https://plink.anyfeeder.com/mittrchina/hot
2026-09-23 14:01:14 [WARNING]   [01_getrss.py:stderr] 2026-09-23 14:01:14,276 - INFO - 从 https://plink.anyfeeder.com/mittrchina/hot 获取到 10 个条目
2026-09-23 14:01:14 [WARNING]   [01_getrss.py:stderr] 2026-09-23 14:01:14,276 - INFO - 正在获取 RSS 源: https://sspai.com/feed
2026-09-23 14:01:15 [WARNING]   [01_getrss.py:stderr] 2026-09-23 14:01:15,436 - INFO - 从 https://sspai.com/feed 获取到 10 个条目
2026-09-23 14:01:15 [WARNING]   [01_getrss.py:stderr] 2026-09-23 14:01:15,436 - INFO - 正在获取 RSS 源: https://v2ex.com/index.xml
2026-09-23 14:01:15 [WARNING]   [01_getrss.py:stderr] 2026-09-23 14:01:15,817 - INFO - 从 https://v2ex.com/index.xml 获取到 50 个条目
2026-09-23 14:01:15 [WARNING]   [01_getrss.py:stderr] 2026-09-23 14:01:15,818 - INFO - 正在获取 RSS 源: https://plink.anyfeeder.com/zaobao/realtime/china
2026-09-23 14:01:15 [WARNING]   [01_getrss.py:stderr] 2026-09-23 14:01:15,956 - INFO - 从 https://plink.anyfeeder.com/zaobao/realtime/china 获取到 24 个条目
2026-09-23 14:01:15 [WARNING]   [01_getrss.py:stderr] 2026-09-23 14:01:15,956 - INFO - 正在获取 RSS 源: https://plink.anyfeeder.com/zaobao/realtime/world
2026-09-23 14:01:16 [WARNING]   [01_getrss.py:stderr] 2026-09-23 14:01:16,116 - INFO - 从 https://plink.anyfeeder.com/zaobao/realtime/world 获取到 24 个条目
2026-09-23 14:01:16 [WARNING]   [01_getrss.py:stderr] 2026-09-23 14:01:16,117 - INFO - 正在获取 RSS 源: https://hnrss.org/frontpage
2026-09-23 14:01:16 [WARNING]   [01_getrss.py:stderr] 2026-09-23 14:01:16,520 - INFO - 从 https://hnrss.org/frontpage 获取到 20 个条目
2026-09-23 14:01:16 [WARNING]   [01_getrss.py:stderr] 2026-09-23 14:01:16,521 - INFO - 正在获取 RSS 源: https://www.jiqizhixin.com/feed
2026-09-23 14:01:17 [WARNING]   [01_getrss.py:stderr] 2026-09-23 14:01:17,257 - WARNING - RSS 源 https://www.jiqizhixin.com/feed 解析时出现问题: <unknown>:8:82: not well-formed (invalid token)
2026-09-23 14:01:17 [WARNING]   [01_getrss.py:stderr] 2026-09-23 14:01:17,257 - WARNING - RSS 源 https://www.jiqizhixin.com/feed 没有返回条目
2026-09-23 14:01:17 [WARNING]   [01_getrss.py:stderr] 2026-09-23 14:01:17,257 - INFO - 正在获取 RSS 源: https://blogs.nvidia.com/feed/
2026-09-23 14:01:17 [WARNING]   [01_getrss.py:stderr] 2026-09-23 14:01:17,535 - INFO - 从 https://blogs.nvidia.com/feed/ 获取到 18 个条目
2026-09-23 14:01:17 [WARNING]   [01_getrss.py:stderr] 2026-09-23 14:01:17,535 - INFO - 正在获取 RSS 源: https://ai.googleblog.com/feeds/posts/default
2026-09-23 14:01:17 [WARNING]   [01_getrss.py:stderr] 2026-09-23 14:01:17,890 - WARNING - RSS 源 https://ai.googleblog.com/feeds/posts/default 解析时出现问题: <unknown>:4:31: mismatched tag
2026-09-23 14:01:17 [WARNING]   [01_getrss.py:stderr] 2026-09-23 14:01:17,890 - WARNING - RSS 源 https://ai.googleblog.com/feeds/posts/default 没有返回条目
2026-09-23 14:01:17 [WARNING]   [01_getrss.py:stderr] 2026-09-23 14:01:17,891 - INFO - 总共获取到 600 个有效条目
2026-09-23 14:01:17 [WARNING]   [01_getrss.py:stderr] 2026-09-23 14:01:17,920 - INFO - 关键词过滤后剩余 313 个条目
2026-09-23 14:01:17 [WARNING]   [01_getrss.py:stderr] 2026-09-23 14:01:17,924 - INFO - 解析 Google 重定向链接为原始地址
2026-09-23 14:01:17 [WARNING]   [01_getrss.py:stderr] 2026-09-23 14:01:17,924 - INFO - 解析 Google 重定向链接为原始地址
2026-09-23 14:01:17 [WARNING]   [01_getrss.py:stderr] 2026-09-23 14:01:17,924 - INFO - 解析 Google 重定向链接为原始地址
2026-09-23 14:01:17 [WARNING]   [01_getrss.py:stderr] 2026-09-23 14:01:17,924 - INFO - 解析 Google 重定向链接为原始地址
2026-09-23 14:01:17 [WARNING]   [01_getrss.py:stderr] 2026-09-23 14:01:17,925 - INFO - 解析 Google 重定向链接为原始地址
2026-09-23 14:01:17 [WARNING]   [01_getrss.py:stderr] 2026-09-23 14:01:17,925 - INFO - 解析 Google 重定向链接为原始地址
2026-09-23 14:01:17 [WARNING]   [01_getrss.py:stderr] 2026-09-23 14:01:17,925 - INFO - 解析 Google 重定向链接为原始地址
2026-09-23 14:01:17 [WARNING]   [01_getrss.py:stderr] 2026-09-23 14:01:17,925 - INFO - 解析 Google 重定向链接为原始地址
2026-09-23 14:01:17 [WARNING]   [01_getrss.py:stderr] 2026-09-23 14:01:17,925 - INFO - 解析 Google 重定向链接为原始地址
2026-09-23 14:01:17 [WARNING]   [01_getrss.py:stderr] 2026-09-23 14:01:17,925 - INFO - 解析 Google 重定向链接为原始地址
2026-09-23 14:01:17 [WARNING]   [01_getrss.py:stderr] 2026-09-23 14:01:17,925 - INFO - 解析 Google 重定向链接为原始地址
2026-09-23 14:01:17 [WARNING]   [01_getrss.py:stderr] 2026-09-23 14:01:17,926 - INFO - 解析 Google 重定向链接为原始地址
2026-09-23 14:01:17 [WARNING]   [01_getrss.py:stderr] 2026-09-23 14:01:17,926 - INFO - 解析 Google 重定向链接为原始地址
2026-09-23 14:01:17 [WARNING]   [01_getrss.py:stderr] 2026-09-23 14:01:17,926 - INFO - 解析 Google 重定向链接为原始地址
2026-09-23 14:01:17 [WARNING]   [01_getrss.py:stderr] 2026-09-23 14:01:17,926 - INFO - 解析 Google 重定向链接为原始地址
2026-09-23 14:01:17 [WARNING]   [01_getrss.py:stderr] 2026-09-23 14:01:17,926 - INFO - 解析 Google 重定向链接为原始地址
2026-09-23 14:01:17 [WARNING]   [01_getrss.py:stderr] 2026-09-23 14:01:17,927 - INFO - 解析 Google 重定向链接为原始地址
2026-09-23 14:01:17 [WARNING]   [01_getrss.py:stderr] 2026-09-23 14:01:17,927 - INFO - 解析 Google 重定向链接为原始地址
2026-09-23 14:01:17 [WARNING]   [01_getrss.py:stderr] 2026-09-23 14:01:17,927 - INFO - 解析 Google 重定向链接为原始地址
2026-09-23 14:01:17 [WARNING]   [01_getrss.py:stderr] 2026-09-23 14:01:17,927 - INFO - 解析 Google 重定向链接为原始地址
2026-09-23 14:01:17 [WARNING]   [01_getrss.py:stderr] 2026-09-23 14:01:17,933 - INFO - 规范化后得到 313 个候选条目，交由 02 跨批次去重
2026-09-23 14:01:17 [WARNING]   [01_getrss.py:stderr] 2026-09-23 14:01:17,935 - INFO - 处理完成，结果已保存到 C:\Users\james\Dropbox\WORKS\SOFT\AI-Python\keepitrun\tmp\rss_2026-09-23_14-01-17.md
2026-09-23 14:01:17 [INFO]   [01_getrss.py] Processed Markdown saved to C:\Users\james\Dropbox\WORKS\SOFT\AI-Python\keepitrun\tmp\rss_2026-09-23_14-01-17.md
2026-09-23 14:01:17 [DEBUG] 记录任务完成: rss_2 @ 2026-09-23 (v1.24)
2026-09-23 14:05:17 [INFO] >>> 触发 14:05 合并去重翻译 RSS 结果
2026-09-23 14:05:17 [INFO] -- 开始合并 RSS 结果 --
2026-09-23 14:05:17 [INFO] 将合并当天 2 份 RSS 文件与 0 份积压摘要；积压摘要由合并器优先收敛
2026-09-23 14:05:17 [INFO] 执行 02_combine-gemini.py（第 1/3 次，单次时限 3600 秒）: C:\Users\james\AppData\Local\Programs\Python\Python314\python.exe C:\Users\james\Dropbox\WORKS\SOFT\AI-Python\keepitrun\02_combine-gemini.py rss_2026-09-23_02-01-00.md rss_2026-09-23_14-01-17.md
2026-09-23 14:05:18 [INFO]   [02_combine-gemini.py] Translation engine order: gemini -> glm -> google_free
2026-09-23 14:05:18 [INFO]   [02_combine-gemini.py] Total content lines loaded across all inputs: 643
2026-09-23 14:05:18 [INFO]   [02_combine-gemini.py] Total unique lines loaded: 560
2026-09-23 14:05:18 [INFO]   [02_combine-gemini.py] Chinese lines: 267, English lines: 293
2026-09-23 14:05:18 [INFO]   [02_combine-gemini.py] Translating 16 titles with gemini (attempt 1/2)...
2026-09-23 14:05:34 [INFO]   [02_combine-gemini.py] Translating 16 titles with gemini (attempt 1/2)...
2026-09-23 14:06:03 [INFO]   [02_combine-gemini.py]   gemini failed: ResourceExhausted
2026-09-23 14:06:05 [INFO]   [02_combine-gemini.py] Translating 16 titles with gemini (attempt 2/2)...
2026-09-23 14:06:35 [INFO]   [02_combine-gemini.py] Translating 16 titles with gemini (attempt 1/2)...
2026-09-23 14:06:45 [INFO]   [02_combine-gemini.py] Translating 16 titles with gemini (attempt 1/2)...
2026-09-23 14:07:09 [INFO]   [02_combine-gemini.py] Translating 16 titles with gemini (attempt 1/2)...
2026-09-23 14:07:54 [INFO]   [02_combine-gemini.py]   gemini failed: DeadlineExceeded
2026-09-23 14:07:56 [INFO]   [02_combine-gemini.py] Translating 16 titles with gemini (attempt 2/2)...
2026-09-23 14:08:08 [INFO]   [02_combine-gemini.py] Translating 16 titles with gemini (attempt 1/2)...
2026-09-23 14:09:37 [INFO]   [02_combine-gemini.py]   gemini failed: DeadlineExceeded
2026-09-23 14:09:39 [INFO]   [02_combine-gemini.py] Translating 16 titles with gemini (attempt 2/2)...
2026-09-23 14:10:24 [INFO]   [02_combine-gemini.py]   gemini failed: DeadlineExceeded
2026-09-23 14:10:24 [INFO]   [02_combine-gemini.py]   Falling back from gemini to glm...
2026-09-23 14:10:24 [INFO]   [02_combine-gemini.py] Translating 16 titles with glm (attempt 1/2)...
2026-09-23 14:10:45 [INFO]   [02_combine-gemini.py] Translating 16 titles with glm (attempt 1/2)...
2026-09-23 14:11:04 [INFO]   [02_combine-gemini.py] Translating 16 titles with glm (attempt 1/2)...
2026-09-23 14:11:28 [INFO]   [02_combine-gemini.py] Translating 16 titles with glm (attempt 1/2)...
2026-09-23 14:11:51 [INFO]   [02_combine-gemini.py] Translating 16 titles with glm (attempt 1/2)...
2026-09-23 14:12:08 [INFO]   [02_combine-gemini.py] Translating 16 titles with glm (attempt 1/2)...
2026-09-23 14:12:28 [INFO]   [02_combine-gemini.py] Translating 16 titles with glm (attempt 1/2)...
2026-09-23 14:12:50 [INFO]   [02_combine-gemini.py] Translating 16 titles with glm (attempt 1/2)...
2026-09-23 14:13:15 [INFO]   [02_combine-gemini.py] Translating 16 titles with glm (attempt 1/2)...
2026-09-23 14:13:41 [INFO]   [02_combine-gemini.py] Translating 16 titles with glm (attempt 1/2)...
2026-09-23 14:14:07 [INFO]   [02_combine-gemini.py] Translating 16 titles with glm (attempt 1/2)...
2026-09-23 14:14:30 [INFO]   [02_combine-gemini.py] Translating 16 titles with glm (attempt 1/2)...
2026-09-23 14:15:00 [INFO]   [02_combine-gemini.py] Translating 16 titles with glm (attempt 1/2)...
2026-09-23 14:15:20 [INFO]   [02_combine-gemini.py] Translating 5 titles with glm (attempt 1/2)...
2026-09-23 14:15:28 [INFO]   [02_combine-gemini.py] Process complete. Saved to: C:\Users\james\Dropbox\WORKS\SOFT\AI-Python\keepitrun\20260923-141528.md
2026-09-23 14:15:30 [INFO] RSS 合并去重翻译完成
2026-09-23 14:15:30 [INFO] 已将 2 个 RSS 抓取结果文件移动到 C:\Users\james\Dropbox\WORKS\SOFT\AI-Python\keepitrun\archived
2026-09-23 14:15:30 [DEBUG] 记录任务完成: combine @ 2026-09-23 (v1.24)
2026-09-23 15:00:00 [INFO] >>> 触发 15:00 Photos 自动同步
2026-09-23 15:00:00 [INFO] -- 开始运行 Photos 自动同步 --
2026-09-23 15:00:00 [INFO]   脚本路径: C:\Users\james\Dropbox\WORKS\SOFT\AI-Python\keepitrun\05_photos-update.py
2026-09-23 15:00:00 [INFO] 执行 05_photos-update.py（第 1/3 次，单次时限 1800 秒）: C:\Users\james\AppData\Local\Programs\Python\Python314\python.exe C:\Users\james\Dropbox\WORKS\SOFT\AI-Python\keepitrun\05_photos-update.py
2026-09-23 15:00:01 [INFO]   [05_photos-update.py] ============================================================
2026-09-23 15:00:01 [INFO]   [05_photos-update.py] 📸 Photos Update — 图片库自动同步工具
2026-09-23 15:00:01 [INFO]   [05_photos-update.py] ============================================================
2026-09-23 15:00:01 [INFO]   [05_photos-update.py] 🔍 自动检测模式
2026-09-23 15:00:01 [INFO]   [05_photos-update.py] 🕐 当前时间: 2026-09-23
2026-09-23 15:00:01 [INFO]   [05_photos-update.py] 📁 检查 lishuhang/photos 最新月份...
2026-09-23 15:00:01 [INFO]   [05_photos-update.py]   最新 JSON 月份: 202609
2026-09-23 15:00:01 [INFO]   [05_photos-update.py] 🔄 按图床配置检查 202609 至 202609
2026-09-23 15:00:01 [INFO]   [05_photos-update.py] ============================================================
2026-09-23 15:00:01 [INFO]   [05_photos-update.py] 📅 检查 2026-09
2026-09-23 15:00:02 [INFO]   [05_photos-update.py]   🔍 扫描 modem-56k/img2@main 的 2026/09 目录...
2026-09-23 15:00:24 [INFO]   [05_photos-update.py]   📷 发现 22 天，共 1445 张图片
2026-09-23 15:00:25 [INFO]   [05_photos-update.py]   📝 检测到差异，将覆盖更新
2026-09-23 15:00:25 [INFO]   [05_photos-update.py]   ⬆️ 上传 202609.json...
2026-09-23 15:00:27 [INFO]   [05_photos-update.py]   ✅ 202609.json 已更新并推送到 GitHub
2026-09-23 15:00:27 [INFO] Photos 自动同步完成
2026-09-23 15:00:27 [DEBUG] 记录任务完成: photos_update @ 2026-09-23 (v1.24)
2026-09-24 00:00:27 [INFO] 日志归档: 移动了 4 个超过 7 天的日志到 logs/archive/
2026-09-24 00:00:27 [INFO] 日志清理: 删除了 4 个超过 30 天的归档日志
2026-09-24 00:00:27 [INFO] archived/ 清理: 删除了 4 个超过 30 天的归档文件
2026-09-24 02:00:27 [INFO] >>> 触发 02:00 RSS 抓取 (第1次)
2026-09-24 02:00:27 [INFO] 执行 01_getrss.py（第 1/3 次，单次时限 1200 秒）: C:\Users\james\AppData\Local\Programs\Python\Python314\python.exe C:\Users\james\Dropbox\WORKS\SOFT\AI-Python\keepitrun\01_getrss.py
2026-09-24 02:00:28 [WARNING]   [01_getrss.py:stderr] 2026-09-24 02:00:28,155 - INFO - 开始执行 RSS 处理脚本
2026-09-24 02:00:28 [WARNING]   [01_getrss.py:stderr] 2026-09-24 02:00:28,189 - INFO - 加载了 39 个 RSS 源
2026-09-24 02:00:28 [WARNING]   [01_getrss.py:stderr] 2026-09-24 02:00:28,190 - INFO - 加载了 424 个关键词
2026-09-24 02:00:28 [WARNING]   [01_getrss.py:stderr] 2026-09-24 02:00:28,190 - INFO - 正在获取 RSS 源: http://feeds.feedburner.com/CBer
2026-09-24 02:00:28 [WARNING]   [01_getrss.py:stderr] 2026-09-24 02:00:28,661 - INFO - 从 http://feeds.feedburner.com/CBer 获取到 20 个条目
2026-09-24 02:00:28 [WARNING]   [01_getrss.py:stderr] 2026-09-24 02:00:28,662 - INFO - 正在获取 RSS 源: http://techmeme.com/feed.xml
2026-09-24 02:00:28 [WARNING]   [01_getrss.py:stderr] 2026-09-24 02:00:28,922 - INFO - 从 http://techmeme.com/feed.xml 获取到 15 个条目
2026-09-24 02:00:28 [WARNING]   [01_getrss.py:stderr] 2026-09-24 02:00:28,923 - INFO - 从 Techmeme RSS 摘要提取原始文章链接: www.wsj.com
2026-09-24 02:00:28 [WARNING]   [01_getrss.py:stderr] 2026-09-24 02:00:28,924 - INFO - 从 Techmeme RSS 摘要提取原始文章链接: www.hollywoodreporter.com
2026-09-24 02:00:28 [WARNING]   [01_getrss.py:stderr] 2026-09-24 02:00:28,925 - INFO - 从 Techmeme RSS 摘要提取原始文章链接: blog.google
2026-09-24 02:00:28 [WARNING]   [01_getrss.py:stderr] 2026-09-24 02:00:28,925 - INFO - 从 Techmeme RSS 摘要提取原始文章链接: www.nytimes.com
2026-09-24 02:00:28 [WARNING]   [01_getrss.py:stderr] 2026-09-24 02:00:28,926 - INFO - 从 Techmeme RSS 摘要提取原始文章链接: www.geekwire.com
2026-09-24 02:00:28 [WARNING]   [01_getrss.py:stderr] 2026-09-24 02:00:28,927 - INFO - 从 Techmeme RSS 摘要提取原始文章链接: www.bloomberg.com
2026-09-24 02:00:28 [WARNING]   [01_getrss.py:stderr] 2026-09-24 02:00:28,927 - INFO - 从 Techmeme RSS 摘要提取原始文章链接: www.wired.com
2026-09-24 02:00:28 [WARNING]   [01_getrss.py:stderr] 2026-09-24 02:00:28,928 - INFO - 从 Techmeme RSS 摘要提取原始文章链接: www.wsj.com
2026-09-24 02:00:28 [WARNING]   [01_getrss.py:stderr] 2026-09-24 02:00:28,928 - INFO - 从 Techmeme RSS 摘要提取原始文章链接: www.bloomberg.com
2026-09-24 02:00:28 [WARNING]   [01_getrss.py:stderr] 2026-09-24 02:00:28,929 - INFO - 从 Techmeme RSS 摘要提取原始文章链接: variety.com
2026-09-24 02:00:28 [WARNING]   [01_getrss.py:stderr] 2026-09-24 02:00:28,930 - INFO - 从 Techmeme RSS 摘要提取原始文章链接: tech.eu
2026-09-24 02:00:28 [WARNING]   [01_getrss.py:stderr] 2026-09-24 02:00:28,931 - INFO - 从 Techmeme RSS 摘要提取原始文章链接: www.bloomberg.com
2026-09-24 02:00:28 [WARNING]   [01_getrss.py:stderr] 2026-09-24 02:00:28,931 - INFO - 从 Techmeme RSS 摘要提取原始文章链接: www.businessinsider.com
2026-09-24 02:00:28 [WARNING]   [01_getrss.py:stderr] 2026-09-24 02:00:28,932 - INFO - 从 Techmeme RSS 摘要提取原始文章链接: techcrunch.com
2026-09-24 02:00:28 [WARNING]   [01_getrss.py:stderr] 2026-09-24 02:00:28,933 - INFO - 从 Techmeme RSS 摘要提取原始文章链接: www.bbc.com
2026-09-24 02:00:28 [WARNING]   [01_getrss.py:stderr] 2026-09-24 02:00:28,933 - INFO - 正在获取 RSS 源: https://techcrunch.com/feed/
2026-09-24 02:00:29 [WARNING]   [01_getrss.py:stderr] 2026-09-24 02:00:29,036 - INFO - 从 https://techcrunch.com/feed/ 获取到 20 个条目
2026-09-24 02:00:29 [WARNING]   [01_getrss.py:stderr] 2026-09-24 02:00:29,036 - INFO - 正在获取 RSS 源: https://feeds.arstechnica.com/arstechnica/index/
2026-09-24 02:00:29 [WARNING]   [01_getrss.py:stderr] 2026-09-24 02:00:29,191 - INFO - 从 https://feeds.arstechnica.com/arstechnica/index/ 获取到 20 个条目
2026-09-24 02:00:29 [WARNING]   [01_getrss.py:stderr] 2026-09-24 02:00:29,191 - INFO - 正在获取 RSS 源: https://www.technologyreview.com/feed/
2026-09-24 02:00:29 [WARNING]   [01_getrss.py:stderr] 2026-09-24 02:00:29,378 - INFO - 从 https://www.technologyreview.com/feed/ 获取到 10 个条目
2026-09-24 02:00:29 [WARNING]   [01_getrss.py:stderr] 2026-09-24 02:00:29,378 - INFO - 正在获取 RSS 源: https://www.engadget.com/rss.xml
2026-09-24 02:00:29 [WARNING]   [01_getrss.py:stderr] 2026-09-24 02:00:29,483 - INFO - 从 https://www.engadget.com/rss.xml 获取到 20 个条目
2026-09-24 02:00:29 [WARNING]   [01_getrss.py:stderr] 2026-09-24 02:00:29,484 - INFO - 正在获取 RSS 源: http://feeds.feedburner.com/businessinsider/
2026-09-24 02:00:30 [WARNING]   [01_getrss.py:stderr] 2026-09-24 02:00:30,126 - INFO - 从 http://feeds.feedburner.com/businessinsider/ 获取到 50 个条目
2026-09-24 02:00:30 [WARNING]   [01_getrss.py:stderr] 2026-09-24 02:00:30,127 - INFO - 正在获取 RSS 源: https://www.cnet.com/rss/all/
2026-09-24 02:00:30 [WARNING]   [01_getrss.py:stderr] 2026-09-24 02:00:30,243 - INFO - 从 https://www.cnet.com/rss/all/ 获取到 25 个条目
2026-09-24 02:00:30 [WARNING]   [01_getrss.py:stderr] 2026-09-24 02:00:30,243 - INFO - 正在获取 RSS 源: https://www.techradar.com/feeds.xml
2026-09-24 02:00:30 [WARNING]   [01_getrss.py:stderr] 2026-09-24 02:00:30,787 - INFO - 从 https://www.techradar.com/feeds.xml 获取到 50 个条目
2026-09-24 02:00:30 [WARNING]   [01_getrss.py:stderr] 2026-09-24 02:00:30,788 - INFO - 正在获取 RSS 源: https://mashable.com/feeds/rss/all
2026-09-24 02:00:31 [WARNING]   [01_getrss.py:stderr] 2026-09-24 02:00:31,442 - INFO - 从 https://mashable.com/feeds/rss/all 获取到 100 个条目
2026-09-24 02:00:31 [WARNING]   [01_getrss.py:stderr] 2026-09-24 02:00:31,442 - INFO - 正在获取 RSS 源: https://www.theverge.com/rss/index.xml
2026-09-24 02:00:31 [WARNING]   [01_getrss.py:stderr] 2026-09-24 02:00:31,575 - INFO - 从 https://www.theverge.com/rss/index.xml 获取到 10 个条目
2026-09-24 02:00:31 [WARNING]   [01_getrss.py:stderr] 2026-09-24 02:00:31,575 - INFO - 正在获取 RSS 源: https://www.wired.com/feed/tag/ai/latest/rss
2026-09-24 02:00:31 [WARNING]   [01_getrss.py:stderr] 2026-09-24 02:00:31,748 - INFO - 从 https://www.wired.com/feed/tag/ai/latest/rss 获取到 10 个条目
2026-09-24 02:00:31 [WARNING]   [01_getrss.py:stderr] 2026-09-24 02:00:31,748 - INFO - 正在获取 RSS 源: https://feeds.bbci.co.uk/news/technology/rss.xml
2026-09-24 02:00:31 [WARNING]   [01_getrss.py:stderr] 2026-09-24 02:00:31,857 - INFO - 从 https://feeds.bbci.co.uk/news/technology/rss.xml 获取到 21 个条目
2026-09-24 02:00:31 [WARNING]   [01_getrss.py:stderr] 2026-09-24 02:00:31,857 - INFO - 正在获取 RSS 源: https://www.economist.com/science-and-technology/rss.xml
2026-09-24 02:00:32 [WARNING]   [01_getrss.py:stderr] 2026-09-24 02:00:32,075 - WARNING - RSS 源 https://www.economist.com/science-and-technology/rss.xml 解析时出现问题: document declared as us-ascii, but parsed as utf-8
2026-09-24 02:00:32 [WARNING]   [01_getrss.py:stderr] 2026-09-24 02:00:32,075 - INFO - 从 https://www.economist.com/science-and-technology/rss.xml 获取到 300 个条目
2026-09-24 02:00:32 [WARNING]   [01_getrss.py:stderr] 2026-09-24 02:00:32,076 - INFO - 正在获取 RSS 源: https://www.economist.com/business/rss.xml
2026-09-24 02:00:32 [WARNING]   [01_getrss.py:stderr] 2026-09-24 02:00:32,338 - WARNING - RSS 源 https://www.economist.com/business/rss.xml 解析时出现问题: document declared as us-ascii, but parsed as utf-8
2026-09-24 02:00:32 [WARNING]   [01_getrss.py:stderr] 2026-09-24 02:00:32,338 - INFO - 从 https://www.economist.com/business/rss.xml 获取到 300 个条目
2026-09-24 02:00:32 [WARNING]   [01_getrss.py:stderr] 2026-09-24 02:00:32,339 - INFO - 正在获取 RSS 源: https://www.economist.com/international/rss.xml
2026-09-24 02:00:32 [WARNING]   [01_getrss.py:stderr] 2026-09-24 02:00:32,555 - WARNING - RSS 源 https://www.economist.com/international/rss.xml 解析时出现问题: document declared as us-ascii, but parsed as utf-8
2026-09-24 02:00:32 [WARNING]   [01_getrss.py:stderr] 2026-09-24 02:00:32,555 - INFO - 从 https://www.economist.com/international/rss.xml 获取到 300 个条目
2026-09-24 02:00:32 [WARNING]   [01_getrss.py:stderr] 2026-09-24 02:00:32,556 - INFO - 正在获取 RSS 源: https://www.economist.com/china/rss.xml
2026-09-24 02:00:32 [WARNING]   [01_getrss.py:stderr] 2026-09-24 02:00:32,748 - WARNING - RSS 源 https://www.economist.com/china/rss.xml 解析时出现问题: document declared as us-ascii, but parsed as utf-8
2026-09-24 02:00:32 [WARNING]   [01_getrss.py:stderr] 2026-09-24 02:00:32,748 - INFO - 从 https://www.economist.com/china/rss.xml 获取到 300 个条目
2026-09-24 02:00:32 [WARNING]   [01_getrss.py:stderr] 2026-09-24 02:00:32,748 - INFO - 正在获取 RSS 源: https://arstechnica.com/feed/
2026-09-24 02:00:33 [WARNING]   [01_getrss.py:stderr] 2026-09-24 02:00:33,170 - INFO - 从 https://arstechnica.com/feed/ 获取到 20 个条目
2026-09-24 02:00:33 [WARNING]   [01_getrss.py:stderr] 2026-09-24 02:00:33,170 - INFO - 正在获取 RSS 源: https://www.google.com/alerts/feeds/00120727335941528291/15923614493533912620
2026-09-24 02:00:33 [WARNING]   [01_getrss.py:stderr] 2026-09-24 02:00:33,615 - INFO - 从 https://www.google.com/alerts/feeds/00120727335941528291/15923614493533912620 获取到 20 个条目
2026-09-24 02:00:33 [WARNING]   [01_getrss.py:stderr] 2026-09-24 02:00:33,615 - INFO - 正在获取 RSS 源: https://36kr.com/feed-newsflash
2026-09-24 02:00:34 [WARNING]   [01_getrss.py:stderr] 2026-09-24 02:00:34,465 - WARNING - RSS 源 https://36kr.com/feed-newsflash 解析时出现问题: <unknown>:10:542: not well-formed (invalid token)
2026-09-24 02:00:34 [WARNING]   [01_getrss.py:stderr] 2026-09-24 02:00:34,465 - WARNING - RSS 源 https://36kr.com/feed-newsflash 没有返回条目
2026-09-24 02:00:34 [WARNING]   [01_getrss.py:stderr] 2026-09-24 02:00:34,465 - INFO - 正在获取 RSS 源: https://36kr.com/feed-article
2026-09-24 02:00:36 [WARNING]   [01_getrss.py:stderr] 2026-09-24 02:00:36,096 - WARNING - RSS 源 https://36kr.com/feed-article 解析时出现问题: <unknown>:10:542: not well-formed (invalid token)
2026-09-24 02:00:36 [WARNING]   [01_getrss.py:stderr] 2026-09-24 02:00:36,096 - WARNING - RSS 源 https://36kr.com/feed-article 没有返回条目
2026-09-24 02:00:36 [WARNING]   [01_getrss.py:stderr] 2026-09-24 02:00:36,096 - INFO - 正在获取 RSS 源: https://www.ithome.com/rss/
2026-09-24 02:00:38 [WARNING]   [01_getrss.py:stderr] 2026-09-24 02:00:38,340 - INFO - 从 https://www.ithome.com/rss/ 获取到 60 个条目
2026-09-24 02:00:38 [WARNING]   [01_getrss.py:stderr] 2026-09-24 02:00:38,341 - INFO - 正在获取 RSS 源: https://rss.mydrivers.com/Rss.aspx?Tid=1
2026-09-24 02:00:39 [WARNING]   [01_getrss.py:stderr] 2026-09-24 02:00:39,420 - INFO - 从 https://rss.mydrivers.com/Rss.aspx?Tid=1 获取到 100 个条目
2026-09-24 02:00:39 [WARNING]   [01_getrss.py:stderr] 2026-09-24 02:00:39,421 - INFO - 正在获取 RSS 源: https://www.solidot.org/index.rss
2026-09-24 02:00:41 [WARNING]   [01_getrss.py:stderr] 2026-09-24 02:00:41,091 - INFO - 从 https://www.solidot.org/index.rss 获取到 20 个条目
2026-09-24 02:00:41 [WARNING]   [01_getrss.py:stderr] 2026-09-24 02:00:41,091 - INFO - 正在获取 RSS 源: https://www.geekpark.net/rss
2026-09-24 02:00:56 [WARNING]   [01_getrss.py:stderr] 2026-09-24 02:00:56,825 - INFO - 从 https://www.geekpark.net/rss 获取到 30 个条目
2026-09-24 02:00:56 [WARNING]   [01_getrss.py:stderr] 2026-09-24 02:00:56,825 - INFO - 正在获取 RSS 源: https://www.ifanr.com/feed
2026-09-24 02:00:58 [WARNING]   [01_getrss.py:stderr] 2026-09-24 02:00:58,004 - INFO - 从 https://www.ifanr.com/feed 获取到 20 个条目
2026-09-24 02:00:58 [WARNING]   [01_getrss.py:stderr] 2026-09-24 02:00:58,005 - INFO - 正在获取 RSS 源: https://www.tmtpost.com/rss.xml
2026-09-24 02:01:00 [WARNING]   [01_getrss.py:stderr] 2026-09-24 02:01:00,555 - INFO - 从 https://www.tmtpost.com/rss.xml 获取到 15 个条目
2026-09-24 02:01:00 [WARNING]   [01_getrss.py:stderr] 2026-09-24 02:01:00,555 - INFO - 正在获取 RSS 源: https://rss.huxiu.com/
2026-09-24 02:01:01 [WARNING]   [01_getrss.py:stderr] 2026-09-24 02:01:01,534 - INFO - 从 https://rss.huxiu.com/ 获取到 3 个条目
2026-09-24 02:01:01 [WARNING]   [01_getrss.py:stderr] 2026-09-24 02:01:01,535 - INFO - 正在获取 RSS 源: https://www.qbitai.com/feed
2026-09-24 02:01:02 [WARNING]   [01_getrss.py:stderr] 2026-09-24 02:01:02,763 - INFO - 从 https://www.qbitai.com/feed 获取到 10 个条目
2026-09-24 02:01:02 [WARNING]   [01_getrss.py:stderr] 2026-09-24 02:01:02,764 - INFO - 正在获取 RSS 源: https://www.leiphone.com/feed/
2026-09-24 02:01:05 [WARNING]   [01_getrss.py:stderr] 2026-09-24 02:01:05,620 - INFO - 从 https://www.leiphone.com/feed/ 获取到 20 个条目
2026-09-24 02:01:05 [WARNING]   [01_getrss.py:stderr] 2026-09-24 02:01:05,621 - INFO - 正在获取 RSS 源: https://plink.anyfeeder.com/mittrchina/hot
2026-09-24 02:01:05 [WARNING]   [01_getrss.py:stderr] 2026-09-24 02:01:05,846 - INFO - 从 https://plink.anyfeeder.com/mittrchina/hot 获取到 10 个条目
2026-09-24 02:01:05 [WARNING]   [01_getrss.py:stderr] 2026-09-24 02:01:05,846 - INFO - 正在获取 RSS 源: https://sspai.com/feed
2026-09-24 02:01:06 [WARNING]   [01_getrss.py:stderr] 2026-09-24 02:01:06,930 - INFO - 从 https://sspai.com/feed 获取到 10 个条目
2026-09-24 02:01:06 [WARNING]   [01_getrss.py:stderr] 2026-09-24 02:01:06,930 - INFO - 正在获取 RSS 源: https://v2ex.com/index.xml
2026-09-24 02:01:07 [WARNING]   [01_getrss.py:stderr] 2026-09-24 02:01:07,318 - INFO - 从 https://v2ex.com/index.xml 获取到 50 个条目
2026-09-24 02:01:07 [WARNING]   [01_getrss.py:stderr] 2026-09-24 02:01:07,319 - INFO - 正在获取 RSS 源: https://plink.anyfeeder.com/zaobao/realtime/china
2026-09-24 02:01:07 [WARNING]   [01_getrss.py:stderr] 2026-09-24 02:01:07,601 - INFO - 从 https://plink.anyfeeder.com/zaobao/realtime/china 获取到 24 个条目
2026-09-24 02:01:07 [WARNING]   [01_getrss.py:stderr] 2026-09-24 02:01:07,602 - INFO - 正在获取 RSS 源: https://plink.anyfeeder.com/zaobao/realtime/world
2026-09-24 02:01:07 [WARNING]   [01_getrss.py:stderr] 2026-09-24 02:01:07,766 - INFO - 从 https://plink.anyfeeder.com/zaobao/realtime/world 获取到 24 个条目
2026-09-24 02:01:07 [WARNING]   [01_getrss.py:stderr] 2026-09-24 02:01:07,766 - INFO - 正在获取 RSS 源: https://hnrss.org/frontpage
2026-09-24 02:01:15 [WARNING]   [01_getrss.py:stderr] 2026-09-24 02:01:15,184 - INFO - 从 https://hnrss.org/frontpage 获取到 20 个条目
2026-09-24 02:01:15 [WARNING]   [01_getrss.py:stderr] 2026-09-24 02:01:15,184 - INFO - 正在获取 RSS 源: https://www.jiqizhixin.com/feed
2026-09-24 02:01:15 [WARNING]   [01_getrss.py:stderr] 2026-09-24 02:01:15,848 - WARNING - RSS 源 https://www.jiqizhixin.com/feed 解析时出现问题: <unknown>:8:82: not well-formed (invalid token)
2026-09-24 02:01:15 [WARNING]   [01_getrss.py:stderr] 2026-09-24 02:01:15,849 - WARNING - RSS 源 https://www.jiqizhixin.com/feed 没有返回条目
2026-09-24 02:01:15 [WARNING]   [01_getrss.py:stderr] 2026-09-24 02:01:15,849 - INFO - 正在获取 RSS 源: https://blogs.nvidia.com/feed/
2026-09-24 02:01:16 [WARNING]   [01_getrss.py:stderr] 2026-09-24 02:01:16,124 - INFO - 从 https://blogs.nvidia.com/feed/ 获取到 18 个条目
2026-09-24 02:01:16 [WARNING]   [01_getrss.py:stderr] 2026-09-24 02:01:16,125 - INFO - 正在获取 RSS 源: https://ai.googleblog.com/feeds/posts/default
2026-09-24 02:01:16 [WARNING]   [01_getrss.py:stderr] 2026-09-24 02:01:16,472 - WARNING - RSS 源 https://ai.googleblog.com/feeds/posts/default 解析时出现问题: <unknown>:4:31: mismatched tag
2026-09-24 02:01:16 [WARNING]   [01_getrss.py:stderr] 2026-09-24 02:01:16,472 - WARNING - RSS 源 https://ai.googleblog.com/feeds/posts/default 没有返回条目
2026-09-24 02:01:16 [WARNING]   [01_getrss.py:stderr] 2026-09-24 02:01:16,472 - INFO - 总共获取到 588 个有效条目
2026-09-24 02:01:16 [WARNING]   [01_getrss.py:stderr] 2026-09-24 02:01:16,501 - INFO - 关键词过滤后剩余 321 个条目
2026-09-24 02:01:16 [WARNING]   [01_getrss.py:stderr] 2026-09-24 02:01:16,505 - INFO - 解析 Google 重定向链接为原始地址
2026-09-24 02:01:16 [WARNING]   [01_getrss.py:stderr] 2026-09-24 02:01:16,505 - INFO - 解析 Google 重定向链接为原始地址
2026-09-24 02:01:16 [WARNING]   [01_getrss.py:stderr] 2026-09-24 02:01:16,505 - INFO - 解析 Google 重定向链接为原始地址
2026-09-24 02:01:16 [WARNING]   [01_getrss.py:stderr] 2026-09-24 02:01:16,505 - INFO - 解析 Google 重定向链接为原始地址
2026-09-24 02:01:16 [WARNING]   [01_getrss.py:stderr] 2026-09-24 02:01:16,505 - INFO - 解析 Google 重定向链接为原始地址
2026-09-24 02:01:16 [WARNING]   [01_getrss.py:stderr] 2026-09-24 02:01:16,505 - INFO - 解析 Google 重定向链接为原始地址
2026-09-24 02:01:16 [WARNING]   [01_getrss.py:stderr] 2026-09-24 02:01:16,506 - INFO - 解析 Google 重定向链接为原始地址
2026-09-24 02:01:16 [WARNING]   [01_getrss.py:stderr] 2026-09-24 02:01:16,506 - INFO - 解析 Google 重定向链接为原始地址
2026-09-24 02:01:16 [WARNING]   [01_getrss.py:stderr] 2026-09-24 02:01:16,506 - INFO - 解析 Google 重定向链接为原始地址
2026-09-24 02:01:16 [WARNING]   [01_getrss.py:stderr] 2026-09-24 02:01:16,506 - INFO - 解析 Google 重定向链接为原始地址
2026-09-24 02:01:16 [WARNING]   [01_getrss.py:stderr] 2026-09-24 02:01:16,506 - INFO - 解析 Google 重定向链接为原始地址
2026-09-24 02:01:16 [WARNING]   [01_getrss.py:stderr] 2026-09-24 02:01:16,506 - INFO - 解析 Google 重定向链接为原始地址
2026-09-24 02:01:16 [WARNING]   [01_getrss.py:stderr] 2026-09-24 02:01:16,507 - INFO - 解析 Google 重定向链接为原始地址
2026-09-24 02:01:16 [WARNING]   [01_getrss.py:stderr] 2026-09-24 02:01:16,507 - INFO - 解析 Google 重定向链接为原始地址
2026-09-24 02:01:16 [WARNING]   [01_getrss.py:stderr] 2026-09-24 02:01:16,507 - INFO - 解析 Google 重定向链接为原始地址
2026-09-24 02:01:16 [WARNING]   [01_getrss.py:stderr] 2026-09-24 02:01:16,507 - INFO - 解析 Google 重定向链接为原始地址
2026-09-24 02:01:16 [WARNING]   [01_getrss.py:stderr] 2026-09-24 02:01:16,507 - INFO - 解析 Google 重定向链接为原始地址
2026-09-24 02:01:16 [WARNING]   [01_getrss.py:stderr] 2026-09-24 02:01:16,507 - INFO - 解析 Google 重定向链接为原始地址
2026-09-24 02:01:16 [WARNING]   [01_getrss.py:stderr] 2026-09-24 02:01:16,508 - INFO - 解析 Google 重定向链接为原始地址
2026-09-24 02:01:16 [WARNING]   [01_getrss.py:stderr] 2026-09-24 02:01:16,514 - INFO - 规范化后得到 321 个候选条目，交由 02 跨批次去重
2026-09-24 02:01:16 [WARNING]   [01_getrss.py:stderr] 2026-09-24 02:01:16,516 - INFO - 处理完成，结果已保存到 C:\Users\james\Dropbox\WORKS\SOFT\AI-Python\keepitrun\tmp\rss_2026-09-24_02-01-16.md
2026-09-24 02:01:16 [INFO]   [01_getrss.py] Processed Markdown saved to C:\Users\james\Dropbox\WORKS\SOFT\AI-Python\keepitrun\tmp\rss_2026-09-24_02-01-16.md
2026-09-24 02:01:16 [DEBUG] 记录任务完成: rss_1 @ 2026-09-24 (v1.24)
2026-09-24 10:05:16 [INFO] >>> 触发 10:05 爬取最新 daily
2026-09-24 10:05:16 [INFO] 执行 03_convert-daily.py（第 1/3 次，单次时限 1800 秒）: C:\Users\james\AppData\Local\Programs\Python\Python314\python.exe C:\Users\james\Dropbox\WORKS\SOFT\AI-Python\keepitrun\03_convert-daily.py --non-interactive
2026-09-24 10:05:17 [WARNING]   [03_convert-daily.py:stderr] 10:05:17 工作目录: C:\Users\james\Dropbox\WORKS\SOFT\AI-Python\keepitrun
2026-09-24 10:05:17 [WARNING]   [03_convert-daily.py:stderr] 10:05:17 日志文件: C:\Users\james\Dropbox\WORKS\SOFT\AI-Python\keepitrun\logs\daily_20260924_100517.log
2026-09-24 10:05:18 [WARNING]   [03_convert-daily.py:stderr] 10:05:18 GitHub 认证成功: lishuhang
2026-09-24 10:05:18 [WARNING]   [03_convert-daily.py:stderr] 10:05:18 ═══ 自动模式 ═══
2026-09-24 10:05:18 [WARNING]   [03_convert-daily.py:stderr] 10:05:18 仓库最新文章: 2026-09-23
2026-09-24 10:05:18 [WARNING]   [03_convert-daily.py:stderr] 10:05:18 开始遍历专辑
2026-09-24 10:05:18 [WARNING]   [03_convert-daily.py:stderr] 10:05:18   起始日期: 2026-09-23
2026-09-24 10:05:21 [WARNING]   [03_convert-daily.py:stderr] 10:05:21 已到达起始日期边界
2026-09-24 10:05:21 [WARNING]   [03_convert-daily.py:stderr] 10:05:21 专辑遍历完成: 共 2 篇文章
2026-09-24 10:05:21 [WARNING]   [03_convert-daily.py:stderr] 10:05:21 发现 1 篇尚未发布的文章
2026-09-24 10:05:21 [WARNING]   [03_convert-daily.py:stderr] 10:05:21 [1/1] 2026-09-24 | 每日 AIGC 早报：2026.9.24
2026-09-24 10:05:21 [WARNING]   [03_convert-daily.py:stderr] 10:05:21 抓取文章: https://mp.weixin.qq.com/s?__biz=MjM5Mjg1ODIxMQ==&mid=2650674788&idx=1&sn=4cf2fc...
2026-09-24 10:05:24 [WARNING]   [03_convert-daily.py:stderr] 10:05:24 回退使用 og:image（可能为裁剪版）
2026-09-24 10:05:24 [WARNING]   [03_convert-daily.py:stderr] 10:05:24 下载封面图（JPG）...
2026-09-24 10:05:26 [WARNING]   [03_convert-daily.py:stderr] 10:05:26 本地保存图片: C:\Users\james\Dropbox\WORKS\SOFT\AI-Python\keepitrun\images\2026\09\0924-d.jpg
2026-09-24 10:05:26 [WARNING]   [03_convert-daily.py:stderr] 10:05:26 本地保存Markdown: C:\Users\james\Dropbox\WORKS\SOFT\AI-Python\keepitrun\_posts\2026-09-24-daily.md
2026-09-24 10:05:26 [WARNING]   [03_convert-daily.py:stderr] 10:05:26 图床路由: 2026-09 → lishuhang/img@master
2026-09-24 10:05:28 [WARNING]   [03_convert-daily.py:stderr] 10:05:28 已上传: 2026/09/0924-d.jpg
2026-09-24 10:05:29 [WARNING]   [03_convert-daily.py:stderr] 10:05:29 已上传: _posts/2026-09-24-daily.md
2026-09-24 10:05:30 [WARNING]   [03_convert-daily.py:stderr] 10:05:30 ═══ 完成: 1 成功, 0 跳过, 0 失败 ═══
2026-09-24 10:05:30 [DEBUG] 记录任务完成: daily @ 2026-09-24 (v1.24)
2026-09-24 10:05:30 [INFO] 已将 2 个 blog/daily 文件/目录归档到 C:\Users\james\Dropbox\WORKS\SOFT\AI-Python\keepitrun\archived
2026-09-24 10:10:00 [INFO] >>> 触发 10:10 爬取最新 blog
2026-09-24 10:10:00 [INFO] 执行 04_convert-blog.py（第 1/3 次，单次时限 3600 秒）: C:\Users\james\AppData\Local\Programs\Python\Python314\python.exe C:\Users\james\Dropbox\WORKS\SOFT\AI-Python\keepitrun\04_convert-blog.py album:20260923 --non-interactive
2026-09-24 10:10:00 [WARNING]   [04_convert-blog.py:stderr] C:\Users\james\Dropbox\WORKS\SOFT\AI-Python\keepitrun\04_convert-blog.py:28: SyntaxWarning: "\s" is an invalid escape sequence. Such sequences will not work in the future. Did you mean "\\s"? A raw string is also an option.
2026-09-24 10:10:00 [WARNING]   [04_convert-blog.py:stderr]   - _is_daily_report_title(): \u5339\u914d "\u6bcf\u65e5\s*AIGC\s*\u65e9\u62a5" (\u5927\u5c0f\u5199\u4e0d\u654f\u611f\uff0c\u517c\u5bb9\u5404\u79cd\u7a7a\u683c)
2026-09-24 10:10:00 [WARNING]   [04_convert-blog.py:stderr] 10:10:00 工作目录: C:\Users\james\Dropbox\WORKS\SOFT\AI-Python\keepitrun
2026-09-24 10:10:00 [WARNING]   [04_convert-blog.py:stderr] 10:10:00 日志文件: C:\Users\james\Dropbox\WORKS\SOFT\AI-Python\keepitrun\logs\blog_20260924_101000.log
2026-09-24 10:10:00 [WARNING]   [04_convert-blog.py:stderr] 10:10:00 合集模式: 自 2026-09-23
2026-09-24 10:10:00 [WARNING]   [04_convert-blog.py:stderr] 10:10:00 ═══ 开始遍历全部 7 个合集 ═══
2026-09-24 10:10:00 [WARNING]   [04_convert-blog.py:stderr] 10:10:00 开始遍历合集 [新闻实验室] (album_id=3902494251036180488)
2026-09-24 10:10:00 [WARNING]   [04_convert-blog.py:stderr] 10:10:00   起始日期: 2026-09-23
2026-09-24 10:10:02 [WARNING]   [04_convert-blog.py:stderr] 10:10:02   [新闻实验室] 已到达起始日期边界
2026-09-24 10:10:02 [WARNING]   [04_convert-blog.py:stderr] 10:10:02   [新闻实验室] 遍历完成: 共 0 篇文章
2026-09-24 10:10:02 [WARNING]   [04_convert-blog.py:stderr] 10:10:02 开始遍历合集 [随笔] (album_id=2615905303213441024)
2026-09-24 10:10:02 [WARNING]   [04_convert-blog.py:stderr] 10:10:02   起始日期: 2026-09-23
2026-09-24 10:10:04 [WARNING]   [04_convert-blog.py:stderr] 10:10:04   [随笔] 已到达起始日期边界
2026-09-24 10:10:04 [WARNING]   [04_convert-blog.py:stderr] 10:10:04   [随笔] 遍历完成: 共 0 篇文章
2026-09-24 10:10:04 [WARNING]   [04_convert-blog.py:stderr] 10:10:04 开始遍历合集 [航通社的朋友们] (album_id=3477575130983596037)
2026-09-24 10:10:04 [WARNING]   [04_convert-blog.py:stderr] 10:10:04   起始日期: 2026-09-23
2026-09-24 10:10:05 [WARNING]   [04_convert-blog.py:stderr] 10:10:05   [航通社的朋友们] 已到达起始日期边界
2026-09-24 10:10:05 [WARNING]   [04_convert-blog.py:stderr] 10:10:05   [航通社的朋友们] 遍历完成: 共 0 篇文章
2026-09-24 10:10:06 [WARNING]   [04_convert-blog.py:stderr] 10:10:06 开始遍历合集 [AI] (album_id=1525375142552518658)
2026-09-24 10:10:06 [WARNING]   [04_convert-blog.py:stderr] 10:10:06   起始日期: 2026-09-23
2026-09-24 10:10:07 [WARNING]   [04_convert-blog.py:stderr] 10:10:07   [AI] 已到达起始日期边界
2026-09-24 10:10:07 [WARNING]   [04_convert-blog.py:stderr] 10:10:07   [AI] 遍历完成: 共 0 篇文章
2026-09-24 10:10:08 [WARNING]   [04_convert-blog.py:stderr] 10:10:08 开始遍历合集 [科技] (album_id=1584782882340978691)
2026-09-24 10:10:08 [WARNING]   [04_convert-blog.py:stderr] 10:10:08   起始日期: 2026-09-23
2026-09-24 10:10:09 [WARNING]   [04_convert-blog.py:stderr] 10:10:09   [科技] 已到达起始日期边界
2026-09-24 10:10:09 [WARNING]   [04_convert-blog.py:stderr] 10:10:09   [科技] 遍历完成: 共 0 篇文章
2026-09-24 10:10:10 [WARNING]   [04_convert-blog.py:stderr] 10:10:10 开始遍历合集 [历史] (album_id=1903521189994545155)
2026-09-24 10:10:10 [WARNING]   [04_convert-blog.py:stderr] 10:10:10   起始日期: 2026-09-23
2026-09-24 10:10:11 [WARNING]   [04_convert-blog.py:stderr] 10:10:11   [历史] 已到达起始日期边界
2026-09-24 10:10:11 [WARNING]   [04_convert-blog.py:stderr] 10:10:11   [历史] 遍历完成: 共 0 篇文章
2026-09-24 10:10:12 [WARNING]   [04_convert-blog.py:stderr] 10:10:12 开始遍历合集 [传媒] (album_id=2046079811625844737)
2026-09-24 10:10:12 [WARNING]   [04_convert-blog.py:stderr] 10:10:12   起始日期: 2026-09-23
2026-09-24 10:10:14 [WARNING]   [04_convert-blog.py:stderr] 10:10:14   [传媒] 已到达起始日期边界
2026-09-24 10:10:14 [WARNING]   [04_convert-blog.py:stderr] 10:10:14   [传媒] 遍历完成: 共 0 篇文章
2026-09-24 10:10:14 [WARNING]   [04_convert-blog.py:stderr] 10:10:14 ═══ 全部合集遍历完成: 共 0 篇不重复文章 ═══
2026-09-24 10:10:14 [WARNING]   [04_convert-blog.py:stderr] 10:10:14 合集中没有符合条件的文章
2026-09-24 10:10:14 [WARNING]   [04_convert-blog.py:stderr] 10:10:14 没有可处理的URL
2026-09-24 10:10:14 [DEBUG] 记录任务完成: blog @ 2026-09-24 (v1.24)
2026-09-24 14:00:14 [INFO] >>> 触发 14:00 RSS 抓取 (第2次)
2026-09-24 14:00:14 [INFO] 执行 01_getrss.py（第 1/3 次，单次时限 1200 秒）: C:\Users\james\AppData\Local\Programs\Python\Python314\python.exe C:\Users\james\Dropbox\WORKS\SOFT\AI-Python\keepitrun\01_getrss.py
2026-09-24 14:00:15 [WARNING]   [01_getrss.py:stderr] 2026-09-24 14:00:15,506 - INFO - 开始执行 RSS 处理脚本
2026-09-24 14:00:15 [WARNING]   [01_getrss.py:stderr] 2026-09-24 14:00:15,538 - INFO - 加载了 39 个 RSS 源
2026-09-24 14:00:15 [WARNING]   [01_getrss.py:stderr] 2026-09-24 14:00:15,538 - INFO - 加载了 424 个关键词
2026-09-24 14:00:15 [WARNING]   [01_getrss.py:stderr] 2026-09-24 14:00:15,539 - INFO - 正在获取 RSS 源: http://feeds.feedburner.com/CBer
2026-09-24 14:00:15 [WARNING]   [01_getrss.py:stderr] 2026-09-24 14:00:15,797 - INFO - 从 http://feeds.feedburner.com/CBer 获取到 20 个条目
2026-09-24 14:00:15 [WARNING]   [01_getrss.py:stderr] 2026-09-24 14:00:15,797 - INFO - 正在获取 RSS 源: http://techmeme.com/feed.xml
2026-09-24 14:00:18 [WARNING]   [01_getrss.py:stderr] 2026-09-24 14:00:18,083 - WARNING - RSS 源 http://techmeme.com/feed.xml 解析时出现问题: document declared as us-ascii, but parsed as utf-8
2026-09-24 14:00:18 [WARNING]   [01_getrss.py:stderr] 2026-09-24 14:00:18,083 - INFO - 从 http://techmeme.com/feed.xml 获取到 15 个条目
2026-09-24 14:00:18 [WARNING]   [01_getrss.py:stderr] 2026-09-24 14:00:18,084 - INFO - 从 Techmeme RSS 摘要提取原始文章链接: www.bloomberg.com
2026-09-24 14:00:18 [WARNING]   [01_getrss.py:stderr] 2026-09-24 14:00:18,084 - INFO - 从 Techmeme RSS 摘要提取原始文章链接: www.ft.com
2026-09-24 14:00:18 [WARNING]   [01_getrss.py:stderr] 2026-09-24 14:00:18,085 - INFO - 从 Techmeme RSS 摘要提取原始文章链接: www.bloomberg.com
2026-09-24 14:00:18 [WARNING]   [01_getrss.py:stderr] 2026-09-24 14:00:18,086 - INFO - 从 Techmeme RSS 摘要提取原始文章链接: transluce.org
2026-09-24 14:00:18 [WARNING]   [01_getrss.py:stderr] 2026-09-24 14:00:18,086 - INFO - 从 Techmeme RSS 摘要提取原始文章链接: www.bloomberg.com
2026-09-24 14:00:18 [WARNING]   [01_getrss.py:stderr] 2026-09-24 14:00:18,087 - INFO - 从 Techmeme RSS 摘要提取原始文章链接: 9to5google.com
2026-09-24 14:00:18 [WARNING]   [01_getrss.py:stderr] 2026-09-24 14:00:18,088 - INFO - 从 Techmeme RSS 摘要提取原始文章链接: www.theinformation.com
2026-09-24 14:00:18 [WARNING]   [01_getrss.py:stderr] 2026-09-24 14:00:18,089 - INFO - 从 Techmeme RSS 摘要提取原始文章链接: openai.com
2026-09-24 14:00:18 [WARNING]   [01_getrss.py:stderr] 2026-09-24 14:00:18,090 - INFO - 从 Techmeme RSS 摘要提取原始文章链接: www.bloomberg.com
2026-09-24 14:00:18 [WARNING]   [01_getrss.py:stderr] 2026-09-24 14:00:18,091 - INFO - 从 Techmeme RSS 摘要提取原始文章链接: www.nextgov.com
2026-09-24 14:00:18 [WARNING]   [01_getrss.py:stderr] 2026-09-24 14:00:18,092 - INFO - 从 Techmeme RSS 摘要提取原始文章链接: www.engadget.com
2026-09-24 14:00:18 [WARNING]   [01_getrss.py:stderr] 2026-09-24 14:00:18,092 - INFO - 从 Techmeme RSS 摘要提取原始文章链接: thenewthings.com
2026-09-24 14:00:18 [WARNING]   [01_getrss.py:stderr] 2026-09-24 14:00:18,093 - INFO - 从 Techmeme RSS 摘要提取原始文章链接: www.cnn.com
2026-09-24 14:00:18 [WARNING]   [01_getrss.py:stderr] 2026-09-24 14:00:18,094 - INFO - 从 Techmeme RSS 摘要提取原始文章链接: www.bloomberg.com
2026-09-24 14:00:18 [WARNING]   [01_getrss.py:stderr] 2026-09-24 14:00:18,094 - INFO - 从 Techmeme RSS 摘要提取原始文章链接: www.engadget.com
2026-09-24 14:00:18 [WARNING]   [01_getrss.py:stderr] 2026-09-24 14:00:18,095 - INFO - 正在获取 RSS 源: https://techcrunch.com/feed/
2026-09-24 14:00:18 [WARNING]   [01_getrss.py:stderr] 2026-09-24 14:00:18,178 - INFO - 从 https://techcrunch.com/feed/ 获取到 20 个条目
2026-09-24 14:00:18 [WARNING]   [01_getrss.py:stderr] 2026-09-24 14:00:18,178 - INFO - 正在获取 RSS 源: https://feeds.arstechnica.com/arstechnica/index/
2026-09-24 14:00:18 [WARNING]   [01_getrss.py:stderr] 2026-09-24 14:00:18,276 - INFO - 从 https://feeds.arstechnica.com/arstechnica/index/ 获取到 20 个条目
2026-09-24 14:00:18 [WARNING]   [01_getrss.py:stderr] 2026-09-24 14:00:18,276 - INFO - 正在获取 RSS 源: https://www.technologyreview.com/feed/
2026-09-24 14:00:18 [WARNING]   [01_getrss.py:stderr] 2026-09-24 14:00:18,365 - INFO - 从 https://www.technologyreview.com/feed/ 获取到 10 个条目
2026-09-24 14:00:18 [WARNING]   [01_getrss.py:stderr] 2026-09-24 14:00:18,366 - INFO - 正在获取 RSS 源: https://www.engadget.com/rss.xml
2026-09-24 14:00:18 [WARNING]   [01_getrss.py:stderr] 2026-09-24 14:00:18,548 - INFO - 从 https://www.engadget.com/rss.xml 获取到 20 个条目
2026-09-24 14:00:18 [WARNING]   [01_getrss.py:stderr] 2026-09-24 14:00:18,548 - INFO - 正在获取 RSS 源: http://feeds.feedburner.com/businessinsider/
2026-09-24 14:00:19 [WARNING]   [01_getrss.py:stderr] 2026-09-24 14:00:19,009 - INFO - 从 http://feeds.feedburner.com/businessinsider/ 获取到 50 个条目
2026-09-24 14:00:19 [WARNING]   [01_getrss.py:stderr] 2026-09-24 14:00:19,009 - INFO - 正在获取 RSS 源: https://www.cnet.com/rss/all/
2026-09-24 14:00:19 [WARNING]   [01_getrss.py:stderr] 2026-09-24 14:00:19,093 - INFO - 从 https://www.cnet.com/rss/all/ 获取到 25 个条目
2026-09-24 14:00:19 [WARNING]   [01_getrss.py:stderr] 2026-09-24 14:00:19,093 - INFO - 正在获取 RSS 源: https://www.techradar.com/feeds.xml
2026-09-24 14:00:19 [WARNING]   [01_getrss.py:stderr] 2026-09-24 14:00:19,397 - INFO - 从 https://www.techradar.com/feeds.xml 获取到 50 个条目
2026-09-24 14:00:19 [WARNING]   [01_getrss.py:stderr] 2026-09-24 14:00:19,398 - INFO - 正在获取 RSS 源: https://mashable.com/feeds/rss/all
2026-09-24 14:00:20 [WARNING]   [01_getrss.py:stderr] 2026-09-24 14:00:20,029 - INFO - 从 https://mashable.com/feeds/rss/all 获取到 100 个条目
2026-09-24 14:00:20 [WARNING]   [01_getrss.py:stderr] 2026-09-24 14:00:20,029 - INFO - 正在获取 RSS 源: https://www.theverge.com/rss/index.xml
2026-09-24 14:00:20 [WARNING]   [01_getrss.py:stderr] 2026-09-24 14:00:20,091 - INFO - 从 https://www.theverge.com/rss/index.xml 获取到 10 个条目
2026-09-24 14:00:20 [WARNING]   [01_getrss.py:stderr] 2026-09-24 14:00:20,091 - INFO - 正在获取 RSS 源: https://www.wired.com/feed/tag/ai/latest/rss
2026-09-24 14:00:20 [WARNING]   [01_getrss.py:stderr] 2026-09-24 14:00:20,193 - INFO - 从 https://www.wired.com/feed/tag/ai/latest/rss 获取到 10 个条目
2026-09-24 14:00:20 [WARNING]   [01_getrss.py:stderr] 2026-09-24 14:00:20,193 - INFO - 正在获取 RSS 源: https://feeds.bbci.co.uk/news/technology/rss.xml
2026-09-24 14:00:20 [WARNING]   [01_getrss.py:stderr] 2026-09-24 14:00:20,477 - INFO - 从 https://feeds.bbci.co.uk/news/technology/rss.xml 获取到 21 个条目
2026-09-24 14:00:20 [WARNING]   [01_getrss.py:stderr] 2026-09-24 14:00:20,477 - INFO - 正在获取 RSS 源: https://www.economist.com/science-and-technology/rss.xml
2026-09-24 14:00:20 [WARNING]   [01_getrss.py:stderr] 2026-09-24 14:00:20,688 - WARNING - RSS 源 https://www.economist.com/science-and-technology/rss.xml 解析时出现问题: document declared as us-ascii, but parsed as utf-8
2026-09-24 14:00:20 [WARNING]   [01_getrss.py:stderr] 2026-09-24 14:00:20,688 - INFO - 从 https://www.economist.com/science-and-technology/rss.xml 获取到 300 个条目
2026-09-24 14:00:20 [WARNING]   [01_getrss.py:stderr] 2026-09-24 14:00:20,689 - INFO - 正在获取 RSS 源: https://www.economist.com/business/rss.xml
2026-09-24 14:00:20 [WARNING]   [01_getrss.py:stderr] 2026-09-24 14:00:20,862 - WARNING - RSS 源 https://www.economist.com/business/rss.xml 解析时出现问题: document declared as us-ascii, but parsed as utf-8
2026-09-24 14:00:20 [WARNING]   [01_getrss.py:stderr] 2026-09-24 14:00:20,862 - INFO - 从 https://www.economist.com/business/rss.xml 获取到 300 个条目
2026-09-24 14:00:20 [WARNING]   [01_getrss.py:stderr] 2026-09-24 14:00:20,863 - INFO - 正在获取 RSS 源: https://www.economist.com/international/rss.xml
2026-09-24 14:00:21 [WARNING]   [01_getrss.py:stderr] 2026-09-24 14:00:21,039 - WARNING - RSS 源 https://www.economist.com/international/rss.xml 解析时出现问题: document declared as us-ascii, but parsed as utf-8
2026-09-24 14:00:21 [WARNING]   [01_getrss.py:stderr] 2026-09-24 14:00:21,039 - INFO - 从 https://www.economist.com/international/rss.xml 获取到 300 个条目
2026-09-24 14:00:21 [WARNING]   [01_getrss.py:stderr] 2026-09-24 14:00:21,040 - INFO - 正在获取 RSS 源: https://www.economist.com/china/rss.xml
2026-09-24 14:00:21 [WARNING]   [01_getrss.py:stderr] 2026-09-24 14:00:21,296 - WARNING - RSS 源 https://www.economist.com/china/rss.xml 解析时出现问题: document declared as us-ascii, but parsed as utf-8
2026-09-24 14:00:21 [WARNING]   [01_getrss.py:stderr] 2026-09-24 14:00:21,297 - INFO - 从 https://www.economist.com/china/rss.xml 获取到 300 个条目
2026-09-24 14:00:21 [WARNING]   [01_getrss.py:stderr] 2026-09-24 14:00:21,297 - INFO - 正在获取 RSS 源: https://arstechnica.com/feed/
2026-09-24 14:00:21 [WARNING]   [01_getrss.py:stderr] 2026-09-24 14:00:21,709 - INFO - 从 https://arstechnica.com/feed/ 获取到 20 个条目
2026-09-24 14:00:21 [WARNING]   [01_getrss.py:stderr] 2026-09-24 14:00:21,710 - INFO - 正在获取 RSS 源: https://www.google.com/alerts/feeds/00120727335941528291/15923614493533912620
2026-09-24 14:00:21 [WARNING]   [01_getrss.py:stderr] 2026-09-24 14:00:21,940 - INFO - 从 https://www.google.com/alerts/feeds/00120727335941528291/15923614493533912620 获取到 20 个条目
2026-09-24 14:00:21 [WARNING]   [01_getrss.py:stderr] 2026-09-24 14:00:21,940 - INFO - 正在获取 RSS 源: https://36kr.com/feed-newsflash
2026-09-24 14:00:27 [WARNING]   [01_getrss.py:stderr] 2026-09-24 14:00:27,275 - WARNING - RSS 源 https://36kr.com/feed-newsflash 解析时出现问题: <unknown>:10:542: not well-formed (invalid token)
2026-09-24 14:00:27 [WARNING]   [01_getrss.py:stderr] 2026-09-24 14:00:27,275 - WARNING - RSS 源 https://36kr.com/feed-newsflash 没有返回条目
2026-09-24 14:00:27 [WARNING]   [01_getrss.py:stderr] 2026-09-24 14:00:27,275 - INFO - 正在获取 RSS 源: https://36kr.com/feed-article
2026-09-24 14:00:28 [WARNING]   [01_getrss.py:stderr] 2026-09-24 14:00:28,673 - WARNING - RSS 源 https://36kr.com/feed-article 解析时出现问题: <unknown>:10:542: not well-formed (invalid token)
2026-09-24 14:00:28 [WARNING]   [01_getrss.py:stderr] 2026-09-24 14:00:28,673 - WARNING - RSS 源 https://36kr.com/feed-article 没有返回条目
2026-09-24 14:00:28 [WARNING]   [01_getrss.py:stderr] 2026-09-24 14:00:28,673 - INFO - 正在获取 RSS 源: https://www.ithome.com/rss/
2026-09-24 14:00:30 [WARNING]   [01_getrss.py:stderr] 2026-09-24 14:00:30,171 - INFO - 从 https://www.ithome.com/rss/ 获取到 60 个条目
2026-09-24 14:00:30 [WARNING]   [01_getrss.py:stderr] 2026-09-24 14:00:30,171 - INFO - 正在获取 RSS 源: https://rss.mydrivers.com/Rss.aspx?Tid=1
2026-09-24 14:00:31 [WARNING]   [01_getrss.py:stderr] 2026-09-24 14:00:31,181 - INFO - 从 https://rss.mydrivers.com/Rss.aspx?Tid=1 获取到 100 个条目
2026-09-24 14:00:31 [WARNING]   [01_getrss.py:stderr] 2026-09-24 14:00:31,182 - INFO - 正在获取 RSS 源: https://www.solidot.org/index.rss
2026-09-24 14:00:37 [WARNING]   [01_getrss.py:stderr] 2026-09-24 14:00:37,712 - INFO - 从 https://www.solidot.org/index.rss 获取到 20 个条目
2026-09-24 14:00:37 [WARNING]   [01_getrss.py:stderr] 2026-09-24 14:00:37,712 - INFO - 正在获取 RSS 源: https://www.geekpark.net/rss
2026-09-24 14:01:00 [WARNING]   [01_getrss.py:stderr] 2026-09-24 14:01:00,598 - INFO - 从 https://www.geekpark.net/rss 获取到 30 个条目
2026-09-24 14:01:00 [WARNING]   [01_getrss.py:stderr] 2026-09-24 14:01:00,598 - INFO - 正在获取 RSS 源: https://www.ifanr.com/feed
2026-09-24 14:01:01 [WARNING]   [01_getrss.py:stderr] 2026-09-24 14:01:01,794 - INFO - 从 https://www.ifanr.com/feed 获取到 20 个条目
2026-09-24 14:01:01 [WARNING]   [01_getrss.py:stderr] 2026-09-24 14:01:01,794 - INFO - 正在获取 RSS 源: https://www.tmtpost.com/rss.xml
2026-09-24 14:01:05 [WARNING]   [01_getrss.py:stderr] 2026-09-24 14:01:05,215 - INFO - 从 https://www.tmtpost.com/rss.xml 获取到 16 个条目
2026-09-24 14:01:05 [WARNING]   [01_getrss.py:stderr] 2026-09-24 14:01:05,216 - INFO - 正在获取 RSS 源: https://rss.huxiu.com/
2026-09-24 14:01:07 [WARNING]   [01_getrss.py:stderr] 2026-09-24 14:01:07,548 - INFO - 从 https://rss.huxiu.com/ 获取到 69 个条目
2026-09-24 14:01:07 [WARNING]   [01_getrss.py:stderr] 2026-09-24 14:01:07,549 - INFO - 正在获取 RSS 源: https://www.qbitai.com/feed
2026-09-24 14:01:08 [WARNING]   [01_getrss.py:stderr] 2026-09-24 14:01:08,831 - INFO - 从 https://www.qbitai.com/feed 获取到 10 个条目
2026-09-24 14:01:08 [WARNING]   [01_getrss.py:stderr] 2026-09-24 14:01:08,831 - INFO - 正在获取 RSS 源: https://www.leiphone.com/feed/
2026-09-24 14:01:13 [WARNING]   [01_getrss.py:stderr] 2026-09-24 14:01:13,104 - INFO - 从 https://www.leiphone.com/feed/ 获取到 20 个条目
2026-09-24 14:01:13 [WARNING]   [01_getrss.py:stderr] 2026-09-24 14:01:13,105 - INFO - 正在获取 RSS 源: https://plink.anyfeeder.com/mittrchina/hot
2026-09-24 14:01:13 [WARNING]   [01_getrss.py:stderr] 2026-09-24 14:01:13,299 - INFO - 从 https://plink.anyfeeder.com/mittrchina/hot 获取到 10 个条目
2026-09-24 14:01:13 [WARNING]   [01_getrss.py:stderr] 2026-09-24 14:01:13,299 - INFO - 正在获取 RSS 源: https://sspai.com/feed
2026-09-24 14:01:14 [WARNING]   [01_getrss.py:stderr] 2026-09-24 14:01:14,451 - INFO - 从 https://sspai.com/feed 获取到 10 个条目
2026-09-24 14:01:14 [WARNING]   [01_getrss.py:stderr] 2026-09-24 14:01:14,451 - INFO - 正在获取 RSS 源: https://v2ex.com/index.xml
2026-09-24 14:01:14 [WARNING]   [01_getrss.py:stderr] 2026-09-24 14:01:14,839 - INFO - 从 https://v2ex.com/index.xml 获取到 50 个条目
2026-09-24 14:01:14 [WARNING]   [01_getrss.py:stderr] 2026-09-24 14:01:14,839 - INFO - 正在获取 RSS 源: https://plink.anyfeeder.com/zaobao/realtime/china
2026-09-24 14:01:15 [WARNING]   [01_getrss.py:stderr] 2026-09-24 14:01:15,002 - INFO - 从 https://plink.anyfeeder.com/zaobao/realtime/china 获取到 24 个条目
2026-09-24 14:01:15 [WARNING]   [01_getrss.py:stderr] 2026-09-24 14:01:15,003 - INFO - 正在获取 RSS 源: https://plink.anyfeeder.com/zaobao/realtime/world
2026-09-24 14:01:15 [WARNING]   [01_getrss.py:stderr] 2026-09-24 14:01:15,165 - INFO - 从 https://plink.anyfeeder.com/zaobao/realtime/world 获取到 24 个条目
2026-09-24 14:01:15 [WARNING]   [01_getrss.py:stderr] 2026-09-24 14:01:15,166 - INFO - 正在获取 RSS 源: https://hnrss.org/frontpage
2026-09-24 14:01:15 [WARNING]   [01_getrss.py:stderr] 2026-09-24 14:01:15,538 - INFO - 从 https://hnrss.org/frontpage 获取到 20 个条目
2026-09-24 14:01:15 [WARNING]   [01_getrss.py:stderr] 2026-09-24 14:01:15,538 - INFO - 正在获取 RSS 源: https://www.jiqizhixin.com/feed
2026-09-24 14:01:16 [WARNING]   [01_getrss.py:stderr] 2026-09-24 14:01:16,262 - WARNING - RSS 源 https://www.jiqizhixin.com/feed 解析时出现问题: <unknown>:8:82: not well-formed (invalid token)
2026-09-24 14:01:16 [WARNING]   [01_getrss.py:stderr] 2026-09-24 14:01:16,262 - WARNING - RSS 源 https://www.jiqizhixin.com/feed 没有返回条目
2026-09-24 14:01:16 [WARNING]   [01_getrss.py:stderr] 2026-09-24 14:01:16,262 - INFO - 正在获取 RSS 源: https://blogs.nvidia.com/feed/
2026-09-24 14:01:16 [WARNING]   [01_getrss.py:stderr] 2026-09-24 14:01:16,432 - INFO - 从 https://blogs.nvidia.com/feed/ 获取到 18 个条目
2026-09-24 14:01:16 [WARNING]   [01_getrss.py:stderr] 2026-09-24 14:01:16,432 - INFO - 正在获取 RSS 源: https://ai.googleblog.com/feeds/posts/default
2026-09-24 14:01:16 [WARNING]   [01_getrss.py:stderr] 2026-09-24 14:01:16,580 - WARNING - RSS 源 https://ai.googleblog.com/feeds/posts/default 解析时出现问题: <unknown>:4:31: mismatched tag
2026-09-24 14:01:16 [WARNING]   [01_getrss.py:stderr] 2026-09-24 14:01:16,580 - WARNING - RSS 源 https://ai.googleblog.com/feeds/posts/default 没有返回条目
2026-09-24 14:01:16 [WARNING]   [01_getrss.py:stderr] 2026-09-24 14:01:16,580 - INFO - 总共获取到 629 个有效条目
2026-09-24 14:01:16 [WARNING]   [01_getrss.py:stderr] 2026-09-24 14:01:16,605 - INFO - 关键词过滤后剩余 350 个条目
2026-09-24 14:01:16 [WARNING]   [01_getrss.py:stderr] 2026-09-24 14:01:16,609 - INFO - 解析 Google 重定向链接为原始地址
2026-09-24 14:01:16 [WARNING]   [01_getrss.py:stderr] 2026-09-24 14:01:16,609 - INFO - 解析 Google 重定向链接为原始地址
2026-09-24 14:01:16 [WARNING]   [01_getrss.py:stderr] 2026-09-24 14:01:16,609 - INFO - 解析 Google 重定向链接为原始地址
2026-09-24 14:01:16 [WARNING]   [01_getrss.py:stderr] 2026-09-24 14:01:16,610 - INFO - 解析 Google 重定向链接为原始地址
2026-09-24 14:01:16 [WARNING]   [01_getrss.py:stderr] 2026-09-24 14:01:16,610 - INFO - 解析 Google 重定向链接为原始地址
2026-09-24 14:01:16 [WARNING]   [01_getrss.py:stderr] 2026-09-24 14:01:16,610 - INFO - 解析 Google 重定向链接为原始地址
2026-09-24 14:01:16 [WARNING]   [01_getrss.py:stderr] 2026-09-24 14:01:16,610 - INFO - 解析 Google 重定向链接为原始地址
2026-09-24 14:01:16 [WARNING]   [01_getrss.py:stderr] 2026-09-24 14:01:16,610 - INFO - 解析 Google 重定向链接为原始地址
2026-09-24 14:01:16 [WARNING]   [01_getrss.py:stderr] 2026-09-24 14:01:16,610 - INFO - 解析 Google 重定向链接为原始地址
2026-09-24 14:01:16 [WARNING]   [01_getrss.py:stderr] 2026-09-24 14:01:16,611 - INFO - 解析 Google 重定向链接为原始地址
2026-09-24 14:01:16 [WARNING]   [01_getrss.py:stderr] 2026-09-24 14:01:16,611 - INFO - 解析 Google 重定向链接为原始地址
2026-09-24 14:01:16 [WARNING]   [01_getrss.py:stderr] 2026-09-24 14:01:16,611 - INFO - 解析 Google 重定向链接为原始地址
2026-09-24 14:01:16 [WARNING]   [01_getrss.py:stderr] 2026-09-24 14:01:16,611 - INFO - 解析 Google 重定向链接为原始地址
2026-09-24 14:01:16 [WARNING]   [01_getrss.py:stderr] 2026-09-24 14:01:16,611 - INFO - 解析 Google 重定向链接为原始地址
2026-09-24 14:01:16 [WARNING]   [01_getrss.py:stderr] 2026-09-24 14:01:16,611 - INFO - 解析 Google 重定向链接为原始地址
2026-09-24 14:01:16 [WARNING]   [01_getrss.py:stderr] 2026-09-24 14:01:16,612 - INFO - 解析 Google 重定向链接为原始地址
2026-09-24 14:01:16 [WARNING]   [01_getrss.py:stderr] 2026-09-24 14:01:16,612 - INFO - 解析 Google 重定向链接为原始地址
2026-09-24 14:01:16 [WARNING]   [01_getrss.py:stderr] 2026-09-24 14:01:16,612 - INFO - 解析 Google 重定向链接为原始地址
2026-09-24 14:01:16 [WARNING]   [01_getrss.py:stderr] 2026-09-24 14:01:16,618 - INFO - 规范化后得到 350 个候选条目，交由 02 跨批次去重
2026-09-24 14:01:16 [WARNING]   [01_getrss.py:stderr] 2026-09-24 14:01:16,621 - INFO - 处理完成，结果已保存到 C:\Users\james\Dropbox\WORKS\SOFT\AI-Python\keepitrun\tmp\rss_2026-09-24_14-01-16.md
2026-09-24 14:01:16 [INFO]   [01_getrss.py] Processed Markdown saved to C:\Users\james\Dropbox\WORKS\SOFT\AI-Python\keepitrun\tmp\rss_2026-09-24_14-01-16.md
2026-09-24 14:01:16 [DEBUG] 记录任务完成: rss_2 @ 2026-09-24 (v1.24)
2026-09-24 14:05:16 [INFO] >>> 触发 14:05 合并去重翻译 RSS 结果
2026-09-24 14:05:16 [INFO] -- 开始合并 RSS 结果 --
2026-09-24 14:05:16 [INFO] 将合并当天 2 份 RSS 文件与 1 份积压摘要；积压摘要由合并器优先收敛
2026-09-24 14:05:16 [INFO] 执行 02_combine-gemini.py（第 1/3 次，单次时限 3600 秒）: C:\Users\james\AppData\Local\Programs\Python\Python314\python.exe C:\Users\james\Dropbox\WORKS\SOFT\AI-Python\keepitrun\02_combine-gemini.py rss_2026-09-24_02-01-16.md rss_2026-09-24_14-01-16.md
2026-09-24 14:05:16 [INFO]   [02_combine-gemini.py] Translation engine order: gemini -> glm -> google_free
2026-09-24 14:05:16 [INFO]   [02_combine-gemini.py] Pending summaries detected: 1; merging them before new RSS input.
2026-09-24 14:05:16 [INFO]   [02_combine-gemini.py] Total content lines loaded across all inputs: 1231
2026-09-24 14:05:16 [INFO]   [02_combine-gemini.py] Total unique lines loaded: 1161
2026-09-24 14:05:16 [INFO]   [02_combine-gemini.py] Chinese lines: 840, English lines: 321
2026-09-24 14:05:16 [INFO]   [02_combine-gemini.py] Translating 16 titles with gemini (attempt 1/2)...
2026-09-24 14:05:58 [INFO]   [02_combine-gemini.py] Translating 16 titles with gemini (attempt 1/2)...
2026-09-24 14:06:11 [INFO]   [02_combine-gemini.py] Translating 16 titles with gemini (attempt 1/2)...
2026-09-24 14:06:52 [INFO]   [02_combine-gemini.py] Translating 16 titles with gemini (attempt 1/2)...
2026-09-24 14:07:35 [INFO]   [02_combine-gemini.py]   gemini failed: DeadlineExceeded
2026-09-24 14:07:37 [INFO]   [02_combine-gemini.py] Translating 16 titles with gemini (attempt 2/2)...
2026-09-24 14:07:47 [INFO]   [02_combine-gemini.py] Translating 16 titles with gemini (attempt 1/2)...
2026-09-24 14:07:58 [INFO]   [02_combine-gemini.py] Translating 16 titles with gemini (attempt 1/2)...
2026-09-24 14:08:11 [INFO]   [02_combine-gemini.py] Translating 16 titles with gemini (attempt 1/2)...
2026-09-24 14:08:36 [INFO]   [02_combine-gemini.py] Translating 16 titles with gemini (attempt 1/2)...
2026-09-24 14:09:18 [INFO]   [02_combine-gemini.py]   gemini failed: DeadlineExceeded
2026-09-24 14:09:20 [INFO]   [02_combine-gemini.py] Translating 16 titles with gemini (attempt 2/2)...
2026-09-24 14:09:33 [INFO]   [02_combine-gemini.py] Translating 16 titles with gemini (attempt 1/2)...
2026-09-24 14:09:49 [INFO]   [02_combine-gemini.py] Translating 16 titles with gemini (attempt 1/2)...
2026-09-24 14:10:06 [INFO]   [02_combine-gemini.py] Translating 16 titles with gemini (attempt 1/2)...
2026-09-24 14:10:16 [INFO]   [02_combine-gemini.py] Translating 16 titles with gemini (attempt 1/2)...
2026-09-24 14:10:27 [INFO]   [02_combine-gemini.py] Translating 16 titles with gemini (attempt 1/2)...
2026-09-24 14:10:37 [INFO]   [02_combine-gemini.py] Translating 16 titles with gemini (attempt 1/2)...
2026-09-24 14:10:46 [INFO]   [02_combine-gemini.py] Translating 16 titles with gemini (attempt 1/2)...
2026-09-24 14:10:46 [INFO]   [02_combine-gemini.py]   gemini failed: ResourceExhausted
2026-09-24 14:10:48 [INFO]   [02_combine-gemini.py] Translating 16 titles with gemini (attempt 2/2)...
2026-09-24 14:10:48 [INFO]   [02_combine-gemini.py]   gemini failed: ResourceExhausted
2026-09-24 14:10:48 [INFO]   [02_combine-gemini.py]   Falling back from gemini to glm...
2026-09-24 14:10:48 [INFO]   [02_combine-gemini.py] Translating 16 titles with glm (attempt 1/2)...
2026-09-24 14:11:11 [INFO]   [02_combine-gemini.py] Translating 16 titles with glm (attempt 1/2)...
2026-09-24 14:11:26 [INFO]   [02_combine-gemini.py] Translating 16 titles with glm (attempt 1/2)...
2026-09-24 14:11:41 [INFO]   [02_combine-gemini.py] Translating 16 titles with glm (attempt 1/2)...
2026-09-24 14:12:07 [INFO]   [02_combine-gemini.py] Translating 16 titles with glm (attempt 1/2)...
2026-09-24 14:12:08 [INFO]   [02_combine-gemini.py]   GLM content-safety refusal detected; trying the next engine without dropping English source titles.
2026-09-24 14:12:10 [INFO]   [02_combine-gemini.py] Translating 16 titles with glm (attempt 2/2)...
2026-09-24 14:12:11 [INFO]   [02_combine-gemini.py]   GLM content-safety refusal detected; trying the next engine without dropping English source titles.
2026-09-24 14:12:11 [INFO]   [02_combine-gemini.py]   Falling back from glm to google_free...
2026-09-24 14:12:11 [INFO]   [02_combine-gemini.py] Translating 16 titles with google_free (attempt 1/2)...
2026-09-24 14:12:22 [INFO]   [02_combine-gemini.py] Translating 16 titles with google_free (attempt 1/2)...
2026-09-24 14:12:30 [INFO]   [02_combine-gemini.py] Translating 1 titles with google_free (attempt 1/2)...
2026-09-24 14:12:31 [INFO]   [02_combine-gemini.py] Removed 1 superseded pending summary file(s).
2026-09-24 14:12:31 [INFO]   [02_combine-gemini.py] Process complete. Saved to: C:\Users\james\Dropbox\WORKS\SOFT\AI-Python\keepitrun\20260924-141231.md
2026-09-24 14:12:33 [INFO] RSS 合并去重翻译完成
2026-09-24 14:12:33 [INFO] 已将 2 个 RSS 抓取结果文件移动到 C:\Users\james\Dropbox\WORKS\SOFT\AI-Python\keepitrun\archived
2026-09-24 14:12:33 [DEBUG] 记录任务完成: combine @ 2026-09-24 (v1.24)
2026-09-24 15:00:03 [INFO] >>> 触发 15:00 Photos 自动同步
2026-09-24 15:00:03 [INFO] -- 开始运行 Photos 自动同步 --
2026-09-24 15:00:03 [INFO]   脚本路径: C:\Users\james\Dropbox\WORKS\SOFT\AI-Python\keepitrun\05_photos-update.py
2026-09-24 15:00:03 [INFO] 执行 05_photos-update.py（第 1/3 次，单次时限 1800 秒）: C:\Users\james\AppData\Local\Programs\Python\Python314\python.exe C:\Users\james\Dropbox\WORKS\SOFT\AI-Python\keepitrun\05_photos-update.py
2026-09-24 15:00:03 [INFO]   [05_photos-update.py] ============================================================
2026-09-24 15:00:03 [INFO]   [05_photos-update.py] 📸 Photos Update — 图片库自动同步工具
2026-09-24 15:00:03 [INFO]   [05_photos-update.py] ============================================================
2026-09-24 15:00:03 [INFO]   [05_photos-update.py] 🔍 自动检测模式
2026-09-24 15:00:03 [INFO]   [05_photos-update.py] 🕐 当前时间: 2026-09-24
2026-09-24 15:00:03 [INFO]   [05_photos-update.py] 📁 检查 lishuhang/photos 最新月份...
2026-09-24 15:00:04 [INFO]   [05_photos-update.py]   最新 JSON 月份: 202609
2026-09-24 15:00:04 [INFO]   [05_photos-update.py] 🔄 按图床配置检查 202609 至 202609
2026-09-24 15:00:04 [INFO]   [05_photos-update.py] ============================================================
2026-09-24 15:00:04 [INFO]   [05_photos-update.py] 📅 检查 2026-09
2026-09-24 15:00:05 [INFO]   [05_photos-update.py]   🔍 扫描 modem-56k/img2@main 的 2026/09 目录...
2026-09-24 15:00:26 [INFO]   [05_photos-update.py]   📷 发现 22 天，共 1445 张图片
2026-09-24 15:00:27 [INFO]   [05_photos-update.py]   ✅ JSON 内容一致，无需更新
2026-09-24 15:00:27 [INFO]   [05_photos-update.py] ✨ 一切已是最新，无需更新
2026-09-24 15:00:27 [INFO] Photos 自动同步完成
2026-09-24 15:00:27 [DEBUG] 记录任务完成: photos_update @ 2026-09-24 (v1.24)
2026-09-25 00:00:27 [INFO] 日志归档: 移动了 4 个超过 7 天的日志到 logs/archive/
2026-09-25 00:00:27 [INFO] 日志清理: 删除了 4 个超过 30 天的归档日志
2026-09-25 00:00:27 [INFO] archived/ 清理: 删除了 4 个超过 30 天的归档文件
2026-09-25 02:00:27 [INFO] >>> 触发 02:00 RSS 抓取 (第1次)
2026-09-25 02:00:27 [INFO] 执行 01_getrss.py（第 1/3 次，单次时限 1200 秒）: C:\Users\james\AppData\Local\Programs\Python\Python314\python.exe C:\Users\james\Dropbox\WORKS\SOFT\AI-Python\keepitrun\01_getrss.py
2026-09-25 02:00:28 [WARNING]   [01_getrss.py:stderr] 2026-09-25 02:00:28,333 - INFO - 开始执行 RSS 处理脚本
2026-09-25 02:00:28 [WARNING]   [01_getrss.py:stderr] 2026-09-25 02:00:28,364 - INFO - 加载了 39 个 RSS 源
2026-09-25 02:00:28 [WARNING]   [01_getrss.py:stderr] 2026-09-25 02:00:28,364 - INFO - 加载了 424 个关键词
2026-09-25 02:00:28 [WARNING]   [01_getrss.py:stderr] 2026-09-25 02:00:28,364 - INFO - 正在获取 RSS 源: http://feeds.feedburner.com/CBer
2026-09-25 02:00:28 [WARNING]   [01_getrss.py:stderr] 2026-09-25 02:00:28,601 - INFO - 从 http://feeds.feedburner.com/CBer 获取到 20 个条目
2026-09-25 02:00:28 [WARNING]   [01_getrss.py:stderr] 2026-09-25 02:00:28,601 - INFO - 正在获取 RSS 源: http://techmeme.com/feed.xml
2026-09-25 02:00:29 [WARNING]   [01_getrss.py:stderr] 2026-09-25 02:00:29,003 - INFO - 从 http://techmeme.com/feed.xml 获取到 15 个条目
2026-09-25 02:00:29 [WARNING]   [01_getrss.py:stderr] 2026-09-25 02:00:29,004 - INFO - 从 Techmeme RSS 摘要提取原始文章链接: www.washingtonsun.com
2026-09-25 02:00:29 [WARNING]   [01_getrss.py:stderr] 2026-09-25 02:00:29,005 - INFO - 从 Techmeme RSS 摘要提取原始文章链接: www.politico.com
2026-09-25 02:00:29 [WARNING]   [01_getrss.py:stderr] 2026-09-25 02:00:29,006 - INFO - 从 Techmeme RSS 摘要提取原始文章链接: www.geekwire.com
2026-09-25 02:00:29 [WARNING]   [01_getrss.py:stderr] 2026-09-25 02:00:29,006 - INFO - 从 Techmeme RSS 摘要提取原始文章链接: techcrunch.com
2026-09-25 02:00:29 [WARNING]   [01_getrss.py:stderr] 2026-09-25 02:00:29,007 - INFO - 从 Techmeme RSS 摘要提取原始文章链接: www.wsj.com
2026-09-25 02:00:29 [WARNING]   [01_getrss.py:stderr] 2026-09-25 02:00:29,008 - INFO - 从 Techmeme RSS 摘要提取原始文章链接: www.ft.com
2026-09-25 02:00:29 [WARNING]   [01_getrss.py:stderr] 2026-09-25 02:00:29,009 - INFO - 从 Techmeme RSS 摘要提取原始文章链接: www.ft.com
2026-09-25 02:00:29 [WARNING]   [01_getrss.py:stderr] 2026-09-25 02:00:29,009 - INFO - 从 Techmeme RSS 摘要提取原始文章链接: www.axios.com
2026-09-25 02:00:29 [WARNING]   [01_getrss.py:stderr] 2026-09-25 02:00:29,010 - INFO - 从 Techmeme RSS 摘要提取原始文章链接: www.transformernews.ai
2026-09-25 02:00:29 [WARNING]   [01_getrss.py:stderr] 2026-09-25 02:00:29,011 - INFO - 从 Techmeme RSS 摘要提取原始文章链接: www.nytimes.com
2026-09-25 02:00:29 [WARNING]   [01_getrss.py:stderr] 2026-09-25 02:00:29,011 - INFO - 从 Techmeme RSS 摘要提取原始文章链接: www.wsj.com
2026-09-25 02:00:29 [WARNING]   [01_getrss.py:stderr] 2026-09-25 02:00:29,012 - INFO - 从 Techmeme RSS 摘要提取原始文章链接: www.theinformation.com
2026-09-25 02:00:29 [WARNING]   [01_getrss.py:stderr] 2026-09-25 02:00:29,013 - INFO - 从 Techmeme RSS 摘要提取原始文章链接: www.bloomberg.com
2026-09-25 02:00:29 [WARNING]   [01_getrss.py:stderr] 2026-09-25 02:00:29,013 - INFO - 从 Techmeme RSS 摘要提取原始文章链接: www.tomshardware.com
2026-09-25 02:00:29 [WARNING]   [01_getrss.py:stderr] 2026-09-25 02:00:29,014 - INFO - 从 Techmeme RSS 摘要提取原始文章链接: www.reuters.com
2026-09-25 02:00:29 [WARNING]   [01_getrss.py:stderr] 2026-09-25 02:00:29,014 - INFO - 正在获取 RSS 源: https://techcrunch.com/feed/
2026-09-25 02:00:29 [WARNING]   [01_getrss.py:stderr] 2026-09-25 02:00:29,071 - INFO - 从 https://techcrunch.com/feed/ 获取到 20 个条目
2026-09-25 02:00:29 [WARNING]   [01_getrss.py:stderr] 2026-09-25 02:00:29,071 - INFO - 正在获取 RSS 源: https://feeds.arstechnica.com/arstechnica/index/
2026-09-25 02:00:29 [WARNING]   [01_getrss.py:stderr] 2026-09-25 02:00:29,159 - INFO - 从 https://feeds.arstechnica.com/arstechnica/index/ 获取到 20 个条目
2026-09-25 02:00:29 [WARNING]   [01_getrss.py:stderr] 2026-09-25 02:00:29,159 - INFO - 正在获取 RSS 源: https://www.technologyreview.com/feed/
2026-09-25 02:00:29 [WARNING]   [01_getrss.py:stderr] 2026-09-25 02:00:29,292 - INFO - 从 https://www.technologyreview.com/feed/ 获取到 10 个条目
2026-09-25 02:00:29 [WARNING]   [01_getrss.py:stderr] 2026-09-25 02:00:29,292 - INFO - 正在获取 RSS 源: https://www.engadget.com/rss.xml
2026-09-25 02:00:29 [WARNING]   [01_getrss.py:stderr] 2026-09-25 02:00:29,521 - INFO - 从 https://www.engadget.com/rss.xml 获取到 20 个条目
2026-09-25 02:00:29 [WARNING]   [01_getrss.py:stderr] 2026-09-25 02:00:29,522 - INFO - 正在获取 RSS 源: http://feeds.feedburner.com/businessinsider/
2026-09-25 02:00:30 [WARNING]   [01_getrss.py:stderr] 2026-09-25 02:00:30,079 - INFO - 从 http://feeds.feedburner.com/businessinsider/ 获取到 50 个条目
2026-09-25 02:00:30 [WARNING]   [01_getrss.py:stderr] 2026-09-25 02:00:30,080 - INFO - 正在获取 RSS 源: https://www.cnet.com/rss/all/
2026-09-25 02:00:30 [WARNING]   [01_getrss.py:stderr] 2026-09-25 02:00:30,256 - INFO - 从 https://www.cnet.com/rss/all/ 获取到 25 个条目
2026-09-25 02:00:30 [WARNING]   [01_getrss.py:stderr] 2026-09-25 02:00:30,256 - INFO - 正在获取 RSS 源: https://www.techradar.com/feeds.xml
2026-09-25 02:00:30 [WARNING]   [01_getrss.py:stderr] 2026-09-25 02:00:30,665 - INFO - 从 https://www.techradar.com/feeds.xml 获取到 50 个条目
2026-09-25 02:00:30 [WARNING]   [01_getrss.py:stderr] 2026-09-25 02:00:30,666 - INFO - 正在获取 RSS 源: https://mashable.com/feeds/rss/all
2026-09-25 02:00:31 [WARNING]   [01_getrss.py:stderr] 2026-09-25 02:00:31,510 - INFO - 从 https://mashable.com/feeds/rss/all 获取到 100 个条目
2026-09-25 02:00:31 [WARNING]   [01_getrss.py:stderr] 2026-09-25 02:00:31,511 - INFO - 正在获取 RSS 源: https://www.theverge.com/rss/index.xml
2026-09-25 02:00:31 [WARNING]   [01_getrss.py:stderr] 2026-09-25 02:00:31,627 - INFO - 从 https://www.theverge.com/rss/index.xml 获取到 10 个条目
2026-09-25 02:00:31 [WARNING]   [01_getrss.py:stderr] 2026-09-25 02:00:31,627 - INFO - 正在获取 RSS 源: https://www.wired.com/feed/tag/ai/latest/rss
2026-09-25 02:00:31 [WARNING]   [01_getrss.py:stderr] 2026-09-25 02:00:31,785 - INFO - 从 https://www.wired.com/feed/tag/ai/latest/rss 获取到 10 个条目
2026-09-25 02:00:31 [WARNING]   [01_getrss.py:stderr] 2026-09-25 02:00:31,785 - INFO - 正在获取 RSS 源: https://feeds.bbci.co.uk/news/technology/rss.xml
2026-09-25 02:00:31 [WARNING]   [01_getrss.py:stderr] 2026-09-25 02:00:31,977 - INFO - 从 https://feeds.bbci.co.uk/news/technology/rss.xml 获取到 21 个条目
2026-09-25 02:00:31 [WARNING]   [01_getrss.py:stderr] 2026-09-25 02:00:31,978 - INFO - 正在获取 RSS 源: https://www.economist.com/science-and-technology/rss.xml
2026-09-25 02:00:32 [WARNING]   [01_getrss.py:stderr] 2026-09-25 02:00:32,225 - WARNING - RSS 源 https://www.economist.com/science-and-technology/rss.xml 解析时出现问题: document declared as us-ascii, but parsed as utf-8
2026-09-25 02:00:32 [WARNING]   [01_getrss.py:stderr] 2026-09-25 02:00:32,225 - INFO - 从 https://www.economist.com/science-and-technology/rss.xml 获取到 300 个条目
2026-09-25 02:00:32 [WARNING]   [01_getrss.py:stderr] 2026-09-25 02:00:32,226 - INFO - 正在获取 RSS 源: https://www.economist.com/business/rss.xml
2026-09-25 02:00:32 [WARNING]   [01_getrss.py:stderr] 2026-09-25 02:00:32,434 - WARNING - RSS 源 https://www.economist.com/business/rss.xml 解析时出现问题: document declared as us-ascii, but parsed as utf-8
2026-09-25 02:00:32 [WARNING]   [01_getrss.py:stderr] 2026-09-25 02:00:32,434 - INFO - 从 https://www.economist.com/business/rss.xml 获取到 300 个条目
2026-09-25 02:00:32 [WARNING]   [01_getrss.py:stderr] 2026-09-25 02:00:32,435 - INFO - 正在获取 RSS 源: https://www.economist.com/international/rss.xml
2026-09-25 02:00:32 [WARNING]   [01_getrss.py:stderr] 2026-09-25 02:00:32,612 - WARNING - RSS 源 https://www.economist.com/international/rss.xml 解析时出现问题: document declared as us-ascii, but parsed as utf-8
2026-09-25 02:00:32 [WARNING]   [01_getrss.py:stderr] 2026-09-25 02:00:32,612 - INFO - 从 https://www.economist.com/international/rss.xml 获取到 300 个条目
2026-09-25 02:00:32 [WARNING]   [01_getrss.py:stderr] 2026-09-25 02:00:32,613 - INFO - 正在获取 RSS 源: https://www.economist.com/china/rss.xml
2026-09-25 02:00:32 [WARNING]   [01_getrss.py:stderr] 2026-09-25 02:00:32,796 - WARNING - RSS 源 https://www.economist.com/china/rss.xml 解析时出现问题: document declared as us-ascii, but parsed as utf-8
2026-09-25 02:00:32 [WARNING]   [01_getrss.py:stderr] 2026-09-25 02:00:32,796 - INFO - 从 https://www.economist.com/china/rss.xml 获取到 300 个条目
2026-09-25 02:00:32 [WARNING]   [01_getrss.py:stderr] 2026-09-25 02:00:32,797 - INFO - 正在获取 RSS 源: https://arstechnica.com/feed/
2026-09-25 02:00:33 [WARNING]   [01_getrss.py:stderr] 2026-09-25 02:00:33,184 - INFO - 从 https://arstechnica.com/feed/ 获取到 20 个条目
2026-09-25 02:00:33 [WARNING]   [01_getrss.py:stderr] 2026-09-25 02:00:33,184 - INFO - 正在获取 RSS 源: https://www.google.com/alerts/feeds/00120727335941528291/15923614493533912620
2026-09-25 02:00:33 [WARNING]   [01_getrss.py:stderr] 2026-09-25 02:00:33,421 - INFO - 从 https://www.google.com/alerts/feeds/00120727335941528291/15923614493533912620 获取到 20 个条目
2026-09-25 02:00:33 [WARNING]   [01_getrss.py:stderr] 2026-09-25 02:00:33,421 - INFO - 正在获取 RSS 源: https://36kr.com/feed-newsflash
2026-09-25 02:00:34 [WARNING]   [01_getrss.py:stderr] 2026-09-25 02:00:34,323 - WARNING - RSS 源 https://36kr.com/feed-newsflash 解析时出现问题: <unknown>:10:542: not well-formed (invalid token)
2026-09-25 02:00:34 [WARNING]   [01_getrss.py:stderr] 2026-09-25 02:00:34,323 - WARNING - RSS 源 https://36kr.com/feed-newsflash 没有返回条目
2026-09-25 02:00:34 [WARNING]   [01_getrss.py:stderr] 2026-09-25 02:00:34,323 - INFO - 正在获取 RSS 源: https://36kr.com/feed-article
2026-09-25 02:00:35 [WARNING]   [01_getrss.py:stderr] 2026-09-25 02:00:35,161 - WARNING - RSS 源 https://36kr.com/feed-article 解析时出现问题: <unknown>:10:542: not well-formed (invalid token)
2026-09-25 02:00:35 [WARNING]   [01_getrss.py:stderr] 2026-09-25 02:00:35,161 - WARNING - RSS 源 https://36kr.com/feed-article 没有返回条目
2026-09-25 02:00:35 [WARNING]   [01_getrss.py:stderr] 2026-09-25 02:00:35,161 - INFO - 正在获取 RSS 源: https://www.ithome.com/rss/
2026-09-25 02:00:37 [WARNING]   [01_getrss.py:stderr] 2026-09-25 02:00:37,134 - INFO - 从 https://www.ithome.com/rss/ 获取到 60 个条目
2026-09-25 02:00:37 [WARNING]   [01_getrss.py:stderr] 2026-09-25 02:00:37,135 - INFO - 正在获取 RSS 源: https://rss.mydrivers.com/Rss.aspx?Tid=1
2026-09-25 02:00:38 [WARNING]   [01_getrss.py:stderr] 2026-09-25 02:00:38,334 - INFO - 从 https://rss.mydrivers.com/Rss.aspx?Tid=1 获取到 100 个条目
2026-09-25 02:00:38 [WARNING]   [01_getrss.py:stderr] 2026-09-25 02:00:38,335 - INFO - 正在获取 RSS 源: https://www.solidot.org/index.rss
2026-09-25 02:00:41 [WARNING]   [01_getrss.py:stderr] 2026-09-25 02:00:41,110 - INFO - 从 https://www.solidot.org/index.rss 获取到 20 个条目
2026-09-25 02:00:41 [WARNING]   [01_getrss.py:stderr] 2026-09-25 02:00:41,110 - INFO - 正在获取 RSS 源: https://www.geekpark.net/rss
2026-09-25 02:01:00 [WARNING]   [01_getrss.py:stderr] 2026-09-25 02:01:00,664 - INFO - 从 https://www.geekpark.net/rss 获取到 30 个条目
2026-09-25 02:01:00 [WARNING]   [01_getrss.py:stderr] 2026-09-25 02:01:00,664 - INFO - 正在获取 RSS 源: https://www.ifanr.com/feed
2026-09-25 02:01:01 [WARNING]   [01_getrss.py:stderr] 2026-09-25 02:01:01,855 - INFO - 从 https://www.ifanr.com/feed 获取到 20 个条目
2026-09-25 02:01:01 [WARNING]   [01_getrss.py:stderr] 2026-09-25 02:01:01,855 - INFO - 正在获取 RSS 源: https://www.tmtpost.com/rss.xml
2026-09-25 02:01:04 [WARNING]   [01_getrss.py:stderr] 2026-09-25 02:01:04,814 - INFO - 从 https://www.tmtpost.com/rss.xml 获取到 17 个条目
2026-09-25 02:01:04 [WARNING]   [01_getrss.py:stderr] 2026-09-25 02:01:04,815 - INFO - 正在获取 RSS 源: https://rss.huxiu.com/
2026-09-25 02:01:05 [WARNING]   [01_getrss.py:stderr] 2026-09-25 02:01:05,787 - INFO - 从 https://rss.huxiu.com/ 获取到 2 个条目
2026-09-25 02:01:05 [WARNING]   [01_getrss.py:stderr] 2026-09-25 02:01:05,787 - INFO - 正在获取 RSS 源: https://www.qbitai.com/feed
2026-09-25 02:01:07 [WARNING]   [01_getrss.py:stderr] 2026-09-25 02:01:07,075 - INFO - 从 https://www.qbitai.com/feed 获取到 10 个条目
2026-09-25 02:01:07 [WARNING]   [01_getrss.py:stderr] 2026-09-25 02:01:07,076 - INFO - 正在获取 RSS 源: https://www.leiphone.com/feed/
2026-09-25 02:01:09 [WARNING]   [01_getrss.py:stderr] 2026-09-25 02:01:09,646 - INFO - 从 https://www.leiphone.com/feed/ 获取到 20 个条目
2026-09-25 02:01:09 [WARNING]   [01_getrss.py:stderr] 2026-09-25 02:01:09,646 - INFO - 正在获取 RSS 源: https://plink.anyfeeder.com/mittrchina/hot
2026-09-25 02:01:09 [WARNING]   [01_getrss.py:stderr] 2026-09-25 02:01:09,819 - INFO - 从 https://plink.anyfeeder.com/mittrchina/hot 获取到 10 个条目
2026-09-25 02:01:09 [WARNING]   [01_getrss.py:stderr] 2026-09-25 02:01:09,819 - INFO - 正在获取 RSS 源: https://sspai.com/feed
2026-09-25 02:01:10 [WARNING]   [01_getrss.py:stderr] 2026-09-25 02:01:10,890 - INFO - 从 https://sspai.com/feed 获取到 10 个条目
2026-09-25 02:01:10 [WARNING]   [01_getrss.py:stderr] 2026-09-25 02:01:10,890 - INFO - 正在获取 RSS 源: https://v2ex.com/index.xml
2026-09-25 02:01:11 [WARNING]   [01_getrss.py:stderr] 2026-09-25 02:01:11,341 - INFO - 从 https://v2ex.com/index.xml 获取到 50 个条目
2026-09-25 02:01:11 [WARNING]   [01_getrss.py:stderr] 2026-09-25 02:01:11,342 - INFO - 正在获取 RSS 源: https://plink.anyfeeder.com/zaobao/realtime/china
2026-09-25 02:01:11 [WARNING]   [01_getrss.py:stderr] 2026-09-25 02:01:11,555 - INFO - 从 https://plink.anyfeeder.com/zaobao/realtime/china 获取到 24 个条目
2026-09-25 02:01:11 [WARNING]   [01_getrss.py:stderr] 2026-09-25 02:01:11,555 - INFO - 正在获取 RSS 源: https://plink.anyfeeder.com/zaobao/realtime/world
2026-09-25 02:01:11 [WARNING]   [01_getrss.py:stderr] 2026-09-25 02:01:11,802 - INFO - 从 https://plink.anyfeeder.com/zaobao/realtime/world 获取到 24 个条目
2026-09-25 02:01:11 [WARNING]   [01_getrss.py:stderr] 2026-09-25 02:01:11,803 - INFO - 正在获取 RSS 源: https://hnrss.org/frontpage
2026-09-25 02:01:32 [WARNING]   [01_getrss.py:stderr] 2026-09-25 02:01:32,830 - WARNING - RSS 源 https://hnrss.org/frontpage 解析时出现问题: <urlopen error [WinError 10060] 由于连接方在一段时间后没有正确答复或连接的主机没有反应，连接尝试失败。>
2026-09-25 02:01:32 [WARNING]   [01_getrss.py:stderr] 2026-09-25 02:01:32,830 - WARNING - RSS 源 https://hnrss.org/frontpage 没有返回条目
2026-09-25 02:01:32 [WARNING]   [01_getrss.py:stderr] 2026-09-25 02:01:32,830 - INFO - 正在获取 RSS 源: https://www.jiqizhixin.com/feed
2026-09-25 02:01:33 [WARNING]   [01_getrss.py:stderr] 2026-09-25 02:01:33,533 - WARNING - RSS 源 https://www.jiqizhixin.com/feed 解析时出现问题: <unknown>:8:82: not well-formed (invalid token)
2026-09-25 02:01:33 [WARNING]   [01_getrss.py:stderr] 2026-09-25 02:01:33,534 - WARNING - RSS 源 https://www.jiqizhixin.com/feed 没有返回条目
2026-09-25 02:01:33 [WARNING]   [01_getrss.py:stderr] 2026-09-25 02:01:33,534 - INFO - 正在获取 RSS 源: https://blogs.nvidia.com/feed/
2026-09-25 02:01:33 [WARNING]   [01_getrss.py:stderr] 2026-09-25 02:01:33,795 - INFO - 从 https://blogs.nvidia.com/feed/ 获取到 18 个条目
2026-09-25 02:01:33 [WARNING]   [01_getrss.py:stderr] 2026-09-25 02:01:33,795 - INFO - 正在获取 RSS 源: https://ai.googleblog.com/feeds/posts/default
2026-09-25 02:01:34 [WARNING]   [01_getrss.py:stderr] 2026-09-25 02:01:34,037 - WARNING - RSS 源 https://ai.googleblog.com/feeds/posts/default 解析时出现问题: <unknown>:4:31: mismatched tag
2026-09-25 02:01:34 [WARNING]   [01_getrss.py:stderr] 2026-09-25 02:01:34,037 - WARNING - RSS 源 https://ai.googleblog.com/feeds/posts/default 没有返回条目
2026-09-25 02:01:34 [WARNING]   [01_getrss.py:stderr] 2026-09-25 02:01:34,037 - INFO - 总共获取到 564 个有效条目
2026-09-25 02:01:34 [WARNING]   [01_getrss.py:stderr] 2026-09-25 02:01:34,066 - INFO - 关键词过滤后剩余 294 个条目
2026-09-25 02:01:34 [WARNING]   [01_getrss.py:stderr] 2026-09-25 02:01:34,069 - INFO - 解析 Google 重定向链接为原始地址
2026-09-25 02:01:34 [WARNING]   [01_getrss.py:stderr] 2026-09-25 02:01:34,070 - INFO - 解析 Google 重定向链接为原始地址
2026-09-25 02:01:34 [WARNING]   [01_getrss.py:stderr] 2026-09-25 02:01:34,070 - INFO - 解析 Google 重定向链接为原始地址
2026-09-25 02:01:34 [WARNING]   [01_getrss.py:stderr] 2026-09-25 02:01:34,070 - INFO - 解析 Google 重定向链接为原始地址
2026-09-25 02:01:34 [WARNING]   [01_getrss.py:stderr] 2026-09-25 02:01:34,070 - INFO - 解析 Google 重定向链接为原始地址
2026-09-25 02:01:34 [WARNING]   [01_getrss.py:stderr] 2026-09-25 02:01:34,070 - INFO - 解析 Google 重定向链接为原始地址
2026-09-25 02:01:34 [WARNING]   [01_getrss.py:stderr] 2026-09-25 02:01:34,070 - INFO - 解析 Google 重定向链接为原始地址
2026-09-25 02:01:34 [WARNING]   [01_getrss.py:stderr] 2026-09-25 02:01:34,070 - INFO - 解析 Google 重定向链接为原始地址
2026-09-25 02:01:34 [WARNING]   [01_getrss.py:stderr] 2026-09-25 02:01:34,070 - INFO - 解析 Google 重定向链接为原始地址
2026-09-25 02:01:34 [WARNING]   [01_getrss.py:stderr] 2026-09-25 02:01:34,070 - INFO - 解析 Google 重定向链接为原始地址
2026-09-25 02:01:34 [WARNING]   [01_getrss.py:stderr] 2026-09-25 02:01:34,071 - INFO - 解析 Google 重定向链接为原始地址
2026-09-25 02:01:34 [WARNING]   [01_getrss.py:stderr] 2026-09-25 02:01:34,071 - INFO - 解析 Google 重定向链接为原始地址
2026-09-25 02:01:34 [WARNING]   [01_getrss.py:stderr] 2026-09-25 02:01:34,071 - INFO - 解析 Google 重定向链接为原始地址
2026-09-25 02:01:34 [WARNING]   [01_getrss.py:stderr] 2026-09-25 02:01:34,071 - INFO - 解析 Google 重定向链接为原始地址
2026-09-25 02:01:34 [WARNING]   [01_getrss.py:stderr] 2026-09-25 02:01:34,071 - INFO - 解析 Google 重定向链接为原始地址
2026-09-25 02:01:34 [WARNING]   [01_getrss.py:stderr] 2026-09-25 02:01:34,071 - INFO - 解析 Google 重定向链接为原始地址
2026-09-25 02:01:34 [WARNING]   [01_getrss.py:stderr] 2026-09-25 02:01:34,072 - INFO - 解析 Google 重定向链接为原始地址
2026-09-25 02:01:34 [WARNING]   [01_getrss.py:stderr] 2026-09-25 02:01:34,072 - INFO - 解析 Google 重定向链接为原始地址
2026-09-25 02:01:34 [WARNING]   [01_getrss.py:stderr] 2026-09-25 02:01:34,077 - INFO - 规范化后得到 294 个候选条目，交由 02 跨批次去重
2026-09-25 02:01:34 [WARNING]   [01_getrss.py:stderr] 2026-09-25 02:01:34,080 - INFO - 处理完成，结果已保存到 C:\Users\james\Dropbox\WORKS\SOFT\AI-Python\keepitrun\tmp\rss_2026-09-25_02-01-34.md
2026-09-25 02:01:34 [INFO]   [01_getrss.py] Processed Markdown saved to C:\Users\james\Dropbox\WORKS\SOFT\AI-Python\keepitrun\tmp\rss_2026-09-25_02-01-34.md
2026-09-25 02:01:34 [DEBUG] 记录任务完成: rss_1 @ 2026-09-25 (v1.24)
2026-09-25 10:05:04 [INFO] >>> 触发 10:05 爬取最新 daily
2026-09-25 10:05:04 [INFO] 执行 03_convert-daily.py（第 1/3 次，单次时限 1800 秒）: C:\Users\james\AppData\Local\Programs\Python\Python314\python.exe C:\Users\james\Dropbox\WORKS\SOFT\AI-Python\keepitrun\03_convert-daily.py --non-interactive
2026-09-25 10:05:04 [WARNING]   [03_convert-daily.py:stderr] 10:05:04 工作目录: C:\Users\james\Dropbox\WORKS\SOFT\AI-Python\keepitrun
2026-09-25 10:05:04 [WARNING]   [03_convert-daily.py:stderr] 10:05:04 日志文件: C:\Users\james\Dropbox\WORKS\SOFT\AI-Python\keepitrun\logs\daily_20260925_100504.log
2026-09-25 10:05:05 [WARNING]   [03_convert-daily.py:stderr] 10:05:05 GitHub 认证成功: lishuhang
2026-09-25 10:05:05 [WARNING]   [03_convert-daily.py:stderr] 10:05:05 ═══ 自动模式 ═══
2026-09-25 10:05:06 [WARNING]   [03_convert-daily.py:stderr] 10:05:06 仓库最新文章: 2026-09-24
2026-09-25 10:05:06 [WARNING]   [03_convert-daily.py:stderr] 10:05:06 开始遍历专辑
2026-09-25 10:05:06 [WARNING]   [03_convert-daily.py:stderr] 10:05:06   起始日期: 2026-09-24
2026-09-25 10:05:07 [WARNING]   [03_convert-daily.py:stderr] 10:05:07 已到达起始日期边界
2026-09-25 10:05:07 [WARNING]   [03_convert-daily.py:stderr] 10:05:07 专辑遍历完成: 共 2 篇文章
2026-09-25 10:05:07 [WARNING]   [03_convert-daily.py:stderr] 10:05:07 发现 1 篇尚未发布的文章
2026-09-25 10:05:07 [WARNING]   [03_convert-daily.py:stderr] 10:05:07 [1/1] 2026-09-25 | 每日 AIGC 早报：2026.9.25
2026-09-25 10:05:07 [WARNING]   [03_convert-daily.py:stderr] 10:05:07 抓取文章: https://mp.weixin.qq.com/s?__biz=MjM5Mjg1ODIxMQ==&mid=2650674775&idx=1&sn=1eff58...
2026-09-25 10:05:11 [WARNING]   [03_convert-daily.py:stderr] 10:05:11 回退使用 og:image（可能为裁剪版）
2026-09-25 10:05:11 [WARNING]   [03_convert-daily.py:stderr] 10:05:11 下载封面图（JPG）...
2026-09-25 10:05:13 [WARNING]   [03_convert-daily.py:stderr] 10:05:13 本地保存图片: C:\Users\james\Dropbox\WORKS\SOFT\AI-Python\keepitrun\images\2026\09\0925-d.jpg
2026-09-25 10:05:13 [WARNING]   [03_convert-daily.py:stderr] 10:05:13 本地保存Markdown: C:\Users\james\Dropbox\WORKS\SOFT\AI-Python\keepitrun\_posts\2026-09-25-daily.md
2026-09-25 10:05:13 [WARNING]   [03_convert-daily.py:stderr] 10:05:13 图床路由: 2026-09 → lishuhang/img@master
2026-09-25 10:05:16 [WARNING]   [03_convert-daily.py:stderr] 10:05:16 已上传: 2026/09/0925-d.jpg
2026-09-25 10:05:17 [WARNING]   [03_convert-daily.py:stderr] 10:05:17 已上传: _posts/2026-09-25-daily.md
2026-09-25 10:05:17 [WARNING]   [03_convert-daily.py:stderr] 10:05:17 ═══ 完成: 1 成功, 0 跳过, 0 失败 ═══
2026-09-25 10:05:17 [DEBUG] 记录任务完成: daily @ 2026-09-25 (v1.24)
2026-09-25 10:05:17 [INFO] 已将 2 个 blog/daily 文件/目录归档到 C:\Users\james\Dropbox\WORKS\SOFT\AI-Python\keepitrun\archived
2026-09-25 10:10:17 [INFO] >>> 触发 10:10 爬取最新 blog
2026-09-25 10:10:17 [INFO] 执行 04_convert-blog.py（第 1/3 次，单次时限 3600 秒）: C:\Users\james\AppData\Local\Programs\Python\Python314\python.exe C:\Users\james\Dropbox\WORKS\SOFT\AI-Python\keepitrun\04_convert-blog.py album:20260924 --non-interactive
2026-09-25 10:10:17 [WARNING]   [04_convert-blog.py:stderr] C:\Users\james\Dropbox\WORKS\SOFT\AI-Python\keepitrun\04_convert-blog.py:28: SyntaxWarning: "\s" is an invalid escape sequence. Such sequences will not work in the future. Did you mean "\\s"? A raw string is also an option.
2026-09-25 10:10:17 [WARNING]   [04_convert-blog.py:stderr]   - _is_daily_report_title(): \u5339\u914d "\u6bcf\u65e5\s*AIGC\s*\u65e9\u62a5" (\u5927\u5c0f\u5199\u4e0d\u654f\u611f\uff0c\u517c\u5bb9\u5404\u79cd\u7a7a\u683c)
2026-09-25 10:10:18 [WARNING]   [04_convert-blog.py:stderr] 10:10:18 工作目录: C:\Users\james\Dropbox\WORKS\SOFT\AI-Python\keepitrun
2026-09-25 10:10:18 [WARNING]   [04_convert-blog.py:stderr] 10:10:18 日志文件: C:\Users\james\Dropbox\WORKS\SOFT\AI-Python\keepitrun\logs\blog_20260925_101018.log
2026-09-25 10:10:18 [WARNING]   [04_convert-blog.py:stderr] 10:10:18 合集模式: 自 2026-09-24
2026-09-25 10:10:18 [WARNING]   [04_convert-blog.py:stderr] 10:10:18 ═══ 开始遍历全部 7 个合集 ═══
2026-09-25 10:10:18 [WARNING]   [04_convert-blog.py:stderr] 10:10:18 开始遍历合集 [新闻实验室] (album_id=3902494251036180488)
2026-09-25 10:10:18 [WARNING]   [04_convert-blog.py:stderr] 10:10:18   起始日期: 2026-09-24
2026-09-25 10:10:19 [WARNING]   [04_convert-blog.py:stderr] 10:10:19   [新闻实验室] 已到达起始日期边界
2026-09-25 10:10:19 [WARNING]   [04_convert-blog.py:stderr] 10:10:19   [新闻实验室] 遍历完成: 共 0 篇文章
2026-09-25 10:10:20 [WARNING]   [04_convert-blog.py:stderr] 10:10:20 开始遍历合集 [随笔] (album_id=2615905303213441024)
2026-09-25 10:10:20 [WARNING]   [04_convert-blog.py:stderr] 10:10:20   起始日期: 2026-09-24
2026-09-25 10:10:21 [WARNING]   [04_convert-blog.py:stderr] 10:10:21   [随笔] 已到达起始日期边界
2026-09-25 10:10:21 [WARNING]   [04_convert-blog.py:stderr] 10:10:21   [随笔] 遍历完成: 共 0 篇文章
2026-09-25 10:10:21 [WARNING]   [04_convert-blog.py:stderr] 10:10:21 开始遍历合集 [航通社的朋友们] (album_id=3477575130983596037)
2026-09-25 10:10:21 [WARNING]   [04_convert-blog.py:stderr] 10:10:21   起始日期: 2026-09-24
2026-09-25 10:10:23 [WARNING]   [04_convert-blog.py:stderr] 10:10:23   [航通社的朋友们] 已到达起始日期边界
2026-09-25 10:10:23 [WARNING]   [04_convert-blog.py:stderr] 10:10:23   [航通社的朋友们] 遍历完成: 共 0 篇文章
2026-09-25 10:10:23 [WARNING]   [04_convert-blog.py:stderr] 10:10:23 开始遍历合集 [AI] (album_id=1525375142552518658)
2026-09-25 10:10:23 [WARNING]   [04_convert-blog.py:stderr] 10:10:23   起始日期: 2026-09-24
2026-09-25 10:10:25 [WARNING]   [04_convert-blog.py:stderr] 10:10:25   [AI] 已到达起始日期边界
2026-09-25 10:10:25 [WARNING]   [04_convert-blog.py:stderr] 10:10:25   [AI] 遍历完成: 共 0 篇文章
2026-09-25 10:10:25 [WARNING]   [04_convert-blog.py:stderr] 10:10:25 开始遍历合集 [科技] (album_id=1584782882340978691)
2026-09-25 10:10:25 [WARNING]   [04_convert-blog.py:stderr] 10:10:25   起始日期: 2026-09-24
2026-09-25 10:10:27 [WARNING]   [04_convert-blog.py:stderr] 10:10:27   [科技] 已到达起始日期边界
2026-09-25 10:10:27 [WARNING]   [04_convert-blog.py:stderr] 10:10:27   [科技] 遍历完成: 共 0 篇文章
2026-09-25 10:10:27 [WARNING]   [04_convert-blog.py:stderr] 10:10:27 开始遍历合集 [历史] (album_id=1903521189994545155)
2026-09-25 10:10:27 [WARNING]   [04_convert-blog.py:stderr] 10:10:27   起始日期: 2026-09-24
2026-09-25 10:10:28 [WARNING]   [04_convert-blog.py:stderr] 10:10:28   [历史] 已到达起始日期边界
2026-09-25 10:10:28 [WARNING]   [04_convert-blog.py:stderr] 10:10:28   [历史] 遍历完成: 共 0 篇文章
2026-09-25 10:10:29 [WARNING]   [04_convert-blog.py:stderr] 10:10:29 开始遍历合集 [传媒] (album_id=2046079811625844737)
2026-09-25 10:10:29 [WARNING]   [04_convert-blog.py:stderr] 10:10:29   起始日期: 2026-09-24
2026-09-25 10:10:30 [WARNING]   [04_convert-blog.py:stderr] 10:10:30   [传媒] 已到达起始日期边界
2026-09-25 10:10:30 [WARNING]   [04_convert-blog.py:stderr] 10:10:30   [传媒] 遍历完成: 共 0 篇文章
2026-09-25 10:10:31 [WARNING]   [04_convert-blog.py:stderr] 10:10:31 ═══ 全部合集遍历完成: 共 0 篇不重复文章 ═══
2026-09-25 10:10:31 [WARNING]   [04_convert-blog.py:stderr] 10:10:31 合集中没有符合条件的文章
2026-09-25 10:10:31 [WARNING]   [04_convert-blog.py:stderr] 10:10:31 没有可处理的URL
2026-09-25 10:10:31 [DEBUG] 记录任务完成: blog @ 2026-09-25 (v1.24)
2026-09-25 14:00:01 [INFO] >>> 触发 14:00 RSS 抓取 (第2次)
2026-09-25 14:00:01 [INFO] 执行 01_getrss.py（第 1/3 次，单次时限 1200 秒）: C:\Users\james\AppData\Local\Programs\Python\Python314\python.exe C:\Users\james\Dropbox\WORKS\SOFT\AI-Python\keepitrun\01_getrss.py
2026-09-25 14:00:02 [WARNING]   [01_getrss.py:stderr] 2026-09-25 14:00:02,058 - INFO - 开始执行 RSS 处理脚本
2026-09-25 14:00:02 [WARNING]   [01_getrss.py:stderr] 2026-09-25 14:00:02,089 - INFO - 加载了 39 个 RSS 源
2026-09-25 14:00:02 [WARNING]   [01_getrss.py:stderr] 2026-09-25 14:00:02,090 - INFO - 加载了 424 个关键词
2026-09-25 14:00:02 [WARNING]   [01_getrss.py:stderr] 2026-09-25 14:00:02,090 - INFO - 正在获取 RSS 源: http://feeds.feedburner.com/CBer
2026-09-25 14:00:02 [WARNING]   [01_getrss.py:stderr] 2026-09-25 14:00:02,514 - INFO - 从 http://feeds.feedburner.com/CBer 获取到 20 个条目
2026-09-25 14:00:02 [WARNING]   [01_getrss.py:stderr] 2026-09-25 14:00:02,514 - INFO - 正在获取 RSS 源: http://techmeme.com/feed.xml
2026-09-25 14:00:04 [WARNING]   [01_getrss.py:stderr] 2026-09-25 14:00:04,046 - INFO - 从 http://techmeme.com/feed.xml 获取到 15 个条目
2026-09-25 14:00:04 [WARNING]   [01_getrss.py:stderr] 2026-09-25 14:00:04,047 - INFO - 从 Techmeme RSS 摘要提取原始文章链接: www.reuters.com
2026-09-25 14:00:04 [WARNING]   [01_getrss.py:stderr] 2026-09-25 14:00:04,048 - INFO - 从 Techmeme RSS 摘要提取原始文章链接: www.theinformation.com
2026-09-25 14:00:04 [WARNING]   [01_getrss.py:stderr] 2026-09-25 14:00:04,049 - INFO - 从 Techmeme RSS 摘要提取原始文章链接: www.theverge.com
2026-09-25 14:00:04 [WARNING]   [01_getrss.py:stderr] 2026-09-25 14:00:04,050 - INFO - 从 Techmeme RSS 摘要提取原始文章链接: www.nytimes.com
2026-09-25 14:00:04 [WARNING]   [01_getrss.py:stderr] 2026-09-25 14:00:04,050 - INFO - 从 Techmeme RSS 摘要提取原始文章链接: www.nytimes.com
2026-09-25 14:00:04 [WARNING]   [01_getrss.py:stderr] 2026-09-25 14:00:04,051 - INFO - 从 Techmeme RSS 摘要提取原始文章链接: www.axios.com
2026-09-25 14:00:04 [WARNING]   [01_getrss.py:stderr] 2026-09-25 14:00:04,052 - INFO - 从 Techmeme RSS 摘要提取原始文章链接: www.bloomberg.com
2026-09-25 14:00:04 [WARNING]   [01_getrss.py:stderr] 2026-09-25 14:00:04,052 - INFO - 从 Techmeme RSS 摘要提取原始文章链接: www.theinformation.com
2026-09-25 14:00:04 [WARNING]   [01_getrss.py:stderr] 2026-09-25 14:00:04,053 - INFO - 从 Techmeme RSS 摘要提取原始文章链接: www.wsj.com
2026-09-25 14:00:04 [WARNING]   [01_getrss.py:stderr] 2026-09-25 14:00:04,054 - INFO - 从 Techmeme RSS 摘要提取原始文章链接: www.reuters.com
2026-09-25 14:00:04 [WARNING]   [01_getrss.py:stderr] 2026-09-25 14:00:04,054 - INFO - 从 Techmeme RSS 摘要提取原始文章链接: thehill.com
2026-09-25 14:00:04 [WARNING]   [01_getrss.py:stderr] 2026-09-25 14:00:04,055 - INFO - 从 Techmeme RSS 摘要提取原始文章链接: www.theverge.com
2026-09-25 14:00:04 [WARNING]   [01_getrss.py:stderr] 2026-09-25 14:00:04,056 - INFO - 从 Techmeme RSS 摘要提取原始文章链接: www.geekwire.com
2026-09-25 14:00:04 [WARNING]   [01_getrss.py:stderr] 2026-09-25 14:00:04,057 - INFO - 从 Techmeme RSS 摘要提取原始文章链接: www.businessinsider.com
2026-09-25 14:00:04 [WARNING]   [01_getrss.py:stderr] 2026-09-25 14:00:04,057 - INFO - 从 Techmeme RSS 摘要提取原始文章链接: www.bloomberg.com
2026-09-25 14:00:04 [WARNING]   [01_getrss.py:stderr] 2026-09-25 14:00:04,057 - INFO - 正在获取 RSS 源: https://techcrunch.com/feed/
2026-09-25 14:00:04 [WARNING]   [01_getrss.py:stderr] 2026-09-25 14:00:04,128 - INFO - 从 https://techcrunch.com/feed/ 获取到 20 个条目
2026-09-25 14:00:04 [WARNING]   [01_getrss.py:stderr] 2026-09-25 14:00:04,128 - INFO - 正在获取 RSS 源: https://feeds.arstechnica.com/arstechnica/index/
2026-09-25 14:00:04 [WARNING]   [01_getrss.py:stderr] 2026-09-25 14:00:04,218 - INFO - 从 https://feeds.arstechnica.com/arstechnica/index/ 获取到 20 个条目
2026-09-25 14:00:04 [WARNING]   [01_getrss.py:stderr] 2026-09-25 14:00:04,219 - INFO - 正在获取 RSS 源: https://www.technologyreview.com/feed/
2026-09-25 14:00:04 [WARNING]   [01_getrss.py:stderr] 2026-09-25 14:00:04,313 - INFO - 从 https://www.technologyreview.com/feed/ 获取到 10 个条目
2026-09-25 14:00:04 [WARNING]   [01_getrss.py:stderr] 2026-09-25 14:00:04,313 - INFO - 正在获取 RSS 源: https://www.engadget.com/rss.xml
2026-09-25 14:00:04 [WARNING]   [01_getrss.py:stderr] 2026-09-25 14:00:04,563 - INFO - 从 https://www.engadget.com/rss.xml 获取到 20 个条目
2026-09-25 14:00:04 [WARNING]   [01_getrss.py:stderr] 2026-09-25 14:00:04,564 - INFO - 正在获取 RSS 源: http://feeds.feedburner.com/businessinsider/
2026-09-25 14:00:05 [WARNING]   [01_getrss.py:stderr] 2026-09-25 14:00:05,105 - INFO - 从 http://feeds.feedburner.com/businessinsider/ 获取到 50 个条目
2026-09-25 14:00:05 [WARNING]   [01_getrss.py:stderr] 2026-09-25 14:00:05,106 - INFO - 正在获取 RSS 源: https://www.cnet.com/rss/all/
2026-09-25 14:00:05 [WARNING]   [01_getrss.py:stderr] 2026-09-25 14:00:05,198 - INFO - 从 https://www.cnet.com/rss/all/ 获取到 25 个条目
2026-09-25 14:00:05 [WARNING]   [01_getrss.py:stderr] 2026-09-25 14:00:05,198 - INFO - 正在获取 RSS 源: https://www.techradar.com/feeds.xml
2026-09-25 14:00:05 [WARNING]   [01_getrss.py:stderr] 2026-09-25 14:00:05,573 - INFO - 从 https://www.techradar.com/feeds.xml 获取到 50 个条目
2026-09-25 14:00:05 [WARNING]   [01_getrss.py:stderr] 2026-09-25 14:00:05,574 - INFO - 正在获取 RSS 源: https://mashable.com/feeds/rss/all
2026-09-25 14:00:06 [WARNING]   [01_getrss.py:stderr] 2026-09-25 14:00:06,344 - INFO - 从 https://mashable.com/feeds/rss/all 获取到 100 个条目
2026-09-25 14:00:06 [WARNING]   [01_getrss.py:stderr] 2026-09-25 14:00:06,345 - INFO - 正在获取 RSS 源: https://www.theverge.com/rss/index.xml
2026-09-25 14:00:06 [WARNING]   [01_getrss.py:stderr] 2026-09-25 14:00:06,466 - INFO - 从 https://www.theverge.com/rss/index.xml 获取到 10 个条目
2026-09-25 14:00:06 [WARNING]   [01_getrss.py:stderr] 2026-09-25 14:00:06,466 - INFO - 正在获取 RSS 源: https://www.wired.com/feed/tag/ai/latest/rss
2026-09-25 14:00:06 [WARNING]   [01_getrss.py:stderr] 2026-09-25 14:00:06,646 - INFO - 从 https://www.wired.com/feed/tag/ai/latest/rss 获取到 10 个条目
2026-09-25 14:00:06 [WARNING]   [01_getrss.py:stderr] 2026-09-25 14:00:06,646 - INFO - 正在获取 RSS 源: https://feeds.bbci.co.uk/news/technology/rss.xml
2026-09-25 14:00:06 [WARNING]   [01_getrss.py:stderr] 2026-09-25 14:00:06,719 - INFO - 从 https://feeds.bbci.co.uk/news/technology/rss.xml 获取到 21 个条目
2026-09-25 14:00:06 [WARNING]   [01_getrss.py:stderr] 2026-09-25 14:00:06,719 - INFO - 正在获取 RSS 源: https://www.economist.com/science-and-technology/rss.xml
2026-09-25 14:00:06 [WARNING]   [01_getrss.py:stderr] 2026-09-25 14:00:06,959 - WARNING - RSS 源 https://www.economist.com/science-and-technology/rss.xml 解析时出现问题: document declared as us-ascii, but parsed as utf-8
2026-09-25 14:00:06 [WARNING]   [01_getrss.py:stderr] 2026-09-25 14:00:06,959 - INFO - 从 https://www.economist.com/science-and-technology/rss.xml 获取到 300 个条目
2026-09-25 14:00:06 [WARNING]   [01_getrss.py:stderr] 2026-09-25 14:00:06,960 - INFO - 正在获取 RSS 源: https://www.economist.com/business/rss.xml
2026-09-25 14:00:07 [WARNING]   [01_getrss.py:stderr] 2026-09-25 14:00:07,168 - WARNING - RSS 源 https://www.economist.com/business/rss.xml 解析时出现问题: document declared as us-ascii, but parsed as utf-8
2026-09-25 14:00:07 [WARNING]   [01_getrss.py:stderr] 2026-09-25 14:00:07,168 - INFO - 从 https://www.economist.com/business/rss.xml 获取到 300 个条目
2026-09-25 14:00:07 [WARNING]   [01_getrss.py:stderr] 2026-09-25 14:00:07,169 - INFO - 正在获取 RSS 源: https://www.economist.com/international/rss.xml
2026-09-25 14:00:07 [WARNING]   [01_getrss.py:stderr] 2026-09-25 14:00:07,354 - WARNING - RSS 源 https://www.economist.com/international/rss.xml 解析时出现问题: document declared as us-ascii, but parsed as utf-8
2026-09-25 14:00:07 [WARNING]   [01_getrss.py:stderr] 2026-09-25 14:00:07,354 - INFO - 从 https://www.economist.com/international/rss.xml 获取到 300 个条目
2026-09-25 14:00:07 [WARNING]   [01_getrss.py:stderr] 2026-09-25 14:00:07,355 - INFO - 正在获取 RSS 源: https://www.economist.com/china/rss.xml
2026-09-25 14:00:07 [WARNING]   [01_getrss.py:stderr] 2026-09-25 14:00:07,621 - WARNING - RSS 源 https://www.economist.com/china/rss.xml 解析时出现问题: document declared as us-ascii, but parsed as utf-8
2026-09-25 14:00:07 [WARNING]   [01_getrss.py:stderr] 2026-09-25 14:00:07,621 - INFO - 从 https://www.economist.com/china/rss.xml 获取到 300 个条目
2026-09-25 14:00:07 [WARNING]   [01_getrss.py:stderr] 2026-09-25 14:00:07,622 - INFO - 正在获取 RSS 源: https://arstechnica.com/feed/
2026-09-25 14:00:08 [WARNING]   [01_getrss.py:stderr] 2026-09-25 14:00:08,047 - INFO - 从 https://arstechnica.com/feed/ 获取到 20 个条目
2026-09-25 14:00:08 [WARNING]   [01_getrss.py:stderr] 2026-09-25 14:00:08,047 - INFO - 正在获取 RSS 源: https://www.google.com/alerts/feeds/00120727335941528291/15923614493533912620
2026-09-25 14:00:08 [WARNING]   [01_getrss.py:stderr] 2026-09-25 14:00:08,325 - INFO - 从 https://www.google.com/alerts/feeds/00120727335941528291/15923614493533912620 获取到 20 个条目
2026-09-25 14:00:08 [WARNING]   [01_getrss.py:stderr] 2026-09-25 14:00:08,326 - INFO - 正在获取 RSS 源: https://36kr.com/feed-newsflash
2026-09-25 14:00:09 [WARNING]   [01_getrss.py:stderr] 2026-09-25 14:00:09,215 - WARNING - RSS 源 https://36kr.com/feed-newsflash 解析时出现问题: <unknown>:10:542: not well-formed (invalid token)
2026-09-25 14:00:09 [WARNING]   [01_getrss.py:stderr] 2026-09-25 14:00:09,215 - WARNING - RSS 源 https://36kr.com/feed-newsflash 没有返回条目
2026-09-25 14:00:09 [WARNING]   [01_getrss.py:stderr] 2026-09-25 14:00:09,215 - INFO - 正在获取 RSS 源: https://36kr.com/feed-article
2026-09-25 14:00:10 [WARNING]   [01_getrss.py:stderr] 2026-09-25 14:00:10,075 - WARNING - RSS 源 https://36kr.com/feed-article 解析时出现问题: <unknown>:10:542: not well-formed (invalid token)
2026-09-25 14:00:10 [WARNING]   [01_getrss.py:stderr] 2026-09-25 14:00:10,075 - WARNING - RSS 源 https://36kr.com/feed-article 没有返回条目
2026-09-25 14:00:10 [WARNING]   [01_getrss.py:stderr] 2026-09-25 14:00:10,075 - INFO - 正在获取 RSS 源: https://www.ithome.com/rss/
2026-09-25 14:00:24 [WARNING]   [01_getrss.py:stderr] 2026-09-25 14:00:24,708 - ERROR - 获取 RSS 源 https://www.ithome.com/rss/ 时发生网络错误: [WinError 10054] 远程主机强迫关闭了一个现有的连接。
2026-09-25 14:00:24 [WARNING]   [01_getrss.py:stderr] 2026-09-25 14:00:24,709 - INFO - 正在获取 RSS 源: https://rss.mydrivers.com/Rss.aspx?Tid=1
2026-09-25 14:00:25 [WARNING]   [01_getrss.py:stderr] 2026-09-25 14:00:25,709 - INFO - 从 https://rss.mydrivers.com/Rss.aspx?Tid=1 获取到 100 个条目
2026-09-25 14:00:25 [WARNING]   [01_getrss.py:stderr] 2026-09-25 14:00:25,710 - INFO - 正在获取 RSS 源: https://www.solidot.org/index.rss
2026-09-25 14:00:26 [WARNING]   [01_getrss.py:stderr] 2026-09-25 14:00:26,815 - INFO - 从 https://www.solidot.org/index.rss 获取到 20 个条目
2026-09-25 14:00:26 [WARNING]   [01_getrss.py:stderr] 2026-09-25 14:00:26,816 - INFO - 正在获取 RSS 源: https://www.geekpark.net/rss
2026-09-25 14:00:58 [WARNING]   [01_getrss.py:stderr] 2026-09-25 14:00:58,171 - INFO - 从 https://www.geekpark.net/rss 获取到 30 个条目
2026-09-25 14:00:58 [WARNING]   [01_getrss.py:stderr] 2026-09-25 14:00:58,171 - INFO - 正在获取 RSS 源: https://www.ifanr.com/feed
2026-09-25 14:00:59 [WARNING]   [01_getrss.py:stderr] 2026-09-25 14:00:59,452 - INFO - 从 https://www.ifanr.com/feed 获取到 20 个条目
2026-09-25 14:00:59 [WARNING]   [01_getrss.py:stderr] 2026-09-25 14:00:59,453 - INFO - 正在获取 RSS 源: https://www.tmtpost.com/rss.xml
2026-09-25 14:01:01 [WARNING]   [01_getrss.py:stderr] 2026-09-25 14:01:01,959 - INFO - 从 https://www.tmtpost.com/rss.xml 获取到 18 个条目
2026-09-25 14:01:01 [WARNING]   [01_getrss.py:stderr] 2026-09-25 14:01:01,959 - INFO - 正在获取 RSS 源: https://rss.huxiu.com/
2026-09-25 14:01:03 [WARNING]   [01_getrss.py:stderr] 2026-09-25 14:01:03,616 - INFO - 从 https://rss.huxiu.com/ 获取到 32 个条目
2026-09-25 14:01:03 [WARNING]   [01_getrss.py:stderr] 2026-09-25 14:01:03,616 - INFO - 正在获取 RSS 源: https://www.qbitai.com/feed
2026-09-25 14:01:04 [WARNING]   [01_getrss.py:stderr] 2026-09-25 14:01:04,838 - INFO - 从 https://www.qbitai.com/feed 获取到 10 个条目
2026-09-25 14:01:04 [WARNING]   [01_getrss.py:stderr] 2026-09-25 14:01:04,839 - INFO - 正在获取 RSS 源: https://www.leiphone.com/feed/
2026-09-25 14:01:07 [WARNING]   [01_getrss.py:stderr] 2026-09-25 14:01:07,481 - INFO - 从 https://www.leiphone.com/feed/ 获取到 20 个条目
2026-09-25 14:01:07 [WARNING]   [01_getrss.py:stderr] 2026-09-25 14:01:07,481 - INFO - 正在获取 RSS 源: https://plink.anyfeeder.com/mittrchina/hot
2026-09-25 14:01:36 [WARNING]   [01_getrss.py:stderr] 2026-09-25 14:01:36,872 - INFO - 从 https://plink.anyfeeder.com/mittrchina/hot 获取到 10 个条目
2026-09-25 14:01:36 [WARNING]   [01_getrss.py:stderr] 2026-09-25 14:01:36,872 - INFO - 正在获取 RSS 源: https://sspai.com/feed
2026-09-25 14:01:38 [WARNING]   [01_getrss.py:stderr] 2026-09-25 14:01:38,128 - INFO - 从 https://sspai.com/feed 获取到 10 个条目
2026-09-25 14:01:38 [WARNING]   [01_getrss.py:stderr] 2026-09-25 14:01:38,128 - INFO - 正在获取 RSS 源: https://v2ex.com/index.xml
2026-09-25 14:01:38 [WARNING]   [01_getrss.py:stderr] 2026-09-25 14:01:38,466 - INFO - 从 https://v2ex.com/index.xml 获取到 50 个条目
2026-09-25 14:01:38 [WARNING]   [01_getrss.py:stderr] 2026-09-25 14:01:38,467 - INFO - 正在获取 RSS 源: https://plink.anyfeeder.com/zaobao/realtime/china
2026-09-25 14:01:41 [WARNING]   [01_getrss.py:stderr] 2026-09-25 14:01:41,230 - INFO - 从 https://plink.anyfeeder.com/zaobao/realtime/china 获取到 24 个条目
2026-09-25 14:01:41 [WARNING]   [01_getrss.py:stderr] 2026-09-25 14:01:41,230 - INFO - 正在获取 RSS 源: https://plink.anyfeeder.com/zaobao/realtime/world
2026-09-25 14:01:41 [WARNING]   [01_getrss.py:stderr] 2026-09-25 14:01:41,395 - INFO - 从 https://plink.anyfeeder.com/zaobao/realtime/world 获取到 24 个条目
2026-09-25 14:01:41 [WARNING]   [01_getrss.py:stderr] 2026-09-25 14:01:41,395 - INFO - 正在获取 RSS 源: https://hnrss.org/frontpage
2026-09-25 14:01:41 [WARNING]   [01_getrss.py:stderr] 2026-09-25 14:01:41,748 - INFO - 从 https://hnrss.org/frontpage 获取到 20 个条目
2026-09-25 14:01:41 [WARNING]   [01_getrss.py:stderr] 2026-09-25 14:01:41,749 - INFO - 正在获取 RSS 源: https://www.jiqizhixin.com/feed
2026-09-25 14:01:42 [WARNING]   [01_getrss.py:stderr] 2026-09-25 14:01:42,461 - WARNING - RSS 源 https://www.jiqizhixin.com/feed 解析时出现问题: <unknown>:8:82: not well-formed (invalid token)
2026-09-25 14:01:42 [WARNING]   [01_getrss.py:stderr] 2026-09-25 14:01:42,461 - WARNING - RSS 源 https://www.jiqizhixin.com/feed 没有返回条目
2026-09-25 14:01:42 [WARNING]   [01_getrss.py:stderr] 2026-09-25 14:01:42,461 - INFO - 正在获取 RSS 源: https://blogs.nvidia.com/feed/
2026-09-25 14:01:42 [WARNING]   [01_getrss.py:stderr] 2026-09-25 14:01:42,700 - INFO - 从 https://blogs.nvidia.com/feed/ 获取到 18 个条目
2026-09-25 14:01:42 [WARNING]   [01_getrss.py:stderr] 2026-09-25 14:01:42,700 - INFO - 正在获取 RSS 源: https://ai.googleblog.com/feeds/posts/default
2026-09-25 14:01:42 [WARNING]   [01_getrss.py:stderr] 2026-09-25 14:01:42,875 - WARNING - RSS 源 https://ai.googleblog.com/feeds/posts/default 解析时出现问题: <unknown>:4:31: mismatched tag
2026-09-25 14:01:42 [WARNING]   [01_getrss.py:stderr] 2026-09-25 14:01:42,875 - WARNING - RSS 源 https://ai.googleblog.com/feeds/posts/default 没有返回条目
2026-09-25 14:01:42 [WARNING]   [01_getrss.py:stderr] 2026-09-25 14:01:42,875 - INFO - 总共获取到 481 个有效条目
2026-09-25 14:01:42 [WARNING]   [01_getrss.py:stderr] 2026-09-25 14:01:42,895 - INFO - 关键词过滤后剩余 252 个条目
2026-09-25 14:01:42 [WARNING]   [01_getrss.py:stderr] 2026-09-25 14:01:42,899 - INFO - 解析 Google 重定向链接为原始地址
2026-09-25 14:01:42 [WARNING]   [01_getrss.py:stderr] 2026-09-25 14:01:42,899 - INFO - 解析 Google 重定向链接为原始地址
2026-09-25 14:01:42 [WARNING]   [01_getrss.py:stderr] 2026-09-25 14:01:42,899 - INFO - 解析 Google 重定向链接为原始地址
2026-09-25 14:01:42 [WARNING]   [01_getrss.py:stderr] 2026-09-25 14:01:42,900 - INFO - 解析 Google 重定向链接为原始地址
2026-09-25 14:01:42 [WARNING]   [01_getrss.py:stderr] 2026-09-25 14:01:42,900 - INFO - 解析 Google 重定向链接为原始地址
2026-09-25 14:01:42 [WARNING]   [01_getrss.py:stderr] 2026-09-25 14:01:42,900 - INFO - 解析 Google 重定向链接为原始地址
2026-09-25 14:01:42 [WARNING]   [01_getrss.py:stderr] 2026-09-25 14:01:42,900 - INFO - 解析 Google 重定向链接为原始地址
2026-09-25 14:01:42 [WARNING]   [01_getrss.py:stderr] 2026-09-25 14:01:42,901 - INFO - 解析 Google 重定向链接为原始地址
2026-09-25 14:01:42 [WARNING]   [01_getrss.py:stderr] 2026-09-25 14:01:42,901 - INFO - 解析 Google 重定向链接为原始地址
2026-09-25 14:01:42 [WARNING]   [01_getrss.py:stderr] 2026-09-25 14:01:42,901 - INFO - 解析 Google 重定向链接为原始地址
2026-09-25 14:01:42 [WARNING]   [01_getrss.py:stderr] 2026-09-25 14:01:42,902 - INFO - 解析 Google 重定向链接为原始地址
2026-09-25 14:01:42 [WARNING]   [01_getrss.py:stderr] 2026-09-25 14:01:42,902 - INFO - 解析 Google 重定向链接为原始地址
2026-09-25 14:01:42 [WARNING]   [01_getrss.py:stderr] 2026-09-25 14:01:42,902 - INFO - 解析 Google 重定向链接为原始地址
2026-09-25 14:01:42 [WARNING]   [01_getrss.py:stderr] 2026-09-25 14:01:42,902 - INFO - 解析 Google 重定向链接为原始地址
2026-09-25 14:01:42 [WARNING]   [01_getrss.py:stderr] 2026-09-25 14:01:42,902 - INFO - 解析 Google 重定向链接为原始地址
2026-09-25 14:01:42 [WARNING]   [01_getrss.py:stderr] 2026-09-25 14:01:42,902 - INFO - 解析 Google 重定向链接为原始地址
2026-09-25 14:01:42 [WARNING]   [01_getrss.py:stderr] 2026-09-25 14:01:42,903 - INFO - 解析 Google 重定向链接为原始地址
2026-09-25 14:01:42 [WARNING]   [01_getrss.py:stderr] 2026-09-25 14:01:42,903 - INFO - 解析 Google 重定向链接为原始地址
2026-09-25 14:01:42 [WARNING]   [01_getrss.py:stderr] 2026-09-25 14:01:42,903 - INFO - 解析 Google 重定向链接为原始地址
2026-09-25 14:01:42 [WARNING]   [01_getrss.py:stderr] 2026-09-25 14:01:42,903 - INFO - 解析 Google 重定向链接为原始地址
2026-09-25 14:01:42 [WARNING]   [01_getrss.py:stderr] 2026-09-25 14:01:42,908 - INFO - 规范化后得到 252 个候选条目，交由 02 跨批次去重
2026-09-25 14:01:42 [WARNING]   [01_getrss.py:stderr] 2026-09-25 14:01:42,910 - INFO - 处理完成，结果已保存到 C:\Users\james\Dropbox\WORKS\SOFT\AI-Python\keepitrun\tmp\rss_2026-09-25_14-01-42.md
2026-09-25 14:01:42 [INFO]   [01_getrss.py] Processed Markdown saved to C:\Users\james\Dropbox\WORKS\SOFT\AI-Python\keepitrun\tmp\rss_2026-09-25_14-01-42.md
2026-09-25 14:01:42 [DEBUG] 记录任务完成: rss_2 @ 2026-09-25 (v1.24)
2026-09-25 14:05:12 [INFO] >>> 触发 14:05 合并去重翻译 RSS 结果
2026-09-25 14:05:12 [INFO] -- 开始合并 RSS 结果 --
2026-09-25 14:05:12 [INFO] 将合并当天 2 份 RSS 文件与 1 份积压摘要；积压摘要由合并器优先收敛
2026-09-25 14:05:12 [INFO] 执行 02_combine-gemini.py（第 1/3 次，单次时限 3600 秒）: C:\Users\james\AppData\Local\Programs\Python\Python314\python.exe C:\Users\james\Dropbox\WORKS\SOFT\AI-Python\keepitrun\02_combine-gemini.py rss_2026-09-25_02-01-34.md rss_2026-09-25_14-01-42.md
2026-09-25 14:05:13 [INFO]   [02_combine-gemini.py] Translation engine order: gemini -> glm -> google_free
2026-09-25 14:05:13 [INFO]   [02_combine-gemini.py] Pending summaries detected: 1; merging them before new RSS input.
2026-09-25 14:05:13 [INFO]   [02_combine-gemini.py] Total content lines loaded across all inputs: 1707
2026-09-25 14:05:13 [INFO]   [02_combine-gemini.py] Total unique lines loaded: 1584
2026-09-25 14:05:13 [INFO]   [02_combine-gemini.py] Chinese lines: 1321, English lines: 263
2026-09-25 14:05:13 [INFO]   [02_combine-gemini.py] Translating 16 titles with gemini (attempt 1/2)...
2026-09-25 14:05:46 [INFO]   [02_combine-gemini.py] Translating 16 titles with gemini (attempt 1/2)...
2026-09-25 14:05:59 [INFO]   [02_combine-gemini.py] Translating 16 titles with gemini (attempt 1/2)...
2026-09-25 14:06:15 [INFO]   [02_combine-gemini.py] Translating 16 titles with gemini (attempt 1/2)...
2026-09-25 14:06:26 [INFO]   [02_combine-gemini.py]   gemini failed: RuntimeError
2026-09-25 14:06:28 [INFO]   [02_combine-gemini.py] Translating 16 titles with gemini (attempt 2/2)...
2026-09-25 14:06:43 [INFO]   [02_combine-gemini.py] Translating 16 titles with gemini (attempt 1/2)...
2026-09-25 14:06:55 [INFO]   [02_combine-gemini.py] Translating 16 titles with gemini (attempt 1/2)...
2026-09-25 14:07:39 [INFO]   [02_combine-gemini.py]   gemini failed: DeadlineExceeded
2026-09-25 14:07:41 [INFO]   [02_combine-gemini.py] Translating 16 titles with gemini (attempt 2/2)...
2026-09-25 14:07:53 [INFO]   [02_combine-gemini.py] Translating 16 titles with gemini (attempt 1/2)...
2026-09-25 14:08:08 [INFO]   [02_combine-gemini.py] Translating 16 titles with gemini (attempt 1/2)...
2026-09-25 14:08:53 [INFO]   [02_combine-gemini.py]   gemini failed: DeadlineExceeded
2026-09-25 14:08:55 [INFO]   [02_combine-gemini.py] Translating 16 titles with gemini (attempt 2/2)...
2026-09-25 14:09:39 [INFO]   [02_combine-gemini.py]   gemini failed: DeadlineExceeded
2026-09-25 14:09:39 [INFO]   [02_combine-gemini.py]   Falling back from gemini to glm...
2026-09-25 14:09:39 [INFO]   [02_combine-gemini.py] Translating 16 titles with glm (attempt 1/2)...
2026-09-25 14:09:58 [INFO]   [02_combine-gemini.py] Translating 16 titles with glm (attempt 1/2)...
2026-09-25 14:10:26 [INFO]   [02_combine-gemini.py] Translating 16 titles with glm (attempt 1/2)...
2026-09-25 14:10:48 [INFO]   [02_combine-gemini.py] Translating 16 titles with glm (attempt 1/2)...
2026-09-25 14:11:12 [INFO]   [02_combine-gemini.py] Translating 16 titles with glm (attempt 1/2)...
2026-09-25 14:11:17 [INFO]   [02_combine-gemini.py]   GLM content-safety refusal detected; trying the next engine without dropping English source titles.
2026-09-25 14:11:19 [INFO]   [02_combine-gemini.py] Translating 16 titles with glm (attempt 2/2)...
2026-09-25 14:11:23 [INFO]   [02_combine-gemini.py]   GLM content-safety refusal detected; trying the next engine without dropping English source titles.
2026-09-25 14:11:23 [INFO]   [02_combine-gemini.py]   Falling back from glm to google_free...
2026-09-25 14:11:23 [INFO]   [02_combine-gemini.py] Translating 16 titles with google_free (attempt 1/2)...
2026-09-25 14:11:32 [INFO]   [02_combine-gemini.py] Translating 16 titles with google_free (attempt 1/2)...
2026-09-25 14:11:42 [INFO]   [02_combine-gemini.py] Translating 16 titles with google_free (attempt 1/2)...
2026-09-25 14:11:50 [INFO]   [02_combine-gemini.py] Translating 16 titles with google_free (attempt 1/2)...
2026-09-25 14:11:59 [INFO]   [02_combine-gemini.py] Translating 16 titles with google_free (attempt 1/2)...
2026-09-25 14:12:08 [INFO]   [02_combine-gemini.py] Translating 7 titles with google_free (attempt 1/2)...
2026-09-25 14:12:11 [INFO]   [02_combine-gemini.py] Removed 1 superseded pending summary file(s).
2026-09-25 14:12:11 [INFO]   [02_combine-gemini.py] Process complete. Saved to: C:\Users\james\Dropbox\WORKS\SOFT\AI-Python\keepitrun\20260925-141211.md
2026-09-25 14:12:13 [INFO] RSS 合并去重翻译完成
2026-09-25 14:12:13 [INFO] 已将 2 个 RSS 抓取结果文件移动到 C:\Users\james\Dropbox\WORKS\SOFT\AI-Python\keepitrun\archived
2026-09-25 14:12:13 [DEBUG] 记录任务完成: combine @ 2026-09-25 (v1.24)
2026-09-25 15:00:13 [INFO] >>> 触发 15:00 Photos 自动同步
2026-09-25 15:00:13 [INFO] -- 开始运行 Photos 自动同步 --
2026-09-25 15:00:13 [INFO]   脚本路径: C:\Users\james\Dropbox\WORKS\SOFT\AI-Python\keepitrun\05_photos-update.py
2026-09-25 15:00:13 [INFO] 执行 05_photos-update.py（第 1/3 次，单次时限 1800 秒）: C:\Users\james\AppData\Local\Programs\Python\Python314\python.exe C:\Users\james\Dropbox\WORKS\SOFT\AI-Python\keepitrun\05_photos-update.py
2026-09-25 15:00:14 [INFO]   [05_photos-update.py] ============================================================
2026-09-25 15:00:14 [INFO]   [05_photos-update.py] 📸 Photos Update — 图片库自动同步工具
2026-09-25 15:00:14 [INFO]   [05_photos-update.py] ============================================================
2026-09-25 15:00:14 [INFO]   [05_photos-update.py] 🔍 自动检测模式
2026-09-25 15:00:14 [INFO]   [05_photos-update.py] 🕐 当前时间: 2026-09-25
2026-09-25 15:00:14 [INFO]   [05_photos-update.py] 📁 检查 lishuhang/photos 最新月份...
2026-09-25 15:00:15 [INFO]   [05_photos-update.py]   最新 JSON 月份: 202609
2026-09-25 15:00:15 [INFO]   [05_photos-update.py] 🔄 按图床配置检查 202609 至 202609
2026-09-25 15:00:15 [INFO]   [05_photos-update.py] ============================================================
2026-09-25 15:00:15 [INFO]   [05_photos-update.py] 📅 检查 2026-09
2026-09-25 15:00:16 [INFO]   [05_photos-update.py]   🔍 扫描 modem-56k/img2@main 的 2026/09 目录...
2026-09-25 15:00:37 [INFO]   [05_photos-update.py]   📷 发现 22 天，共 1445 张图片
2026-09-25 15:00:38 [INFO]   [05_photos-update.py]   ✅ JSON 内容一致，无需更新
2026-09-25 15:00:38 [INFO]   [05_photos-update.py] ✨ 一切已是最新，无需更新
2026-09-25 15:00:38 [INFO] Photos 自动同步完成
2026-09-25 15:00:38 [DEBUG] 记录任务完成: photos_update @ 2026-09-25 (v1.24)
2026-09-26 00:00:08 [INFO] 日志归档: 移动了 4 个超过 7 天的日志到 logs/archive/
2026-09-26 00:00:08 [INFO] 日志清理: 删除了 4 个超过 30 天的归档日志
2026-09-26 00:00:08 [INFO] archived/ 清理: 删除了 4 个超过 30 天的归档文件
2026-09-26 02:00:08 [INFO] >>> 触发 02:00 RSS 抓取 (第1次)
2026-09-26 02:00:08 [INFO] 执行 01_getrss.py（第 1/3 次，单次时限 1200 秒）: C:\Users\james\AppData\Local\Programs\Python\Python314\python.exe C:\Users\james\Dropbox\WORKS\SOFT\AI-Python\keepitrun\01_getrss.py
2026-09-26 02:00:09 [WARNING]   [01_getrss.py:stderr] 2026-09-26 02:00:09,457 - INFO - 开始执行 RSS 处理脚本
2026-09-26 02:00:09 [WARNING]   [01_getrss.py:stderr] 2026-09-26 02:00:09,488 - INFO - 加载了 39 个 RSS 源
2026-09-26 02:00:09 [WARNING]   [01_getrss.py:stderr] 2026-09-26 02:00:09,488 - INFO - 加载了 424 个关键词
2026-09-26 02:00:09 [WARNING]   [01_getrss.py:stderr] 2026-09-26 02:00:09,488 - INFO - 正在获取 RSS 源: http://feeds.feedburner.com/CBer
2026-09-26 02:00:09 [WARNING]   [01_getrss.py:stderr] 2026-09-26 02:00:09,870 - INFO - 从 http://feeds.feedburner.com/CBer 获取到 20 个条目
2026-09-26 02:00:09 [WARNING]   [01_getrss.py:stderr] 2026-09-26 02:00:09,870 - INFO - 正在获取 RSS 源: http://techmeme.com/feed.xml
2026-09-26 02:00:10 [WARNING]   [01_getrss.py:stderr] 2026-09-26 02:00:10,580 - INFO - 从 http://techmeme.com/feed.xml 获取到 15 个条目
2026-09-26 02:00:10 [WARNING]   [01_getrss.py:stderr] 2026-09-26 02:00:10,581 - INFO - 从 Techmeme RSS 摘要提取原始文章链接: www.cnbc.com
2026-09-26 02:00:10 [WARNING]   [01_getrss.py:stderr] 2026-09-26 02:00:10,582 - INFO - 从 Techmeme RSS 摘要提取原始文章链接: www.reuters.com
2026-09-26 02:00:10 [WARNING]   [01_getrss.py:stderr] 2026-09-26 02:00:10,582 - INFO - 从 Techmeme RSS 摘要提取原始文章链接: www.cnbc.com
2026-09-26 02:00:10 [WARNING]   [01_getrss.py:stderr] 2026-09-26 02:00:10,583 - INFO - 从 Techmeme RSS 摘要提取原始文章链接: thezvi.substack.com
2026-09-26 02:00:10 [WARNING]   [01_getrss.py:stderr] 2026-09-26 02:00:10,584 - INFO - 从 Techmeme RSS 摘要提取原始文章链接: techcrunch.com
2026-09-26 02:00:10 [WARNING]   [01_getrss.py:stderr] 2026-09-26 02:00:10,584 - INFO - 从 Techmeme RSS 摘要提取原始文章链接: www.theinformation.com
2026-09-26 02:00:10 [WARNING]   [01_getrss.py:stderr] 2026-09-26 02:00:10,585 - INFO - 从 Techmeme RSS 摘要提取原始文章链接: www.axios.com
2026-09-26 02:00:10 [WARNING]   [01_getrss.py:stderr] 2026-09-26 02:00:10,586 - INFO - 从 Techmeme RSS 摘要提取原始文章链接: www.theverge.com
2026-09-26 02:00:10 [WARNING]   [01_getrss.py:stderr] 2026-09-26 02:00:10,586 - INFO - 从 Techmeme RSS 摘要提取原始文章链接: www.wsj.com
2026-09-26 02:00:10 [WARNING]   [01_getrss.py:stderr] 2026-09-26 02:00:10,587 - INFO - 从 Techmeme RSS 摘要提取原始文章链接: www.semafor.com
2026-09-26 02:00:10 [WARNING]   [01_getrss.py:stderr] 2026-09-26 02:00:10,588 - INFO - 从 Techmeme RSS 摘要提取原始文章链接: www.ft.com
2026-09-26 02:00:10 [WARNING]   [01_getrss.py:stderr] 2026-09-26 02:00:10,589 - INFO - 从 Techmeme RSS 摘要提取原始文章链接: www.reuters.com
2026-09-26 02:00:10 [WARNING]   [01_getrss.py:stderr] 2026-09-26 02:00:10,589 - INFO - 从 Techmeme RSS 摘要提取原始文章链接: www.theinformation.com
2026-09-26 02:00:10 [WARNING]   [01_getrss.py:stderr] 2026-09-26 02:00:10,590 - INFO - 从 Techmeme RSS 摘要提取原始文章链接: www.theverge.com
2026-09-26 02:00:10 [WARNING]   [01_getrss.py:stderr] 2026-09-26 02:00:10,590 - INFO - 正在获取 RSS 源: https://techcrunch.com/feed/
2026-09-26 02:00:10 [WARNING]   [01_getrss.py:stderr] 2026-09-26 02:00:10,692 - INFO - 从 https://techcrunch.com/feed/ 获取到 20 个条目
2026-09-26 02:00:10 [WARNING]   [01_getrss.py:stderr] 2026-09-26 02:00:10,693 - INFO - 正在获取 RSS 源: https://feeds.arstechnica.com/arstechnica/index/
2026-09-26 02:00:10 [WARNING]   [01_getrss.py:stderr] 2026-09-26 02:00:10,773 - INFO - 从 https://feeds.arstechnica.com/arstechnica/index/ 获取到 20 个条目
2026-09-26 02:00:10 [WARNING]   [01_getrss.py:stderr] 2026-09-26 02:00:10,773 - INFO - 正在获取 RSS 源: https://www.technologyreview.com/feed/
2026-09-26 02:00:10 [WARNING]   [01_getrss.py:stderr] 2026-09-26 02:00:10,878 - INFO - 从 https://www.technologyreview.com/feed/ 获取到 10 个条目
2026-09-26 02:00:10 [WARNING]   [01_getrss.py:stderr] 2026-09-26 02:00:10,878 - INFO - 正在获取 RSS 源: https://www.engadget.com/rss.xml
2026-09-26 02:00:10 [WARNING]   [01_getrss.py:stderr] 2026-09-26 02:00:10,994 - INFO - 从 https://www.engadget.com/rss.xml 获取到 20 个条目
2026-09-26 02:00:10 [WARNING]   [01_getrss.py:stderr] 2026-09-26 02:00:10,995 - INFO - 正在获取 RSS 源: http://feeds.feedburner.com/businessinsider/
2026-09-26 02:00:11 [WARNING]   [01_getrss.py:stderr] 2026-09-26 02:00:11,386 - INFO - 从 http://feeds.feedburner.com/businessinsider/ 获取到 50 个条目
2026-09-26 02:00:11 [WARNING]   [01_getrss.py:stderr] 2026-09-26 02:00:11,387 - INFO - 正在获取 RSS 源: https://www.cnet.com/rss/all/
2026-09-26 02:00:11 [WARNING]   [01_getrss.py:stderr] 2026-09-26 02:00:11,482 - INFO - 从 https://www.cnet.com/rss/all/ 获取到 25 个条目
2026-09-26 02:00:11 [WARNING]   [01_getrss.py:stderr] 2026-09-26 02:00:11,483 - INFO - 正在获取 RSS 源: https://www.techradar.com/feeds.xml
2026-09-26 02:00:11 [WARNING]   [01_getrss.py:stderr] 2026-09-26 02:00:11,861 - INFO - 从 https://www.techradar.com/feeds.xml 获取到 50 个条目
2026-09-26 02:00:11 [WARNING]   [01_getrss.py:stderr] 2026-09-26 02:00:11,862 - INFO - 正在获取 RSS 源: https://mashable.com/feeds/rss/all
2026-09-26 02:00:12 [WARNING]   [01_getrss.py:stderr] 2026-09-26 02:00:12,721 - INFO - 从 https://mashable.com/feeds/rss/all 获取到 100 个条目
2026-09-26 02:00:12 [WARNING]   [01_getrss.py:stderr] 2026-09-26 02:00:12,722 - INFO - 正在获取 RSS 源: https://www.theverge.com/rss/index.xml
2026-09-26 02:00:12 [WARNING]   [01_getrss.py:stderr] 2026-09-26 02:00:12,812 - INFO - 从 https://www.theverge.com/rss/index.xml 获取到 10 个条目
2026-09-26 02:00:12 [WARNING]   [01_getrss.py:stderr] 2026-09-26 02:00:12,812 - INFO - 正在获取 RSS 源: https://www.wired.com/feed/tag/ai/latest/rss
2026-09-26 02:00:12 [WARNING]   [01_getrss.py:stderr] 2026-09-26 02:00:12,927 - INFO - 从 https://www.wired.com/feed/tag/ai/latest/rss 获取到 10 个条目
2026-09-26 02:00:12 [WARNING]   [01_getrss.py:stderr] 2026-09-26 02:00:12,927 - INFO - 正在获取 RSS 源: https://feeds.bbci.co.uk/news/technology/rss.xml
2026-09-26 02:00:13 [WARNING]   [01_getrss.py:stderr] 2026-09-26 02:00:13,080 - INFO - 从 https://feeds.bbci.co.uk/news/technology/rss.xml 获取到 21 个条目
2026-09-26 02:00:13 [WARNING]   [01_getrss.py:stderr] 2026-09-26 02:00:13,080 - INFO - 正在获取 RSS 源: https://www.economist.com/science-and-technology/rss.xml
2026-09-26 02:00:13 [WARNING]   [01_getrss.py:stderr] 2026-09-26 02:00:13,347 - WARNING - RSS 源 https://www.economist.com/science-and-technology/rss.xml 解析时出现问题: document declared as us-ascii, but parsed as utf-8
2026-09-26 02:00:13 [WARNING]   [01_getrss.py:stderr] 2026-09-26 02:00:13,347 - INFO - 从 https://www.economist.com/science-and-technology/rss.xml 获取到 300 个条目
2026-09-26 02:00:13 [WARNING]   [01_getrss.py:stderr] 2026-09-26 02:00:13,348 - INFO - 正在获取 RSS 源: https://www.economist.com/business/rss.xml
2026-09-26 02:00:13 [WARNING]   [01_getrss.py:stderr] 2026-09-26 02:00:13,522 - WARNING - RSS 源 https://www.economist.com/business/rss.xml 解析时出现问题: document declared as us-ascii, but parsed as utf-8
2026-09-26 02:00:13 [WARNING]   [01_getrss.py:stderr] 2026-09-26 02:00:13,522 - INFO - 从 https://www.economist.com/business/rss.xml 获取到 300 个条目
2026-09-26 02:00:13 [WARNING]   [01_getrss.py:stderr] 2026-09-26 02:00:13,523 - INFO - 正在获取 RSS 源: https://www.economist.com/international/rss.xml
2026-09-26 02:00:13 [WARNING]   [01_getrss.py:stderr] 2026-09-26 02:00:13,698 - WARNING - RSS 源 https://www.economist.com/international/rss.xml 解析时出现问题: document declared as us-ascii, but parsed as utf-8
2026-09-26 02:00:13 [WARNING]   [01_getrss.py:stderr] 2026-09-26 02:00:13,698 - INFO - 从 https://www.economist.com/international/rss.xml 获取到 300 个条目
2026-09-26 02:00:13 [WARNING]   [01_getrss.py:stderr] 2026-09-26 02:00:13,699 - INFO - 正在获取 RSS 源: https://www.economist.com/china/rss.xml
2026-09-26 02:00:13 [WARNING]   [01_getrss.py:stderr] 2026-09-26 02:00:13,903 - WARNING - RSS 源 https://www.economist.com/china/rss.xml 解析时出现问题: document declared as us-ascii, but parsed as utf-8
2026-09-26 02:00:13 [WARNING]   [01_getrss.py:stderr] 2026-09-26 02:00:13,903 - INFO - 从 https://www.economist.com/china/rss.xml 获取到 300 个条目
2026-09-26 02:00:13 [WARNING]   [01_getrss.py:stderr] 2026-09-26 02:00:13,904 - INFO - 正在获取 RSS 源: https://arstechnica.com/feed/
2026-09-26 02:00:14 [WARNING]   [01_getrss.py:stderr] 2026-09-26 02:00:14,295 - INFO - 从 https://arstechnica.com/feed/ 获取到 20 个条目
2026-09-26 02:00:14 [WARNING]   [01_getrss.py:stderr] 2026-09-26 02:00:14,295 - INFO - 正在获取 RSS 源: https://www.google.com/alerts/feeds/00120727335941528291/15923614493533912620
2026-09-26 02:00:14 [WARNING]   [01_getrss.py:stderr] 2026-09-26 02:00:14,586 - INFO - 从 https://www.google.com/alerts/feeds/00120727335941528291/15923614493533912620 获取到 20 个条目
2026-09-26 02:00:14 [WARNING]   [01_getrss.py:stderr] 2026-09-26 02:00:14,586 - INFO - 正在获取 RSS 源: https://36kr.com/feed-newsflash
2026-09-26 02:00:15 [WARNING]   [01_getrss.py:stderr] 2026-09-26 02:00:15,461 - WARNING - RSS 源 https://36kr.com/feed-newsflash 解析时出现问题: <unknown>:10:542: not well-formed (invalid token)
2026-09-26 02:00:15 [WARNING]   [01_getrss.py:stderr] 2026-09-26 02:00:15,461 - WARNING - RSS 源 https://36kr.com/feed-newsflash 没有返回条目
2026-09-26 02:00:15 [WARNING]   [01_getrss.py:stderr] 2026-09-26 02:00:15,461 - INFO - 正在获取 RSS 源: https://36kr.com/feed-article
2026-09-26 02:00:16 [WARNING]   [01_getrss.py:stderr] 2026-09-26 02:00:16,319 - WARNING - RSS 源 https://36kr.com/feed-article 解析时出现问题: <unknown>:10:542: not well-formed (invalid token)
2026-09-26 02:00:16 [WARNING]   [01_getrss.py:stderr] 2026-09-26 02:00:16,319 - WARNING - RSS 源 https://36kr.com/feed-article 没有返回条目
2026-09-26 02:00:16 [WARNING]   [01_getrss.py:stderr] 2026-09-26 02:00:16,319 - INFO - 正在获取 RSS 源: https://www.ithome.com/rss/
2026-09-26 02:00:19 [WARNING]   [01_getrss.py:stderr] 2026-09-26 02:00:19,567 - INFO - 从 https://www.ithome.com/rss/ 获取到 60 个条目
2026-09-26 02:00:19 [WARNING]   [01_getrss.py:stderr] 2026-09-26 02:00:19,568 - INFO - 正在获取 RSS 源: https://rss.mydrivers.com/Rss.aspx?Tid=1
2026-09-26 02:00:21 [WARNING]   [01_getrss.py:stderr] 2026-09-26 02:00:21,324 - INFO - 从 https://rss.mydrivers.com/Rss.aspx?Tid=1 获取到 100 个条目
2026-09-26 02:00:21 [WARNING]   [01_getrss.py:stderr] 2026-09-26 02:00:21,325 - INFO - 正在获取 RSS 源: https://www.solidot.org/index.rss
2026-09-26 02:00:22 [WARNING]   [01_getrss.py:stderr] 2026-09-26 02:00:22,447 - INFO - 从 https://www.solidot.org/index.rss 获取到 20 个条目
2026-09-26 02:00:22 [WARNING]   [01_getrss.py:stderr] 2026-09-26 02:00:22,448 - INFO - 正在获取 RSS 源: https://www.geekpark.net/rss
2026-09-26 02:01:00 [WARNING]   [01_getrss.py:stderr] 2026-09-26 02:01:00,558 - INFO - 从 https://www.geekpark.net/rss 获取到 30 个条目
2026-09-26 02:01:00 [WARNING]   [01_getrss.py:stderr] 2026-09-26 02:01:00,558 - INFO - 正在获取 RSS 源: https://www.ifanr.com/feed
2026-09-26 02:01:02 [WARNING]   [01_getrss.py:stderr] 2026-09-26 02:01:02,160 - INFO - 从 https://www.ifanr.com/feed 获取到 20 个条目
2026-09-26 02:01:02 [WARNING]   [01_getrss.py:stderr] 2026-09-26 02:01:02,160 - INFO - 正在获取 RSS 源: https://www.tmtpost.com/rss.xml
2026-09-26 02:01:04 [WARNING]   [01_getrss.py:stderr] 2026-09-26 02:01:04,938 - INFO - 从 https://www.tmtpost.com/rss.xml 获取到 19 个条目
2026-09-26 02:01:04 [WARNING]   [01_getrss.py:stderr] 2026-09-26 02:01:04,938 - INFO - 正在获取 RSS 源: https://rss.huxiu.com/
2026-09-26 02:01:05 [WARNING]   [01_getrss.py:stderr] 2026-09-26 02:01:05,661 - WARNING - RSS 源 https://rss.huxiu.com/ 没有返回条目
2026-09-26 02:01:05 [WARNING]   [01_getrss.py:stderr] 2026-09-26 02:01:05,662 - INFO - 正在获取 RSS 源: https://www.qbitai.com/feed
2026-09-26 02:01:06 [WARNING]   [01_getrss.py:stderr] 2026-09-26 02:01:06,850 - INFO - 从 https://www.qbitai.com/feed 获取到 10 个条目
2026-09-26 02:01:06 [WARNING]   [01_getrss.py:stderr] 2026-09-26 02:01:06,850 - INFO - 正在获取 RSS 源: https://www.leiphone.com/feed/
2026-09-26 02:01:17 [WARNING]   [01_getrss.py:stderr] 2026-09-26 02:01:17,562 - INFO - 从 https://www.leiphone.com/feed/ 获取到 20 个条目
2026-09-26 02:01:17 [WARNING]   [01_getrss.py:stderr] 2026-09-26 02:01:17,562 - INFO - 正在获取 RSS 源: https://plink.anyfeeder.com/mittrchina/hot
2026-09-26 02:01:17 [WARNING]   [01_getrss.py:stderr] 2026-09-26 02:01:17,853 - INFO - 从 https://plink.anyfeeder.com/mittrchina/hot 获取到 10 个条目
2026-09-26 02:01:17 [WARNING]   [01_getrss.py:stderr] 2026-09-26 02:01:17,853 - INFO - 正在获取 RSS 源: https://sspai.com/feed
2026-09-26 02:01:18 [WARNING]   [01_getrss.py:stderr] 2026-09-26 02:01:18,944 - INFO - 从 https://sspai.com/feed 获取到 10 个条目
2026-09-26 02:01:18 [WARNING]   [01_getrss.py:stderr] 2026-09-26 02:01:18,945 - INFO - 正在获取 RSS 源: https://v2ex.com/index.xml
2026-09-26 02:01:19 [WARNING]   [01_getrss.py:stderr] 2026-09-26 02:01:19,472 - INFO - 从 https://v2ex.com/index.xml 获取到 50 个条目
2026-09-26 02:01:19 [WARNING]   [01_getrss.py:stderr] 2026-09-26 02:01:19,473 - INFO - 正在获取 RSS 源: https://plink.anyfeeder.com/zaobao/realtime/china
2026-09-26 02:01:41 [WARNING]   [01_getrss.py:stderr] 2026-09-26 02:01:41,797 - INFO - 从 https://plink.anyfeeder.com/zaobao/realtime/china 获取到 24 个条目
2026-09-26 02:01:41 [WARNING]   [01_getrss.py:stderr] 2026-09-26 02:01:41,797 - INFO - 正在获取 RSS 源: https://plink.anyfeeder.com/zaobao/realtime/world
2026-09-26 02:01:42 [WARNING]   [01_getrss.py:stderr] 2026-09-26 02:01:42,057 - INFO - 从 https://plink.anyfeeder.com/zaobao/realtime/world 获取到 24 个条目
2026-09-26 02:01:42 [WARNING]   [01_getrss.py:stderr] 2026-09-26 02:01:42,057 - INFO - 正在获取 RSS 源: https://hnrss.org/frontpage
2026-09-26 02:01:42 [WARNING]   [01_getrss.py:stderr] 2026-09-26 02:01:42,369 - INFO - 从 https://hnrss.org/frontpage 获取到 20 个条目
2026-09-26 02:01:42 [WARNING]   [01_getrss.py:stderr] 2026-09-26 02:01:42,369 - INFO - 正在获取 RSS 源: https://www.jiqizhixin.com/feed
2026-09-26 02:01:43 [WARNING]   [01_getrss.py:stderr] 2026-09-26 02:01:43,055 - WARNING - RSS 源 https://www.jiqizhixin.com/feed 解析时出现问题: <unknown>:8:82: not well-formed (invalid token)
2026-09-26 02:01:43 [WARNING]   [01_getrss.py:stderr] 2026-09-26 02:01:43,055 - WARNING - RSS 源 https://www.jiqizhixin.com/feed 没有返回条目
2026-09-26 02:01:43 [WARNING]   [01_getrss.py:stderr] 2026-09-26 02:01:43,055 - INFO - 正在获取 RSS 源: https://blogs.nvidia.com/feed/
2026-09-26 02:01:43 [WARNING]   [01_getrss.py:stderr] 2026-09-26 02:01:43,298 - INFO - 从 https://blogs.nvidia.com/feed/ 获取到 18 个条目
2026-09-26 02:01:43 [WARNING]   [01_getrss.py:stderr] 2026-09-26 02:01:43,299 - INFO - 正在获取 RSS 源: https://ai.googleblog.com/feeds/posts/default
2026-09-26 02:01:43 [WARNING]   [01_getrss.py:stderr] 2026-09-26 02:01:43,506 - WARNING - RSS 源 https://ai.googleblog.com/feeds/posts/default 解析时出现问题: <unknown>:4:31: mismatched tag
2026-09-26 02:01:43 [WARNING]   [01_getrss.py:stderr] 2026-09-26 02:01:43,506 - WARNING - RSS 源 https://ai.googleblog.com/feeds/posts/default 没有返回条目
2026-09-26 02:01:43 [WARNING]   [01_getrss.py:stderr] 2026-09-26 02:01:43,506 - INFO - 总共获取到 495 个有效条目
2026-09-26 02:01:43 [WARNING]   [01_getrss.py:stderr] 2026-09-26 02:01:43,531 - INFO - 关键词过滤后剩余 264 个条目
2026-09-26 02:01:43 [WARNING]   [01_getrss.py:stderr] 2026-09-26 02:01:43,535 - INFO - 解析 Google 重定向链接为原始地址
2026-09-26 02:01:43 [WARNING]   [01_getrss.py:stderr] 2026-09-26 02:01:43,535 - INFO - 解析 Google 重定向链接为原始地址
2026-09-26 02:01:43 [WARNING]   [01_getrss.py:stderr] 2026-09-26 02:01:43,536 - INFO - 解析 Google 重定向链接为原始地址
2026-09-26 02:01:43 [WARNING]   [01_getrss.py:stderr] 2026-09-26 02:01:43,536 - INFO - 解析 Google 重定向链接为原始地址
2026-09-26 02:01:43 [WARNING]   [01_getrss.py:stderr] 2026-09-26 02:01:43,536 - INFO - 解析 Google 重定向链接为原始地址
2026-09-26 02:01:43 [WARNING]   [01_getrss.py:stderr] 2026-09-26 02:01:43,536 - INFO - 解析 Google 重定向链接为原始地址
2026-09-26 02:01:43 [WARNING]   [01_getrss.py:stderr] 2026-09-26 02:01:43,536 - INFO - 解析 Google 重定向链接为原始地址
2026-09-26 02:01:43 [WARNING]   [01_getrss.py:stderr] 2026-09-26 02:01:43,536 - INFO - 解析 Google 重定向链接为原始地址
2026-09-26 02:01:43 [WARNING]   [01_getrss.py:stderr] 2026-09-26 02:01:43,536 - INFO - 解析 Google 重定向链接为原始地址
2026-09-26 02:01:43 [WARNING]   [01_getrss.py:stderr] 2026-09-26 02:01:43,536 - INFO - 解析 Google 重定向链接为原始地址
2026-09-26 02:01:43 [WARNING]   [01_getrss.py:stderr] 2026-09-26 02:01:43,537 - INFO - 解析 Google 重定向链接为原始地址
2026-09-26 02:01:43 [WARNING]   [01_getrss.py:stderr] 2026-09-26 02:01:43,537 - INFO - 解析 Google 重定向链接为原始地址
2026-09-26 02:01:43 [WARNING]   [01_getrss.py:stderr] 2026-09-26 02:01:43,537 - INFO - 解析 Google 重定向链接为原始地址
2026-09-26 02:01:43 [WARNING]   [01_getrss.py:stderr] 2026-09-26 02:01:43,538 - INFO - 解析 Google 重定向链接为原始地址
2026-09-26 02:01:43 [WARNING]   [01_getrss.py:stderr] 2026-09-26 02:01:43,538 - INFO - 解析 Google 重定向链接为原始地址
2026-09-26 02:01:43 [WARNING]   [01_getrss.py:stderr] 2026-09-26 02:01:43,538 - INFO - 解析 Google 重定向链接为原始地址
2026-09-26 02:01:43 [WARNING]   [01_getrss.py:stderr] 2026-09-26 02:01:43,538 - INFO - 解析 Google 重定向链接为原始地址
2026-09-26 02:01:43 [WARNING]   [01_getrss.py:stderr] 2026-09-26 02:01:43,538 - INFO - 解析 Google 重定向链接为原始地址
2026-09-26 02:01:43 [WARNING]   [01_getrss.py:stderr] 2026-09-26 02:01:43,539 - INFO - 解析 Google 重定向链接为原始地址
2026-09-26 02:01:43 [WARNING]   [01_getrss.py:stderr] 2026-09-26 02:01:43,544 - INFO - 规范化后得到 264 个候选条目，交由 02 跨批次去重
2026-09-26 02:01:43 [WARNING]   [01_getrss.py:stderr] 2026-09-26 02:01:43,546 - INFO - 处理完成，结果已保存到 C:\Users\james\Dropbox\WORKS\SOFT\AI-Python\keepitrun\tmp\rss_2026-09-26_02-01-43.md
2026-09-26 02:01:43 [INFO]   [01_getrss.py] Processed Markdown saved to C:\Users\james\Dropbox\WORKS\SOFT\AI-Python\keepitrun\tmp\rss_2026-09-26_02-01-43.md
2026-09-26 02:01:43 [DEBUG] 记录任务完成: rss_1 @ 2026-09-26 (v1.24)
2026-09-26 10:05:13 [INFO] >>> 触发 10:05 爬取最新 daily
2026-09-26 10:05:13 [INFO] 执行 03_convert-daily.py（第 1/3 次，单次时限 1800 秒）: C:\Users\james\AppData\Local\Programs\Python\Python314\python.exe C:\Users\james\Dropbox\WORKS\SOFT\AI-Python\keepitrun\03_convert-daily.py --non-interactive
2026-09-26 10:05:14 [WARNING]   [03_convert-daily.py:stderr] 10:05:14 工作目录: C:\Users\james\Dropbox\WORKS\SOFT\AI-Python\keepitrun
2026-09-26 10:05:14 [WARNING]   [03_convert-daily.py:stderr] 10:05:14 日志文件: C:\Users\james\Dropbox\WORKS\SOFT\AI-Python\keepitrun\logs\daily_20260926_100514.log
2026-09-26 10:05:15 [WARNING]   [03_convert-daily.py:stderr] 10:05:15 GitHub 认证成功: lishuhang
2026-09-26 10:05:15 [WARNING]   [03_convert-daily.py:stderr] 10:05:15 ═══ 自动模式 ═══
2026-09-26 10:05:15 [WARNING]   [03_convert-daily.py:stderr] 10:05:15 仓库最新文章: 2026-09-25
2026-09-26 10:05:15 [WARNING]   [03_convert-daily.py:stderr] 10:05:15 开始遍历专辑
2026-09-26 10:05:15 [WARNING]   [03_convert-daily.py:stderr] 10:05:15   起始日期: 2026-09-25
2026-09-26 10:05:17 [WARNING]   [03_convert-daily.py:stderr] 10:05:17 已到达起始日期边界
2026-09-26 10:05:17 [WARNING]   [03_convert-daily.py:stderr] 10:05:17 专辑遍历完成: 共 2 篇文章
2026-09-26 10:05:17 [WARNING]   [03_convert-daily.py:stderr] 10:05:17 发现 1 篇尚未发布的文章
2026-09-26 10:05:17 [WARNING]   [03_convert-daily.py:stderr] 10:05:17 [1/1] 2026-09-26 | 每日 AIGC 早报：2026.9.26
2026-09-26 10:05:17 [WARNING]   [03_convert-daily.py:stderr] 10:05:17 抓取文章: https://mp.weixin.qq.com/s?__biz=MjM5Mjg1ODIxMQ==&mid=2650674762&idx=1&sn=ad6f2b...
2026-09-26 10:05:20 [WARNING]   [03_convert-daily.py:stderr] 10:05:20 回退使用 og:image（可能为裁剪版）
2026-09-26 10:05:20 [WARNING]   [03_convert-daily.py:stderr] 10:05:20 下载封面图（JPG）...
2026-09-26 10:05:23 [WARNING]   [03_convert-daily.py:stderr] 10:05:23 本地保存图片: C:\Users\james\Dropbox\WORKS\SOFT\AI-Python\keepitrun\images\2026\09\0926-d.jpg
2026-09-26 10:05:23 [WARNING]   [03_convert-daily.py:stderr] 10:05:23 本地保存Markdown: C:\Users\james\Dropbox\WORKS\SOFT\AI-Python\keepitrun\_posts\2026-09-26-daily.md
2026-09-26 10:05:23 [WARNING]   [03_convert-daily.py:stderr] 10:05:23 图床路由: 2026-09 → lishuhang/img@master
2026-09-26 10:05:25 [WARNING]   [03_convert-daily.py:stderr] 10:05:25 已上传: 2026/09/0926-d.jpg
2026-09-26 10:05:26 [WARNING]   [03_convert-daily.py:stderr] 10:05:26 已上传: _posts/2026-09-26-daily.md
2026-09-26 10:05:26 [WARNING]   [03_convert-daily.py:stderr] 10:05:26 ═══ 完成: 1 成功, 0 跳过, 0 失败 ═══
2026-09-26 10:05:26 [DEBUG] 记录任务完成: daily @ 2026-09-26 (v1.24)
2026-09-26 10:05:26 [INFO] 已将 2 个 blog/daily 文件/目录归档到 C:\Users\james\Dropbox\WORKS\SOFT\AI-Python\keepitrun\archived
2026-09-26 10:10:26 [INFO] >>> 触发 10:10 爬取最新 blog
2026-09-26 10:10:26 [INFO] 执行 04_convert-blog.py（第 1/3 次，单次时限 3600 秒）: C:\Users\james\AppData\Local\Programs\Python\Python314\python.exe C:\Users\james\Dropbox\WORKS\SOFT\AI-Python\keepitrun\04_convert-blog.py album:20260925 --non-interactive
2026-09-26 10:10:26 [WARNING]   [04_convert-blog.py:stderr] C:\Users\james\Dropbox\WORKS\SOFT\AI-Python\keepitrun\04_convert-blog.py:28: SyntaxWarning: "\s" is an invalid escape sequence. Such sequences will not work in the future. Did you mean "\\s"? A raw string is also an option.
2026-09-26 10:10:26 [WARNING]   [04_convert-blog.py:stderr]   - _is_daily_report_title(): \u5339\u914d "\u6bcf\u65e5\s*AIGC\s*\u65e9\u62a5" (\u5927\u5c0f\u5199\u4e0d\u654f\u611f\uff0c\u517c\u5bb9\u5404\u79cd\u7a7a\u683c)
2026-09-26 10:10:27 [WARNING]   [04_convert-blog.py:stderr] 10:10:27 工作目录: C:\Users\james\Dropbox\WORKS\SOFT\AI-Python\keepitrun
2026-09-26 10:10:27 [WARNING]   [04_convert-blog.py:stderr] 10:10:27 日志文件: C:\Users\james\Dropbox\WORKS\SOFT\AI-Python\keepitrun\logs\blog_20260926_101027.log
2026-09-26 10:10:27 [WARNING]   [04_convert-blog.py:stderr] 10:10:27 合集模式: 自 2026-09-25
2026-09-26 10:10:27 [WARNING]   [04_convert-blog.py:stderr] 10:10:27 ═══ 开始遍历全部 7 个合集 ═══
2026-09-26 10:10:27 [WARNING]   [04_convert-blog.py:stderr] 10:10:27 开始遍历合集 [新闻实验室] (album_id=3902494251036180488)
2026-09-26 10:10:27 [WARNING]   [04_convert-blog.py:stderr] 10:10:27   起始日期: 2026-09-25
2026-09-26 10:10:28 [WARNING]   [04_convert-blog.py:stderr] 10:10:28   [新闻实验室] 已到达起始日期边界
2026-09-26 10:10:28 [WARNING]   [04_convert-blog.py:stderr] 10:10:28   [新闻实验室] 遍历完成: 共 0 篇文章
2026-09-26 10:10:29 [WARNING]   [04_convert-blog.py:stderr] 10:10:29 开始遍历合集 [随笔] (album_id=2615905303213441024)
2026-09-26 10:10:29 [WARNING]   [04_convert-blog.py:stderr] 10:10:29   起始日期: 2026-09-25
2026-09-26 10:10:30 [WARNING]   [04_convert-blog.py:stderr] 10:10:30   [随笔] 已到达起始日期边界
2026-09-26 10:10:30 [WARNING]   [04_convert-blog.py:stderr] 10:10:30   [随笔] 遍历完成: 共 0 篇文章
2026-09-26 10:10:31 [WARNING]   [04_convert-blog.py:stderr] 10:10:31 开始遍历合集 [航通社的朋友们] (album_id=3477575130983596037)
2026-09-26 10:10:31 [WARNING]   [04_convert-blog.py:stderr] 10:10:31   起始日期: 2026-09-25
2026-09-26 10:10:32 [WARNING]   [04_convert-blog.py:stderr] 10:10:32   [航通社的朋友们] 已到达起始日期边界
2026-09-26 10:10:32 [WARNING]   [04_convert-blog.py:stderr] 10:10:32   [航通社的朋友们] 遍历完成: 共 0 篇文章
2026-09-26 10:10:33 [WARNING]   [04_convert-blog.py:stderr] 10:10:33 开始遍历合集 [AI] (album_id=1525375142552518658)
2026-09-26 10:10:33 [WARNING]   [04_convert-blog.py:stderr] 10:10:33   起始日期: 2026-09-25
2026-09-26 10:10:34 [WARNING]   [04_convert-blog.py:stderr] 10:10:34   [AI] 已到达起始日期边界
2026-09-26 10:10:34 [WARNING]   [04_convert-blog.py:stderr] 10:10:34   [AI] 遍历完成: 共 0 篇文章
2026-09-26 10:10:34 [WARNING]   [04_convert-blog.py:stderr] 10:10:34 开始遍历合集 [科技] (album_id=1584782882340978691)
2026-09-26 10:10:34 [WARNING]   [04_convert-blog.py:stderr] 10:10:34   起始日期: 2026-09-25
2026-09-26 10:10:36 [WARNING]   [04_convert-blog.py:stderr] 10:10:36   [科技] 已到达起始日期边界
2026-09-26 10:10:36 [WARNING]   [04_convert-blog.py:stderr] 10:10:36   [科技] 遍历完成: 共 0 篇文章
2026-09-26 10:10:36 [WARNING]   [04_convert-blog.py:stderr] 10:10:36 开始遍历合集 [历史] (album_id=1903521189994545155)
2026-09-26 10:10:36 [WARNING]   [04_convert-blog.py:stderr] 10:10:36   起始日期: 2026-09-25
2026-09-26 10:10:37 [WARNING]   [04_convert-blog.py:stderr] 10:10:37   [历史] 已到达起始日期边界
2026-09-26 10:10:37 [WARNING]   [04_convert-blog.py:stderr] 10:10:37   [历史] 遍历完成: 共 0 篇文章
2026-09-26 10:10:38 [WARNING]   [04_convert-blog.py:stderr] 10:10:38 开始遍历合集 [传媒] (album_id=2046079811625844737)
2026-09-26 10:10:38 [WARNING]   [04_convert-blog.py:stderr] 10:10:38   起始日期: 2026-09-25
2026-09-26 10:10:39 [WARNING]   [04_convert-blog.py:stderr] 10:10:39   [传媒] 已到达起始日期边界
2026-09-26 10:10:39 [WARNING]   [04_convert-blog.py:stderr] 10:10:39   [传媒] 遍历完成: 共 0 篇文章
2026-09-26 10:10:40 [WARNING]   [04_convert-blog.py:stderr] 10:10:40 ═══ 全部合集遍历完成: 共 0 篇不重复文章 ═══
2026-09-26 10:10:40 [WARNING]   [04_convert-blog.py:stderr] 10:10:40 合集中没有符合条件的文章
2026-09-26 10:10:40 [WARNING]   [04_convert-blog.py:stderr] 10:10:40 没有可处理的URL
2026-09-26 10:10:40 [DEBUG] 记录任务完成: blog @ 2026-09-26 (v1.24)
2026-09-26 14:00:10 [INFO] >>> 触发 14:00 RSS 抓取 (第2次)
2026-09-26 14:00:10 [INFO] 执行 01_getrss.py（第 1/3 次，单次时限 1200 秒）: C:\Users\james\AppData\Local\Programs\Python\Python314\python.exe C:\Users\james\Dropbox\WORKS\SOFT\AI-Python\keepitrun\01_getrss.py
2026-09-26 14:00:11 [WARNING]   [01_getrss.py:stderr] 2026-09-26 14:00:11,195 - INFO - 开始执行 RSS 处理脚本
2026-09-26 14:00:11 [WARNING]   [01_getrss.py:stderr] 2026-09-26 14:00:11,226 - INFO - 加载了 39 个 RSS 源
2026-09-26 14:00:11 [WARNING]   [01_getrss.py:stderr] 2026-09-26 14:00:11,226 - INFO - 加载了 424 个关键词
2026-09-26 14:00:11 [WARNING]   [01_getrss.py:stderr] 2026-09-26 14:00:11,226 - INFO - 正在获取 RSS 源: http://feeds.feedburner.com/CBer
2026-09-26 14:00:11 [WARNING]   [01_getrss.py:stderr] 2026-09-26 14:00:11,515 - INFO - 从 http://feeds.feedburner.com/CBer 获取到 20 个条目
2026-09-26 14:00:11 [WARNING]   [01_getrss.py:stderr] 2026-09-26 14:00:11,516 - INFO - 正在获取 RSS 源: http://techmeme.com/feed.xml
2026-09-26 14:00:18 [WARNING]   [01_getrss.py:stderr] 2026-09-26 14:00:18,303 - INFO - 从 http://techmeme.com/feed.xml 获取到 15 个条目
2026-09-26 14:00:18 [WARNING]   [01_getrss.py:stderr] 2026-09-26 14:00:18,304 - INFO - 从 Techmeme RSS 摘要提取原始文章链接: www.alleywatch.com
2026-09-26 14:00:18 [WARNING]   [01_getrss.py:stderr] 2026-09-26 14:00:18,304 - INFO - 从 Techmeme RSS 摘要提取原始文章链接: www.ft.com
2026-09-26 14:00:18 [WARNING]   [01_getrss.py:stderr] 2026-09-26 14:00:18,305 - INFO - 从 Techmeme RSS 摘要提取原始文章链接: www.reuters.com
2026-09-26 14:00:18 [WARNING]   [01_getrss.py:stderr] 2026-09-26 14:00:18,306 - INFO - 从 Techmeme RSS 摘要提取原始文章链接: www.bloomberg.com
2026-09-26 14:00:18 [WARNING]   [01_getrss.py:stderr] 2026-09-26 14:00:18,306 - INFO - 从 Techmeme RSS 摘要提取原始文章链接: openai.com
2026-09-26 14:00:18 [WARNING]   [01_getrss.py:stderr] 2026-09-26 14:00:18,307 - INFO - 从 Techmeme RSS 摘要提取原始文章链接: www.reuters.com
2026-09-26 14:00:18 [WARNING]   [01_getrss.py:stderr] 2026-09-26 14:00:18,308 - INFO - 从 Techmeme RSS 摘要提取原始文章链接: www.reuters.com
2026-09-26 14:00:18 [WARNING]   [01_getrss.py:stderr] 2026-09-26 14:00:18,309 - INFO - 从 Techmeme RSS 摘要提取原始文章链接: www.nytimes.com
2026-09-26 14:00:18 [WARNING]   [01_getrss.py:stderr] 2026-09-26 14:00:18,309 - INFO - 从 Techmeme RSS 摘要提取原始文章链接: krebsonsecurity.com
2026-09-26 14:00:18 [WARNING]   [01_getrss.py:stderr] 2026-09-26 14:00:18,310 - INFO - 从 Techmeme RSS 摘要提取原始文章链接: www.reuters.com
2026-09-26 14:00:18 [WARNING]   [01_getrss.py:stderr] 2026-09-26 14:00:18,311 - INFO - 从 Techmeme RSS 摘要提取原始文章链接: x.com
2026-09-26 14:00:18 [WARNING]   [01_getrss.py:stderr] 2026-09-26 14:00:18,312 - INFO - 从 Techmeme RSS 摘要提取原始文章链接: www.reuters.com
2026-09-26 14:00:18 [WARNING]   [01_getrss.py:stderr] 2026-09-26 14:00:18,312 - INFO - 从 Techmeme RSS 摘要提取原始文章链接: www.reuters.com
2026-09-26 14:00:18 [WARNING]   [01_getrss.py:stderr] 2026-09-26 14:00:18,313 - INFO - 从 Techmeme RSS 摘要提取原始文章链接: www.bloomberg.com
2026-09-26 14:00:18 [WARNING]   [01_getrss.py:stderr] 2026-09-26 14:00:18,314 - INFO - 从 Techmeme RSS 摘要提取原始文章链接: www.nytimes.com
2026-09-26 14:00:18 [WARNING]   [01_getrss.py:stderr] 2026-09-26 14:00:18,314 - INFO - 正在获取 RSS 源: https://techcrunch.com/feed/
2026-09-26 14:00:18 [WARNING]   [01_getrss.py:stderr] 2026-09-26 14:00:18,440 - INFO - 从 https://techcrunch.com/feed/ 获取到 20 个条目
2026-09-26 14:00:18 [WARNING]   [01_getrss.py:stderr] 2026-09-26 14:00:18,440 - INFO - 正在获取 RSS 源: https://feeds.arstechnica.com/arstechnica/index/
2026-09-26 14:00:18 [WARNING]   [01_getrss.py:stderr] 2026-09-26 14:00:18,551 - INFO - 从 https://feeds.arstechnica.com/arstechnica/index/ 获取到 20 个条目
2026-09-26 14:00:18 [WARNING]   [01_getrss.py:stderr] 2026-09-26 14:00:18,551 - INFO - 正在获取 RSS 源: https://www.technologyreview.com/feed/
2026-09-26 14:00:18 [WARNING]   [01_getrss.py:stderr] 2026-09-26 14:00:18,690 - INFO - 从 https://www.technologyreview.com/feed/ 获取到 10 个条目
2026-09-26 14:00:18 [WARNING]   [01_getrss.py:stderr] 2026-09-26 14:00:18,690 - INFO - 正在获取 RSS 源: https://www.engadget.com/rss.xml
2026-09-26 14:00:18 [WARNING]   [01_getrss.py:stderr] 2026-09-26 14:00:18,796 - INFO - 从 https://www.engadget.com/rss.xml 获取到 20 个条目
2026-09-26 14:00:18 [WARNING]   [01_getrss.py:stderr] 2026-09-26 14:00:18,797 - INFO - 正在获取 RSS 源: http://feeds.feedburner.com/businessinsider/
2026-09-26 14:00:19 [WARNING]   [01_getrss.py:stderr] 2026-09-26 14:00:19,347 - INFO - 从 http://feeds.feedburner.com/businessinsider/ 获取到 50 个条目
2026-09-26 14:00:19 [WARNING]   [01_getrss.py:stderr] 2026-09-26 14:00:19,348 - INFO - 正在获取 RSS 源: https://www.cnet.com/rss/all/
2026-09-26 14:00:19 [WARNING]   [01_getrss.py:stderr] 2026-09-26 14:00:19,436 - INFO - 从 https://www.cnet.com/rss/all/ 获取到 25 个条目
2026-09-26 14:00:19 [WARNING]   [01_getrss.py:stderr] 2026-09-26 14:00:19,436 - INFO - 正在获取 RSS 源: https://www.techradar.com/feeds.xml
2026-09-26 14:00:19 [WARNING]   [01_getrss.py:stderr] 2026-09-26 14:00:19,753 - INFO - 从 https://www.techradar.com/feeds.xml 获取到 50 个条目
2026-09-26 14:00:19 [WARNING]   [01_getrss.py:stderr] 2026-09-26 14:00:19,753 - INFO - 正在获取 RSS 源: https://mashable.com/feeds/rss/all
2026-09-26 14:00:20 [WARNING]   [01_getrss.py:stderr] 2026-09-26 14:00:20,547 - INFO - 从 https://mashable.com/feeds/rss/all 获取到 100 个条目
2026-09-26 14:00:20 [WARNING]   [01_getrss.py:stderr] 2026-09-26 14:00:20,548 - INFO - 正在获取 RSS 源: https://www.theverge.com/rss/index.xml
2026-09-26 14:00:20 [WARNING]   [01_getrss.py:stderr] 2026-09-26 14:00:20,624 - INFO - 从 https://www.theverge.com/rss/index.xml 获取到 10 个条目
2026-09-26 14:00:20 [WARNING]   [01_getrss.py:stderr] 2026-09-26 14:00:20,625 - INFO - 正在获取 RSS 源: https://www.wired.com/feed/tag/ai/latest/rss
2026-09-26 14:00:20 [WARNING]   [01_getrss.py:stderr] 2026-09-26 14:00:20,746 - INFO - 从 https://www.wired.com/feed/tag/ai/latest/rss 获取到 10 个条目
2026-09-26 14:00:20 [WARNING]   [01_getrss.py:stderr] 2026-09-26 14:00:20,746 - INFO - 正在获取 RSS 源: https://feeds.bbci.co.uk/news/technology/rss.xml
2026-09-26 14:00:20 [WARNING]   [01_getrss.py:stderr] 2026-09-26 14:00:20,828 - INFO - 从 https://feeds.bbci.co.uk/news/technology/rss.xml 获取到 21 个条目
2026-09-26 14:00:20 [WARNING]   [01_getrss.py:stderr] 2026-09-26 14:00:20,828 - INFO - 正在获取 RSS 源: https://www.economist.com/science-and-technology/rss.xml
2026-09-26 14:00:21 [WARNING]   [01_getrss.py:stderr] 2026-09-26 14:00:21,091 - WARNING - RSS 源 https://www.economist.com/science-and-technology/rss.xml 解析时出现问题: document declared as us-ascii, but parsed as utf-8
2026-09-26 14:00:21 [WARNING]   [01_getrss.py:stderr] 2026-09-26 14:00:21,091 - INFO - 从 https://www.economist.com/science-and-technology/rss.xml 获取到 300 个条目
2026-09-26 14:00:21 [WARNING]   [01_getrss.py:stderr] 2026-09-26 14:00:21,092 - INFO - 正在获取 RSS 源: https://www.economist.com/business/rss.xml
2026-09-26 14:00:21 [WARNING]   [01_getrss.py:stderr] 2026-09-26 14:00:21,259 - WARNING - RSS 源 https://www.economist.com/business/rss.xml 解析时出现问题: document declared as us-ascii, but parsed as utf-8
2026-09-26 14:00:21 [WARNING]   [01_getrss.py:stderr] 2026-09-26 14:00:21,259 - INFO - 从 https://www.economist.com/business/rss.xml 获取到 300 个条目
2026-09-26 14:00:21 [WARNING]   [01_getrss.py:stderr] 2026-09-26 14:00:21,260 - INFO - 正在获取 RSS 源: https://www.economist.com/international/rss.xml
2026-09-26 14:00:21 [WARNING]   [01_getrss.py:stderr] 2026-09-26 14:00:21,456 - WARNING - RSS 源 https://www.economist.com/international/rss.xml 解析时出现问题: document declared as us-ascii, but parsed as utf-8
2026-09-26 14:00:21 [WARNING]   [01_getrss.py:stderr] 2026-09-26 14:00:21,456 - INFO - 从 https://www.economist.com/international/rss.xml 获取到 300 个条目
2026-09-26 14:00:21 [WARNING]   [01_getrss.py:stderr] 2026-09-26 14:00:21,457 - INFO - 正在获取 RSS 源: https://www.economist.com/china/rss.xml
2026-09-26 14:00:21 [WARNING]   [01_getrss.py:stderr] 2026-09-26 14:00:21,645 - WARNING - RSS 源 https://www.economist.com/china/rss.xml 解析时出现问题: document declared as us-ascii, but parsed as utf-8
2026-09-26 14:00:21 [WARNING]   [01_getrss.py:stderr] 2026-09-26 14:00:21,645 - INFO - 从 https://www.economist.com/china/rss.xml 获取到 300 个条目
2026-09-26 14:00:21 [WARNING]   [01_getrss.py:stderr] 2026-09-26 14:00:21,646 - INFO - 正在获取 RSS 源: https://arstechnica.com/feed/
2026-09-26 14:00:22 [WARNING]   [01_getrss.py:stderr] 2026-09-26 14:00:22,100 - INFO - 从 https://arstechnica.com/feed/ 获取到 20 个条目
2026-09-26 14:00:22 [WARNING]   [01_getrss.py:stderr] 2026-09-26 14:00:22,100 - INFO - 正在获取 RSS 源: https://www.google.com/alerts/feeds/00120727335941528291/15923614493533912620
2026-09-26 14:00:22 [WARNING]   [01_getrss.py:stderr] 2026-09-26 14:00:22,357 - INFO - 从 https://www.google.com/alerts/feeds/00120727335941528291/15923614493533912620 获取到 20 个条目
2026-09-26 14:00:22 [WARNING]   [01_getrss.py:stderr] 2026-09-26 14:00:22,357 - INFO - 正在获取 RSS 源: https://36kr.com/feed-newsflash
2026-09-26 14:00:27 [WARNING]   [01_getrss.py:stderr] 2026-09-26 14:00:27,321 - WARNING - RSS 源 https://36kr.com/feed-newsflash 解析时出现问题: <unknown>:10:542: not well-formed (invalid token)
2026-09-26 14:00:27 [WARNING]   [01_getrss.py:stderr] 2026-09-26 14:00:27,321 - WARNING - RSS 源 https://36kr.com/feed-newsflash 没有返回条目
2026-09-26 14:00:27 [WARNING]   [01_getrss.py:stderr] 2026-09-26 14:00:27,321 - INFO - 正在获取 RSS 源: https://36kr.com/feed-article
2026-09-26 14:00:35 [WARNING]   [01_getrss.py:stderr] 2026-09-26 14:00:35,226 - WARNING - RSS 源 https://36kr.com/feed-article 解析时出现问题: <unknown>:10:542: not well-formed (invalid token)
2026-09-26 14:00:35 [WARNING]   [01_getrss.py:stderr] 2026-09-26 14:00:35,226 - WARNING - RSS 源 https://36kr.com/feed-article 没有返回条目
2026-09-26 14:00:35 [WARNING]   [01_getrss.py:stderr] 2026-09-26 14:00:35,227 - INFO - 正在获取 RSS 源: https://www.ithome.com/rss/
2026-09-26 14:00:38 [WARNING]   [01_getrss.py:stderr] 2026-09-26 14:00:38,243 - INFO - 从 https://www.ithome.com/rss/ 获取到 60 个条目
2026-09-26 14:00:38 [WARNING]   [01_getrss.py:stderr] 2026-09-26 14:00:38,243 - INFO - 正在获取 RSS 源: https://rss.mydrivers.com/Rss.aspx?Tid=1
2026-09-26 14:00:39 [WARNING]   [01_getrss.py:stderr] 2026-09-26 14:00:39,154 - INFO - 从 https://rss.mydrivers.com/Rss.aspx?Tid=1 获取到 100 个条目
2026-09-26 14:00:39 [WARNING]   [01_getrss.py:stderr] 2026-09-26 14:00:39,155 - INFO - 正在获取 RSS 源: https://www.solidot.org/index.rss
2026-09-26 14:00:40 [WARNING]   [01_getrss.py:stderr] 2026-09-26 14:00:40,262 - INFO - 从 https://www.solidot.org/index.rss 获取到 20 个条目
2026-09-26 14:00:40 [WARNING]   [01_getrss.py:stderr] 2026-09-26 14:00:40,262 - INFO - 正在获取 RSS 源: https://www.geekpark.net/rss
2026-09-26 14:00:49 [WARNING]   [01_getrss.py:stderr] 2026-09-26 14:00:49,773 - INFO - 从 https://www.geekpark.net/rss 获取到 30 个条目
2026-09-26 14:00:49 [WARNING]   [01_getrss.py:stderr] 2026-09-26 14:00:49,774 - INFO - 正在获取 RSS 源: https://www.ifanr.com/feed
2026-09-26 14:00:51 [WARNING]   [01_getrss.py:stderr] 2026-09-26 14:00:51,079 - INFO - 从 https://www.ifanr.com/feed 获取到 20 个条目
2026-09-26 14:00:51 [WARNING]   [01_getrss.py:stderr] 2026-09-26 14:00:51,079 - INFO - 正在获取 RSS 源: https://www.tmtpost.com/rss.xml
2026-09-26 14:00:53 [WARNING]   [01_getrss.py:stderr] 2026-09-26 14:00:53,982 - INFO - 从 https://www.tmtpost.com/rss.xml 获取到 19 个条目
2026-09-26 14:00:53 [WARNING]   [01_getrss.py:stderr] 2026-09-26 14:00:53,982 - INFO - 正在获取 RSS 源: https://rss.huxiu.com/
2026-09-26 14:00:55 [WARNING]   [01_getrss.py:stderr] 2026-09-26 14:00:55,553 - INFO - 从 https://rss.huxiu.com/ 获取到 25 个条目
2026-09-26 14:00:55 [WARNING]   [01_getrss.py:stderr] 2026-09-26 14:00:55,554 - INFO - 正在获取 RSS 源: https://www.qbitai.com/feed
2026-09-26 14:00:56 [WARNING]   [01_getrss.py:stderr] 2026-09-26 14:00:56,629 - INFO - 从 https://www.qbitai.com/feed 获取到 10 个条目
2026-09-26 14:00:56 [WARNING]   [01_getrss.py:stderr] 2026-09-26 14:00:56,630 - INFO - 正在获取 RSS 源: https://www.leiphone.com/feed/
2026-09-26 14:01:00 [WARNING]   [01_getrss.py:stderr] 2026-09-26 14:01:00,360 - INFO - 从 https://www.leiphone.com/feed/ 获取到 20 个条目
2026-09-26 14:01:00 [WARNING]   [01_getrss.py:stderr] 2026-09-26 14:01:00,360 - INFO - 正在获取 RSS 源: https://plink.anyfeeder.com/mittrchina/hot
2026-09-26 14:01:00 [WARNING]   [01_getrss.py:stderr] 2026-09-26 14:01:00,528 - INFO - 从 https://plink.anyfeeder.com/mittrchina/hot 获取到 10 个条目
2026-09-26 14:01:00 [WARNING]   [01_getrss.py:stderr] 2026-09-26 14:01:00,528 - INFO - 正在获取 RSS 源: https://sspai.com/feed
2026-09-26 14:01:01 [WARNING]   [01_getrss.py:stderr] 2026-09-26 14:01:01,606 - INFO - 从 https://sspai.com/feed 获取到 10 个条目
2026-09-26 14:01:01 [WARNING]   [01_getrss.py:stderr] 2026-09-26 14:01:01,606 - INFO - 正在获取 RSS 源: https://v2ex.com/index.xml
2026-09-26 14:01:01 [WARNING]   [01_getrss.py:stderr] 2026-09-26 14:01:01,951 - INFO - 从 https://v2ex.com/index.xml 获取到 50 个条目
2026-09-26 14:01:01 [WARNING]   [01_getrss.py:stderr] 2026-09-26 14:01:01,951 - INFO - 正在获取 RSS 源: https://plink.anyfeeder.com/zaobao/realtime/china
2026-09-26 14:01:02 [WARNING]   [01_getrss.py:stderr] 2026-09-26 14:01:02,125 - INFO - 从 https://plink.anyfeeder.com/zaobao/realtime/china 获取到 24 个条目
2026-09-26 14:01:02 [WARNING]   [01_getrss.py:stderr] 2026-09-26 14:01:02,125 - INFO - 正在获取 RSS 源: https://plink.anyfeeder.com/zaobao/realtime/world
2026-09-26 14:01:02 [WARNING]   [01_getrss.py:stderr] 2026-09-26 14:01:02,264 - INFO - 从 https://plink.anyfeeder.com/zaobao/realtime/world 获取到 24 个条目
2026-09-26 14:01:02 [WARNING]   [01_getrss.py:stderr] 2026-09-26 14:01:02,264 - INFO - 正在获取 RSS 源: https://hnrss.org/frontpage
2026-09-26 14:01:03 [WARNING]   [01_getrss.py:stderr] 2026-09-26 14:01:03,611 - INFO - 从 https://hnrss.org/frontpage 获取到 20 个条目
2026-09-26 14:01:03 [WARNING]   [01_getrss.py:stderr] 2026-09-26 14:01:03,611 - INFO - 正在获取 RSS 源: https://www.jiqizhixin.com/feed
2026-09-26 14:01:04 [WARNING]   [01_getrss.py:stderr] 2026-09-26 14:01:04,294 - WARNING - RSS 源 https://www.jiqizhixin.com/feed 解析时出现问题: <unknown>:8:82: not well-formed (invalid token)
2026-09-26 14:01:04 [WARNING]   [01_getrss.py:stderr] 2026-09-26 14:01:04,294 - WARNING - RSS 源 https://www.jiqizhixin.com/feed 没有返回条目
2026-09-26 14:01:04 [WARNING]   [01_getrss.py:stderr] 2026-09-26 14:01:04,294 - INFO - 正在获取 RSS 源: https://blogs.nvidia.com/feed/
2026-09-26 14:01:04 [WARNING]   [01_getrss.py:stderr] 2026-09-26 14:01:04,508 - INFO - 从 https://blogs.nvidia.com/feed/ 获取到 18 个条目
2026-09-26 14:01:04 [WARNING]   [01_getrss.py:stderr] 2026-09-26 14:01:04,509 - INFO - 正在获取 RSS 源: https://ai.googleblog.com/feeds/posts/default
2026-09-26 14:01:04 [WARNING]   [01_getrss.py:stderr] 2026-09-26 14:01:04,966 - WARNING - RSS 源 https://ai.googleblog.com/feeds/posts/default 解析时出现问题: <unknown>:4:31: mismatched tag
2026-09-26 14:01:04 [WARNING]   [01_getrss.py:stderr] 2026-09-26 14:01:04,966 - WARNING - RSS 源 https://ai.googleblog.com/feeds/posts/default 没有返回条目
2026-09-26 14:01:04 [WARNING]   [01_getrss.py:stderr] 2026-09-26 14:01:04,966 - INFO - 总共获取到 467 个有效条目
2026-09-26 14:01:04 [WARNING]   [01_getrss.py:stderr] 2026-09-26 14:01:04,988 - INFO - 关键词过滤后剩余 248 个条目
2026-09-26 14:01:04 [WARNING]   [01_getrss.py:stderr] 2026-09-26 14:01:04,990 - INFO - 解析 Google 重定向链接为原始地址
2026-09-26 14:01:04 [WARNING]   [01_getrss.py:stderr] 2026-09-26 14:01:04,991 - INFO - 解析 Google 重定向链接为原始地址
2026-09-26 14:01:04 [WARNING]   [01_getrss.py:stderr] 2026-09-26 14:01:04,991 - INFO - 解析 Google 重定向链接为原始地址
2026-09-26 14:01:04 [WARNING]   [01_getrss.py:stderr] 2026-09-26 14:01:04,991 - INFO - 解析 Google 重定向链接为原始地址
2026-09-26 14:01:04 [WARNING]   [01_getrss.py:stderr] 2026-09-26 14:01:04,991 - INFO - 解析 Google 重定向链接为原始地址
2026-09-26 14:01:04 [WARNING]   [01_getrss.py:stderr] 2026-09-26 14:01:04,991 - INFO - 解析 Google 重定向链接为原始地址
2026-09-26 14:01:04 [WARNING]   [01_getrss.py:stderr] 2026-09-26 14:01:04,991 - INFO - 解析 Google 重定向链接为原始地址
2026-09-26 14:01:04 [WARNING]   [01_getrss.py:stderr] 2026-09-26 14:01:04,992 - INFO - 解析 Google 重定向链接为原始地址
2026-09-26 14:01:04 [WARNING]   [01_getrss.py:stderr] 2026-09-26 14:01:04,992 - INFO - 解析 Google 重定向链接为原始地址
2026-09-26 14:01:04 [WARNING]   [01_getrss.py:stderr] 2026-09-26 14:01:04,992 - INFO - 解析 Google 重定向链接为原始地址
2026-09-26 14:01:04 [WARNING]   [01_getrss.py:stderr] 2026-09-26 14:01:04,992 - INFO - 解析 Google 重定向链接为原始地址
2026-09-26 14:01:04 [WARNING]   [01_getrss.py:stderr] 2026-09-26 14:01:04,992 - INFO - 解析 Google 重定向链接为原始地址
2026-09-26 14:01:04 [WARNING]   [01_getrss.py:stderr] 2026-09-26 14:01:04,992 - INFO - 解析 Google 重定向链接为原始地址
2026-09-26 14:01:04 [WARNING]   [01_getrss.py:stderr] 2026-09-26 14:01:04,992 - INFO - 解析 Google 重定向链接为原始地址
2026-09-26 14:01:04 [WARNING]   [01_getrss.py:stderr] 2026-09-26 14:01:04,993 - INFO - 解析 Google 重定向链接为原始地址
2026-09-26 14:01:04 [WARNING]   [01_getrss.py:stderr] 2026-09-26 14:01:04,993 - INFO - 解析 Google 重定向链接为原始地址
2026-09-26 14:01:04 [WARNING]   [01_getrss.py:stderr] 2026-09-26 14:01:04,993 - INFO - 解析 Google 重定向链接为原始地址
2026-09-26 14:01:04 [WARNING]   [01_getrss.py:stderr] 2026-09-26 14:01:04,993 - INFO - 解析 Google 重定向链接为原始地址
2026-09-26 14:01:04 [WARNING]   [01_getrss.py:stderr] 2026-09-26 14:01:04,993 - INFO - 解析 Google 重定向链接为原始地址
2026-09-26 14:01:04 [WARNING]   [01_getrss.py:stderr] 2026-09-26 14:01:04,993 - INFO - 解析 Google 重定向链接为原始地址
2026-09-26 14:01:04 [WARNING]   [01_getrss.py:stderr] 2026-09-26 14:01:04,999 - INFO - 规范化后得到 248 个候选条目，交由 02 跨批次去重
2026-09-26 14:01:05 [WARNING]   [01_getrss.py:stderr] 2026-09-26 14:01:05,001 - INFO - 处理完成，结果已保存到 C:\Users\james\Dropbox\WORKS\SOFT\AI-Python\keepitrun\tmp\rss_2026-09-26_14-01-05.md
2026-09-26 14:01:05 [INFO]   [01_getrss.py] Processed Markdown saved to C:\Users\james\Dropbox\WORKS\SOFT\AI-Python\keepitrun\tmp\rss_2026-09-26_14-01-05.md
2026-09-26 14:01:05 [DEBUG] 记录任务完成: rss_2 @ 2026-09-26 (v1.24)
2026-09-26 14:05:05 [INFO] >>> 触发 14:05 合并去重翻译 RSS 结果
2026-09-26 14:05:05 [INFO] -- 开始合并 RSS 结果 --
2026-09-26 14:05:05 [INFO] 将合并当天 2 份 RSS 文件与 1 份积压摘要；积压摘要由合并器优先收敛
2026-09-26 14:05:05 [INFO] 执行 02_combine-gemini.py（第 1/3 次，单次时限 3600 秒）: C:\Users\james\AppData\Local\Programs\Python\Python314\python.exe C:\Users\james\Dropbox\WORKS\SOFT\AI-Python\keepitrun\02_combine-gemini.py rss_2026-09-26_02-01-43.md rss_2026-09-26_14-01-05.md
2026-09-26 14:05:05 [INFO]   [02_combine-gemini.py] Translation engine order: gemini -> glm -> google_free
2026-09-26 14:05:05 [INFO]   [02_combine-gemini.py] Pending summaries detected: 1; merging them before new RSS input.
2026-09-26 14:05:05 [INFO]   [02_combine-gemini.py] Total content lines loaded across all inputs: 2096
2026-09-26 14:05:05 [INFO]   [02_combine-gemini.py] Total unique lines loaded: 1987
2026-09-26 14:05:05 [INFO]   [02_combine-gemini.py] Chinese lines: 1745, English lines: 242
2026-09-26 14:05:05 [INFO]   [02_combine-gemini.py] Translating 16 titles with gemini (attempt 1/2)...
2026-09-26 14:05:48 [INFO]   [02_combine-gemini.py]   gemini failed: DeadlineExceeded
2026-09-26 14:05:50 [INFO]   [02_combine-gemini.py] Translating 16 titles with gemini (attempt 2/2)...
2026-09-26 14:06:03 [INFO]   [02_combine-gemini.py] Translating 16 titles with gemini (attempt 1/2)...
2026-09-26 14:06:16 [INFO]   [02_combine-gemini.py]   gemini failed: ResourceExhausted
2026-09-26 14:06:18 [INFO]   [02_combine-gemini.py] Translating 16 titles with gemini (attempt 2/2)...
2026-09-26 14:06:18 [INFO]   [02_combine-gemini.py]   gemini failed: ResourceExhausted
2026-09-26 14:06:18 [INFO]   [02_combine-gemini.py]   Falling back from gemini to glm...
2026-09-26 14:06:18 [INFO]   [02_combine-gemini.py] Translating 16 titles with glm (attempt 1/2)...
2026-09-26 14:06:41 [INFO]   [02_combine-gemini.py] Translating 16 titles with glm (attempt 1/2)...
2026-09-26 14:07:06 [INFO]   [02_combine-gemini.py] Translating 16 titles with glm (attempt 1/2)...
2026-09-26 14:07:23 [INFO]   [02_combine-gemini.py] Translating 16 titles with glm (attempt 1/2)...
2026-09-26 14:07:45 [INFO]   [02_combine-gemini.py] Translating 16 titles with glm (attempt 1/2)...
2026-09-26 14:08:03 [INFO]   [02_combine-gemini.py] Translating 16 titles with glm (attempt 1/2)...
2026-09-26 14:08:26 [INFO]   [02_combine-gemini.py] Translating 16 titles with glm (attempt 1/2)...
2026-09-26 14:08:49 [INFO]   [02_combine-gemini.py] Translating 16 titles with glm (attempt 1/2)...
2026-09-26 14:09:10 [INFO]   [02_combine-gemini.py] Translating 16 titles with glm (attempt 1/2)...
2026-09-26 14:09:23 [INFO]   [02_combine-gemini.py]   GLM content-safety refusal detected; trying the next engine without dropping English source titles.
2026-09-26 14:09:25 [INFO]   [02_combine-gemini.py] Translating 16 titles with glm (attempt 2/2)...
2026-09-26 14:09:37 [INFO]   [02_combine-gemini.py]   GLM content-safety refusal detected; trying the next engine without dropping English source titles.
2026-09-26 14:09:37 [INFO]   [02_combine-gemini.py]   Falling back from glm to google_free...
2026-09-26 14:09:37 [INFO]   [02_combine-gemini.py] Translating 16 titles with google_free (attempt 1/2)...
2026-09-26 14:09:48 [INFO]   [02_combine-gemini.py] Translating 16 titles with google_free (attempt 1/2)...
2026-09-26 14:09:57 [INFO]   [02_combine-gemini.py] Translating 16 titles with google_free (attempt 1/2)...
2026-09-26 14:10:06 [INFO]   [02_combine-gemini.py] Translating 16 titles with google_free (attempt 1/2)...
2026-09-26 14:10:14 [INFO]   [02_combine-gemini.py] Translating 16 titles with google_free (attempt 1/2)...
2026-09-26 14:10:23 [INFO]   [02_combine-gemini.py] Translating 16 titles with google_free (attempt 1/2)...
2026-09-26 14:10:30 [INFO]   [02_combine-gemini.py] Translating 2 titles with google_free (attempt 1/2)...
2026-09-26 14:10:31 [INFO]   [02_combine-gemini.py] Removed 1 superseded pending summary file(s).
2026-09-26 14:10:31 [INFO]   [02_combine-gemini.py] Process complete. Saved to: C:\Users\james\Dropbox\WORKS\SOFT\AI-Python\keepitrun\20260926-141031.md
2026-09-26 14:10:34 [INFO] RSS 合并去重翻译完成
2026-09-26 14:10:34 [INFO] 已将 2 个 RSS 抓取结果文件移动到 C:\Users\james\Dropbox\WORKS\SOFT\AI-Python\keepitrun\archived
2026-09-26 14:10:34 [DEBUG] 记录任务完成: combine @ 2026-09-26 (v1.24)
2026-09-26 15:00:04 [INFO] >>> 触发 15:00 Photos 自动同步
2026-09-26 15:00:04 [INFO] -- 开始运行 Photos 自动同步 --
2026-09-26 15:00:04 [INFO]   脚本路径: C:\Users\james\Dropbox\WORKS\SOFT\AI-Python\keepitrun\05_photos-update.py
2026-09-26 15:00:04 [INFO] 执行 05_photos-update.py（第 1/3 次，单次时限 1800 秒）: C:\Users\james\AppData\Local\Programs\Python\Python314\python.exe C:\Users\james\Dropbox\WORKS\SOFT\AI-Python\keepitrun\05_photos-update.py
2026-09-26 15:00:04 [INFO]   [05_photos-update.py] ============================================================
2026-09-26 15:00:04 [INFO]   [05_photos-update.py] 📸 Photos Update — 图片库自动同步工具
2026-09-26 15:00:04 [INFO]   [05_photos-update.py] ============================================================
2026-09-26 15:00:04 [INFO]   [05_photos-update.py] 🔍 自动检测模式
2026-09-26 15:00:04 [INFO]   [05_photos-update.py] 🕐 当前时间: 2026-09-26
2026-09-26 15:00:04 [INFO]   [05_photos-update.py] 📁 检查 lishuhang/photos 最新月份...
2026-09-26 15:00:05 [INFO]   [05_photos-update.py]   最新 JSON 月份: 202609
2026-09-26 15:00:05 [INFO]   [05_photos-update.py] 🔄 按图床配置检查 202609 至 202609
2026-09-26 15:00:05 [INFO]   [05_photos-update.py] ============================================================
2026-09-26 15:00:05 [INFO]   [05_photos-update.py] 📅 检查 2026-09
2026-09-26 15:00:06 [INFO]   [05_photos-update.py]   🔍 扫描 modem-56k/img2@main 的 2026/09 目录...
2026-09-26 15:00:29 [INFO]   [05_photos-update.py]   📷 发现 25 天，共 1481 张图片
2026-09-26 15:00:30 [INFO]   [05_photos-update.py]   📝 检测到差异，将覆盖更新
2026-09-26 15:00:30 [INFO]   [05_photos-update.py]   ⬆️ 上传 202609.json...
2026-09-26 15:00:31 [INFO]   [05_photos-update.py]   ✅ 202609.json 已更新并推送到 GitHub
2026-09-26 15:00:31 [INFO] Photos 自动同步完成
2026-09-26 15:00:31 [DEBUG] 记录任务完成: photos_update @ 2026-09-26 (v1.24)
2026-09-27 00:00:02 [INFO] 日志归档: 移动了 4 个超过 7 天的日志到 logs/archive/
2026-09-27 00:00:02 [INFO] 日志清理: 删除了 4 个超过 30 天的归档日志
2026-09-27 00:00:02 [INFO] archived/ 清理: 删除了 4 个超过 30 天的归档文件
2026-09-27 02:00:02 [INFO] >>> 触发 02:00 RSS 抓取 (第1次)
2026-09-27 02:00:02 [INFO] 执行 01_getrss.py（第 1/3 次，单次时限 1200 秒）: C:\Users\james\AppData\Local\Programs\Python\Python314\python.exe C:\Users\james\Dropbox\WORKS\SOFT\AI-Python\keepitrun\01_getrss.py
2026-09-27 02:00:02 [WARNING]   [01_getrss.py:stderr] 2026-09-27 02:00:02,829 - INFO - 开始执行 RSS 处理脚本
2026-09-27 02:00:02 [WARNING]   [01_getrss.py:stderr] 2026-09-27 02:00:02,858 - INFO - 加载了 39 个 RSS 源
2026-09-27 02:00:02 [WARNING]   [01_getrss.py:stderr] 2026-09-27 02:00:02,858 - INFO - 加载了 424 个关键词
2026-09-27 02:00:02 [WARNING]   [01_getrss.py:stderr] 2026-09-27 02:00:02,859 - INFO - 正在获取 RSS 源: http://feeds.feedburner.com/CBer
2026-09-27 02:00:03 [WARNING]   [01_getrss.py:stderr] 2026-09-27 02:00:03,179 - INFO - 从 http://feeds.feedburner.com/CBer 获取到 20 个条目
2026-09-27 02:00:03 [WARNING]   [01_getrss.py:stderr] 2026-09-27 02:00:03,180 - INFO - 正在获取 RSS 源: http://techmeme.com/feed.xml
2026-09-27 02:00:04 [WARNING]   [01_getrss.py:stderr] 2026-09-27 02:00:04,563 - WARNING - RSS 源 http://techmeme.com/feed.xml 解析时出现问题: document declared as us-ascii, but parsed as utf-8
2026-09-27 02:00:04 [WARNING]   [01_getrss.py:stderr] 2026-09-27 02:00:04,563 - INFO - 从 http://techmeme.com/feed.xml 获取到 15 个条目
2026-09-27 02:00:04 [WARNING]   [01_getrss.py:stderr] 2026-09-27 02:00:04,564 - INFO - 从 Techmeme RSS 摘要提取原始文章链接: fortune.com
2026-09-27 02:00:04 [WARNING]   [01_getrss.py:stderr] 2026-09-27 02:00:04,565 - INFO - 从 Techmeme RSS 摘要提取原始文章链接: www.reuters.com
2026-09-27 02:00:04 [WARNING]   [01_getrss.py:stderr] 2026-09-27 02:00:04,566 - INFO - 从 Techmeme RSS 摘要提取原始文章链接: www.hollywoodreporter.com
2026-09-27 02:00:04 [WARNING]   [01_getrss.py:stderr] 2026-09-27 02:00:04,567 - INFO - 从 Techmeme RSS 摘要提取原始文章链接: techcrunch.com
2026-09-27 02:00:04 [WARNING]   [01_getrss.py:stderr] 2026-09-27 02:00:04,568 - INFO - 从 Techmeme RSS 摘要提取原始文章链接: www.ft.com
2026-09-27 02:00:04 [WARNING]   [01_getrss.py:stderr] 2026-09-27 02:00:04,569 - INFO - 从 Techmeme RSS 摘要提取原始文章链接: www.axios.com
2026-09-27 02:00:04 [WARNING]   [01_getrss.py:stderr] 2026-09-27 02:00:04,569 - INFO - 从 Techmeme RSS 摘要提取原始文章链接: www.ft.com
2026-09-27 02:00:04 [WARNING]   [01_getrss.py:stderr] 2026-09-27 02:00:04,570 - INFO - 从 Techmeme RSS 摘要提取原始文章链接: www.ft.com
2026-09-27 02:00:04 [WARNING]   [01_getrss.py:stderr] 2026-09-27 02:00:04,571 - INFO - 从 Techmeme RSS 摘要提取原始文章链接: www.bloomberg.com
2026-09-27 02:00:04 [WARNING]   [01_getrss.py:stderr] 2026-09-27 02:00:04,572 - INFO - 从 Techmeme RSS 摘要提取原始文章链接: www.alleywatch.com
2026-09-27 02:00:04 [WARNING]   [01_getrss.py:stderr] 2026-09-27 02:00:04,573 - INFO - 从 Techmeme RSS 摘要提取原始文章链接: www.ft.com
2026-09-27 02:00:04 [WARNING]   [01_getrss.py:stderr] 2026-09-27 02:00:04,574 - INFO - 从 Techmeme RSS 摘要提取原始文章链接: www.reuters.com
2026-09-27 02:00:04 [WARNING]   [01_getrss.py:stderr] 2026-09-27 02:00:04,575 - INFO - 从 Techmeme RSS 摘要提取原始文章链接: www.bloomberg.com
2026-09-27 02:00:04 [WARNING]   [01_getrss.py:stderr] 2026-09-27 02:00:04,575 - INFO - 从 Techmeme RSS 摘要提取原始文章链接: openai.com
2026-09-27 02:00:04 [WARNING]   [01_getrss.py:stderr] 2026-09-27 02:00:04,576 - INFO - 从 Techmeme RSS 摘要提取原始文章链接: www.reuters.com
2026-09-27 02:00:04 [WARNING]   [01_getrss.py:stderr] 2026-09-27 02:00:04,576 - INFO - 正在获取 RSS 源: https://techcrunch.com/feed/
2026-09-27 02:00:04 [WARNING]   [01_getrss.py:stderr] 2026-09-27 02:00:04,665 - INFO - 从 https://techcrunch.com/feed/ 获取到 20 个条目
2026-09-27 02:00:04 [WARNING]   [01_getrss.py:stderr] 2026-09-27 02:00:04,665 - INFO - 正在获取 RSS 源: https://feeds.arstechnica.com/arstechnica/index/
2026-09-27 02:00:04 [WARNING]   [01_getrss.py:stderr] 2026-09-27 02:00:04,935 - INFO - 从 https://feeds.arstechnica.com/arstechnica/index/ 获取到 20 个条目
2026-09-27 02:00:04 [WARNING]   [01_getrss.py:stderr] 2026-09-27 02:00:04,936 - INFO - 正在获取 RSS 源: https://www.technologyreview.com/feed/
2026-09-27 02:00:05 [WARNING]   [01_getrss.py:stderr] 2026-09-27 02:00:05,065 - INFO - 从 https://www.technologyreview.com/feed/ 获取到 10 个条目
2026-09-27 02:00:05 [WARNING]   [01_getrss.py:stderr] 2026-09-27 02:00:05,065 - INFO - 正在获取 RSS 源: https://www.engadget.com/rss.xml
2026-09-27 02:00:05 [WARNING]   [01_getrss.py:stderr] 2026-09-27 02:00:05,230 - INFO - 从 https://www.engadget.com/rss.xml 获取到 20 个条目
2026-09-27 02:00:05 [WARNING]   [01_getrss.py:stderr] 2026-09-27 02:00:05,231 - INFO - 正在获取 RSS 源: http://feeds.feedburner.com/businessinsider/
2026-09-27 02:00:05 [WARNING]   [01_getrss.py:stderr] 2026-09-27 02:00:05,829 - INFO - 从 http://feeds.feedburner.com/businessinsider/ 获取到 50 个条目
2026-09-27 02:00:05 [WARNING]   [01_getrss.py:stderr] 2026-09-27 02:00:05,830 - INFO - 正在获取 RSS 源: https://www.cnet.com/rss/all/
2026-09-27 02:00:05 [WARNING]   [01_getrss.py:stderr] 2026-09-27 02:00:05,913 - INFO - 从 https://www.cnet.com/rss/all/ 获取到 25 个条目
2026-09-27 02:00:05 [WARNING]   [01_getrss.py:stderr] 2026-09-27 02:00:05,913 - INFO - 正在获取 RSS 源: https://www.techradar.com/feeds.xml
2026-09-27 02:00:06 [WARNING]   [01_getrss.py:stderr] 2026-09-27 02:00:06,330 - INFO - 从 https://www.techradar.com/feeds.xml 获取到 50 个条目
2026-09-27 02:00:06 [WARNING]   [01_getrss.py:stderr] 2026-09-27 02:00:06,331 - INFO - 正在获取 RSS 源: https://mashable.com/feeds/rss/all
2026-09-27 02:00:07 [WARNING]   [01_getrss.py:stderr] 2026-09-27 02:00:07,156 - INFO - 从 https://mashable.com/feeds/rss/all 获取到 100 个条目
2026-09-27 02:00:07 [WARNING]   [01_getrss.py:stderr] 2026-09-27 02:00:07,157 - INFO - 正在获取 RSS 源: https://www.theverge.com/rss/index.xml
2026-09-27 02:00:07 [WARNING]   [01_getrss.py:stderr] 2026-09-27 02:00:07,238 - INFO - 从 https://www.theverge.com/rss/index.xml 获取到 10 个条目
2026-09-27 02:00:07 [WARNING]   [01_getrss.py:stderr] 2026-09-27 02:00:07,238 - INFO - 正在获取 RSS 源: https://www.wired.com/feed/tag/ai/latest/rss
2026-09-27 02:00:07 [WARNING]   [01_getrss.py:stderr] 2026-09-27 02:00:07,421 - INFO - 从 https://www.wired.com/feed/tag/ai/latest/rss 获取到 10 个条目
2026-09-27 02:00:07 [WARNING]   [01_getrss.py:stderr] 2026-09-27 02:00:07,421 - INFO - 正在获取 RSS 源: https://feeds.bbci.co.uk/news/technology/rss.xml
2026-09-27 02:00:07 [WARNING]   [01_getrss.py:stderr] 2026-09-27 02:00:07,709 - INFO - 从 https://feeds.bbci.co.uk/news/technology/rss.xml 获取到 21 个条目
2026-09-27 02:00:07 [WARNING]   [01_getrss.py:stderr] 2026-09-27 02:00:07,709 - INFO - 正在获取 RSS 源: https://www.economist.com/science-and-technology/rss.xml
2026-09-27 02:00:07 [WARNING]   [01_getrss.py:stderr] 2026-09-27 02:00:07,946 - WARNING - RSS 源 https://www.economist.com/science-and-technology/rss.xml 解析时出现问题: document declared as us-ascii, but parsed as utf-8
2026-09-27 02:00:07 [WARNING]   [01_getrss.py:stderr] 2026-09-27 02:00:07,947 - INFO - 从 https://www.economist.com/science-and-technology/rss.xml 获取到 300 个条目
2026-09-27 02:00:07 [WARNING]   [01_getrss.py:stderr] 2026-09-27 02:00:07,947 - INFO - 正在获取 RSS 源: https://www.economist.com/business/rss.xml
2026-09-27 02:00:08 [WARNING]   [01_getrss.py:stderr] 2026-09-27 02:00:08,109 - WARNING - RSS 源 https://www.economist.com/business/rss.xml 解析时出现问题: document declared as us-ascii, but parsed as utf-8
2026-09-27 02:00:08 [WARNING]   [01_getrss.py:stderr] 2026-09-27 02:00:08,109 - INFO - 从 https://www.economist.com/business/rss.xml 获取到 300 个条目
2026-09-27 02:00:08 [WARNING]   [01_getrss.py:stderr] 2026-09-27 02:00:08,109 - INFO - 正在获取 RSS 源: https://www.economist.com/international/rss.xml
2026-09-27 02:00:08 [WARNING]   [01_getrss.py:stderr] 2026-09-27 02:00:08,294 - WARNING - RSS 源 https://www.economist.com/international/rss.xml 解析时出现问题: document declared as us-ascii, but parsed as utf-8
2026-09-27 02:00:08 [WARNING]   [01_getrss.py:stderr] 2026-09-27 02:00:08,294 - INFO - 从 https://www.economist.com/international/rss.xml 获取到 300 个条目
2026-09-27 02:00:08 [WARNING]   [01_getrss.py:stderr] 2026-09-27 02:00:08,295 - INFO - 正在获取 RSS 源: https://www.economist.com/china/rss.xml
2026-09-27 02:00:08 [WARNING]   [01_getrss.py:stderr] 2026-09-27 02:00:08,467 - WARNING - RSS 源 https://www.economist.com/china/rss.xml 解析时出现问题: document declared as us-ascii, but parsed as utf-8
2026-09-27 02:00:08 [WARNING]   [01_getrss.py:stderr] 2026-09-27 02:00:08,467 - INFO - 从 https://www.economist.com/china/rss.xml 获取到 300 个条目
2026-09-27 02:00:08 [WARNING]   [01_getrss.py:stderr] 2026-09-27 02:00:08,467 - INFO - 正在获取 RSS 源: https://arstechnica.com/feed/
2026-09-27 02:00:08 [WARNING]   [01_getrss.py:stderr] 2026-09-27 02:00:08,902 - INFO - 从 https://arstechnica.com/feed/ 获取到 20 个条目
2026-09-27 02:00:08 [WARNING]   [01_getrss.py:stderr] 2026-09-27 02:00:08,902 - INFO - 正在获取 RSS 源: https://www.google.com/alerts/feeds/00120727335941528291/15923614493533912620
2026-09-27 02:00:09 [WARNING]   [01_getrss.py:stderr] 2026-09-27 02:00:09,122 - INFO - 从 https://www.google.com/alerts/feeds/00120727335941528291/15923614493533912620 获取到 20 个条目
2026-09-27 02:00:09 [WARNING]   [01_getrss.py:stderr] 2026-09-27 02:00:09,122 - INFO - 正在获取 RSS 源: https://36kr.com/feed-newsflash
2026-09-27 02:00:09 [WARNING]   [01_getrss.py:stderr] 2026-09-27 02:00:09,977 - WARNING - RSS 源 https://36kr.com/feed-newsflash 解析时出现问题: <unknown>:10:542: not well-formed (invalid token)
2026-09-27 02:00:09 [WARNING]   [01_getrss.py:stderr] 2026-09-27 02:00:09,977 - WARNING - RSS 源 https://36kr.com/feed-newsflash 没有返回条目
2026-09-27 02:00:09 [WARNING]   [01_getrss.py:stderr] 2026-09-27 02:00:09,978 - INFO - 正在获取 RSS 源: https://36kr.com/feed-article
2026-09-27 02:00:10 [WARNING]   [01_getrss.py:stderr] 2026-09-27 02:00:10,827 - WARNING - RSS 源 https://36kr.com/feed-article 解析时出现问题: <unknown>:10:542: not well-formed (invalid token)
2026-09-27 02:00:10 [WARNING]   [01_getrss.py:stderr] 2026-09-27 02:00:10,827 - WARNING - RSS 源 https://36kr.com/feed-article 没有返回条目
2026-09-27 02:00:10 [WARNING]   [01_getrss.py:stderr] 2026-09-27 02:00:10,827 - INFO - 正在获取 RSS 源: https://www.ithome.com/rss/
2026-09-27 02:00:13 [WARNING]   [01_getrss.py:stderr] 2026-09-27 02:00:13,517 - INFO - 从 https://www.ithome.com/rss/ 获取到 60 个条目
2026-09-27 02:00:13 [WARNING]   [01_getrss.py:stderr] 2026-09-27 02:00:13,518 - INFO - 正在获取 RSS 源: https://rss.mydrivers.com/Rss.aspx?Tid=1
2026-09-27 02:00:14 [WARNING]   [01_getrss.py:stderr] 2026-09-27 02:00:14,763 - INFO - 从 https://rss.mydrivers.com/Rss.aspx?Tid=1 获取到 100 个条目
2026-09-27 02:00:14 [WARNING]   [01_getrss.py:stderr] 2026-09-27 02:00:14,764 - INFO - 正在获取 RSS 源: https://www.solidot.org/index.rss
2026-09-27 02:00:15 [WARNING]   [01_getrss.py:stderr] 2026-09-27 02:00:15,919 - INFO - 从 https://www.solidot.org/index.rss 获取到 15 个条目
2026-09-27 02:00:15 [WARNING]   [01_getrss.py:stderr] 2026-09-27 02:00:15,919 - INFO - 正在获取 RSS 源: https://www.geekpark.net/rss
2026-09-27 02:00:37 [WARNING]   [01_getrss.py:stderr] 2026-09-27 02:00:37,419 - INFO - 从 https://www.geekpark.net/rss 获取到 30 个条目
2026-09-27 02:00:37 [WARNING]   [01_getrss.py:stderr] 2026-09-27 02:00:37,420 - INFO - 正在获取 RSS 源: https://www.ifanr.com/feed
2026-09-27 02:00:38 [WARNING]   [01_getrss.py:stderr] 2026-09-27 02:00:38,605 - INFO - 从 https://www.ifanr.com/feed 获取到 20 个条目
2026-09-27 02:00:38 [WARNING]   [01_getrss.py:stderr] 2026-09-27 02:00:38,605 - INFO - 正在获取 RSS 源: https://www.tmtpost.com/rss.xml
2026-09-27 02:00:41 [WARNING]   [01_getrss.py:stderr] 2026-09-27 02:00:41,741 - INFO - 从 https://www.tmtpost.com/rss.xml 获取到 19 个条目
2026-09-27 02:00:41 [WARNING]   [01_getrss.py:stderr] 2026-09-27 02:00:41,741 - INFO - 正在获取 RSS 源: https://rss.huxiu.com/
2026-09-27 02:00:42 [WARNING]   [01_getrss.py:stderr] 2026-09-27 02:00:42,536 - INFO - 从 https://rss.huxiu.com/ 获取到 1 个条目
2026-09-27 02:00:42 [WARNING]   [01_getrss.py:stderr] 2026-09-27 02:00:42,536 - INFO - 正在获取 RSS 源: https://www.qbitai.com/feed
2026-09-27 02:00:43 [WARNING]   [01_getrss.py:stderr] 2026-09-27 02:00:43,685 - INFO - 从 https://www.qbitai.com/feed 获取到 10 个条目
2026-09-27 02:00:43 [WARNING]   [01_getrss.py:stderr] 2026-09-27 02:00:43,685 - INFO - 正在获取 RSS 源: https://www.leiphone.com/feed/
2026-09-27 02:00:50 [WARNING]   [01_getrss.py:stderr] 2026-09-27 02:00:50,147 - INFO - 从 https://www.leiphone.com/feed/ 获取到 20 个条目
2026-09-27 02:00:50 [WARNING]   [01_getrss.py:stderr] 2026-09-27 02:00:50,147 - INFO - 正在获取 RSS 源: https://plink.anyfeeder.com/mittrchina/hot
2026-09-27 02:00:50 [WARNING]   [01_getrss.py:stderr] 2026-09-27 02:00:50,274 - INFO - 从 https://plink.anyfeeder.com/mittrchina/hot 获取到 10 个条目
2026-09-27 02:00:50 [WARNING]   [01_getrss.py:stderr] 2026-09-27 02:00:50,274 - INFO - 正在获取 RSS 源: https://sspai.com/feed
2026-09-27 02:00:51 [WARNING]   [01_getrss.py:stderr] 2026-09-27 02:00:51,544 - INFO - 从 https://sspai.com/feed 获取到 10 个条目
2026-09-27 02:00:51 [WARNING]   [01_getrss.py:stderr] 2026-09-27 02:00:51,544 - INFO - 正在获取 RSS 源: https://v2ex.com/index.xml
2026-09-27 02:00:51 [WARNING]   [01_getrss.py:stderr] 2026-09-27 02:00:51,902 - INFO - 从 https://v2ex.com/index.xml 获取到 50 个条目
2026-09-27 02:00:51 [WARNING]   [01_getrss.py:stderr] 2026-09-27 02:00:51,903 - INFO - 正在获取 RSS 源: https://plink.anyfeeder.com/zaobao/realtime/china
2026-09-27 02:00:52 [WARNING]   [01_getrss.py:stderr] 2026-09-27 02:00:52,057 - INFO - 从 https://plink.anyfeeder.com/zaobao/realtime/china 获取到 24 个条目
2026-09-27 02:00:52 [WARNING]   [01_getrss.py:stderr] 2026-09-27 02:00:52,057 - INFO - 正在获取 RSS 源: https://plink.anyfeeder.com/zaobao/realtime/world
2026-09-27 02:00:52 [WARNING]   [01_getrss.py:stderr] 2026-09-27 02:00:52,212 - INFO - 从 https://plink.anyfeeder.com/zaobao/realtime/world 获取到 24 个条目
2026-09-27 02:00:52 [WARNING]   [01_getrss.py:stderr] 2026-09-27 02:00:52,212 - INFO - 正在获取 RSS 源: https://hnrss.org/frontpage
2026-09-27 02:00:52 [WARNING]   [01_getrss.py:stderr] 2026-09-27 02:00:52,574 - INFO - 从 https://hnrss.org/frontpage 获取到 20 个条目
2026-09-27 02:00:52 [WARNING]   [01_getrss.py:stderr] 2026-09-27 02:00:52,575 - INFO - 正在获取 RSS 源: https://www.jiqizhixin.com/feed
2026-09-27 02:00:53 [WARNING]   [01_getrss.py:stderr] 2026-09-27 02:00:53,280 - WARNING - RSS 源 https://www.jiqizhixin.com/feed 解析时出现问题: <unknown>:8:82: not well-formed (invalid token)
2026-09-27 02:00:53 [WARNING]   [01_getrss.py:stderr] 2026-09-27 02:00:53,280 - WARNING - RSS 源 https://www.jiqizhixin.com/feed 没有返回条目
2026-09-27 02:00:53 [WARNING]   [01_getrss.py:stderr] 2026-09-27 02:00:53,280 - INFO - 正在获取 RSS 源: https://blogs.nvidia.com/feed/
2026-09-27 02:00:53 [WARNING]   [01_getrss.py:stderr] 2026-09-27 02:00:53,595 - INFO - 从 https://blogs.nvidia.com/feed/ 获取到 18 个条目
2026-09-27 02:00:53 [WARNING]   [01_getrss.py:stderr] 2026-09-27 02:00:53,595 - INFO - 正在获取 RSS 源: https://ai.googleblog.com/feeds/posts/default
2026-09-27 02:00:53 [WARNING]   [01_getrss.py:stderr] 2026-09-27 02:00:53,885 - WARNING - RSS 源 https://ai.googleblog.com/feeds/posts/default 解析时出现问题: <unknown>:4:31: mismatched tag
2026-09-27 02:00:53 [WARNING]   [01_getrss.py:stderr] 2026-09-27 02:00:53,885 - WARNING - RSS 源 https://ai.googleblog.com/feeds/posts/default 没有返回条目
2026-09-27 02:00:53 [WARNING]   [01_getrss.py:stderr] 2026-09-27 02:00:53,885 - INFO - 总共获取到 406 个有效条目
2026-09-27 02:00:53 [WARNING]   [01_getrss.py:stderr] 2026-09-27 02:00:53,902 - INFO - 关键词过滤后剩余 227 个条目
2026-09-27 02:00:53 [WARNING]   [01_getrss.py:stderr] 2026-09-27 02:00:53,905 - INFO - 解析 Google 重定向链接为原始地址
2026-09-27 02:00:53 [WARNING]   [01_getrss.py:stderr] 2026-09-27 02:00:53,905 - INFO - 解析 Google 重定向链接为原始地址
2026-09-27 02:00:53 [WARNING]   [01_getrss.py:stderr] 2026-09-27 02:00:53,905 - INFO - 解析 Google 重定向链接为原始地址
2026-09-27 02:00:53 [WARNING]   [01_getrss.py:stderr] 2026-09-27 02:00:53,906 - INFO - 解析 Google 重定向链接为原始地址
2026-09-27 02:00:53 [WARNING]   [01_getrss.py:stderr] 2026-09-27 02:00:53,906 - INFO - 解析 Google 重定向链接为原始地址
2026-09-27 02:00:53 [WARNING]   [01_getrss.py:stderr] 2026-09-27 02:00:53,906 - INFO - 解析 Google 重定向链接为原始地址
2026-09-27 02:00:53 [WARNING]   [01_getrss.py:stderr] 2026-09-27 02:00:53,906 - INFO - 解析 Google 重定向链接为原始地址
2026-09-27 02:00:53 [WARNING]   [01_getrss.py:stderr] 2026-09-27 02:00:53,906 - INFO - 解析 Google 重定向链接为原始地址
2026-09-27 02:00:53 [WARNING]   [01_getrss.py:stderr] 2026-09-27 02:00:53,906 - INFO - 解析 Google 重定向链接为原始地址
2026-09-27 02:00:53 [WARNING]   [01_getrss.py:stderr] 2026-09-27 02:00:53,907 - INFO - 解析 Google 重定向链接为原始地址
2026-09-27 02:00:53 [WARNING]   [01_getrss.py:stderr] 2026-09-27 02:00:53,907 - INFO - 解析 Google 重定向链接为原始地址
2026-09-27 02:00:53 [WARNING]   [01_getrss.py:stderr] 2026-09-27 02:00:53,907 - INFO - 解析 Google 重定向链接为原始地址
2026-09-27 02:00:53 [WARNING]   [01_getrss.py:stderr] 2026-09-27 02:00:53,907 - INFO - 解析 Google 重定向链接为原始地址
2026-09-27 02:00:53 [WARNING]   [01_getrss.py:stderr] 2026-09-27 02:00:53,908 - INFO - 解析 Google 重定向链接为原始地址
2026-09-27 02:00:53 [WARNING]   [01_getrss.py:stderr] 2026-09-27 02:00:53,908 - INFO - 解析 Google 重定向链接为原始地址
2026-09-27 02:00:53 [WARNING]   [01_getrss.py:stderr] 2026-09-27 02:00:53,908 - INFO - 解析 Google 重定向链接为原始地址
2026-09-27 02:00:53 [WARNING]   [01_getrss.py:stderr] 2026-09-27 02:00:53,908 - INFO - 解析 Google 重定向链接为原始地址
2026-09-27 02:00:53 [WARNING]   [01_getrss.py:stderr] 2026-09-27 02:00:53,908 - INFO - 解析 Google 重定向链接为原始地址
2026-09-27 02:00:53 [WARNING]   [01_getrss.py:stderr] 2026-09-27 02:00:53,908 - INFO - 解析 Google 重定向链接为原始地址
2026-09-27 02:00:53 [WARNING]   [01_getrss.py:stderr] 2026-09-27 02:00:53,909 - INFO - 解析 Google 重定向链接为原始地址
2026-09-27 02:00:53 [WARNING]   [01_getrss.py:stderr] 2026-09-27 02:00:53,913 - INFO - 规范化后得到 227 个候选条目，交由 02 跨批次去重
2026-09-27 02:00:53 [WARNING]   [01_getrss.py:stderr] 2026-09-27 02:00:53,916 - INFO - 处理完成，结果已保存到 C:\Users\james\Dropbox\WORKS\SOFT\AI-Python\keepitrun\tmp\rss_2026-09-27_02-00-53.md
2026-09-27 02:00:53 [INFO]   [01_getrss.py] Processed Markdown saved to C:\Users\james\Dropbox\WORKS\SOFT\AI-Python\keepitrun\tmp\rss_2026-09-27_02-00-53.md
2026-09-27 02:00:53 [DEBUG] 记录任务完成: rss_1 @ 2026-09-27 (v1.24)
2026-09-27 10:05:24 [INFO] >>> 触发 10:05 爬取最新 daily
2026-09-27 10:05:24 [INFO] 执行 03_convert-daily.py（第 1/3 次，单次时限 1800 秒）: C:\Users\james\AppData\Local\Programs\Python\Python314\python.exe C:\Users\james\Dropbox\WORKS\SOFT\AI-Python\keepitrun\03_convert-daily.py --non-interactive
2026-09-27 10:05:24 [WARNING]   [03_convert-daily.py:stderr] 10:05:24 工作目录: C:\Users\james\Dropbox\WORKS\SOFT\AI-Python\keepitrun
2026-09-27 10:05:24 [WARNING]   [03_convert-daily.py:stderr] 10:05:24 日志文件: C:\Users\james\Dropbox\WORKS\SOFT\AI-Python\keepitrun\logs\daily_20260927_100524.log
2026-09-27 10:05:25 [WARNING]   [03_convert-daily.py:stderr] 10:05:25 GitHub 认证成功: lishuhang
2026-09-27 10:05:25 [WARNING]   [03_convert-daily.py:stderr] 10:05:25 ═══ 自动模式 ═══
2026-09-27 10:05:25 [WARNING]   [03_convert-daily.py:stderr] 10:05:25 仓库最新文章: 2026-09-26
2026-09-27 10:05:26 [WARNING]   [03_convert-daily.py:stderr] 10:05:26 开始遍历专辑
2026-09-27 10:05:26 [WARNING]   [03_convert-daily.py:stderr] 10:05:26   起始日期: 2026-09-26
2026-09-27 10:05:27 [WARNING]   [03_convert-daily.py:stderr] 10:05:27 已到达起始日期边界
2026-09-27 10:05:27 [WARNING]   [03_convert-daily.py:stderr] 10:05:27 专辑遍历完成: 共 2 篇文章
2026-09-27 10:05:27 [WARNING]   [03_convert-daily.py:stderr] 10:05:27 发现 1 篇尚未发布的文章
2026-09-27 10:05:27 [WARNING]   [03_convert-daily.py:stderr] 10:05:27 [1/1] 2026-09-27 | 每日 AIGC 早报：2026.9.27
2026-09-27 10:05:27 [WARNING]   [03_convert-daily.py:stderr] 10:05:27 抓取文章: https://mp.weixin.qq.com/s?__biz=MjM5Mjg1ODIxMQ==&mid=2650674774&idx=1&sn=6a4811...
2026-09-27 10:05:31 [WARNING]   [03_convert-daily.py:stderr] 10:05:31 回退使用 og:image（可能为裁剪版）
2026-09-27 10:05:31 [WARNING]   [03_convert-daily.py:stderr] 10:05:31 下载封面图（JPG）...
2026-09-27 10:05:32 [WARNING]   [03_convert-daily.py:stderr] 10:05:32 本地保存图片: C:\Users\james\Dropbox\WORKS\SOFT\AI-Python\keepitrun\images\2026\09\0927-d.jpg
2026-09-27 10:05:32 [WARNING]   [03_convert-daily.py:stderr] 10:05:32 本地保存Markdown: C:\Users\james\Dropbox\WORKS\SOFT\AI-Python\keepitrun\_posts\2026-09-27-daily.md
2026-09-27 10:05:32 [WARNING]   [03_convert-daily.py:stderr] 10:05:32 图床路由: 2026-09 → lishuhang/img@master
2026-09-27 10:05:34 [WARNING]   [03_convert-daily.py:stderr] 10:05:34 已上传: 2026/09/0927-d.jpg
2026-09-27 10:05:35 [WARNING]   [03_convert-daily.py:stderr] 10:05:35 已上传: _posts/2026-09-27-daily.md
2026-09-27 10:05:35 [WARNING]   [03_convert-daily.py:stderr] 10:05:35 ═══ 完成: 1 成功, 0 跳过, 0 失败 ═══
2026-09-27 10:05:35 [DEBUG] 记录任务完成: daily @ 2026-09-27 (v1.24)
2026-09-27 10:05:35 [INFO] 已将 2 个 blog/daily 文件/目录归档到 C:\Users\james\Dropbox\WORKS\SOFT\AI-Python\keepitrun\archived
2026-09-27 10:10:05 [INFO] >>> 触发 10:10 爬取最新 blog
2026-09-27 10:10:05 [INFO] 执行 04_convert-blog.py（第 1/3 次，单次时限 3600 秒）: C:\Users\james\AppData\Local\Programs\Python\Python314\python.exe C:\Users\james\Dropbox\WORKS\SOFT\AI-Python\keepitrun\04_convert-blog.py album:20260926 --non-interactive
2026-09-27 10:10:05 [WARNING]   [04_convert-blog.py:stderr] C:\Users\james\Dropbox\WORKS\SOFT\AI-Python\keepitrun\04_convert-blog.py:28: SyntaxWarning: "\s" is an invalid escape sequence. Such sequences will not work in the future. Did you mean "\\s"? A raw string is also an option.
2026-09-27 10:10:05 [WARNING]   [04_convert-blog.py:stderr]   - _is_daily_report_title(): \u5339\u914d "\u6bcf\u65e5\s*AIGC\s*\u65e9\u62a5" (\u5927\u5c0f\u5199\u4e0d\u654f\u611f\uff0c\u517c\u5bb9\u5404\u79cd\u7a7a\u683c)
2026-09-27 10:10:06 [WARNING]   [04_convert-blog.py:stderr] 10:10:06 工作目录: C:\Users\james\Dropbox\WORKS\SOFT\AI-Python\keepitrun
2026-09-27 10:10:06 [WARNING]   [04_convert-blog.py:stderr] 10:10:06 日志文件: C:\Users\james\Dropbox\WORKS\SOFT\AI-Python\keepitrun\logs\blog_20260927_101006.log
2026-09-27 10:10:06 [WARNING]   [04_convert-blog.py:stderr] 10:10:06 合集模式: 自 2026-09-26
2026-09-27 10:10:06 [WARNING]   [04_convert-blog.py:stderr] 10:10:06 ═══ 开始遍历全部 7 个合集 ═══
2026-09-27 10:10:06 [WARNING]   [04_convert-blog.py:stderr] 10:10:06 开始遍历合集 [新闻实验室] (album_id=3902494251036180488)
2026-09-27 10:10:06 [WARNING]   [04_convert-blog.py:stderr] 10:10:06   起始日期: 2026-09-26
2026-09-27 10:10:07 [WARNING]   [04_convert-blog.py:stderr] 10:10:07   [新闻实验室] 已到达起始日期边界
2026-09-27 10:10:07 [WARNING]   [04_convert-blog.py:stderr] 10:10:07   [新闻实验室] 遍历完成: 共 0 篇文章
2026-09-27 10:10:08 [WARNING]   [04_convert-blog.py:stderr] 10:10:08 开始遍历合集 [随笔] (album_id=2615905303213441024)
2026-09-27 10:10:08 [WARNING]   [04_convert-blog.py:stderr] 10:10:08   起始日期: 2026-09-26
2026-09-27 10:10:09 [WARNING]   [04_convert-blog.py:stderr] 10:10:09   [随笔] 已到达起始日期边界
2026-09-27 10:10:09 [WARNING]   [04_convert-blog.py:stderr] 10:10:09   [随笔] 遍历完成: 共 0 篇文章
2026-09-27 10:10:10 [WARNING]   [04_convert-blog.py:stderr] 10:10:10 开始遍历合集 [航通社的朋友们] (album_id=3477575130983596037)
2026-09-27 10:10:10 [WARNING]   [04_convert-blog.py:stderr] 10:10:10   起始日期: 2026-09-26
2026-09-27 10:10:11 [WARNING]   [04_convert-blog.py:stderr] 10:10:11   [航通社的朋友们] 已到达起始日期边界
2026-09-27 10:10:11 [WARNING]   [04_convert-blog.py:stderr] 10:10:11   [航通社的朋友们] 遍历完成: 共 0 篇文章
2026-09-27 10:10:12 [WARNING]   [04_convert-blog.py:stderr] 10:10:12 开始遍历合集 [AI] (album_id=1525375142552518658)
2026-09-27 10:10:12 [WARNING]   [04_convert-blog.py:stderr] 10:10:12   起始日期: 2026-09-26
2026-09-27 10:10:13 [WARNING]   [04_convert-blog.py:stderr] 10:10:13   [AI] 已到达起始日期边界
2026-09-27 10:10:13 [WARNING]   [04_convert-blog.py:stderr] 10:10:13   [AI] 遍历完成: 共 0 篇文章
2026-09-27 10:10:13 [WARNING]   [04_convert-blog.py:stderr] 10:10:13 开始遍历合集 [科技] (album_id=1584782882340978691)
2026-09-27 10:10:13 [WARNING]   [04_convert-blog.py:stderr] 10:10:13   起始日期: 2026-09-26
2026-09-27 10:10:15 [WARNING]   [04_convert-blog.py:stderr] 10:10:15   [科技] 已到达起始日期边界
2026-09-27 10:10:15 [WARNING]   [04_convert-blog.py:stderr] 10:10:15   [科技] 遍历完成: 共 0 篇文章
2026-09-27 10:10:15 [WARNING]   [04_convert-blog.py:stderr] 10:10:15 开始遍历合集 [历史] (album_id=1903521189994545155)
2026-09-27 10:10:15 [WARNING]   [04_convert-blog.py:stderr] 10:10:15   起始日期: 2026-09-26
2026-09-27 10:10:16 [WARNING]   [04_convert-blog.py:stderr] 10:10:16   [历史] 已到达起始日期边界
2026-09-27 10:10:16 [WARNING]   [04_convert-blog.py:stderr] 10:10:16   [历史] 遍历完成: 共 0 篇文章
2026-09-27 10:10:17 [WARNING]   [04_convert-blog.py:stderr] 10:10:17 开始遍历合集 [传媒] (album_id=2046079811625844737)
2026-09-27 10:10:17 [WARNING]   [04_convert-blog.py:stderr] 10:10:17   起始日期: 2026-09-26
2026-09-27 10:10:18 [WARNING]   [04_convert-blog.py:stderr] 10:10:18   [传媒] 已到达起始日期边界
2026-09-27 10:10:18 [WARNING]   [04_convert-blog.py:stderr] 10:10:18   [传媒] 遍历完成: 共 0 篇文章
2026-09-27 10:10:19 [WARNING]   [04_convert-blog.py:stderr] 10:10:19 ═══ 全部合集遍历完成: 共 0 篇不重复文章 ═══
2026-09-27 10:10:19 [WARNING]   [04_convert-blog.py:stderr] 10:10:19 合集中没有符合条件的文章
2026-09-27 10:10:19 [WARNING]   [04_convert-blog.py:stderr] 10:10:19 没有可处理的URL
2026-09-27 10:10:19 [DEBUG] 记录任务完成: blog @ 2026-09-27 (v1.24)
2026-09-27 14:00:19 [INFO] >>> 触发 14:00 RSS 抓取 (第2次)
2026-09-27 14:00:19 [INFO] 执行 01_getrss.py（第 1/3 次，单次时限 1200 秒）: C:\Users\james\AppData\Local\Programs\Python\Python314\python.exe C:\Users\james\Dropbox\WORKS\SOFT\AI-Python\keepitrun\01_getrss.py
2026-09-27 14:00:20 [WARNING]   [01_getrss.py:stderr] 2026-09-27 14:00:20,308 - INFO - 开始执行 RSS 处理脚本
2026-09-27 14:00:20 [WARNING]   [01_getrss.py:stderr] 2026-09-27 14:00:20,338 - INFO - 加载了 39 个 RSS 源
2026-09-27 14:00:20 [WARNING]   [01_getrss.py:stderr] 2026-09-27 14:00:20,338 - INFO - 加载了 424 个关键词
2026-09-27 14:00:20 [WARNING]   [01_getrss.py:stderr] 2026-09-27 14:00:20,338 - INFO - 正在获取 RSS 源: http://feeds.feedburner.com/CBer
2026-09-27 14:00:20 [WARNING]   [01_getrss.py:stderr] 2026-09-27 14:00:20,656 - INFO - 从 http://feeds.feedburner.com/CBer 获取到 20 个条目
2026-09-27 14:00:20 [WARNING]   [01_getrss.py:stderr] 2026-09-27 14:00:20,657 - INFO - 正在获取 RSS 源: http://techmeme.com/feed.xml
2026-09-27 14:00:21 [WARNING]   [01_getrss.py:stderr] 2026-09-27 14:00:21,152 - WARNING - RSS 源 http://techmeme.com/feed.xml 解析时出现问题: document declared as us-ascii, but parsed as utf-8
2026-09-27 14:00:21 [WARNING]   [01_getrss.py:stderr] 2026-09-27 14:00:21,153 - INFO - 从 http://techmeme.com/feed.xml 获取到 15 个条目
2026-09-27 14:00:21 [WARNING]   [01_getrss.py:stderr] 2026-09-27 14:00:21,153 - INFO - 从 Techmeme RSS 摘要提取原始文章链接: www.theblock.co
2026-09-27 14:00:21 [WARNING]   [01_getrss.py:stderr] 2026-09-27 14:00:21,154 - INFO - 从 Techmeme RSS 摘要提取原始文章链接: siliconangle.com
2026-09-27 14:00:21 [WARNING]   [01_getrss.py:stderr] 2026-09-27 14:00:21,155 - INFO - 从 Techmeme RSS 摘要提取原始文章链接: fintech.global
2026-09-27 14:00:21 [WARNING]   [01_getrss.py:stderr] 2026-09-27 14:00:21,155 - INFO - 从 Techmeme RSS 摘要提取原始文章链接: www.axios.com
2026-09-27 14:00:21 [WARNING]   [01_getrss.py:stderr] 2026-09-27 14:00:21,156 - INFO - 从 Techmeme RSS 摘要提取原始文章链接: www.wsj.com
2026-09-27 14:00:21 [WARNING]   [01_getrss.py:stderr] 2026-09-27 14:00:21,157 - INFO - 从 Techmeme RSS 摘要提取原始文章链接: www.ft.com
2026-09-27 14:00:21 [WARNING]   [01_getrss.py:stderr] 2026-09-27 14:00:21,158 - INFO - 从 Techmeme RSS 摘要提取原始文章链接: www.washingtonpost.com
2026-09-27 14:00:21 [WARNING]   [01_getrss.py:stderr] 2026-09-27 14:00:21,159 - INFO - 从 Techmeme RSS 摘要提取原始文章链接: techcrunch.com
2026-09-27 14:00:21 [WARNING]   [01_getrss.py:stderr] 2026-09-27 14:00:21,160 - INFO - 从 Techmeme RSS 摘要提取原始文章链接: www.cnbc.com
2026-09-27 14:00:21 [WARNING]   [01_getrss.py:stderr] 2026-09-27 14:00:21,160 - INFO - 从 Techmeme RSS 摘要提取原始文章链接: fortune.com
2026-09-27 14:00:21 [WARNING]   [01_getrss.py:stderr] 2026-09-27 14:00:21,161 - INFO - 从 Techmeme RSS 摘要提取原始文章链接: www.reuters.com
2026-09-27 14:00:21 [WARNING]   [01_getrss.py:stderr] 2026-09-27 14:00:21,162 - INFO - 从 Techmeme RSS 摘要提取原始文章链接: www.hollywoodreporter.com
2026-09-27 14:00:21 [WARNING]   [01_getrss.py:stderr] 2026-09-27 14:00:21,163 - INFO - 从 Techmeme RSS 摘要提取原始文章链接: techcrunch.com
2026-09-27 14:00:21 [WARNING]   [01_getrss.py:stderr] 2026-09-27 14:00:21,164 - INFO - 从 Techmeme RSS 摘要提取原始文章链接: www.ft.com
2026-09-27 14:00:21 [WARNING]   [01_getrss.py:stderr] 2026-09-27 14:00:21,164 - INFO - 从 Techmeme RSS 摘要提取原始文章链接: www.axios.com
2026-09-27 14:00:21 [WARNING]   [01_getrss.py:stderr] 2026-09-27 14:00:21,164 - INFO - 正在获取 RSS 源: https://techcrunch.com/feed/
2026-09-27 14:00:21 [WARNING]   [01_getrss.py:stderr] 2026-09-27 14:00:21,260 - INFO - 从 https://techcrunch.com/feed/ 获取到 20 个条目
2026-09-27 14:00:21 [WARNING]   [01_getrss.py:stderr] 2026-09-27 14:00:21,260 - INFO - 正在获取 RSS 源: https://feeds.arstechnica.com/arstechnica/index/
2026-09-27 14:00:21 [WARNING]   [01_getrss.py:stderr] 2026-09-27 14:00:21,335 - INFO - 从 https://feeds.arstechnica.com/arstechnica/index/ 获取到 20 个条目
2026-09-27 14:00:21 [WARNING]   [01_getrss.py:stderr] 2026-09-27 14:00:21,335 - INFO - 正在获取 RSS 源: https://www.technologyreview.com/feed/
2026-09-27 14:00:21 [WARNING]   [01_getrss.py:stderr] 2026-09-27 14:00:21,436 - INFO - 从 https://www.technologyreview.com/feed/ 获取到 10 个条目
2026-09-27 14:00:21 [WARNING]   [01_getrss.py:stderr] 2026-09-27 14:00:21,437 - INFO - 正在获取 RSS 源: https://www.engadget.com/rss.xml
2026-09-27 14:00:21 [WARNING]   [01_getrss.py:stderr] 2026-09-27 14:00:21,639 - INFO - 从 https://www.engadget.com/rss.xml 获取到 20 个条目
2026-09-27 14:00:21 [WARNING]   [01_getrss.py:stderr] 2026-09-27 14:00:21,640 - INFO - 正在获取 RSS 源: http://feeds.feedburner.com/businessinsider/
2026-09-27 14:00:22 [WARNING]   [01_getrss.py:stderr] 2026-09-27 14:00:22,162 - INFO - 从 http://feeds.feedburner.com/businessinsider/ 获取到 50 个条目
2026-09-27 14:00:22 [WARNING]   [01_getrss.py:stderr] 2026-09-27 14:00:22,163 - INFO - 正在获取 RSS 源: https://www.cnet.com/rss/all/
2026-09-27 14:00:22 [WARNING]   [01_getrss.py:stderr] 2026-09-27 14:00:22,282 - INFO - 从 https://www.cnet.com/rss/all/ 获取到 25 个条目
2026-09-27 14:00:22 [WARNING]   [01_getrss.py:stderr] 2026-09-27 14:00:22,282 - INFO - 正在获取 RSS 源: https://www.techradar.com/feeds.xml
2026-09-27 14:00:22 [WARNING]   [01_getrss.py:stderr] 2026-09-27 14:00:22,777 - INFO - 从 https://www.techradar.com/feeds.xml 获取到 50 个条目
2026-09-27 14:00:22 [WARNING]   [01_getrss.py:stderr] 2026-09-27 14:00:22,778 - INFO - 正在获取 RSS 源: https://mashable.com/feeds/rss/all
2026-09-27 14:00:23 [WARNING]   [01_getrss.py:stderr] 2026-09-27 14:00:23,561 - INFO - 从 https://mashable.com/feeds/rss/all 获取到 100 个条目
2026-09-27 14:00:23 [WARNING]   [01_getrss.py:stderr] 2026-09-27 14:00:23,562 - INFO - 正在获取 RSS 源: https://www.theverge.com/rss/index.xml
2026-09-27 14:00:23 [WARNING]   [01_getrss.py:stderr] 2026-09-27 14:00:23,695 - INFO - 从 https://www.theverge.com/rss/index.xml 获取到 10 个条目
2026-09-27 14:00:23 [WARNING]   [01_getrss.py:stderr] 2026-09-27 14:00:23,696 - INFO - 正在获取 RSS 源: https://www.wired.com/feed/tag/ai/latest/rss
2026-09-27 14:00:23 [WARNING]   [01_getrss.py:stderr] 2026-09-27 14:00:23,800 - INFO - 从 https://www.wired.com/feed/tag/ai/latest/rss 获取到 10 个条目
2026-09-27 14:00:23 [WARNING]   [01_getrss.py:stderr] 2026-09-27 14:00:23,801 - INFO - 正在获取 RSS 源: https://feeds.bbci.co.uk/news/technology/rss.xml
2026-09-27 14:00:23 [WARNING]   [01_getrss.py:stderr] 2026-09-27 14:00:23,874 - INFO - 从 https://feeds.bbci.co.uk/news/technology/rss.xml 获取到 21 个条目
2026-09-27 14:00:23 [WARNING]   [01_getrss.py:stderr] 2026-09-27 14:00:23,874 - INFO - 正在获取 RSS 源: https://www.economist.com/science-and-technology/rss.xml
2026-09-27 14:00:24 [WARNING]   [01_getrss.py:stderr] 2026-09-27 14:00:24,125 - WARNING - RSS 源 https://www.economist.com/science-and-technology/rss.xml 解析时出现问题: document declared as us-ascii, but parsed as utf-8
2026-09-27 14:00:24 [WARNING]   [01_getrss.py:stderr] 2026-09-27 14:00:24,125 - INFO - 从 https://www.economist.com/science-and-technology/rss.xml 获取到 300 个条目
2026-09-27 14:00:24 [WARNING]   [01_getrss.py:stderr] 2026-09-27 14:00:24,126 - INFO - 正在获取 RSS 源: https://www.economist.com/business/rss.xml
2026-09-27 14:00:24 [WARNING]   [01_getrss.py:stderr] 2026-09-27 14:00:24,336 - WARNING - RSS 源 https://www.economist.com/business/rss.xml 解析时出现问题: document declared as us-ascii, but parsed as utf-8
2026-09-27 14:00:24 [WARNING]   [01_getrss.py:stderr] 2026-09-27 14:00:24,336 - INFO - 从 https://www.economist.com/business/rss.xml 获取到 300 个条目
2026-09-27 14:00:24 [WARNING]   [01_getrss.py:stderr] 2026-09-27 14:00:24,336 - INFO - 正在获取 RSS 源: https://www.economist.com/international/rss.xml
2026-09-27 14:00:24 [WARNING]   [01_getrss.py:stderr] 2026-09-27 14:00:24,549 - WARNING - RSS 源 https://www.economist.com/international/rss.xml 解析时出现问题: document declared as us-ascii, but parsed as utf-8
2026-09-27 14:00:24 [WARNING]   [01_getrss.py:stderr] 2026-09-27 14:00:24,549 - INFO - 从 https://www.economist.com/international/rss.xml 获取到 300 个条目
2026-09-27 14:00:24 [WARNING]   [01_getrss.py:stderr] 2026-09-27 14:00:24,550 - INFO - 正在获取 RSS 源: https://www.economist.com/china/rss.xml
2026-09-27 14:00:24 [WARNING]   [01_getrss.py:stderr] 2026-09-27 14:00:24,728 - WARNING - RSS 源 https://www.economist.com/china/rss.xml 解析时出现问题: document declared as us-ascii, but parsed as utf-8
2026-09-27 14:00:24 [WARNING]   [01_getrss.py:stderr] 2026-09-27 14:00:24,728 - INFO - 从 https://www.economist.com/china/rss.xml 获取到 300 个条目
2026-09-27 14:00:24 [WARNING]   [01_getrss.py:stderr] 2026-09-27 14:00:24,730 - INFO - 正在获取 RSS 源: https://arstechnica.com/feed/
2026-09-27 14:00:25 [WARNING]   [01_getrss.py:stderr] 2026-09-27 14:00:25,118 - INFO - 从 https://arstechnica.com/feed/ 获取到 20 个条目
2026-09-27 14:00:25 [WARNING]   [01_getrss.py:stderr] 2026-09-27 14:00:25,119 - INFO - 正在获取 RSS 源: https://www.google.com/alerts/feeds/00120727335941528291/15923614493533912620
2026-09-27 14:00:25 [WARNING]   [01_getrss.py:stderr] 2026-09-27 14:00:25,374 - INFO - 从 https://www.google.com/alerts/feeds/00120727335941528291/15923614493533912620 获取到 20 个条目
2026-09-27 14:00:25 [WARNING]   [01_getrss.py:stderr] 2026-09-27 14:00:25,375 - INFO - 正在获取 RSS 源: https://36kr.com/feed-newsflash
2026-09-27 14:00:26 [WARNING]   [01_getrss.py:stderr] 2026-09-27 14:00:26,308 - WARNING - RSS 源 https://36kr.com/feed-newsflash 解析时出现问题: <unknown>:10:542: not well-formed (invalid token)
2026-09-27 14:00:26 [WARNING]   [01_getrss.py:stderr] 2026-09-27 14:00:26,308 - WARNING - RSS 源 https://36kr.com/feed-newsflash 没有返回条目
2026-09-27 14:00:26 [WARNING]   [01_getrss.py:stderr] 2026-09-27 14:00:26,308 - INFO - 正在获取 RSS 源: https://36kr.com/feed-article
2026-09-27 14:00:28 [WARNING]   [01_getrss.py:stderr] 2026-09-27 14:00:28,181 - WARNING - RSS 源 https://36kr.com/feed-article 解析时出现问题: <unknown>:10:542: not well-formed (invalid token)
2026-09-27 14:00:28 [WARNING]   [01_getrss.py:stderr] 2026-09-27 14:00:28,181 - WARNING - RSS 源 https://36kr.com/feed-article 没有返回条目
2026-09-27 14:00:28 [WARNING]   [01_getrss.py:stderr] 2026-09-27 14:00:28,181 - INFO - 正在获取 RSS 源: https://www.ithome.com/rss/
2026-09-27 14:00:31 [WARNING]   [01_getrss.py:stderr] 2026-09-27 14:00:31,080 - INFO - 从 https://www.ithome.com/rss/ 获取到 60 个条目
2026-09-27 14:00:31 [WARNING]   [01_getrss.py:stderr] 2026-09-27 14:00:31,081 - INFO - 正在获取 RSS 源: https://rss.mydrivers.com/Rss.aspx?Tid=1
2026-09-27 14:00:32 [WARNING]   [01_getrss.py:stderr] 2026-09-27 14:00:32,517 - INFO - 从 https://rss.mydrivers.com/Rss.aspx?Tid=1 获取到 100 个条目
2026-09-27 14:00:32 [WARNING]   [01_getrss.py:stderr] 2026-09-27 14:00:32,518 - INFO - 正在获取 RSS 源: https://www.solidot.org/index.rss
2026-09-27 14:00:35 [WARNING]   [01_getrss.py:stderr] 2026-09-27 14:00:35,279 - INFO - 从 https://www.solidot.org/index.rss 获取到 15 个条目
2026-09-27 14:00:35 [WARNING]   [01_getrss.py:stderr] 2026-09-27 14:00:35,280 - INFO - 正在获取 RSS 源: https://www.geekpark.net/rss
2026-09-27 14:01:19 [WARNING]   [01_getrss.py:stderr] 2026-09-27 14:01:19,696 - INFO - 从 https://www.geekpark.net/rss 获取到 30 个条目
2026-09-27 14:01:19 [WARNING]   [01_getrss.py:stderr] 2026-09-27 14:01:19,696 - INFO - 正在获取 RSS 源: https://www.ifanr.com/feed
2026-09-27 14:01:20 [WARNING]   [01_getrss.py:stderr] 2026-09-27 14:01:20,896 - INFO - 从 https://www.ifanr.com/feed 获取到 20 个条目
2026-09-27 14:01:20 [WARNING]   [01_getrss.py:stderr] 2026-09-27 14:01:20,896 - INFO - 正在获取 RSS 源: https://www.tmtpost.com/rss.xml
2026-09-27 14:01:23 [WARNING]   [01_getrss.py:stderr] 2026-09-27 14:01:23,625 - INFO - 从 https://www.tmtpost.com/rss.xml 获取到 17 个条目
2026-09-27 14:01:23 [WARNING]   [01_getrss.py:stderr] 2026-09-27 14:01:23,626 - INFO - 正在获取 RSS 源: https://rss.huxiu.com/
2026-09-27 14:01:25 [WARNING]   [01_getrss.py:stderr] 2026-09-27 14:01:25,259 - INFO - 从 https://rss.huxiu.com/ 获取到 21 个条目
2026-09-27 14:01:25 [WARNING]   [01_getrss.py:stderr] 2026-09-27 14:01:25,260 - INFO - 正在获取 RSS 源: https://www.qbitai.com/feed
2026-09-27 14:01:26 [WARNING]   [01_getrss.py:stderr] 2026-09-27 14:01:26,309 - INFO - 从 https://www.qbitai.com/feed 获取到 10 个条目
2026-09-27 14:01:26 [WARNING]   [01_getrss.py:stderr] 2026-09-27 14:01:26,310 - INFO - 正在获取 RSS 源: https://www.leiphone.com/feed/
2026-09-27 14:01:43 [WARNING]   [01_getrss.py:stderr] 2026-09-27 14:01:43,410 - INFO - 从 https://www.leiphone.com/feed/ 获取到 20 个条目
2026-09-27 14:01:43 [WARNING]   [01_getrss.py:stderr] 2026-09-27 14:01:43,410 - INFO - 正在获取 RSS 源: https://plink.anyfeeder.com/mittrchina/hot
2026-09-27 14:01:43 [WARNING]   [01_getrss.py:stderr] 2026-09-27 14:01:43,627 - INFO - 从 https://plink.anyfeeder.com/mittrchina/hot 获取到 10 个条目
2026-09-27 14:01:43 [WARNING]   [01_getrss.py:stderr] 2026-09-27 14:01:43,628 - INFO - 正在获取 RSS 源: https://sspai.com/feed
2026-09-27 14:01:44 [WARNING]   [01_getrss.py:stderr] 2026-09-27 14:01:44,721 - INFO - 从 https://sspai.com/feed 获取到 10 个条目
2026-09-27 14:01:44 [WARNING]   [01_getrss.py:stderr] 2026-09-27 14:01:44,721 - INFO - 正在获取 RSS 源: https://v2ex.com/index.xml
2026-09-27 14:01:45 [WARNING]   [01_getrss.py:stderr] 2026-09-27 14:01:45,069 - INFO - 从 https://v2ex.com/index.xml 获取到 50 个条目
2026-09-27 14:01:45 [WARNING]   [01_getrss.py:stderr] 2026-09-27 14:01:45,070 - INFO - 正在获取 RSS 源: https://plink.anyfeeder.com/zaobao/realtime/china
2026-09-27 14:01:45 [WARNING]   [01_getrss.py:stderr] 2026-09-27 14:01:45,225 - INFO - 从 https://plink.anyfeeder.com/zaobao/realtime/china 获取到 24 个条目
2026-09-27 14:01:45 [WARNING]   [01_getrss.py:stderr] 2026-09-27 14:01:45,226 - INFO - 正在获取 RSS 源: https://plink.anyfeeder.com/zaobao/realtime/world
2026-09-27 14:01:45 [WARNING]   [01_getrss.py:stderr] 2026-09-27 14:01:45,379 - INFO - 从 https://plink.anyfeeder.com/zaobao/realtime/world 获取到 24 个条目
2026-09-27 14:01:45 [WARNING]   [01_getrss.py:stderr] 2026-09-27 14:01:45,379 - INFO - 正在获取 RSS 源: https://hnrss.org/frontpage
2026-09-27 14:02:06 [WARNING]   [01_getrss.py:stderr] 2026-09-27 14:02:06,445 - WARNING - RSS 源 https://hnrss.org/frontpage 解析时出现问题: <urlopen error [WinError 10060] 由于连接方在一段时间后没有正确答复或连接的主机没有反应，连接尝试失败。>
2026-09-27 14:02:06 [WARNING]   [01_getrss.py:stderr] 2026-09-27 14:02:06,445 - WARNING - RSS 源 https://hnrss.org/frontpage 没有返回条目
2026-09-27 14:02:06 [WARNING]   [01_getrss.py:stderr] 2026-09-27 14:02:06,445 - INFO - 正在获取 RSS 源: https://www.jiqizhixin.com/feed
2026-09-27 14:02:07 [WARNING]   [01_getrss.py:stderr] 2026-09-27 14:02:07,131 - WARNING - RSS 源 https://www.jiqizhixin.com/feed 解析时出现问题: <unknown>:8:82: not well-formed (invalid token)
2026-09-27 14:02:07 [WARNING]   [01_getrss.py:stderr] 2026-09-27 14:02:07,132 - WARNING - RSS 源 https://www.jiqizhixin.com/feed 没有返回条目
2026-09-27 14:02:07 [WARNING]   [01_getrss.py:stderr] 2026-09-27 14:02:07,132 - INFO - 正在获取 RSS 源: https://blogs.nvidia.com/feed/
2026-09-27 14:02:07 [WARNING]   [01_getrss.py:stderr] 2026-09-27 14:02:07,333 - INFO - 从 https://blogs.nvidia.com/feed/ 获取到 18 个条目
2026-09-27 14:02:07 [WARNING]   [01_getrss.py:stderr] 2026-09-27 14:02:07,333 - INFO - 正在获取 RSS 源: https://ai.googleblog.com/feeds/posts/default
2026-09-27 14:02:07 [WARNING]   [01_getrss.py:stderr] 2026-09-27 14:02:07,507 - WARNING - RSS 源 https://ai.googleblog.com/feeds/posts/default 解析时出现问题: <unknown>:4:31: mismatched tag
2026-09-27 14:02:07 [WARNING]   [01_getrss.py:stderr] 2026-09-27 14:02:07,508 - WARNING - RSS 源 https://ai.googleblog.com/feeds/posts/default 没有返回条目
2026-09-27 14:02:07 [WARNING]   [01_getrss.py:stderr] 2026-09-27 14:02:07,508 - INFO - 总共获取到 365 个有效条目
2026-09-27 14:02:07 [WARNING]   [01_getrss.py:stderr] 2026-09-27 14:02:07,526 - INFO - 关键词过滤后剩余 189 个条目
2026-09-27 14:02:07 [WARNING]   [01_getrss.py:stderr] 2026-09-27 14:02:07,528 - INFO - 解析 Google 重定向链接为原始地址
2026-09-27 14:02:07 [WARNING]   [01_getrss.py:stderr] 2026-09-27 14:02:07,528 - INFO - 解析 Google 重定向链接为原始地址
2026-09-27 14:02:07 [WARNING]   [01_getrss.py:stderr] 2026-09-27 14:02:07,528 - INFO - 解析 Google 重定向链接为原始地址
2026-09-27 14:02:07 [WARNING]   [01_getrss.py:stderr] 2026-09-27 14:02:07,528 - INFO - 解析 Google 重定向链接为原始地址
2026-09-27 14:02:07 [WARNING]   [01_getrss.py:stderr] 2026-09-27 14:02:07,529 - INFO - 解析 Google 重定向链接为原始地址
2026-09-27 14:02:07 [WARNING]   [01_getrss.py:stderr] 2026-09-27 14:02:07,529 - INFO - 解析 Google 重定向链接为原始地址
2026-09-27 14:02:07 [WARNING]   [01_getrss.py:stderr] 2026-09-27 14:02:07,529 - INFO - 解析 Google 重定向链接为原始地址
2026-09-27 14:02:07 [WARNING]   [01_getrss.py:stderr] 2026-09-27 14:02:07,529 - INFO - 解析 Google 重定向链接为原始地址
2026-09-27 14:02:07 [WARNING]   [01_getrss.py:stderr] 2026-09-27 14:02:07,529 - INFO - 解析 Google 重定向链接为原始地址
2026-09-27 14:02:07 [WARNING]   [01_getrss.py:stderr] 2026-09-27 14:02:07,530 - INFO - 解析 Google 重定向链接为原始地址
2026-09-27 14:02:07 [WARNING]   [01_getrss.py:stderr] 2026-09-27 14:02:07,530 - INFO - 解析 Google 重定向链接为原始地址
2026-09-27 14:02:07 [WARNING]   [01_getrss.py:stderr] 2026-09-27 14:02:07,530 - INFO - 解析 Google 重定向链接为原始地址
2026-09-27 14:02:07 [WARNING]   [01_getrss.py:stderr] 2026-09-27 14:02:07,530 - INFO - 解析 Google 重定向链接为原始地址
2026-09-27 14:02:07 [WARNING]   [01_getrss.py:stderr] 2026-09-27 14:02:07,530 - INFO - 解析 Google 重定向链接为原始地址
2026-09-27 14:02:07 [WARNING]   [01_getrss.py:stderr] 2026-09-27 14:02:07,530 - INFO - 解析 Google 重定向链接为原始地址
2026-09-27 14:02:07 [WARNING]   [01_getrss.py:stderr] 2026-09-27 14:02:07,530 - INFO - 解析 Google 重定向链接为原始地址
2026-09-27 14:02:07 [WARNING]   [01_getrss.py:stderr] 2026-09-27 14:02:07,531 - INFO - 解析 Google 重定向链接为原始地址
2026-09-27 14:02:07 [WARNING]   [01_getrss.py:stderr] 2026-09-27 14:02:07,531 - INFO - 解析 Google 重定向链接为原始地址
2026-09-27 14:02:07 [WARNING]   [01_getrss.py:stderr] 2026-09-27 14:02:07,531 - INFO - 解析 Google 重定向链接为原始地址
2026-09-27 14:02:07 [WARNING]   [01_getrss.py:stderr] 2026-09-27 14:02:07,531 - INFO - 解析 Google 重定向链接为原始地址
2026-09-27 14:02:07 [WARNING]   [01_getrss.py:stderr] 2026-09-27 14:02:07,537 - INFO - 规范化后得到 189 个候选条目，交由 02 跨批次去重
2026-09-27 14:02:07 [WARNING]   [01_getrss.py:stderr] 2026-09-27 14:02:07,539 - INFO - 处理完成，结果已保存到 C:\Users\james\Dropbox\WORKS\SOFT\AI-Python\keepitrun\tmp\rss_2026-09-27_14-02-07.md
2026-09-27 14:02:07 [INFO]   [01_getrss.py] Processed Markdown saved to C:\Users\james\Dropbox\WORKS\SOFT\AI-Python\keepitrun\tmp\rss_2026-09-27_14-02-07.md
2026-09-27 14:02:07 [DEBUG] 记录任务完成: rss_2 @ 2026-09-27 (v1.24)
2026-09-27 14:05:07 [INFO] >>> 触发 14:05 合并去重翻译 RSS 结果
2026-09-27 14:05:07 [INFO] -- 开始合并 RSS 结果 --
2026-09-27 14:05:07 [INFO] 将合并当天 2 份 RSS 文件与 0 份积压摘要；积压摘要由合并器优先收敛
2026-09-27 14:05:07 [INFO] 执行 02_combine-gemini.py（第 1/3 次，单次时限 3600 秒）: C:\Users\james\AppData\Local\Programs\Python\Python314\python.exe C:\Users\james\Dropbox\WORKS\SOFT\AI-Python\keepitrun\02_combine-gemini.py rss_2026-09-27_02-00-53.md rss_2026-09-27_14-02-07.md
2026-09-27 14:05:07 [INFO]   [02_combine-gemini.py] Translation engine order: gemini -> glm -> google_free
2026-09-27 14:05:07 [INFO]   [02_combine-gemini.py] Total content lines loaded across all inputs: 416
2026-09-27 14:05:07 [INFO]   [02_combine-gemini.py] Total unique lines loaded: 351
2026-09-27 14:05:07 [INFO]   [02_combine-gemini.py] Chinese lines: 185, English lines: 166
2026-09-27 14:05:07 [INFO]   [02_combine-gemini.py] Translating 16 titles with gemini (attempt 1/2)...
2026-09-27 14:05:34 [INFO]   [02_combine-gemini.py]   gemini failed: ResourceExhausted
2026-09-27 14:05:36 [INFO]   [02_combine-gemini.py] Translating 16 titles with gemini (attempt 2/2)...
2026-09-27 14:05:36 [INFO]   [02_combine-gemini.py]   gemini failed: ResourceExhausted
2026-09-27 14:05:36 [INFO]   [02_combine-gemini.py]   Falling back from gemini to glm...
2026-09-27 14:05:36 [INFO]   [02_combine-gemini.py] Translating 16 titles with glm (attempt 1/2)...
2026-09-27 14:06:00 [INFO]   [02_combine-gemini.py] Translating 16 titles with glm (attempt 1/2)...
2026-09-27 14:06:22 [INFO]   [02_combine-gemini.py] Translating 16 titles with glm (attempt 1/2)...
2026-09-27 14:06:53 [INFO]   [02_combine-gemini.py] Translating 16 titles with glm (attempt 1/2)...
2026-09-27 14:07:15 [INFO]   [02_combine-gemini.py] Translating 16 titles with glm (attempt 1/2)...
2026-09-27 14:07:36 [INFO]   [02_combine-gemini.py] Translating 16 titles with glm (attempt 1/2)...
2026-09-27 14:08:04 [INFO]   [02_combine-gemini.py] Translating 16 titles with glm (attempt 1/2)...
2026-09-27 14:08:19 [INFO]   [02_combine-gemini.py]   GLM content-safety refusal detected; trying the next engine without dropping English source titles.
2026-09-27 14:08:21 [INFO]   [02_combine-gemini.py] Translating 16 titles with glm (attempt 2/2)...
2026-09-27 14:08:36 [INFO]   [02_combine-gemini.py]   GLM content-safety refusal detected; trying the next engine without dropping English source titles.
2026-09-27 14:08:36 [INFO]   [02_combine-gemini.py]   Falling back from glm to google_free...
2026-09-27 14:08:36 [INFO]   [02_combine-gemini.py] Translating 16 titles with google_free (attempt 1/2)...
2026-09-27 14:08:47 [INFO]   [02_combine-gemini.py] Translating 16 titles with google_free (attempt 1/2)...
2026-09-27 14:08:55 [INFO]   [02_combine-gemini.py] Translating 16 titles with google_free (attempt 1/2)...
2026-09-27 14:09:06 [INFO]   [02_combine-gemini.py] Translating 16 titles with google_free (attempt 1/2)...
2026-09-27 14:09:15 [INFO]   [02_combine-gemini.py] Translating 6 titles with google_free (attempt 1/2)...
2026-09-27 14:09:19 [INFO]   [02_combine-gemini.py] Process complete. Saved to: C:\Users\james\Dropbox\WORKS\SOFT\AI-Python\keepitrun\20260927-140919.md
2026-09-27 14:09:21 [INFO] RSS 合并去重翻译完成
2026-09-27 14:09:21 [INFO] 已将 2 个 RSS 抓取结果文件移动到 C:\Users\james\Dropbox\WORKS\SOFT\AI-Python\keepitrun\archived
2026-09-27 14:09:21 [DEBUG] 记录任务完成: combine @ 2026-09-27 (v1.24)
2026-09-27 15:00:21 [INFO] >>> 触发 15:00 Photos 自动同步
2026-09-27 15:00:21 [INFO] -- 开始运行 Photos 自动同步 --
2026-09-27 15:00:21 [INFO]   脚本路径: C:\Users\james\Dropbox\WORKS\SOFT\AI-Python\keepitrun\05_photos-update.py
2026-09-27 15:00:21 [INFO] 执行 05_photos-update.py（第 1/3 次，单次时限 1800 秒）: C:\Users\james\AppData\Local\Programs\Python\Python314\python.exe C:\Users\james\Dropbox\WORKS\SOFT\AI-Python\keepitrun\05_photos-update.py
2026-09-27 15:00:21 [INFO]   [05_photos-update.py] ============================================================
2026-09-27 15:00:21 [INFO]   [05_photos-update.py] 📸 Photos Update — 图片库自动同步工具
2026-09-27 15:00:21 [INFO]   [05_photos-update.py] ============================================================
2026-09-27 15:00:21 [INFO]   [05_photos-update.py] 🔍 自动检测模式
2026-09-27 15:00:21 [INFO]   [05_photos-update.py] 🕐 当前时间: 2026-09-27
2026-09-27 15:00:21 [INFO]   [05_photos-update.py] 📁 检查 lishuhang/photos 最新月份...
2026-09-27 15:00:22 [INFO]   [05_photos-update.py]   最新 JSON 月份: 202609
2026-09-27 15:00:22 [INFO]   [05_photos-update.py] 🔄 按图床配置检查 202609 至 202609
2026-09-27 15:00:22 [INFO]   [05_photos-update.py] ============================================================
2026-09-27 15:00:22 [INFO]   [05_photos-update.py] 📅 检查 2026-09
2026-09-27 15:00:23 [INFO]   [05_photos-update.py]   🔍 扫描 modem-56k/img2@main 的 2026/09 目录...
2026-09-27 15:00:47 [INFO]   [05_photos-update.py]   📷 发现 25 天，共 1481 张图片
2026-09-27 15:00:47 [INFO]   [05_photos-update.py]   ✅ JSON 内容一致，无需更新
2026-09-27 15:00:47 [INFO]   [05_photos-update.py] ✨ 一切已是最新，无需更新
2026-09-27 15:00:47 [INFO] Photos 自动同步完成
2026-09-27 15:00:47 [DEBUG] 记录任务完成: photos_update @ 2026-09-27 (v1.24)
2026-09-28 00:00:18 [INFO] 日志归档: 移动了 4 个超过 7 天的日志到 logs/archive/
2026-09-28 00:00:18 [INFO] 日志清理: 删除了 4 个超过 30 天的归档日志
2026-09-28 00:00:18 [INFO] archived/ 清理: 删除了 4 个超过 30 天的归档文件
2026-09-28 02:00:18 [INFO] >>> 触发 02:00 RSS 抓取 (第1次)
2026-09-28 02:00:18 [INFO] 执行 01_getrss.py（第 1/3 次，单次时限 1200 秒）: C:\Users\james\AppData\Local\Programs\Python\Python314\python.exe C:\Users\james\Dropbox\WORKS\SOFT\AI-Python\keepitrun\01_getrss.py
2026-09-28 02:00:19 [WARNING]   [01_getrss.py:stderr] 2026-09-28 02:00:19,057 - INFO - 开始执行 RSS 处理脚本
2026-09-28 02:00:19 [WARNING]   [01_getrss.py:stderr] 2026-09-28 02:00:19,088 - INFO - 加载了 39 个 RSS 源
2026-09-28 02:00:19 [WARNING]   [01_getrss.py:stderr] 2026-09-28 02:00:19,088 - INFO - 加载了 424 个关键词
2026-09-28 02:00:19 [WARNING]   [01_getrss.py:stderr] 2026-09-28 02:00:19,089 - INFO - 正在获取 RSS 源: http://feeds.feedburner.com/CBer
2026-09-28 02:00:19 [WARNING]   [01_getrss.py:stderr] 2026-09-28 02:00:19,327 - INFO - 从 http://feeds.feedburner.com/CBer 获取到 20 个条目
2026-09-28 02:00:19 [WARNING]   [01_getrss.py:stderr] 2026-09-28 02:00:19,328 - INFO - 正在获取 RSS 源: http://techmeme.com/feed.xml
2026-09-28 02:00:19 [WARNING]   [01_getrss.py:stderr] 2026-09-28 02:00:19,713 - INFO - 从 http://techmeme.com/feed.xml 获取到 15 个条目
2026-09-28 02:00:19 [WARNING]   [01_getrss.py:stderr] 2026-09-28 02:00:19,715 - INFO - 从 Techmeme RSS 摘要提取原始文章链接: www.wsj.com
2026-09-28 02:00:19 [WARNING]   [01_getrss.py:stderr] 2026-09-28 02:00:19,716 - INFO - 从 Techmeme RSS 摘要提取原始文章链接: www.theinformation.com
2026-09-28 02:00:19 [WARNING]   [01_getrss.py:stderr] 2026-09-28 02:00:19,717 - INFO - 从 Techmeme RSS 摘要提取原始文章链接: www.axios.com
2026-09-28 02:00:19 [WARNING]   [01_getrss.py:stderr] 2026-09-28 02:00:19,718 - INFO - 从 Techmeme RSS 摘要提取原始文章链接: www.bloomberg.com
2026-09-28 02:00:19 [WARNING]   [01_getrss.py:stderr] 2026-09-28 02:00:19,719 - INFO - 从 Techmeme RSS 摘要提取原始文章链接: www.nytimes.com
2026-09-28 02:00:19 [WARNING]   [01_getrss.py:stderr] 2026-09-28 02:00:19,719 - INFO - 从 Techmeme RSS 摘要提取原始文章链接: www.wsj.com
2026-09-28 02:00:19 [WARNING]   [01_getrss.py:stderr] 2026-09-28 02:00:19,721 - INFO - 从 Techmeme RSS 摘要提取原始文章链接: www.theblock.co
2026-09-28 02:00:19 [WARNING]   [01_getrss.py:stderr] 2026-09-28 02:00:19,721 - INFO - 从 Techmeme RSS 摘要提取原始文章链接: siliconangle.com
2026-09-28 02:00:19 [WARNING]   [01_getrss.py:stderr] 2026-09-28 02:00:19,722 - INFO - 从 Techmeme RSS 摘要提取原始文章链接: fintech.global
2026-09-28 02:00:19 [WARNING]   [01_getrss.py:stderr] 2026-09-28 02:00:19,723 - INFO - 从 Techmeme RSS 摘要提取原始文章链接: www.axios.com
2026-09-28 02:00:19 [WARNING]   [01_getrss.py:stderr] 2026-09-28 02:00:19,724 - INFO - 从 Techmeme RSS 摘要提取原始文章链接: www.wsj.com
2026-09-28 02:00:19 [WARNING]   [01_getrss.py:stderr] 2026-09-28 02:00:19,724 - INFO - 正在获取 RSS 源: https://techcrunch.com/feed/
2026-09-28 02:00:19 [WARNING]   [01_getrss.py:stderr] 2026-09-28 02:00:19,828 - INFO - 从 https://techcrunch.com/feed/ 获取到 20 个条目
2026-09-28 02:00:19 [WARNING]   [01_getrss.py:stderr] 2026-09-28 02:00:19,828 - INFO - 正在获取 RSS 源: https://feeds.arstechnica.com/arstechnica/index/
2026-09-28 02:00:19 [WARNING]   [01_getrss.py:stderr] 2026-09-28 02:00:19,912 - INFO - 从 https://feeds.arstechnica.com/arstechnica/index/ 获取到 20 个条目
2026-09-28 02:00:19 [WARNING]   [01_getrss.py:stderr] 2026-09-28 02:00:19,912 - INFO - 正在获取 RSS 源: https://www.technologyreview.com/feed/
2026-09-28 02:00:20 [WARNING]   [01_getrss.py:stderr] 2026-09-28 02:00:20,021 - INFO - 从 https://www.technologyreview.com/feed/ 获取到 10 个条目
2026-09-28 02:00:20 [WARNING]   [01_getrss.py:stderr] 2026-09-28 02:00:20,021 - INFO - 正在获取 RSS 源: https://www.engadget.com/rss.xml
2026-09-28 02:00:20 [WARNING]   [01_getrss.py:stderr] 2026-09-28 02:00:20,118 - INFO - 从 https://www.engadget.com/rss.xml 获取到 20 个条目
2026-09-28 02:00:20 [WARNING]   [01_getrss.py:stderr] 2026-09-28 02:00:20,119 - INFO - 正在获取 RSS 源: http://feeds.feedburner.com/businessinsider/
2026-09-28 02:00:20 [WARNING]   [01_getrss.py:stderr] 2026-09-28 02:00:20,628 - INFO - 从 http://feeds.feedburner.com/businessinsider/ 获取到 50 个条目
2026-09-28 02:00:20 [WARNING]   [01_getrss.py:stderr] 2026-09-28 02:00:20,629 - INFO - 正在获取 RSS 源: https://www.cnet.com/rss/all/
2026-09-28 02:00:20 [WARNING]   [01_getrss.py:stderr] 2026-09-28 02:00:20,703 - INFO - 从 https://www.cnet.com/rss/all/ 获取到 25 个条目
2026-09-28 02:00:20 [WARNING]   [01_getrss.py:stderr] 2026-09-28 02:00:20,703 - INFO - 正在获取 RSS 源: https://www.techradar.com/feeds.xml
2026-09-28 02:00:21 [WARNING]   [01_getrss.py:stderr] 2026-09-28 02:00:21,109 - INFO - 从 https://www.techradar.com/feeds.xml 获取到 50 个条目
2026-09-28 02:00:21 [WARNING]   [01_getrss.py:stderr] 2026-09-28 02:00:21,110 - INFO - 正在获取 RSS 源: https://mashable.com/feeds/rss/all
2026-09-28 02:00:21 [WARNING]   [01_getrss.py:stderr] 2026-09-28 02:00:21,893 - INFO - 从 https://mashable.com/feeds/rss/all 获取到 100 个条目
2026-09-28 02:00:21 [WARNING]   [01_getrss.py:stderr] 2026-09-28 02:00:21,894 - INFO - 正在获取 RSS 源: https://www.theverge.com/rss/index.xml
2026-09-28 02:00:22 [WARNING]   [01_getrss.py:stderr] 2026-09-28 02:00:22,026 - INFO - 从 https://www.theverge.com/rss/index.xml 获取到 10 个条目
2026-09-28 02:00:22 [WARNING]   [01_getrss.py:stderr] 2026-09-28 02:00:22,027 - INFO - 正在获取 RSS 源: https://www.wired.com/feed/tag/ai/latest/rss
2026-09-28 02:00:22 [WARNING]   [01_getrss.py:stderr] 2026-09-28 02:00:22,119 - INFO - 从 https://www.wired.com/feed/tag/ai/latest/rss 获取到 10 个条目
2026-09-28 02:00:22 [WARNING]   [01_getrss.py:stderr] 2026-09-28 02:00:22,119 - INFO - 正在获取 RSS 源: https://feeds.bbci.co.uk/news/technology/rss.xml
2026-09-28 02:00:22 [WARNING]   [01_getrss.py:stderr] 2026-09-28 02:00:22,399 - INFO - 从 https://feeds.bbci.co.uk/news/technology/rss.xml 获取到 21 个条目
2026-09-28 02:00:22 [WARNING]   [01_getrss.py:stderr] 2026-09-28 02:00:22,400 - INFO - 正在获取 RSS 源: https://www.economist.com/science-and-technology/rss.xml
2026-09-28 02:00:22 [WARNING]   [01_getrss.py:stderr] 2026-09-28 02:00:22,664 - WARNING - RSS 源 https://www.economist.com/science-and-technology/rss.xml 解析时出现问题: document declared as us-ascii, but parsed as utf-8
2026-09-28 02:00:22 [WARNING]   [01_getrss.py:stderr] 2026-09-28 02:00:22,664 - INFO - 从 https://www.economist.com/science-and-technology/rss.xml 获取到 300 个条目
2026-09-28 02:00:22 [WARNING]   [01_getrss.py:stderr] 2026-09-28 02:00:22,665 - INFO - 正在获取 RSS 源: https://www.economist.com/business/rss.xml
2026-09-28 02:00:22 [WARNING]   [01_getrss.py:stderr] 2026-09-28 02:00:22,863 - WARNING - RSS 源 https://www.economist.com/business/rss.xml 解析时出现问题: document declared as us-ascii, but parsed as utf-8
2026-09-28 02:00:22 [WARNING]   [01_getrss.py:stderr] 2026-09-28 02:00:22,863 - INFO - 从 https://www.economist.com/business/rss.xml 获取到 300 个条目
2026-09-28 02:00:22 [WARNING]   [01_getrss.py:stderr] 2026-09-28 02:00:22,864 - INFO - 正在获取 RSS 源: https://www.economist.com/international/rss.xml
2026-09-28 02:00:23 [WARNING]   [01_getrss.py:stderr] 2026-09-28 02:00:23,048 - WARNING - RSS 源 https://www.economist.com/international/rss.xml 解析时出现问题: document declared as us-ascii, but parsed as utf-8
2026-09-28 02:00:23 [WARNING]   [01_getrss.py:stderr] 2026-09-28 02:00:23,049 - INFO - 从 https://www.economist.com/international/rss.xml 获取到 300 个条目
2026-09-28 02:00:23 [WARNING]   [01_getrss.py:stderr] 2026-09-28 02:00:23,049 - INFO - 正在获取 RSS 源: https://www.economist.com/china/rss.xml
2026-09-28 02:00:23 [WARNING]   [01_getrss.py:stderr] 2026-09-28 02:00:23,286 - WARNING - RSS 源 https://www.economist.com/china/rss.xml 解析时出现问题: document declared as us-ascii, but parsed as utf-8
2026-09-28 02:00:23 [WARNING]   [01_getrss.py:stderr] 2026-09-28 02:00:23,287 - INFO - 从 https://www.economist.com/china/rss.xml 获取到 300 个条目
2026-09-28 02:00:23 [WARNING]   [01_getrss.py:stderr] 2026-09-28 02:00:23,287 - INFO - 正在获取 RSS 源: https://arstechnica.com/feed/
2026-09-28 02:00:23 [WARNING]   [01_getrss.py:stderr] 2026-09-28 02:00:23,732 - INFO - 从 https://arstechnica.com/feed/ 获取到 20 个条目
2026-09-28 02:00:23 [WARNING]   [01_getrss.py:stderr] 2026-09-28 02:00:23,733 - INFO - 正在获取 RSS 源: https://www.google.com/alerts/feeds/00120727335941528291/15923614493533912620
2026-09-28 02:00:23 [WARNING]   [01_getrss.py:stderr] 2026-09-28 02:00:23,972 - INFO - 从 https://www.google.com/alerts/feeds/00120727335941528291/15923614493533912620 获取到 20 个条目
2026-09-28 02:00:23 [WARNING]   [01_getrss.py:stderr] 2026-09-28 02:00:23,972 - INFO - 正在获取 RSS 源: https://36kr.com/feed-newsflash
2026-09-28 02:00:24 [WARNING]   [01_getrss.py:stderr] 2026-09-28 02:00:24,818 - WARNING - RSS 源 https://36kr.com/feed-newsflash 解析时出现问题: <unknown>:10:542: not well-formed (invalid token)
2026-09-28 02:00:24 [WARNING]   [01_getrss.py:stderr] 2026-09-28 02:00:24,818 - WARNING - RSS 源 https://36kr.com/feed-newsflash 没有返回条目
2026-09-28 02:00:24 [WARNING]   [01_getrss.py:stderr] 2026-09-28 02:00:24,818 - INFO - 正在获取 RSS 源: https://36kr.com/feed-article
2026-09-28 02:00:25 [WARNING]   [01_getrss.py:stderr] 2026-09-28 02:00:25,647 - WARNING - RSS 源 https://36kr.com/feed-article 解析时出现问题: <unknown>:10:542: not well-formed (invalid token)
2026-09-28 02:00:25 [WARNING]   [01_getrss.py:stderr] 2026-09-28 02:00:25,647 - WARNING - RSS 源 https://36kr.com/feed-article 没有返回条目
2026-09-28 02:00:25 [WARNING]   [01_getrss.py:stderr] 2026-09-28 02:00:25,647 - INFO - 正在获取 RSS 源: https://www.ithome.com/rss/
2026-09-28 02:00:27 [WARNING]   [01_getrss.py:stderr] 2026-09-28 02:00:27,076 - INFO - 从 https://www.ithome.com/rss/ 获取到 60 个条目
2026-09-28 02:00:27 [WARNING]   [01_getrss.py:stderr] 2026-09-28 02:00:27,077 - INFO - 正在获取 RSS 源: https://rss.mydrivers.com/Rss.aspx?Tid=1
2026-09-28 02:00:28 [WARNING]   [01_getrss.py:stderr] 2026-09-28 02:00:28,123 - INFO - 从 https://rss.mydrivers.com/Rss.aspx?Tid=1 获取到 100 个条目
2026-09-28 02:00:28 [WARNING]   [01_getrss.py:stderr] 2026-09-28 02:00:28,125 - INFO - 正在获取 RSS 源: https://www.solidot.org/index.rss
2026-09-28 02:00:29 [WARNING]   [01_getrss.py:stderr] 2026-09-28 02:00:29,375 - INFO - 从 https://www.solidot.org/index.rss 获取到 14 个条目
2026-09-28 02:00:29 [WARNING]   [01_getrss.py:stderr] 2026-09-28 02:00:29,375 - INFO - 正在获取 RSS 源: https://www.geekpark.net/rss
2026-09-28 02:00:34 [WARNING]   [01_getrss.py:stderr] 2026-09-28 02:00:34,842 - INFO - 从 https://www.geekpark.net/rss 获取到 30 个条目
2026-09-28 02:00:34 [WARNING]   [01_getrss.py:stderr] 2026-09-28 02:00:34,842 - INFO - 正在获取 RSS 源: https://www.ifanr.com/feed
2026-09-28 02:00:36 [WARNING]   [01_getrss.py:stderr] 2026-09-28 02:00:36,035 - INFO - 从 https://www.ifanr.com/feed 获取到 20 个条目
2026-09-28 02:00:36 [WARNING]   [01_getrss.py:stderr] 2026-09-28 02:00:36,035 - INFO - 正在获取 RSS 源: https://www.tmtpost.com/rss.xml
2026-09-28 02:00:38 [WARNING]   [01_getrss.py:stderr] 2026-09-28 02:00:38,995 - INFO - 从 https://www.tmtpost.com/rss.xml 获取到 18 个条目
2026-09-28 02:00:38 [WARNING]   [01_getrss.py:stderr] 2026-09-28 02:00:38,996 - INFO - 正在获取 RSS 源: https://rss.huxiu.com/
2026-09-28 02:00:40 [WARNING]   [01_getrss.py:stderr] 2026-09-28 02:00:40,328 - INFO - 从 https://rss.huxiu.com/ 获取到 4 个条目
2026-09-28 02:00:40 [WARNING]   [01_getrss.py:stderr] 2026-09-28 02:00:40,329 - INFO - 正在获取 RSS 源: https://www.qbitai.com/feed
2026-09-28 02:00:41 [WARNING]   [01_getrss.py:stderr] 2026-09-28 02:00:41,450 - INFO - 从 https://www.qbitai.com/feed 获取到 10 个条目
2026-09-28 02:00:41 [WARNING]   [01_getrss.py:stderr] 2026-09-28 02:00:41,451 - INFO - 正在获取 RSS 源: https://www.leiphone.com/feed/
2026-09-28 02:00:49 [WARNING]   [01_getrss.py:stderr] 2026-09-28 02:00:49,489 - INFO - 从 https://www.leiphone.com/feed/ 获取到 20 个条目
2026-09-28 02:00:49 [WARNING]   [01_getrss.py:stderr] 2026-09-28 02:00:49,490 - INFO - 正在获取 RSS 源: https://plink.anyfeeder.com/mittrchina/hot
2026-09-28 02:00:49 [WARNING]   [01_getrss.py:stderr] 2026-09-28 02:00:49,667 - INFO - 从 https://plink.anyfeeder.com/mittrchina/hot 获取到 10 个条目
2026-09-28 02:00:49 [WARNING]   [01_getrss.py:stderr] 2026-09-28 02:00:49,668 - INFO - 正在获取 RSS 源: https://sspai.com/feed
2026-09-28 02:00:50 [WARNING]   [01_getrss.py:stderr] 2026-09-28 02:00:50,745 - INFO - 从 https://sspai.com/feed 获取到 10 个条目
2026-09-28 02:00:50 [WARNING]   [01_getrss.py:stderr] 2026-09-28 02:00:50,745 - INFO - 正在获取 RSS 源: https://v2ex.com/index.xml
2026-09-28 02:00:51 [WARNING]   [01_getrss.py:stderr] 2026-09-28 02:00:51,123 - INFO - 从 https://v2ex.com/index.xml 获取到 50 个条目
2026-09-28 02:00:51 [WARNING]   [01_getrss.py:stderr] 2026-09-28 02:00:51,124 - INFO - 正在获取 RSS 源: https://plink.anyfeeder.com/zaobao/realtime/china
2026-09-28 02:00:51 [WARNING]   [01_getrss.py:stderr] 2026-09-28 02:00:51,282 - INFO - 从 https://plink.anyfeeder.com/zaobao/realtime/china 获取到 24 个条目
2026-09-28 02:00:51 [WARNING]   [01_getrss.py:stderr] 2026-09-28 02:00:51,282 - INFO - 正在获取 RSS 源: https://plink.anyfeeder.com/zaobao/realtime/world
2026-09-28 02:00:51 [WARNING]   [01_getrss.py:stderr] 2026-09-28 02:00:51,454 - INFO - 从 https://plink.anyfeeder.com/zaobao/realtime/world 获取到 24 个条目
2026-09-28 02:00:51 [WARNING]   [01_getrss.py:stderr] 2026-09-28 02:00:51,454 - INFO - 正在获取 RSS 源: https://hnrss.org/frontpage
2026-09-28 02:01:12 [WARNING]   [01_getrss.py:stderr] 2026-09-28 02:01:12,538 - WARNING - RSS 源 https://hnrss.org/frontpage 解析时出现问题: <urlopen error [WinError 10060] 由于连接方在一段时间后没有正确答复或连接的主机没有反应，连接尝试失败。>
2026-09-28 02:01:12 [WARNING]   [01_getrss.py:stderr] 2026-09-28 02:01:12,538 - WARNING - RSS 源 https://hnrss.org/frontpage 没有返回条目
2026-09-28 02:01:12 [WARNING]   [01_getrss.py:stderr] 2026-09-28 02:01:12,538 - INFO - 正在获取 RSS 源: https://www.jiqizhixin.com/feed
2026-09-28 02:01:13 [WARNING]   [01_getrss.py:stderr] 2026-09-28 02:01:13,231 - WARNING - RSS 源 https://www.jiqizhixin.com/feed 解析时出现问题: <unknown>:8:82: not well-formed (invalid token)
2026-09-28 02:01:13 [WARNING]   [01_getrss.py:stderr] 2026-09-28 02:01:13,231 - WARNING - RSS 源 https://www.jiqizhixin.com/feed 没有返回条目
2026-09-28 02:01:13 [WARNING]   [01_getrss.py:stderr] 2026-09-28 02:01:13,231 - INFO - 正在获取 RSS 源: https://blogs.nvidia.com/feed/
2026-09-28 02:01:13 [WARNING]   [01_getrss.py:stderr] 2026-09-28 02:01:13,467 - INFO - 从 https://blogs.nvidia.com/feed/ 获取到 18 个条目
2026-09-28 02:01:13 [WARNING]   [01_getrss.py:stderr] 2026-09-28 02:01:13,468 - INFO - 正在获取 RSS 源: https://ai.googleblog.com/feeds/posts/default
2026-09-28 02:01:13 [WARNING]   [01_getrss.py:stderr] 2026-09-28 02:01:13,606 - WARNING - RSS 源 https://ai.googleblog.com/feeds/posts/default 解析时出现问题: <unknown>:4:31: mismatched tag
2026-09-28 02:01:13 [WARNING]   [01_getrss.py:stderr] 2026-09-28 02:01:13,606 - WARNING - RSS 源 https://ai.googleblog.com/feeds/posts/default 没有返回条目
2026-09-28 02:01:13 [WARNING]   [01_getrss.py:stderr] 2026-09-28 02:01:13,606 - INFO - 总共获取到 377 个有效条目
2026-09-28 02:01:13 [WARNING]   [01_getrss.py:stderr] 2026-09-28 02:01:13,626 - INFO - 关键词过滤后剩余 174 个条目
2026-09-28 02:01:13 [WARNING]   [01_getrss.py:stderr] 2026-09-28 02:01:13,628 - INFO - 解析 Google 重定向链接为原始地址
2026-09-28 02:01:13 [WARNING]   [01_getrss.py:stderr] 2026-09-28 02:01:13,628 - INFO - 解析 Google 重定向链接为原始地址
2026-09-28 02:01:13 [WARNING]   [01_getrss.py:stderr] 2026-09-28 02:01:13,628 - INFO - 解析 Google 重定向链接为原始地址
2026-09-28 02:01:13 [WARNING]   [01_getrss.py:stderr] 2026-09-28 02:01:13,629 - INFO - 解析 Google 重定向链接为原始地址
2026-09-28 02:01:13 [WARNING]   [01_getrss.py:stderr] 2026-09-28 02:01:13,629 - INFO - 解析 Google 重定向链接为原始地址
2026-09-28 02:01:13 [WARNING]   [01_getrss.py:stderr] 2026-09-28 02:01:13,629 - INFO - 解析 Google 重定向链接为原始地址
2026-09-28 02:01:13 [WARNING]   [01_getrss.py:stderr] 2026-09-28 02:01:13,630 - INFO - 解析 Google 重定向链接为原始地址
2026-09-28 02:01:13 [WARNING]   [01_getrss.py:stderr] 2026-09-28 02:01:13,630 - INFO - 解析 Google 重定向链接为原始地址
2026-09-28 02:01:13 [WARNING]   [01_getrss.py:stderr] 2026-09-28 02:01:13,630 - INFO - 解析 Google 重定向链接为原始地址
2026-09-28 02:01:13 [WARNING]   [01_getrss.py:stderr] 2026-09-28 02:01:13,630 - INFO - 解析 Google 重定向链接为原始地址
2026-09-28 02:01:13 [WARNING]   [01_getrss.py:stderr] 2026-09-28 02:01:13,630 - INFO - 解析 Google 重定向链接为原始地址
2026-09-28 02:01:13 [WARNING]   [01_getrss.py:stderr] 2026-09-28 02:01:13,630 - INFO - 解析 Google 重定向链接为原始地址
2026-09-28 02:01:13 [WARNING]   [01_getrss.py:stderr] 2026-09-28 02:01:13,630 - INFO - 解析 Google 重定向链接为原始地址
2026-09-28 02:01:13 [WARNING]   [01_getrss.py:stderr] 2026-09-28 02:01:13,631 - INFO - 解析 Google 重定向链接为原始地址
2026-09-28 02:01:13 [WARNING]   [01_getrss.py:stderr] 2026-09-28 02:01:13,631 - INFO - 解析 Google 重定向链接为原始地址
2026-09-28 02:01:13 [WARNING]   [01_getrss.py:stderr] 2026-09-28 02:01:13,631 - INFO - 解析 Google 重定向链接为原始地址
2026-09-28 02:01:13 [WARNING]   [01_getrss.py:stderr] 2026-09-28 02:01:13,631 - INFO - 解析 Google 重定向链接为原始地址
2026-09-28 02:01:13 [WARNING]   [01_getrss.py:stderr] 2026-09-28 02:01:13,631 - INFO - 解析 Google 重定向链接为原始地址
2026-09-28 02:01:13 [WARNING]   [01_getrss.py:stderr] 2026-09-28 02:01:13,632 - INFO - 解析 Google 重定向链接为原始地址
2026-09-28 02:01:13 [WARNING]   [01_getrss.py:stderr] 2026-09-28 02:01:13,632 - INFO - 解析 Google 重定向链接为原始地址
2026-09-28 02:01:13 [WARNING]   [01_getrss.py:stderr] 2026-09-28 02:01:13,638 - INFO - 规范化后得到 174 个候选条目，交由 02 跨批次去重
2026-09-28 02:01:13 [WARNING]   [01_getrss.py:stderr] 2026-09-28 02:01:13,640 - INFO - 处理完成，结果已保存到 C:\Users\james\Dropbox\WORKS\SOFT\AI-Python\keepitrun\tmp\rss_2026-09-28_02-01-13.md
2026-09-28 02:01:13 [INFO]   [01_getrss.py] Processed Markdown saved to C:\Users\james\Dropbox\WORKS\SOFT\AI-Python\keepitrun\tmp\rss_2026-09-28_02-01-13.md
2026-09-28 02:01:13 [DEBUG] 记录任务完成: rss_1 @ 2026-09-28 (v1.24)
